Barcode;Categoría;Marca;Colección;Modelo;Color;Calibre;Ancho Puente;Longitud Varilla;Género;Color Frontal;Color Lente;Forma;Material Principal;Fotocromático;Polarizado;PVO;PVP
888392647702;GAFAS DE SOL;OAKLEY;;OJ9006;900642;53;16;133;NIÑO;Azul;GRIS;RECTANGULAR/CUADRADA;ACETATO;NO;NO;63,64;140
888392588159;GAFAS DE SOL;OAKLEY;;OJ9009;900902;48;15;124;NIÑO;Gris;Prizm Sapphire;RECTANGULAR/CUADRADA;ACETATO;NO;NO;35,45;78
888392588142;GAFAS DE SOL;OAKLEY;;OJ9009;900903;48;15;124;NIÑO;Transparente;Prizm Violet;RECTANGULAR/CUADRADA;ACETATO;NO;NO;35,45;78
888392588135;GAFAS DE SOL;OAKLEY;;OJ9009;900904;48;15;124;NIÑO;Rosa;Prizm Sapphire;RECTANGULAR/CUADRADA;ACETATO;NO;NO;35,45;78
888392588128;GAFAS DE SOL;OAKLEY;;OJ9009;900905;48;15;124;NIÑO;Verde;Prizm Jade;RECTANGULAR/CUADRADA;ACETATO;NO;NO;35,45;78
888392588111;GAFAS DE SOL;OAKLEY;;OJ9009;900906;48;15;124;NIÑO;Azul;Prizm Ruby;RECTANGULAR/CUADRADA;ACETATO;NO;NO;35,45;78
888392590299;GAFAS DE SOL;OAKLEY;;OJ9010;901001;23;123;123;NIÑO;Negro;Prizm Grey;OVERSIZE;ACETATO;NO;NO;45,45;100
888392590329;GAFAS DE SOL;OAKLEY;;OJ9010;901004;23;123;123;NIÑO;Blanco;Prizm Field;OVERSIZE;ACETATO;NO;NO;50,91;112
888392590336;GAFAS DE SOL;OAKLEY;;OJ9010;901005;23;123;123;NIÑO;Azul;Prizm Ruby;OVERSIZE;ACETATO;NO;NO;50,91;112
888392590350;GAFAS DE SOL;OAKLEY;;OJ9010;901007;23;123;123;NIÑO;Blanco;Prizm Sapphire;OVERSIZE;ACETATO;NO;NO;50,91;112
888392597571;GAFAS DE SOL;OAKLEY;;OJ9010;901008;23;123;123;NIÑO;Oro;Prizm 24K;OVERSIZE;ACETATO;NO;NO;60;132
888392609472;GAFAS DE SOL;OAKLEY;;OJ9010;901016;23;123;123;NIÑO;Gris;Prizm Sapphire;OVERSIZE;ACETATO;NO;NO;50,91;112
888392618153;GAFAS DE SOL;OAKLEY;;OJ9010;901019;23;123;123;NIÑO;Azul;Prizm Sapphire;OVERSIZE;ACETATO;NO;NO;50,91;112
888392647696;GAFAS DE SOL;OAKLEY;;OJ9010;901028;23;123;123;NIÑO;Amarillo;Prizm Tungsten;OVERSIZE;ACETATO;NO;NO;60;132
888392662156;GAFAS DE SOL;OAKLEY;;OJ9010;901029;23;123;123;NIÑO;Negro;Prizm Black;OVERSIZE;ACETATO;NO;NO;55,45;122
888392662149;GAFAS DE SOL;OAKLEY;;OJ9010;901030;23;123;123;NIÑO;Blanco;Prizm Black;OVERSIZE;ACETATO;NO;NO;55,45;122
888392663658;GAFAS DE SOL;OAKLEY;;OJ9010;901032;23;123;123;NIÑO;Verde;Prizm Black;OVERSIZE;ACETATO;NO;NO;50,91;112
888392664723;GAFAS DE SOL;OAKLEY;;OJ9010;901033;23;123;123;NIÑO;Blanco;Prizm Jade;OVERSIZE;ACETATO;NO;NO;50,91;112
888392664730;GAFAS DE SOL;OAKLEY;;OJ9010;901034;23;123;123;NIÑO;Azul;Prizm Ruby;OVERSIZE;ACETATO;NO;NO;50,91;112
888392684783;GAFAS DE SOL;OAKLEY;;OJ9010;901042;23;123;123;NIÑO;Naranja;Prizm Field;OVERSIZE;ACETATO;NO;NO;50,91;112
888392684752;GAFAS DE SOL;OAKLEY;;OJ9010;901043;23;123;123;NIÑO;Amarillo;Prizm 24K;OVERSIZE;ACETATO;NO;NO;50,91;112
888392684769;GAFAS DE SOL;OAKLEY;;OJ9010;901045;23;123;123;NIÑO;Verde;Prizm Jade;OVERSIZE;ACETATO;NO;NO;50,91;112
888392610904;GAFAS DE SOL;OAKLEY;;OJ9012;901202;58;4;134;NIÑO;Azul;Prizm Gaming™ 2.0;AVIATOR;ACETATO;NO;NO;35,45;78
888392610928;GAFAS DE SOL;OAKLEY;;OJ9012;901204;58;4;134;NIÑO;Verde;Prizm Gaming™ 2.0;AVIATOR;ACETATO;NO;NO;35,45;78
888392620187;GAFAS DE SOL;OAKLEY;;OJ9013;901301;62;7;116;NIÑO;Negro;Prizm Grey;RECTANGULAR/CUADRADA;ACETATO;NO;NO;41,82;92
888392620194;GAFAS DE SOL;OAKLEY;;OJ9013;901302;62;7;116;NIÑO;Blanco;Prizm Sapphire;RECTANGULAR/CUADRADA;ACETATO;NO;NO;47,27;104
888392620200;GAFAS DE SOL;OAKLEY;;OJ9013;901303;62;7;116;NIÑO;Blanco;Prizm Field;RECTANGULAR/CUADRADA;ACETATO;NO;NO;47,27;104
888392639547;GAFAS DE SOL;OAKLEY;;OJ9013;901307;62;7;116;NIÑO;Naranja;Prizm Ruby;RECTANGULAR/CUADRADA;ACETATO;NO;NO;47,27;104
888392664709;GAFAS DE SOL;OAKLEY;;OJ9013;901309;62;7;116;NIÑO;Negro;Prizm Field;RECTANGULAR/CUADRADA;ACETATO;NO;NO;47,27;104
888392664716;GAFAS DE SOL;OAKLEY;;OJ9013;901310;62;7;116;NIÑO;Gris;Prizm Violet;RECTANGULAR/CUADRADA;ACETATO;NO;NO;47,27;104
888392669124;GAFAS DE SOL;OAKLEY;;OJ9013;901311;62;7;116;NIÑO;Negro;Prizm Road Jade;RECTANGULAR/CUADRADA;ACETATO;NO;NO;51,82;114
888392641649;GAFAS DE SOL;OAKLEY;;OJ9014;901401;50;16;130;NIÑO;Negro;Prizm Jade;RECTANGULAR/CUADRADA;ACETATO;NO;NO;42,27;93
888392641687;GAFAS DE SOL;OAKLEY;;OJ9014;901402;50;16;130;NIÑO;Gris;Prizm Sapphire;RECTANGULAR/CUADRADA;ACETATO;NO;NO;42,27;93
888392641656;GAFAS DE SOL;OAKLEY;;OJ9014;901403;50;16;130;NIÑO;Transparente;Prizm Ruby;RECTANGULAR/CUADRADA;ACETATO;NO;NO;42,27;93
888392641663;GAFAS DE SOL;OAKLEY;;OJ9014;901404;50;16;130;NIÑO;Gris;Prizm Violet;RECTANGULAR/CUADRADA;ACETATO;NO;NO;42,27;93
888392663559;GAFAS DE SOL;OAKLEY;;OJ9015;901501;28;128;123;NIÑO;Blanco;Prizm Sapphire;RECTANGULAR/CUADRADA;ACETATO;NO;NO;50,91;112
888392665553;GAFAS DE SOL;OAKLEY;;OJ9015;901502;28;128;123;NIÑO;Azul;Prizm Ruby;RECTANGULAR/CUADRADA;ACETATO;NO;NO;50,91;112
888392665560;GAFAS DE SOL;OAKLEY;;OJ9015;901503;28;128;123;NIÑO;Blanco;Prizm Field;RECTANGULAR/CUADRADA;ACETATO;NO;NO;50,91;112
888392665577;GAFAS DE SOL;OAKLEY;;OJ9015;901504;28;128;123;NIÑO;Negro;Prizm Grey;RECTANGULAR/CUADRADA;ACETATO;NO;NO;45,45;100
888392665584;GAFAS DE SOL;OAKLEY;;OJ9015;901505;28;128;123;NIÑO;Azul;Prizm 24K;RECTANGULAR/CUADRADA;ACETATO;NO;NO;50,91;112
888392665591;GAFAS DE SOL;OAKLEY;;OJ9015;901506;28;128;123;NIÑO;Azul;Prizm Jade;RECTANGULAR/CUADRADA;ACETATO;NO;NO;50,91;112
888392665607;GAFAS DE SOL;OAKLEY;;OJ9015;901507;28;128;123;NIÑO;Marrón;Prizm Jade;RECTANGULAR/CUADRADA;ACETATO;NO;NO;50,91;112
888392665614;GAFAS DE SOL;OAKLEY;;OJ9015;901508;28;128;123;NIÑO;Rojo;Prizm Field;RECTANGULAR/CUADRADA;ACETATO;NO;NO;50,91;112
888392676993;GAFAS DE SOL;OAKLEY;;OJ9015;901509;28;128;123;NIÑO;Negro;Prizm Ruby;RECTANGULAR/CUADRADA;ACETATO;NO;NO;60;132
888392677709;GAFAS DE SOL;OAKLEY;;OJ9015;901510;28;128;123;NIÑO;Negro;Prizm 24K;RECTANGULAR/CUADRADA;ACETATO;NO;NO;55,45;122
888392677716;GAFAS DE SOL;OAKLEY;;OJ9015;901511;28;128;123;NIÑO;Blanco;Prizm 24K;RECTANGULAR/CUADRADA;ACETATO;NO;NO;55,45;122
888392686282;GAFAS DE SOL;OAKLEY;;OJ9015;901512;28;128;123;NIÑO;Verde;Prizm Bronze;RECTANGULAR/CUADRADA;ACETATO;NO;NO;45,45;100
888392689009;GAFAS DE SOL;OAKLEY;;OJ9015;901513;28;128;123;NIÑO;Negro;Prizm 24K;RECTANGULAR/CUADRADA;ACETATO;NO;NO;55,45;122
888392699633;GAFAS DE SOL;OAKLEY;;OJ9015;901514;28;128;123;NIÑO;Violeta;Prizm Indigo;RECTANGULAR/CUADRADA;ACETATO;NO;NO;45,45;100
888392701930;GAFAS DE SOL;OAKLEY;;OJ9015;901515;28;128;123;NIÑO;Azul;Prizm Ruby;RECTANGULAR/CUADRADA;ACETATO;NO;NO;60;132
888392279804;GAFAS DE SOL;OAKLEY;;OO4060;406022;61;15;127;Unisex;Gris;Prizm Black Polarized;RECTANGULAR/CUADRADA;ACETATO;NO;SI;119,09;262
888392411747;GAFAS DE SOL;OAKLEY;;OO4060;406023;61;15;127;Unisex;Negro;Prizm Black;RECTANGULAR/CUADRADA;ACETATO;NO;NO;92,73;204
888392685629;GAFAS DE SOL;OAKLEY;;OO4065;406501;58;18;131;Hombre;Negro;Prizm Black;REDONDA/OVALADA;METAL;NO;NO;103,18;227
888392685636;GAFAS DE SOL;OAKLEY;;OO4065;406502;58;18;131;Hombre;Plateado;Prizm Sapphire;REDONDA/OVALADA;METAL;NO;NO;103,18;227
888392685643;GAFAS DE SOL;OAKLEY;;OO4065;406503;58;18;131;Hombre;Marrón;Prizm Tungsten;REDONDA/OVALADA;METAL;NO;NO;103,18;227
888392685650;GAFAS DE SOL;OAKLEY;;OO4065;406504;58;18;131;Hombre;Azul;Prizm Indigo;REDONDA/OVALADA;METAL;NO;NO;97,73;215
888392685667;GAFAS DE SOL;OAKLEY;;OO4065;406505;58;18;131;Hombre;Gris;Prizm Black Polarized;REDONDA/OVALADA;METAL;NO;SI;125,91;277
888392685674;GAFAS DE SOL;OAKLEY;;OO4065;406506;58;18;131;Hombre;Oro;Prizm 24k Polarized;REDONDA/OVALADA;METAL;NO;SI;125,91;277
700285807683;GAFAS DE SOL;OAKLEY;;OO4075;407504;60;17;123;Hombre;Negro;Polarized Gris;RECTANGULAR/CUADRADA;ACETATO;NO;SI;109,09;240
700285807690;GAFAS DE SOL;OAKLEY;;OO4075;407505;60;17;123;Hombre;Negro;Black Iridium Polarized;RECTANGULAR/CUADRADA;ACETATO;NO;SI;114,55;252
888392279798;GAFAS DE SOL;OAKLEY;;OO4075;407513;60;17;123;Hombre;Negro;Prizm Black;RECTANGULAR/CUADRADA;ACETATO;NO;NO;96,36;212
888392411679;GAFAS DE SOL;OAKLEY;;OO4075;407514;60;17;123;Hombre;Marrón;Prizm Tungsten Polarized;RECTANGULAR/CUADRADA;ACETATO;NO;SI;119,09;262
700285863214;GAFAS DE SOL;OAKLEY;;OO4079;407901;59;13;135;Mujer;Oro;Vr50 Marrón Degradado;REDONDA/OVALADA;ACETATO;NO;NO;86,36;190
888392090744;GAFAS DE SOL;OAKLEY;;OO4079;407914;59;13;135;Mujer;Oro;Polarized Marrón Degradado;REDONDA/OVALADA;ACETATO;NO;SI;109,09;240
888392425638;GAFAS DE SOL;OAKLEY;;OO4079;407937;59;13;135;Mujer;Oro;Prizm Rose Gold Polarized;REDONDA/OVALADA;ACETATO;NO;SI;119,09;262
888392638854;GAFAS DE SOL;OAKLEY;;OO4079;407951;59;13;135;Mujer;Oro;Prizm Bronze;REDONDA/OVALADA;ACETATO;NO;NO;90,91;200
888392664693;GAFAS DE SOL;OAKLEY;;OO4079;407953;59;13;135;Mujer;Negro;Prizm Golf;REDONDA/OVALADA;ACETATO;NO;NO;96,36;212
888392269799;GAFAS DE SOL;OAKLEY;;OO4123;412306;55;18;132;Hombre;Gris;Prizm Black Polarized;RECTANGULAR/CUADRADA;ACETATO;NO;SI;125,91;277
888392269805;GAFAS DE SOL;OAKLEY;;OO4123;412307;55;18;132;Hombre;Gris;Prizm Sapphire Polarized;RECTANGULAR/CUADRADA;ACETATO;NO;SI;125,91;277
888392320346;GAFAS DE SOL;OAKLEY;;OO4123;412311;55;18;132;Hombre;Negro;Prizm Grey;RECTANGULAR/CUADRADA;ACETATO;NO;NO;97,73;215
888392271327;GAFAS DE SOL;OAKLEY;;OO4124;412401;62;17;136;Hombre;Negro;Gris;RECTANGULAR/CUADRADA;ACETATO;NO;NO;93,18;205
888392271334;GAFAS DE SOL;OAKLEY;;OO4124;412402;62;17;136;Hombre;Negro;Prizm Black Polarized;RECTANGULAR/CUADRADA;ACETATO;NO;SI;125,91;277
888392271389;GAFAS DE SOL;OAKLEY;;OO4124;412406;62;17;136;Hombre;Gris;Prizm Sapphire Polarized;RECTANGULAR/CUADRADA;ACETATO;NO;SI;125,91;277
888392350602;GAFAS DE SOL;OAKLEY;;OO4124;412409;62;17;136;Hombre;Gris;Prizm Tungsten Polarized;RECTANGULAR/CUADRADA;ACETATO;NO;SI;125,91;277
888392325914;GAFAS DE SOL;OAKLEY;;OO4129;412902;58;13;133;Mujer;Violeta;G40 Negro Degradado;REDONDA/OVALADA;ACETATO;NO;NO;79,55;175
888392425607;GAFAS DE SOL;OAKLEY;;OO4129;412914;58;13;133;Mujer;Carey;Prizm Rose Gold Polarized;REDONDA/OVALADA;ACETATO;NO;SI;112,27;247
888392489487;GAFAS DE SOL;OAKLEY;;OO4129;412917;58;13;133;Mujer;Negro;Prizm gris degradado;REDONDA/OVALADA;ACETATO;NO;NO;84,09;185
888392489494;GAFAS DE SOL;OAKLEY;;OO4129;412918;58;13;133;Mujer;Carey;Prizm bronce degradado;REDONDA/OVALADA;ACETATO;NO;NO;84,09;185
888392609557;GAFAS DE SOL;OAKLEY;;OO4129;412925;58;13;133;Mujer;Verde;Prizm Bronze;REDONDA/OVALADA;ACETATO;NO;NO;84,09;185
888392617651;GAFAS DE SOL;OAKLEY;;OO4129;412926;58;13;133;Mujer;Violeta;Prizm bronce degradado;REDONDA/OVALADA;ACETATO;NO;NO;84,09;185
888392638847;GAFAS DE SOL;OAKLEY;;OO4129;412928;58;13;133;Mujer;Naranja;Prizm Tungsten;REDONDA/OVALADA;ACETATO;NO;NO;85,45;188
888392664662;GAFAS DE SOL;OAKLEY;;OO4129;412929;58;13;133;Mujer;Blanco;Prizm pizarra;REDONDA/OVALADA;ACETATO;NO;NO;84,09;185
888392489104;GAFAS DE SOL;OAKLEY;;OO4141;414101;60;16;130;Hombre;Negro;Prizm Black;REDONDA/OVALADA;ACETATO;NO;NO;96,36;212
888392489128;GAFAS DE SOL;OAKLEY;;OO4141;414103;60;16;130;Hombre;Negro;Prizm Black Polarized;REDONDA/OVALADA;ACETATO;NO;SI;119,09;262
888392489159;GAFAS DE SOL;OAKLEY;;OO4142;414201;58;16;139;Hombre;Negro;Prizm Black;RECTANGULAR/CUADRADA;ACETATO;NO;NO;96,36;212
888392489173;GAFAS DE SOL;OAKLEY;;OO4142;414203;58;16;139;Hombre;Negro;Prizm Black Polarized;RECTANGULAR/CUADRADA;ACETATO;NO;SI;119,09;262
888392489180;GAFAS DE SOL;OAKLEY;;OO4142;414204;58;16;139;Hombre;Plateado;Prizm Sapphire;RECTANGULAR/CUADRADA;ACETATO;NO;NO;96,36;212
888392507143;GAFAS DE SOL;OAKLEY;;OO4143;414304;58;16;145;Hombre;Negro;Prizm Black Polarized;RECTANGULAR/CUADRADA;ACETATO;NO;SI;108,18;238
888392558084;GAFAS DE SOL;OAKLEY;;OO4145;414501;60;19;136;Hombre;Negro;Prizm Grey;RECTANGULAR/CUADRADA;ACETATO;NO;NO;97,73;215
888392558091;GAFAS DE SOL;OAKLEY;;OO4145;414502;60;19;136;Hombre;Gris;Prizm Black;RECTANGULAR/CUADRADA;ACETATO;NO;NO;103,18;227
888392558114;GAFAS DE SOL;OAKLEY;;OO4145;414504;60;19;136;Hombre;Negro;Prizm Sapphire;RECTANGULAR/CUADRADA;ACETATO;NO;NO;103,18;227
888392558121;GAFAS DE SOL;OAKLEY;;OO4145;414505;60;19;136;Hombre;Gris;Prizm Daily Polarized;RECTANGULAR/CUADRADA;ACETATO;NO;SI;125,91;277
888392558138;GAFAS DE SOL;OAKLEY;;OO4145;414506;60;19;136;Hombre;Gris;Prizm Deep Water Polarized;RECTANGULAR/CUADRADA;ACETATO;NO;SI;125,91;277
888392561930;GAFAS DE SOL;OAKLEY;;OO4147;414703;57;14;144;Hombre;Plateado;Prizm Sapphire;REDONDA/OVALADA;ACETATO;NO;NO;92,73;204
888392561961;GAFAS DE SOL;OAKLEY;;OO4147;414706;57;14;144;Hombre;Marrón;Prizm Tungsten Polarized;REDONDA/OVALADA;ACETATO;NO;SI;115,45;254
888392589071;GAFAS DE SOL;OAKLEY;;OO6013;601301;36;134;141;Hombre;Gris;Prizm Black;OVERSIZE;TITANIO;NO;NO;123,64;272
888392589101;GAFAS DE SOL;OAKLEY;;OO6013;601304;36;134;141;Hombre;Gris;Prizm Sapphire;OVERSIZE;TITANIO;NO;NO;123,64;272
888392597588;GAFAS DE SOL;OAKLEY;;OO6013;601305;36;134;141;Hombre;Oro;Prizm Black;OVERSIZE;TITANIO;NO;NO;132,73;292
888392648693;GAFAS DE SOL;OAKLEY;;OO6025;602503;38;138;141;Unisex;Gris;Prizm Road;RECTANGULAR/CUADRADA;TITANIO;NO;NO;155,45;342
888392648709;GAFAS DE SOL;OAKLEY;;OO6025;602504;38;138;141;Unisex;Azul;Prizm Road Black;RECTANGULAR/CUADRADA;TITANIO;NO;NO;155,45;342
888392648716;GAFAS DE SOL;OAKLEY;;OO6025;602505;38;138;141;Unisex;Multicolor;Prizm Road Jade;RECTANGULAR/CUADRADA;TITANIO;NO;NO;155,45;342
888392674951;GAFAS DE SOL;OAKLEY;;OO6026;602601;56;19;121;Hombre;Marrón;Prizm Grey;REDONDA/OVALADA;TITANIO;NO;NO;177,27;390
888392674968;GAFAS DE SOL;OAKLEY;;OO6026;602602;56;19;121;Hombre;Gris;Prizm Ruby;REDONDA/OVALADA;TITANIO;NO;NO;182,73;402
888392674982;GAFAS DE SOL;OAKLEY;;OO6026;602604;56;19;121;Hombre;Oro;Prizm Tungsten;REDONDA/OVALADA;TITANIO;NO;NO;182,73;402
888392677006;GAFAS DE SOL;OAKLEY;;OO6029;602901;61;12;147;Unisex;Negro;Prizm Black Polarized;RECTANGULAR/CUADRADA;TITANIO;NO;SI;191,82;422
888392677013;GAFAS DE SOL;OAKLEY;;OO6029;602902;61;12;147;Unisex;Transparente;Prizm Black;RECTANGULAR/CUADRADA;TITANIO;NO;NO;169,09;372
888392677020;GAFAS DE SOL;OAKLEY;;OO6029;602903;61;12;147;Unisex;Marrón;Prizm Bronze;RECTANGULAR/CUADRADA;TITANIO;NO;NO;163,64;360
888392677037;GAFAS DE SOL;OAKLEY;;OO6029;602904;61;12;147;Unisex;Gris;Prizm Sapphire Polarized;RECTANGULAR/CUADRADA;TITANIO;NO;SI;191,82;422
888392701954;GAFAS DE SOL;OAKLEY;;OO6031;603101;59;16;139;Unisex;Negro;Prizm Grey;RECTANGULAR/CUADRADA;TITANIO;NO;NO;154,55;340
888392701961;GAFAS DE SOL;OAKLEY;;OO6031;603102;59;16;139;Unisex;Gris;Prizm Ruby;RECTANGULAR/CUADRADA;TITANIO;NO;NO;160;352
888392701978;GAFAS DE SOL;OAKLEY;;OO6031;603103;59;16;139;Unisex;Cobre;Prizm Rose Gold;RECTANGULAR/CUADRADA;TITANIO;NO;NO;160;352
888392701985;GAFAS DE SOL;OAKLEY;;OO6031;603104;59;16;139;Unisex;Marrón;Prizm Black;RECTANGULAR/CUADRADA;TITANIO;NO;NO;160;352
888392701992;GAFAS DE SOL;OAKLEY;;OO6031;603105;59;16;139;Unisex;Plateado;Prizm Black Polarized;RECTANGULAR/CUADRADA;TITANIO;NO;SI;182,73;402
888392702005;GAFAS DE SOL;OAKLEY;;OO6031;603106;59;16;139;Unisex;Oro;Prizm Tungsten Polarized;RECTANGULAR/CUADRADA;TITANIO;NO;SI;182,73;402
888392552303;GAFAS DE SOL;OAKLEY;;OO6048;604802;57;18;139;Hombre;Negro;Prizm Black Polarized;RECTANGULAR/CUADRADA;TITANIO;NO;SI;146,36;322
888392552327;GAFAS DE SOL;OAKLEY;;OO6048;604804;57;18;139;Hombre;Gris;Prizm Sapphire Polarized;RECTANGULAR/CUADRADA;TITANIO;NO;SI;146,36;322
888392601261;GAFAS DE SOL;OAKLEY;;OO6048;604807;57;18;139;Hombre;Oro;Prizm Black Polarized;RECTANGULAR/CUADRADA;TITANIO;NO;SI;139,09;306
700285081045;GAFAS DE SOL;OAKLEY;;OO9009;11-004;63;14;135;Unisex;Negro;Gris;RECTANGULAR/CUADRADA;ACETATO;NO;NO;79,55;175
700285359380;GAFAS DE SOL;OAKLEY;;OO9009;11-435;63;14;135;Unisex;Negro;Polarized Gris;RECTANGULAR/CUADRADA;ACETATO;NO;SI;102,27;225
700285554686;GAFAS DE SOL;OAKLEY;;OO9013;24-306;55;17;139;Unisex;Negro;Gris;RECTANGULAR/CUADRADA;ACETATO;NO;NO;55;121
888392279675;GAFAS DE SOL;OAKLEY;;OO9013;9013C4;55;17;139;Unisex;Negro;Prizm Black;RECTANGULAR/CUADRADA;ACETATO;NO;NO;65;143
888392279682;GAFAS DE SOL;OAKLEY;;OO9013;9013C5;55;17;139;Unisex;Carey;Prizm Tungsten;RECTANGULAR/CUADRADA;ACETATO;NO;NO;65;143
888392327024;GAFAS DE SOL;OAKLEY;;OO9013;9013D0;55;17;139;Unisex;Transparente;Prizm Sapphire;RECTANGULAR/CUADRADA;ACETATO;NO;NO;65;143
888392406989;GAFAS DE SOL;OAKLEY;;OO9013;9013F6;55;17;139;Unisex;Negro;Prizm Sapphire Polarized;RECTANGULAR/CUADRADA;ACETATO;NO;SI;87,73;193
888392406996;GAFAS DE SOL;OAKLEY;;OO9013;9013F7;55;17;139;Unisex;Negro;Prizm Black Polarized;RECTANGULAR/CUADRADA;ACETATO;NO;SI;87,73;193
888392454690;GAFAS DE SOL;OAKLEY;;OO9013;9013H6;55;17;139;Hombre;Negro;Prizm Violet;RECTANGULAR/CUADRADA;ACETATO;NO;NO;65;143
888392454706;GAFAS DE SOL;OAKLEY;;OO9013;9013H7;55;17;139;Hombre;Transparente;Prizm Violet;RECTANGULAR/CUADRADA;ACETATO;NO;NO;65;143
888392664235;GAFAS DE SOL;OAKLEY;;OO9013;9013M0;55;17;139;Hombre;Negro;Prizm Black;RECTANGULAR/CUADRADA;ACETATO;NO;NO;64,09;141
888392664440;GAFAS DE SOL;OAKLEY;;OO9013;9013M1;55;17;139;Hombre;Marrón;Prizm Grey;RECTANGULAR/CUADRADA;ACETATO;NO;NO;59,55;131
888392664457;GAFAS DE SOL;OAKLEY;;OO9013;9013M2;55;17;139;Hombre;Verde;Prizm Black Polarized;RECTANGULAR/CUADRADA;ACETATO;NO;SI;87,73;193
888392677631;GAFAS DE SOL;OAKLEY;;OO9013;9013M4;55;17;139;Hombre;Azul;Prizm Gaming™ 2.0;RECTANGULAR/CUADRADA;ACETATO;NO;NO;74,09;163
888392684233;GAFAS DE SOL;OAKLEY;;OO9013;9013M7;55;17;139;Hombre;Negro;Gris;RECTANGULAR/CUADRADA;ACETATO;NO;NO;55;121
888392687760;GAFAS DE SOL;OAKLEY;;OO9013;9013M9;55;17;139;Hombre;Transparente;Prizm Rose Gold Polarized;RECTANGULAR/CUADRADA;ACETATO;NO;SI;87,73;193
700285034713;GAFAS DE SOL;OAKLEY;;OO9014;03-471;60;15;128;Hombre;Negro;Gris;RECTANGULAR/CUADRADA;ACETATO;NO;NO;55;121
700285111223;GAFAS DE SOL;OAKLEY;;OO9014;11-122;61;15;128;Hombre;Negro;Polarized Gris;RECTANGULAR/CUADRADA;ACETATO;NO;SI;77,73;171
700285238593;GAFAS DE SOL;OAKLEY;;OO9014;11-192;61;15;128;Hombre;Negro;Gris;RECTANGULAR/CUADRADA;ACETATO;NO;NO;55;121
700285128566;GAFAS DE SOL;OAKLEY;;OO9014;12-856;61;15;128;Hombre;Negro;Black Iridium Polarized;RECTANGULAR/CUADRADA;ACETATO;NO;SI;83,18;183
700285874470;GAFAS DE SOL;OAKLEY;;OO9014;53-112;60;15;128;Hombre;Negro;Black Iridium Polarized;RECTANGULAR/CUADRADA;ACETATO;NO;SI;92,27;203
888392333414;GAFAS DE SOL;OAKLEY;;OO9014;901443;60;15;128;Hombre;Negro;Prizm Black;RECTANGULAR/CUADRADA;ACETATO;NO;NO;65;143
888392407870;GAFAS DE SOL;OAKLEY;;OO9014;901450;60;15;128;Hombre;Negro;Prizm Sapphire Polarized;RECTANGULAR/CUADRADA;ACETATO;NO;SI;87,73;193
888392555236;GAFAS DE SOL;OAKLEY;;OO9014;901481;60;15;128;Hombre;Gris;Prizm Deep Water Polarized;RECTANGULAR/CUADRADA;ACETATO;NO;SI;87,73;193
888392666727;GAFAS DE SOL;OAKLEY;;OO9014;9014D5;60;15;128;Hombre;Verde;Prizm Grey Polarized;RECTANGULAR/CUADRADA;ACETATO;NO;SI;82,27;181
888392697882;GAFAS DE SOL;OAKLEY;;OO9014;9014E4;60;15;128;Hombre;Rojo;Prizm Grey;RECTANGULAR/CUADRADA;ACETATO;NO;NO;59,55;131
888392697905;GAFAS DE SOL;OAKLEY;;OO9014;9014E5;60;15;128;Hombre;Gris;Prizm Shallow Water Polarized;RECTANGULAR/CUADRADA;ACETATO;NO;SI;87,73;193
888392701107;GAFAS DE SOL;OAKLEY;;OO9014;9014E6;60;15;128;Hombre;Negro;Prizm Grey;RECTANGULAR/CUADRADA;ACETATO;NO;NO;59,55;131
888392561978;GAFAS DE SOL;OAKLEY;;OO9018;901801;55;20;143;Hombre;Negro;Prizm Grey;RECTANGULAR/CUADRADA;ACETATO;NO;NO;72,73;160
888392561985;GAFAS DE SOL;OAKLEY;;OO9018;901802;55;20;143;Hombre;Transparente;Prizm Sapphire;RECTANGULAR/CUADRADA;ACETATO;NO;NO;78,18;172
888392561992;GAFAS DE SOL;OAKLEY;;OO9018;901803;55;20;143;Hombre;Negro;Prizm Violet;RECTANGULAR/CUADRADA;ACETATO;NO;NO;73,64;162
888392562005;GAFAS DE SOL;OAKLEY;;OO9018;901804;55;20;143;Hombre;Negro;Prizm Black Polarized;RECTANGULAR/CUADRADA;ACETATO;NO;SI;100,91;222
888392562012;GAFAS DE SOL;OAKLEY;;OO9018;901805;55;20;143;Hombre;Marrón;Prizm Tungsten Polarized;RECTANGULAR/CUADRADA;ACETATO;NO;SI;100,91;222
888392590916;GAFAS DE SOL;OAKLEY;;OO9018;901814;55;20;143;Hombre;Gris;Prizm Sapphire Polarized;RECTANGULAR/CUADRADA;ACETATO;NO;SI;100,91;222
7895653282926;GAFAS DE SOL;OAKLEY;;OO9018;901819;55;20;143;Hombre;Verde;Prizm Sapphire;RECTANGULAR/CUADRADA;ACETATO;NO;NO;78,18;172
700285081205;GAFAS DE SOL;OAKLEY;;OO9039;11-013;61;18;135;Hombre;Negro;Gris;RECTANGULAR/CUADRADA;ACETATO;NO;NO;68,18;150
700285081212;GAFAS DE SOL;OAKLEY;;OO9039;11-014;61;18;135;Hombre;Negro;Polarized Gris;RECTANGULAR/CUADRADA;ACETATO;NO;SI;90,91;200
700285111612;GAFAS DE SOL;OAKLEY;;OO9060;11-161;29;134;145;Unisex;Negro;Transparente;OVERSIZE;ACETATO;NO;NO;72,73;
700285111629;GAFAS DE SOL;OAKLEY;;OO9060;11-162;29;134;145;Unisex;Negro;Gris;OVERSIZE;ACETATO;NO;NO;72,73;
700285359663;GAFAS DE SOL;OAKLEY;;OO9060;11-439;29;134;145;Unisex;Negro;Transparente;OVERSIZE;ACETATO;NO;NO;95,45;
700285111421;GAFAS DE SOL;OAKLEY;;OO9061;11-142;33;133;132;Unisex;Negro;Gris;OVERSIZE;ACETATO;NO;NO;69,09;
700285321332;GAFAS DE SOL;OAKLEY;;OO9096;909605;60;19;130;Hombre;Negro;Polarized Gris;RECTANGULAR/CUADRADA;ACETATO;NO;SI;84,09;185
700285455044;GAFAS DE SOL;OAKLEY;;OO9096;909629;60;19;130;Hombre;Negro;Gris;RECTANGULAR/CUADRADA;ACETATO;NO;NO;61,36;135
700285455358;GAFAS DE SOL;OAKLEY;;OO9096;909630;60;19;130;Hombre;Negro;Gris;RECTANGULAR/CUADRADA;ACETATO;NO;NO;61,36;135
700285466675;GAFAS DE SOL;OAKLEY;;OO9096;909638;60;19;130;Hombre;Negro;Gris;RECTANGULAR/CUADRADA;ACETATO;NO;NO;61,36;135
700285862989;GAFAS DE SOL;OAKLEY;;OO9096;909682;60;19;130;Hombre;Negro;Black Iridium;RECTANGULAR/CUADRADA;ACETATO;NO;NO;67,73;149
888392011671;GAFAS DE SOL;OAKLEY;;OO9096;9096B3;60;19;130;Hombre;Negro;Black Iridium Polarized;RECTANGULAR/CUADRADA;ACETATO;NO;SI;98,64;217
888392143662;GAFAS DE SOL;OAKLEY;;OO9096;9096D8;60;19;130;Hombre;Negro;Prizm Deep Water Polarized;RECTANGULAR/CUADRADA;ACETATO;NO;SI;94,09;207
888392235787;GAFAS DE SOL;OAKLEY;;OO9096;9096G6;60;19;130;Hombre;Blanco;Black Iridium;RECTANGULAR/CUADRADA;ACETATO;NO;NO;76,82;169
888392356468;GAFAS DE SOL;OAKLEY;;OO9096;9096J7;60;19;130;Hombre;Verde;Prizm Tungsten;RECTANGULAR/CUADRADA;ACETATO;NO;NO;71,36;157
888392407856;GAFAS DE SOL;OAKLEY;;OO9096;9096K2;60;19;130;Hombre;Negro;Prizm Grey;RECTANGULAR/CUADRADA;ACETATO;NO;NO;65,91;145
888392583123;GAFAS DE SOL;OAKLEY;;OO9098;909803;48;148;120;Hombre;Azul;Prizm Sapphire;OVERSIZE;ACETATO;NO;NO;111,82;246
888392581174;GAFAS DE SOL;OAKLEY;;OO9100;910001;57;17;134;Hombre;Negro;Prizm Grey;RECTANGULAR/CUADRADA;ACETATO;NO;NO;72,73;160
888392581181;GAFAS DE SOL;OAKLEY;;OO9100;910002;57;17;134;Hombre;Gris;Prizm Tungsten;RECTANGULAR/CUADRADA;ACETATO;NO;NO;78,18;172
888392581204;GAFAS DE SOL;OAKLEY;;OO9100;910004;57;17;134;Hombre;Negro;Prizm Black Polarized;RECTANGULAR/CUADRADA;ACETATO;NO;SI;100,91;222
888392581211;GAFAS DE SOL;OAKLEY;;OO9100;910005;57;17;134;Hombre;Negro;Prizm Deep Water Polarized;RECTANGULAR/CUADRADA;ACETATO;NO;SI;100,91;222
888392617323;GAFAS DE SOL;OAKLEY;;OO9100;910018;57;17;134;Hombre;Marrón;Prizm Black Polarized;RECTANGULAR/CUADRADA;ACETATO;NO;SI;100,91;222
888392333353;GAFAS DE SOL;OAKLEY;;OO9101;910157;27;127;130;Hombre;Negro;Prizm Black;OVERSIZE;ACETATO;NO;NO;82,73;182
888392333360;GAFAS DE SOL;OAKLEY;;OO9101;910158;27;127;130;Hombre;Negro;Prizm Sapphire;OVERSIZE;ACETATO;NO;NO;82,73;182
888392542687;GAFAS DE SOL;OAKLEY;;OO9101;910168;27;127;130;Hombre;Negro;Prizm Grey Polarized;OVERSIZE;ACETATO;NO;SI;96,36;212
700285658667;GAFAS DE SOL;OAKLEY;;OO9102;910236;55;18;137;Hombre;Negro;+ Red Iridium;RECTANGULAR/CUADRADA;ACETATO;NO;NO;72,27;159
888392662484;GAFAS DE SOL;OAKLEY;;OO9102;9102AD;55;18;137;Hombre;Transparente;Prizm 24k Polarized;RECTANGULAR/CUADRADA;ACETATO;NO;SI;98,64;217
888392664754;GAFAS DE SOL;OAKLEY;;OO9102;9102AH;55;18;137;Hombre;Negro;Prizm 24k Polarized;RECTANGULAR/CUADRADA;ACETATO;NO;SI;107,73;237
888392669063;GAFAS DE SOL;OAKLEY;;OO9102;9102AI;55;18;137;Hombre;Negro;Prizm Road Jade;RECTANGULAR/CUADRADA;ACETATO;NO;NO;80,45;177
888392673916;GAFAS DE SOL;OAKLEY;;OO9102;9102AM;55;18;137;Hombre;Negro;Prizm Bronze Polarized;RECTANGULAR/CUADRADA;ACETATO;NO;SI;93,18;205
888392677099;GAFAS DE SOL;OAKLEY;;OO9102;9102AN;55;18;137;Hombre;Verde;Prizm Tungsten Polarized;RECTANGULAR/CUADRADA;ACETATO;NO;SI;98,64;217
888392684165;GAFAS DE SOL;OAKLEY;;OO9102;9102AO;55;18;137;Hombre;Transparente;Prizm pizarra;RECTANGULAR/CUADRADA;ACETATO;NO;NO;70,45;155
888392685575;GAFAS DE SOL;OAKLEY;;OO9102;9102AP;55;18;137;Hombre;Transparente;Prizm Black Polarized;RECTANGULAR/CUADRADA;ACETATO;NO;SI;98,64;217
888392697134;GAFAS DE SOL;OAKLEY;;OO9102;9102AR;55;18;137;Hombre;Gris;Prizm Snow Black Iridium;RECTANGULAR/CUADRADA;ACETATO;NO;NO;75,91;167
888392697127;GAFAS DE SOL;OAKLEY;;OO9102;9102AS;55;18;137;Hombre;Transparente;Prizm Sapphire;RECTANGULAR/CUADRADA;ACETATO;NO;NO;75,91;167
888392214621;GAFAS DE SOL;OAKLEY;;OO9102;9102B5;55;18;137;Hombre;Gris;Prizm Daily Polarized;RECTANGULAR/CUADRADA;ACETATO;NO;SI;98,64;217
888392238931;GAFAS DE SOL;OAKLEY;;OO9102;9102C1;55;18;137;Hombre;Negro;Prizm Deep Water Polarized;RECTANGULAR/CUADRADA;ACETATO;NO;SI;98,64;217
888392260109;GAFAS DE SOL;OAKLEY;;OO9102;9102D6;55;18;137;Hombre;Negro;Prizm Black Polarized;RECTANGULAR/CUADRADA;ACETATO;NO;SI;98,64;217
888392260512;GAFAS DE SOL;OAKLEY;;OO9102;9102D7;55;18;137;Hombre;Negro;Prizm Tungsten Polarized;RECTANGULAR/CUADRADA;ACETATO;NO;SI;98,64;217
888392279606;GAFAS DE SOL;OAKLEY;;OO9102;9102E1;55;18;137;Hombre;Negro;Prizm Black;RECTANGULAR/CUADRADA;ACETATO;NO;NO;75,91;167
888392279613;GAFAS DE SOL;OAKLEY;;OO9102;9102E2;55;18;137;Hombre;Negro;Prizm Ruby;RECTANGULAR/CUADRADA;ACETATO;NO;NO;75,91;167
888392297051;GAFAS DE SOL;OAKLEY;;OO9102;9102E4;55;18;137;Hombre;Verde;Prizm Jade;RECTANGULAR/CUADRADA;ACETATO;NO;NO;75,91;167
888392320544;GAFAS DE SOL;OAKLEY;;OO9102;9102E8;55;18;137;Hombre;Negro;Prizm Grey;RECTANGULAR/CUADRADA;ACETATO;NO;NO;70,45;155
888392326911;GAFAS DE SOL;OAKLEY;;OO9102;9102E9;55;18;137;Hombre;Negro;Prizm Ruby;RECTANGULAR/CUADRADA;ACETATO;NO;NO;75,91;167
888392327031;GAFAS DE SOL;OAKLEY;;OO9102;9102F0;55;18;137;Hombre;Negro;Prizm Sapphire Polarized;RECTANGULAR/CUADRADA;ACETATO;NO;SI;98,64;217
888392335920;GAFAS DE SOL;OAKLEY;;OO9102;9102F4;55;18;137;Hombre;Marrón;Prizm Black;RECTANGULAR/CUADRADA;ACETATO;NO;NO;75,91;167
888392335937;GAFAS DE SOL;OAKLEY;;OO9102;9102F5;55;18;137;Hombre;Negro;Prizm Sapphire;RECTANGULAR/CUADRADA;ACETATO;NO;NO;75,91;167
888392356451;GAFAS DE SOL;OAKLEY;;OO9102;9102G6;55;18;137;Hombre;Verde;Prizm Tungsten;RECTANGULAR/CUADRADA;ACETATO;NO;NO;75,91;167
888392356994;GAFAS DE SOL;OAKLEY;;OO9102;9102G7;55;18;137;Hombre;Negro;Prizm Sapphire Polarized;RECTANGULAR/CUADRADA;ACETATO;NO;SI;98,64;217
888392374516;GAFAS DE SOL;OAKLEY;;OO9102;9102H0;55;18;137;Hombre;Negro;Prizm Sapphire Polarized;RECTANGULAR/CUADRADA;ACETATO;NO;SI;98,64;217
888392458889;GAFAS DE SOL;OAKLEY;;OO9102;9102J8;55;18;137;Hombre;Gris;Prizm Shallow Water Polarized;RECTANGULAR/CUADRADA;ACETATO;NO;SI;98,64;217
888392458896;GAFAS DE SOL;OAKLEY;;OO9102;9102J9;55;18;137;Hombre;Gris;Prizm Deep Water Polarized;RECTANGULAR/CUADRADA;ACETATO;NO;SI;98,64;217
888392458902;GAFAS DE SOL;OAKLEY;;OO9102;9102K0;55;18;137;Hombre;Negro;Prizm Dark Golf;RECTANGULAR/CUADRADA;ACETATO;NO;NO;75,91;167
888392471604;GAFAS DE SOL;OAKLEY;;OO9102;9102K6;55;18;137;Hombre;Negro;Prizm Violet;RECTANGULAR/CUADRADA;ACETATO;NO;NO;75,91;167
888392486523;GAFAS DE SOL;OAKLEY;;OO9102;9102O2;55;18;137;Hombre;Gris;Prizm Black Polarized;RECTANGULAR/CUADRADA;ACETATO;NO;SI;98,64;217
888392555267;GAFAS DE SOL;OAKLEY;;OO9102;9102T9;55;18;137;Hombre;Gris;Prizm Deep Water Polarized;RECTANGULAR/CUADRADA;ACETATO;NO;SI;98,64;217
888392590169;GAFAS DE SOL;OAKLEY;;OO9102;9102W4;55;18;137;Hombre;Gris;Prizm 24k Polarized;RECTANGULAR/CUADRADA;ACETATO;NO;SI;98,64;217
888392593405;GAFAS DE SOL;OAKLEY;;OO9102;9102W9;55;18;137;Hombre;Gris;Prizm Black Polarized;RECTANGULAR/CUADRADA;ACETATO;NO;SI;96,36;212
888392596291;GAFAS DE SOL;OAKLEY;;OO9102;9102X2;55;18;137;Hombre;Transparente;Prizm Gaming™ 2.0;RECTANGULAR/CUADRADA;ACETATO;NO;NO;75,91;167
888392606945;GAFAS DE SOL;OAKLEY;;OO9102;9102X9;55;18;137;Hombre;Azul;Prizm Black;RECTANGULAR/CUADRADA;ACETATO;NO;NO;82,73;182
888392608932;GAFAS DE SOL;OAKLEY;;OO9102;9102Y0;55;18;137;Hombre;Azul;Prizm 24k Polarized;RECTANGULAR/CUADRADA;ACETATO;NO;SI;96,36;212
888392641229;GAFAS DE SOL;OAKLEY;;OO9102;9102Z3;55;18;137;Hombre;Negro;Prizm Grey;RECTANGULAR/CUADRADA;ACETATO;NO;NO;69,09;152
888392642011;GAFAS DE SOL;OAKLEY;;OO9102;9102Z4;55;18;137;Hombre;Gris;Prizm Black Polarized;RECTANGULAR/CUADRADA;ACETATO;NO;SI;98,64;217
888392581259;GAFAS DE SOL;OAKLEY;;OO9126;912603;54;18;137;Hombre;Gris;Prizm Sapphire;REDONDA/OVALADA;ACETATO;NO;NO;73,64;162
888392576033;GAFAS DE SOL;OAKLEY;;OO9129;912902;63;14;131;Hombre;Negro;Prizm Black Polarized;RECTANGULAR/CUADRADA;ACETATO;NO;SI;86,82;191
700285854441;GAFAS DE SOL;OAKLEY;;OO9146;914619;32;132;135;Unisex;Negro;Prizm Tr22;OVERSIZE;ACETATO;NO;NO;78,18;
700285854458;GAFAS DE SOL;OAKLEY;;OO9146;914620;32;132;135;Unisex;Negro;Prizm Tr45;OVERSIZE;ACETATO;NO;NO;78,18;
888392560124;GAFAS DE SOL;OAKLEY;;OO9146;914652;32;132;135;Hombre;Negro;Transparente;OVERSIZE;ACETATO;NO;NO;60;132
700285494180;GAFAS DE SOL;OAKLEY;;OO9154;915401;62;15;133;Unisex;Negro;Black Iridium;RECTANGULAR/CUADRADA;ACETATO;NO;NO;67,73;149
700285494227;GAFAS DE SOL;OAKLEY;;OO9154;915405;62;15;133;Unisex;Negro;Black Iridium Polarized;RECTANGULAR/CUADRADA;ACETATO;NO;SI;89,55;197
700285568706;GAFAS DE SOL;OAKLEY;;OO9154;915412;62;15;133;Unisex;Negro;Gris;RECTANGULAR/CUADRADA;ACETATO;NO;NO;61,36;135
700285568713;GAFAS DE SOL;OAKLEY;;OO9154;915413;62;15;133;Unisex;Negro;Polarized Gris;RECTANGULAR/CUADRADA;ACETATO;NO;SI;84,09;185
888392075840;GAFAS DE SOL;OAKLEY;;OO9154;915449;62;15;133;Unisex;Negro;Prizm Golf;RECTANGULAR/CUADRADA;ACETATO;NO;NO;71,36;157
888392486677;GAFAS DE SOL;OAKLEY;;OO9154;915465;62;15;133;Hombre;Negro;Prizm Black Polarized;RECTANGULAR/CUADRADA;ACETATO;NO;SI;94,09;207
888392486691;GAFAS DE SOL;OAKLEY;;OO9154;915467;62;15;133;Hombre;Negro;Prizm Deep Water Polarized;RECTANGULAR/CUADRADA;ACETATO;NO;SI;94,09;207
888392104984;GAFAS DE SOL;OAKLEY;;OO9188;918803;59;12;133;Unisex;Blanco;Prizm Field;RECTANGULAR/CUADRADA;ACETATO;NO;NO;89,55;197
888392105004;GAFAS DE SOL;OAKLEY;;OO9188;918805;59;12;133;Unisex;Negro;Prizm Golf;RECTANGULAR/CUADRADA;ACETATO;NO;NO;89,55;197
888392143563;GAFAS DE SOL;OAKLEY;;OO9188;918816;59;12;133;Hombre;Gris;Clear To Black Iridium Photochromic;RECTANGULAR/CUADRADA;ACETATO;SI;NO;107,73;237
888392225245;GAFAS DE SOL;OAKLEY;;OO9188;918858;59;12;133;Hombre;Negro;Prizm Deep Water Polarized;RECTANGULAR/CUADRADA;ACETATO;NO;SI;112,27;247
888392279958;GAFAS DE SOL;OAKLEY;;OO9188;918872;59;12;133;Hombre;Negro;Prizm Black Polarized;RECTANGULAR/CUADRADA;ACETATO;NO;SI;112,27;247
888392279965;GAFAS DE SOL;OAKLEY;;OO9188;918873;59;12;133;Hombre;Negro;Prizm Black;RECTANGULAR/CUADRADA;ACETATO;NO;NO;89,55;197
888392326492;GAFAS DE SOL;OAKLEY;;OO9188;918882;59;12;133;Unisex;Blanco;Prizm Deep Water Polarized;RECTANGULAR/CUADRADA;ACETATO;NO;SI;112,27;247
888392326904;GAFAS DE SOL;OAKLEY;;OO9188;918886;59;12;133;Unisex;Negro;Prizm Ruby;RECTANGULAR/CUADRADA;ACETATO;NO;NO;89,55;197
888392351166;GAFAS DE SOL;OAKLEY;;OO9188;918890;59;12;133;Unisex;Negro;Prizm Dark Golf;RECTANGULAR/CUADRADA;ACETATO;NO;NO;89,55;197
888392355980;GAFAS DE SOL;OAKLEY;;OO9188;918891;59;12;133;Unisex;Negro;Prizm Field;RECTANGULAR/CUADRADA;ACETATO;NO;NO;85,45;188
888392356000;GAFAS DE SOL;OAKLEY;;OO9188;918893;59;12;133;Unisex;Blanco;Prizm Ruby;RECTANGULAR/CUADRADA;ACETATO;NO;NO;85,45;188
888392356017;GAFAS DE SOL;OAKLEY;;OO9188;918894;59;12;133;Unisex;Blanco;Prizm Sapphire;RECTANGULAR/CUADRADA;ACETATO;NO;NO;89,55;197
888392386496;GAFAS DE SOL;OAKLEY;;OO9188;918896;59;12;133;Unisex;Negro;Prizm Black Polarized;RECTANGULAR/CUADRADA;ACETATO;NO;SI;112,27;247
888392388124;GAFAS DE SOL;OAKLEY;;OO9188;918898;59;12;133;Unisex;Negro;Transparente;RECTANGULAR/CUADRADA;ACETATO;NO;NO;79,55;175
888392457714;GAFAS DE SOL;OAKLEY;;OO9188;9188B2;59;12;133;Unisex;Gris;Prizm Dark Golf;RECTANGULAR/CUADRADA;ACETATO;NO;NO;89,55;197
888392459640;GAFAS DE SOL;OAKLEY;;OO9188;9188B3;59;12;133;Unisex;Negro;Prizm Rose Gold Polarized;RECTANGULAR/CUADRADA;ACETATO;NO;SI;112,27;247
888392474872;GAFAS DE SOL;OAKLEY;;OO9188;9188F3;59;12;133;Unisex;Gris;Prizm Road Jade;RECTANGULAR/CUADRADA;ACETATO;NO;NO;89,55;197
888392498342;GAFAS DE SOL;OAKLEY;;OO9188;9188F7;59;12;133;Unisex;Negro;Prizm Sapphire Polarized;RECTANGULAR/CUADRADA;ACETATO;NO;SI;112,27;247
888392498410;GAFAS DE SOL;OAKLEY;;OO9188;9188F8;59;12;133;Unisex;Gris;Prizm Black Polarized;RECTANGULAR/CUADRADA;ACETATO;NO;SI;112,27;247
888392555243;GAFAS DE SOL;OAKLEY;;OO9188;9188G3;59;12;133;Unisex;Gris;Prizm Deep Water Polarized;RECTANGULAR/CUADRADA;ACETATO;NO;SI;112,27;247
888392576736;GAFAS DE SOL;OAKLEY;;OO9188;9188H2;59;12;133;Hombre;Rojo;Prizm Black;RECTANGULAR/CUADRADA;ACETATO;NO;NO;90,91;200
888392642608;GAFAS DE SOL;OAKLEY;;OO9188;9188J9;59;12;133;Hombre;Gris;Prizm Deep Water Polarized;RECTANGULAR/CUADRADA;ACETATO;NO;SI;112,27;247
888392684349;GAFAS DE SOL;OAKLEY;;OO9188;9188K3;59;12;133;Hombre;Blanco;Prizm Golf;RECTANGULAR/CUADRADA;ACETATO;NO;NO;89,55;197
888392684356;GAFAS DE SOL;OAKLEY;;OO9188;9188K4;59;12;133;Hombre;Blanco;Prizm Dark Golf;RECTANGULAR/CUADRADA;ACETATO;NO;NO;89,55;197
888392698124;GAFAS DE SOL;OAKLEY;;OO9188;9188K6;59;12;133;Hombre;Negro;Prizm Shallow Water Polarized;RECTANGULAR/CUADRADA;ACETATO;NO;SI;112,27;247
888392701114;GAFAS DE SOL;OAKLEY;;OO9188;9188K7;59;12;133;Hombre;Negro;Prizm Grey;RECTANGULAR/CUADRADA;ACETATO;NO;NO;84,09;185
888392141088;GAFAS DE SOL;OAKLEY;;OO9189;918930;60;16;137;Hombre;Negro;Chrome Iridium;RECTANGULAR/CUADRADA;ACETATO;NO;NO;85,91;189
888392279651;GAFAS DE SOL;OAKLEY;;OO9189;918938;60;16;137;Hombre;Negro;Prizm Black Polarized;RECTANGULAR/CUADRADA;ACETATO;NO;SI;112,27;247
888392350473;GAFAS DE SOL;OAKLEY;;OO9189;918942;60;16;137;Hombre;Gris;Prizm Grey;RECTANGULAR/CUADRADA;ACETATO;NO;NO;84,09;185
888392499240;GAFAS DE SOL;OAKLEY;;OO9189;918946;60;16;137;Hombre;Negro;Prizm Sapphire Polarized;RECTANGULAR/CUADRADA;ACETATO;NO;SI;112,27;247
700285739908;GAFAS DE SOL;OAKLEY;;OO9191;919103;65;9;130;Mujer;Violeta;Polarized Marrón Degradado;RECTANGULAR/CUADRADA;ACETATO;NO;SI;95,45;210
888392006851;GAFAS DE SOL;OAKLEY;;OO9191;919110;65;9;130;Mujer;Negro;Polarized Rosa Degradado;RECTANGULAR/CUADRADA;ACETATO;NO;SI;100;220
888392623171;GAFAS DE SOL;OAKLEY;;OO9191;919122;65;9;130;Mujer;Negro;Prizm Dark Golf;RECTANGULAR/CUADRADA;ACETATO;NO;NO;82,73;182
700285887470;GAFAS DE SOL;OAKLEY;;OO9200;920006;61;11;122;Hombre;Negro;Gris;RECTANGULAR/CUADRADA;ACETATO;NO;NO;55;121
700285887487;GAFAS DE SOL;OAKLEY;;OO9200;920007;61;11;122;Hombre;Negro;Polarized Gris;RECTANGULAR/CUADRADA;ACETATO;NO;SI;77,73;171
888392102485;GAFAS DE SOL;OAKLEY;;OO9208;920805;38;138;128;Hombre;Blanco;Prizm Road;RECTANGULAR/CUADRADA;ACETATO;NO;NO;100,91;222
888392143570;GAFAS DE SOL;OAKLEY;;OO9208;920813;38;138;128;Hombre;Gris;Clear To Black Iridium Photochromic;RECTANGULAR/CUADRADA;ACETATO;SI;NO;119,09;262
888392220899;GAFAS DE SOL;OAKLEY;;OO9208;920844;38;138;128;Unisex;Negro;Prizm Golf;RECTANGULAR/CUADRADA;ACETATO;NO;NO;100,91;222
888392243683;GAFAS DE SOL;OAKLEY;;OO9208;920846;38;138;128;Hombre;Negro;Prizm Road;RECTANGULAR/CUADRADA;ACETATO;NO;NO;100,91;222
888392243812;GAFAS DE SOL;OAKLEY;;OO9208;920847;38;138;128;Unisex;Blanco;Prizm Snow Sapphire;RECTANGULAR/CUADRADA;ACETATO;NO;NO;100,91;222
888392280015;GAFAS DE SOL;OAKLEY;;OO9208;920851;38;138;128;Unisex;Negro;Prizm Black Polarized;RECTANGULAR/CUADRADA;ACETATO;NO;SI;123,64;272
888392280022;GAFAS DE SOL;OAKLEY;;OO9208;920852;38;138;128;Hombre;Negro;Prizm Black;RECTANGULAR/CUADRADA;ACETATO;NO;NO;100,91;222
888392326515;GAFAS DE SOL;OAKLEY;;OO9208;920855;38;138;128;Hombre;Negro;Prizm Deep Water Polarized;RECTANGULAR/CUADRADA;ACETATO;NO;SI;123,64;272
888392326539;GAFAS DE SOL;OAKLEY;;OO9208;920857;38;138;128;Unisex;Blanco;Prizm Sapphire;RECTANGULAR/CUADRADA;ACETATO;NO;NO;100,91;222
888392356031;GAFAS DE SOL;OAKLEY;;OO9208;920871;38;138;128;Unisex;Blanco;Prizm Jade;RECTANGULAR/CUADRADA;ACETATO;NO;NO;100,91;222
888392356048;GAFAS DE SOL;OAKLEY;;OO9208;920872;38;138;128;Unisex;Blanco;Prizm Ruby;RECTANGULAR/CUADRADA;ACETATO;NO;NO;100,91;222
888392356055;GAFAS DE SOL;OAKLEY;;OO9208;920873;38;138;128;Hombre;Blanco;Prizm Sapphire;RECTANGULAR/CUADRADA;ACETATO;NO;NO;100,91;222
888392388186;GAFAS DE SOL;OAKLEY;;OO9208;920874;38;138;128;Hombre;Negro;Transparente;RECTANGULAR/CUADRADA;ACETATO;NO;NO;90,91;200
888392434951;GAFAS DE SOL;OAKLEY;;OO9208;920882;38;138;128;Hombre;Gris;Prizm Road Black;RECTANGULAR/CUADRADA;ACETATO;NO;NO;100,91;222
888392441164;GAFAS DE SOL;OAKLEY;;OO9208;920890;38;138;128;Unisex;Negro;Prizm Trail Torch;RECTANGULAR/CUADRADA;ACETATO;NO;NO;100,91;222
888392459633;GAFAS DE SOL;OAKLEY;;OO9208;920894;38;138;128;Unisex;Blanco;Prizm Black Polarized;RECTANGULAR/CUADRADA;ACETATO;NO;SI;123,64;272
888392473578;GAFAS DE SOL;OAKLEY;;OO9208;9208A1;38;138;128;Unisex;Gris;Prizm Road Jade;RECTANGULAR/CUADRADA;ACETATO;NO;NO;100,91;222
888392555250;GAFAS DE SOL;OAKLEY;;OO9208;9208C0;38;138;128;Unisex;Gris;Prizm Deep Water Polarized;RECTANGULAR/CUADRADA;ACETATO;NO;SI;123,64;272
888392562708;GAFAS DE SOL;OAKLEY;;OO9208;9208C7;38;138;128;Unisex;Negro;Prizm Rose Gold;RECTANGULAR/CUADRADA;ACETATO;NO;NO;100,91;222
888392568762;GAFAS DE SOL;OAKLEY;;OO9208;9208C9;38;138;128;Unisex;Negro;Prizm 24k Polarized;RECTANGULAR/CUADRADA;ACETATO;NO;SI;123,64;272
888392576965;GAFAS DE SOL;OAKLEY;;OO9208;9208D1;38;138;128;Hombre;Rojo;Prizm Black;RECTANGULAR/CUADRADA;ACETATO;NO;NO;102,27;225
888392577184;GAFAS DE SOL;OAKLEY;;OO9208;9208D3;38;138;128;Unisex;Gris;Prizm Black Polarized;RECTANGULAR/CUADRADA;ACETATO;NO;SI;123,64;272
888392609335;GAFAS DE SOL;OAKLEY;;OO9208;9208F0;38;138;128;Hombre;Negro;Prizm Jade Polarized;RECTANGULAR/CUADRADA;ACETATO;NO;SI;123,64;272
888392609397;GAFAS DE SOL;OAKLEY;;OO9208;9208F1;38;138;128;Hombre;Azul;Prizm Sapphire Polarized;RECTANGULAR/CUADRADA;ACETATO;NO;SI;123,64;272
888392642615;GAFAS DE SOL;OAKLEY;;OO9208;9208F6;38;138;128;Hombre;Gris;Prizm Deep Water Polarized;RECTANGULAR/CUADRADA;ACETATO;NO;SI;123,64;272
888392701121;GAFAS DE SOL;OAKLEY;;OO9208;9208G6;38;138;128;Hombre;Negro;Prizm Grey;RECTANGULAR/CUADRADA;ACETATO;NO;NO;95,45;210
888392703767;GAFAS DE SOL;OAKLEY;;OO9208;9208G7;38;138;128;Hombre;Negro;Prizm Transitions Ember;RECTANGULAR/CUADRADA;ACETATO;NO;NO;123,64;272
888392703781;GAFAS DE SOL;OAKLEY;;OO9208;9208G8;38;138;128;Hombre;Blanco;Prizm Transitions Cobalt;RECTANGULAR/CUADRADA;ACETATO;NO;NO;123,64;272
888392703774;GAFAS DE SOL;OAKLEY;;OO9208;9208G9;38;138;128;Hombre;Gris;Prizm Transitions Black;RECTANGULAR/CUADRADA;ACETATO;NO;NO;123,64;272
888392708342;GAFAS DE SOL;OAKLEY;;OO9208;9208H1;38;138;128;Hombre;Blanco;Prizm Road Jade;RECTANGULAR/CUADRADA;ACETATO;NO;NO;100,91;222
888392105271;GAFAS DE SOL;OAKLEY;;OO9211;921104;38;138;128;Unisex;Blanco;Prizm Field;OVERSIZE;ACETATO;NO;NO;100,91;222
888392356659;GAFAS DE SOL;OAKLEY;;OO9211;921117;38;138;128;Unisex;Negro;Prizm Field;OVERSIZE;ACETATO;NO;NO;100,91;222
700285279800;GAFAS DE SOL;OAKLEY;;OO9213;11-197;32;132;136;Unisex;Negro;Clear To Black Iridium Photochromic;OVERSIZE;ACETATO;SI;NO;91,82;202
888392181077;GAFAS DE SOL;OAKLEY;;OO9213;921303;32;132;136;Hombre;Negro;Gris;OVERSIZE;ACETATO;NO;NO;69,09;152
888392181084;GAFAS DE SOL;OAKLEY;;OO9213;921304;32;132;136;Hombre;Negro;Transparente;OVERSIZE;ACETATO;NO;NO;69,09;152
888392591050;GAFAS DE SOL;OAKLEY;;OO9227;922702;73;14;132;Hombre;Negro;Prizm 24K;REDONDA/OVALADA;ACETATO;NO;NO;111,82;246
888392591067;GAFAS DE SOL;OAKLEY;;OO9227;922703;73;14;132;Hombre;Gris;Prizm Ruby;REDONDA/OVALADA;ACETATO;NO;NO;111,82;246
888392229335;GAFAS DE SOL;OAKLEY;;OO9228;922805;67;6;116;Hombre;Negro;Prizm Tr22;RECTANGULAR/CUADRADA;ACETATO;NO;NO;152,27;335
888392593412;GAFAS DE SOL;OAKLEY;;OO9229;922901;37;137;140;Hombre;Negro;Prizm Black;OVERSIZE;ACETATO;NO;NO;82,73;182
888392593436;GAFAS DE SOL;OAKLEY;;OO9229;922904;37;137;140;Hombre;Negro;Prizm Violet;OVERSIZE;ACETATO;NO;NO;82,73;182
888392636393;GAFAS DE SOL;OAKLEY;;OO9229;922918;37;137;140;Hombre;Azul;Prizm 24K;OVERSIZE;ACETATO;NO;NO;91,82;202
888392601544;GAFAS DE SOL;OAKLEY;;OO9231;923101;61;16;129;Hombre;Negro;Prizm Grey;RECTANGULAR/CUADRADA;ACETATO;NO;NO;59,55;131
888392601551;GAFAS DE SOL;OAKLEY;;OO9231;923102;61;16;129;Hombre;Negro;Prizm Black Polarized;RECTANGULAR/CUADRADA;ACETATO;NO;SI;87,73;193
888392601582;GAFAS DE SOL;OAKLEY;;OO9231;923105;61;16;129;Hombre;Gris;Prizm Deep Water Polarized;RECTANGULAR/CUADRADA;ACETATO;NO;SI;87,73;193
888392601605;GAFAS DE SOL;OAKLEY;;OO9231;923107;61;16;129;Hombre;Transparente;Prizm Sapphire Polarized;RECTANGULAR/CUADRADA;ACETATO;NO;SI;87,73;193
888392664211;GAFAS DE SOL;OAKLEY;;OO9231;923138;61;16;129;Hombre;Negro;Prizm Black;RECTANGULAR/CUADRADA;ACETATO;NO;NO;64,09;141
888392601629;GAFAS DE SOL;OAKLEY;;OO9235;923502;39;139;123;Hombre;Negro;Prizm Road;OVERSIZE;ACETATO;NO;NO;123,64;272
888392601643;GAFAS DE SOL;OAKLEY;;OO9235;923504;39;139;123;Hombre;Verde;Prizm Jade;OVERSIZE;ACETATO;NO;NO;123,64;272
888392601667;GAFAS DE SOL;OAKLEY;;OO9235;923506;39;139;123;Hombre;Gris;Prizm 24K;OVERSIZE;ACETATO;NO;NO;123,64;272
888392601742;GAFAS DE SOL;OAKLEY;;OO9237;923701;39;139;133;Hombre;Negro;Prizm 24K;OVERSIZE;ACETATO;NO;NO;96,36;212
888392601759;GAFAS DE SOL;OAKLEY;;OO9237;923702;39;139;133;Hombre;Transparente;Prizm Violet;OVERSIZE;ACETATO;NO;NO;96,36;212
888392618160;GAFAS DE SOL;OAKLEY;;OO9237;923705;39;139;133;Hombre;Verde;Prizm Black;OVERSIZE;ACETATO;NO;NO;92,73;204
888392618849;GAFAS DE SOL;OAKLEY;;OO9237;923707;39;139;133;Hombre;Negro;Prizm Jade;OVERSIZE;ACETATO;NO;NO;96,36;212
888392677860;GAFAS DE SOL;OAKLEY;;OO9237;923714;39;139;133;Hombre;Gris;Prizm Black;OVERSIZE;ACETATO;NO;NO;96,36;212
888392686275;GAFAS DE SOL;OAKLEY;;OO9237;923715;39;139;133;Hombre;Transparente;Prizm Tungsten;OVERSIZE;ACETATO;NO;NO;96,36;212
700285787084;GAFAS DE SOL;OAKLEY;;OO9238;923804;54;20;133;Hombre;Negro;Gris;RECTANGULAR/CUADRADA;ACETATO;NO;NO;55;121
700285787091;GAFAS DE SOL;OAKLEY;;OO9238;923805;54;20;133;Hombre;Gris;Gris Cálido;RECTANGULAR/CUADRADA;ACETATO;NO;NO;55;121
700285787107;GAFAS DE SOL;OAKLEY;;OO9238;923806;54;20;133;Hombre;Negro;Black Iridium Polarized;RECTANGULAR/CUADRADA;ACETATO;NO;SI;83,18;183
700285787473;GAFAS DE SOL;OAKLEY;;OO9238;923810;54;20;133;Hombre;Negro;Gris Cálido;RECTANGULAR/CUADRADA;ACETATO;NO;NO;55;121
888392601841;GAFAS DE SOL;OAKLEY;;OO9242;924201;52;21;142;Hombre;Negro;Prizm Black;REDONDA/OVALADA;ACETATO;NO;NO;82,73;182
888392601858;GAFAS DE SOL;OAKLEY;;OO9242;924202;52;21;142;Hombre;Gris;Prizm Ruby;REDONDA/OVALADA;ACETATO;NO;NO;82,73;182
888392601865;GAFAS DE SOL;OAKLEY;;OO9242;924203;52;21;142;Hombre;Verde;Prizm Tungsten Polarized;REDONDA/OVALADA;ACETATO;NO;SI;105,45;232
888392601872;GAFAS DE SOL;OAKLEY;;OO9242;924204;52;21;142;Hombre;Negro;Prizm Sapphire Polarized;REDONDA/OVALADA;ACETATO;NO;SI;105,45;232
888392601889;GAFAS DE SOL;OAKLEY;;OO9242;924205;52;21;142;Hombre;Negro;Prizm Black Polarized;REDONDA/OVALADA;ACETATO;NO;SI;105,45;232
888392601896;GAFAS DE SOL;OAKLEY;;OO9242;924206;52;21;142;Hombre;Gris;Prizm Tungsten;REDONDA/OVALADA;ACETATO;NO;NO;82,73;182
888392605245;GAFAS DE SOL;OAKLEY;;OO9242;924207;52;21;142;Hombre;Marrón;Prizm Tungsten;REDONDA/OVALADA;ACETATO;NO;NO;91,82;202
888392623317;GAFAS DE SOL;OAKLEY;;OO9242;924211;52;21;142;Hombre;Azul;Prizm 24k Polarized;REDONDA/OVALADA;ACETATO;NO;SI;114,55;252
888392675415;GAFAS DE SOL;OAKLEY;;OO9242;924221;52;21;142;Hombre;Azul;Prizm Snow Sapphire;REDONDA/OVALADA;ACETATO;NO;NO;82,73;182
888392685704;GAFAS DE SOL;OAKLEY;;OO9242;924222;52;21;142;Hombre;Negro;Prizm Jade;REDONDA/OVALADA;ACETATO;NO;NO;91,82;202
888392687791;GAFAS DE SOL;OAKLEY;;OO9242;924223;52;21;142;Hombre;Azul;Prizm Ruby Polarized;REDONDA/OVALADA;ACETATO;NO;SI;105,45;232
888392697141;GAFAS DE SOL;OAKLEY;;OO9242;924224;52;21;142;Hombre;Transparente;Prizm Violet;REDONDA/OVALADA;ACETATO;NO;NO;82,73;182
888392697158;GAFAS DE SOL;OAKLEY;;OO9242;924225;52;21;142;Hombre;Carey;Prizm Black;REDONDA/OVALADA;ACETATO;NO;NO;82,73;182
888392698865;GAFAS DE SOL;OAKLEY;;OO9242;924226;52;21;142;Hombre;Negro;Prizm Grey;REDONDA/OVALADA;ACETATO;NO;NO;77,27;170
888392708335;GAFAS DE SOL;OAKLEY;;OO9242;924227;52;21;142;Hombre;Gris;Prizm Sapphire;REDONDA/OVALADA;ACETATO;NO;NO;82,73;182
888392602718;GAFAS DE SOL;OAKLEY;;OO9248;924801;42;142;140;Hombre;Negro;Prizm Black;OVERSIZE;ACETATO;NO;NO;97,27;214
888392602725;GAFAS DE SOL;OAKLEY;;OO9248;924802;42;142;140;Hombre;Negro;Prizm Road;OVERSIZE;ACETATO;NO;NO;97,27;214
888392602732;GAFAS DE SOL;OAKLEY;;OO9248;924803;42;142;140;Hombre;Gris;24K Iridium;OVERSIZE;ACETATO;NO;NO;97,27;214
888392602749;GAFAS DE SOL;OAKLEY;;OO9248;924804;42;142;140;Hombre;Azul;Prizm Ruby;OVERSIZE;ACETATO;NO;NO;97,27;214
888392602770;GAFAS DE SOL;OAKLEY;;OO9248;924807;42;142;140;Hombre;Negro;Prizm Trail Torch;OVERSIZE;ACETATO;NO;NO;97,27;214
888392602923;GAFAS DE SOL;OAKLEY;;OO9250;925004;57;16;146;Hombre;Carey;Prizm Sapphire Polarized;RECTANGULAR/CUADRADA;ACETATO;NO;SI;100,91;222
888392180513;GAFAS DE SOL;OAKLEY;;OO9253;925306;61;18;135;Hombre;Negro;Gris;RECTANGULAR/CUADRADA;ACETATO;NO;NO;83,64;184
888392180520;GAFAS DE SOL;OAKLEY;;OO9253;925307;61;18;135;Hombre;Negro;Transparente;RECTANGULAR/CUADRADA;ACETATO;NO;NO;83,64;184
888392392183;GAFAS DE SOL;OAKLEY;;OO9253;925317;61;18;135;Hombre;Marrón;Transparente;RECTANGULAR/CUADRADA;ACETATO;NO;NO;83,64;184
888392280046;GAFAS DE SOL;OAKLEY;;OO9263;926341;63;17;132;Hombre;Negro;Prizm Black Polarized;RECTANGULAR/CUADRADA;ACETATO;NO;SI;112,27;247
888392280053;GAFAS DE SOL;OAKLEY;;OO9263;926342;63;17;132;Hombre;Negro;Prizm Black;RECTANGULAR/CUADRADA;ACETATO;NO;NO;89,55;197
888392294180;GAFAS DE SOL;OAKLEY;;OO9263;926345;63;17;132;Hombre;Negro;Prizm Jade Polarized;RECTANGULAR/CUADRADA;ACETATO;NO;SI;112,27;247
888392408044;GAFAS DE SOL;OAKLEY;;OO9263;926356;63;17;132;Hombre;Negro;Prizm Sapphire;RECTANGULAR/CUADRADA;ACETATO;NO;NO;89,55;197
888392408051;GAFAS DE SOL;OAKLEY;;OO9263;926357;63;17;132;Hombre;Gris;Prizm Ruby Polarized;RECTANGULAR/CUADRADA;ACETATO;NO;SI;112,27;247
888392486615;GAFAS DE SOL;OAKLEY;;OO9263;926362;63;17;132;Hombre;Negro;Prizm Grey Polarized;RECTANGULAR/CUADRADA;ACETATO;NO;SI;106,82;235
888392555205;GAFAS DE SOL;OAKLEY;;OO9263;926364;63;17;132;Hombre;Gris;Prizm Deep Water Polarized;RECTANGULAR/CUADRADA;ACETATO;NO;SI;112,27;247
888392428332;GAFAS DE SOL;OAKLEY;;OO9264;926441;61;17;138;Hombre;Negro;Prizm Grey;RECTANGULAR/CUADRADA;ACETATO;NO;NO;84,09;185
888392428349;GAFAS DE SOL;OAKLEY;;OO9264;926442;61;17;138;Hombre;Gris;Prizm Sapphire;RECTANGULAR/CUADRADA;ACETATO;NO;NO;89,55;197
888392428370;GAFAS DE SOL;OAKLEY;;OO9264;926445;61;17;138;Hombre;Negro;Prizm Black Polarized;RECTANGULAR/CUADRADA;ACETATO;NO;SI;112,27;247
888392279668;GAFAS DE SOL;OAKLEY;;OO9265;926522;53;21;139;Unisex;Marrón;Prizm Black;REDONDA/OVALADA;ACETATO;NO;NO;82,73;182
888392296917;GAFAS DE SOL;OAKLEY;;OO9265;926527;53;21;139;Unisex;Negro;Prizm Black;REDONDA/OVALADA;ACETATO;NO;NO;82,73;182
888392320551;GAFAS DE SOL;OAKLEY;;OO9265;926532;53;21;139;Unisex;Gris;Prizm Sapphire Polarized;REDONDA/OVALADA;ACETATO;NO;SI;105,45;232
888392471635;GAFAS DE SOL;OAKLEY;;OO9265;926555;53;21;139;Hombre;Negro;Prizm Violet;REDONDA/OVALADA;ACETATO;NO;NO;82,73;182
888392585820;GAFAS DE SOL;OAKLEY;;OO9265;926560;53;21;139;Hombre;Marrón;Prizm bronce degradado;REDONDA/OVALADA;ACETATO;NO;NO;77,27;170
888392594150;GAFAS DE SOL;OAKLEY;;OO9265;926565;53;21;139;Hombre;Transparente;Prizm Sapphire Polarized;REDONDA/OVALADA;ACETATO;NO;SI;105,45;232
888392614797;GAFAS DE SOL;OAKLEY;;OO9265;926567;53;21;139;Hombre;Gris;Prizm Gaming™ 2.0;REDONDA/OVALADA;ACETATO;NO;NO;82,73;182
888392618818;GAFAS DE SOL;OAKLEY;;OO9265;926568;53;21;139;Hombre;Beis;Prizm Black Polarized;REDONDA/OVALADA;ACETATO;NO;SI;105,45;232
888392663641;GAFAS DE SOL;OAKLEY;;OO9265;926572;53;21;139;Hombre;Verde;Prizm Black;REDONDA/OVALADA;ACETATO;NO;NO;78,18;172
888392664228;GAFAS DE SOL;OAKLEY;;OO9265;926574;53;21;139;Hombre;Negro;Prizm Black Polarized;REDONDA/OVALADA;ACETATO;NO;SI;105,45;232
888392687777;GAFAS DE SOL;OAKLEY;;OO9265;926576;53;21;139;Hombre;Transparente;Prizm Sapphire;REDONDA/OVALADA;ACETATO;NO;NO;82,73;182
888392708588;GAFAS DE SOL;OAKLEY;;OO9265;926578;53;21;139;Hombre;Verde;Prizm Jade;REDONDA/OVALADA;ACETATO;NO;NO;82,73;182
888392601827;GAFAS DE SOL;OAKLEY;;OO9279;927901;52;21;137;Unisex;Negro;Prizm Black;REDONDA/OVALADA;ACETATO;NO;NO;96,36;212
888392601834;GAFAS DE SOL;OAKLEY;;OO9279;927902;52;21;137;Unisex;Transparente;Prizm Violet;REDONDA/OVALADA;ACETATO;NO;NO;96,36;212
888392647689;GAFAS DE SOL;OAKLEY;;OO9279;927906;52;21;137;Unisex;Azul;Prizm Black;REDONDA/OVALADA;ACETATO;NO;NO;105,45;232
888392601766;GAFAS DE SOL;OAKLEY;;OO9280;928001;39;139;139;Unisex;Negro;Prizm Black;OVERSIZE;ACETATO;NO;NO;82,73;182
888392601773;GAFAS DE SOL;OAKLEY;;OO9280;928002;39;139;139;Unisex;Blanco;Prizm Road;OVERSIZE;ACETATO;NO;NO;78,18;172
888392601780;GAFAS DE SOL;OAKLEY;;OO9280;928003;39;139;139;Unisex;Negro;Prizm Sapphire;OVERSIZE;ACETATO;NO;NO;82,73;182
888392601797;GAFAS DE SOL;OAKLEY;;OO9280;928004;39;139;139;Unisex;Marrón;Prizm Ruby;OVERSIZE;ACETATO;NO;NO;82,73;182
888392601803;GAFAS DE SOL;OAKLEY;;OO9280;928005;39;139;139;Unisex;Negro;Prizm Black;OVERSIZE;ACETATO;NO;NO;82,73;182
888392636935;GAFAS DE SOL;OAKLEY;;OO9280;928012;39;139;139;Unisex;Transparente;Prizm Sapphire;OVERSIZE;ACETATO;NO;NO;82,73;182
888392666246;GAFAS DE SOL;OAKLEY;;OO9280;928019;39;139;139;Unisex;Negro;Prizm Black;OVERSIZE;ACETATO;NO;NO;87,27;192
888392677068;GAFAS DE SOL;OAKLEY;;OO9280;928020;39;139;139;Unisex;Azul;Prizm 24K;OVERSIZE;ACETATO;NO;NO;82,73;182
888392677617;GAFAS DE SOL;OAKLEY;;OO9280;928021;39;139;139;Unisex;Amarillo;Prizm Tungsten;OVERSIZE;ACETATO;NO;NO;91,82;202
888392697837;GAFAS DE SOL;OAKLEY;;OO9280;928022;39;139;139;Unisex;Marrón;Prizm Road Black;OVERSIZE;ACETATO;NO;NO;82,73;182
888392697844;GAFAS DE SOL;OAKLEY;;OO9280;928023;39;139;139;Unisex;Verde;Prizm Tungsten;OVERSIZE;ACETATO;NO;NO;82,73;182
888392697820;GAFAS DE SOL;OAKLEY;;OO9280;928024;39;139;139;Unisex;Gris;Prizm Ruby;OVERSIZE;ACETATO;NO;NO;82,73;182
888392701138;GAFAS DE SOL;OAKLEY;;OO9280;928025;39;139;139;Unisex;Negro;Prizm Grey;OVERSIZE;ACETATO;NO;NO;77,27;170
888392609977;GAFAS DE SOL;OAKLEY;;OO9284;928401;55;17;136;Hombre;Gris;Prizm Ruby;REDONDA/OVALADA;ACETATO;NO;NO;82,73;182
888392609991;GAFAS DE SOL;OAKLEY;;OO9284;928403;55;17;136;Hombre;Gris;Prizm Black;REDONDA/OVALADA;ACETATO;NO;NO;78,18;172
888392611697;GAFAS DE SOL;OAKLEY;;OO9284;928407;55;17;136;Hombre;Marrón;Prizm Tungsten Polarized;REDONDA/OVALADA;ACETATO;NO;SI;105,45;232
888392611710;GAFAS DE SOL;OAKLEY;;OO9284;928409;55;17;136;Hombre;Gris;Prizm Deep Water Polarized;REDONDA/OVALADA;ACETATO;NO;SI;105,45;232
888392623126;GAFAS DE SOL;OAKLEY;;OO9284;928410;55;17;136;Hombre;Azul;Prizm Black;REDONDA/OVALADA;ACETATO;NO;NO;78,18;172
888392623133;GAFAS DE SOL;OAKLEY;;OO9284;928411;55;17;136;Hombre;Negro;Prizm Grey;REDONDA/OVALADA;ACETATO;NO;NO;77,27;170
888392623140;GAFAS DE SOL;OAKLEY;;OO9284;928412;55;17;136;Hombre;Transparente;Prizm Violet;REDONDA/OVALADA;ACETATO;NO;NO;82,73;182
888392646859;GAFAS DE SOL;OAKLEY;;OO9284;928416;55;17;136;Hombre;Azul;Prizm Black;REDONDA/OVALADA;ACETATO;NO;NO;91,82;202
888392663368;GAFAS DE SOL;OAKLEY;;OO9284;928417;55;17;136;Hombre;Azul;Prizm Black;REDONDA/OVALADA;ACETATO;NO;NO;78,18;172
888392663436;GAFAS DE SOL;OAKLEY;;OO9284;928418;55;17;136;Hombre;Negro;Prizm 24k Polarized;REDONDA/OVALADA;ACETATO;NO;SI;110;242
888392664426;GAFAS DE SOL;OAKLEY;;OO9284;928419;55;17;136;Hombre;Negro;Prizm Sapphire;REDONDA/OVALADA;ACETATO;NO;NO;82,73;182
888392664433;GAFAS DE SOL;OAKLEY;;OO9284;928420;55;17;136;Hombre;Beis;Prizm Bronze;REDONDA/OVALADA;ACETATO;NO;NO;77,27;170
888392678119;GAFAS DE SOL;OAKLEY;;OO9284;928423;55;17;136;Hombre;Gris;Prizm Black Polarized;REDONDA/OVALADA;ACETATO;NO;SI;105,45;232
888392686961;GAFAS DE SOL;OAKLEY;;OO9284;928424;55;17;136;Hombre;Rosa;Prizm Black Polarized;REDONDA/OVALADA;ACETATO;NO;SI;105,45;232
888392610973;GAFAS DE SOL;OAKLEY;;OO9285;928501;61;9;146;Hombre;Negro;Prizm Gaming™ 2.0;RECTANGULAR/CUADRADA;ACETATO;NO;NO;78,18;172
888392610980;GAFAS DE SOL;OAKLEY;;OO9285;928502;61;9;146;Hombre;Gris;Prizm Gaming™ 2.0;RECTANGULAR/CUADRADA;ACETATO;NO;NO;73,64;162
888392636409;GAFAS DE SOL;OAKLEY;;OO9285;928505;61;9;146;Hombre;Azul;Prizm Gaming™ 2.0;RECTANGULAR/CUADRADA;ACETATO;NO;NO;87,27;192
888392643018;GAFAS DE SOL;OAKLEY;;OO9285;928506;61;9;146;Hombre;Negro;Prizm gris degradado;RECTANGULAR/CUADRADA;ACETATO;NO;NO;72,73;160
888392643001;GAFAS DE SOL;OAKLEY;;OO9285;928507;61;9;146;Hombre;Gris;Prizm Black;RECTANGULAR/CUADRADA;ACETATO;NO;NO;78,18;172
888392643025;GAFAS DE SOL;OAKLEY;;OO9285;928508;61;9;146;Hombre;Gris;Prizm Sapphire;RECTANGULAR/CUADRADA;ACETATO;NO;NO;78,18;172
888392642998;GAFAS DE SOL;OAKLEY;;OO9285;928509;61;9;146;Hombre;Negro;Prizm Jade;RECTANGULAR/CUADRADA;ACETATO;NO;NO;78,18;172
888392608819;GAFAS DE SOL;OAKLEY;;OO9286;928601;54;19;145;Hombre;Negro;Prizm Black;RECTANGULAR/CUADRADA;ACETATO;NO;NO;96,36;212
888392608826;GAFAS DE SOL;OAKLEY;;OO9286;928602;54;19;145;Hombre;Negro;Prizm Black Polarized;RECTANGULAR/CUADRADA;ACETATO;NO;SI;119,09;262
888392608833;GAFAS DE SOL;OAKLEY;;OO9286;928603;54;19;145;Hombre;Verde;Prizm Tungsten Polarized;RECTANGULAR/CUADRADA;ACETATO;NO;SI;119,09;262
888392608840;GAFAS DE SOL;OAKLEY;;OO9286;928604;54;19;145;Hombre;Gris;Prizm Dark Golf;RECTANGULAR/CUADRADA;ACETATO;NO;NO;92,73;204
888392608857;GAFAS DE SOL;OAKLEY;;OO9286;928605;54;19;145;Hombre;Gris;Prizm Deep Water Polarized;RECTANGULAR/CUADRADA;ACETATO;NO;SI;119,09;262
888392608871;GAFAS DE SOL;OAKLEY;;OO9286;928607;54;19;145;Hombre;Gris;Prizm Sapphire;RECTANGULAR/CUADRADA;ACETATO;NO;NO;96,36;212
888392685384;GAFAS DE SOL;OAKLEY;;OO9286;928615;54;19;145;Hombre;Transparente;Prizm Tungsten Polarized;RECTANGULAR/CUADRADA;ACETATO;NO;SI;119,09;262
888392612014;GAFAS DE SOL;OAKLEY;;OO9288;928801;57;17;143;Mujer;Negro;Prizm Grey Polarized;REDONDA/OVALADA;ACETATO;NO;SI;106,82;235
888392612038;GAFAS DE SOL;OAKLEY;;OO9288;928803;57;17;143;Mujer;Marrón;Prizm Bronze Polarized;REDONDA/OVALADA;ACETATO;NO;SI;106,82;235
888392612045;GAFAS DE SOL;OAKLEY;;OO9288;928804;57;17;143;Mujer;Gris;Prizm Deep Water Polarized;REDONDA/OVALADA;ACETATO;NO;SI;112,27;247
888392612052;GAFAS DE SOL;OAKLEY;;OO9288;928805;57;17;143;Mujer;Violeta;Prizm Rose Gold;REDONDA/OVALADA;ACETATO;NO;NO;89,55;197
888392613547;GAFAS DE SOL;OAKLEY;;OO9288;928807;57;17;143;Mujer;Gris;Prizm Violet;REDONDA/OVALADA;ACETATO;NO;NO;94,55;208
888392638878;GAFAS DE SOL;OAKLEY;;OO9288;928809;57;17;143;Mujer;Naranja;Prizm bronce degradado;REDONDA/OVALADA;ACETATO;NO;NO;80,91;178
888392610270;GAFAS DE SOL;OAKLEY;;OO9289;928903;55;17;138;Hombre;Azul;Prizm Sapphire;REDONDA/OVALADA;ACETATO;NO;NO;73,64;162
888392623188;GAFAS DE SOL;OAKLEY;;OO9289;928906;55;17;138;Hombre;Negro;Prizm 24k Polarized;REDONDA/OVALADA;ACETATO;NO;SI;96,36;212
888392666239;GAFAS DE SOL;OAKLEY;;OO9289;928909;55;17;138;Hombre;Azul;Prizm Sapphire;REDONDA/OVALADA;ACETATO;NO;NO;87,27;192
888392677655;GAFAS DE SOL;OAKLEY;;OO9289;928910;55;17;138;Hombre;Blanco;Prizm Black;REDONDA/OVALADA;ACETATO;NO;NO;87,27;192
888392090430;GAFAS DE SOL;OAKLEY;;OO9290;929005;31;131;121;Hombre;Blanco;Prizm Road;OVERSIZE;ACETATO;NO;NO;112,27;247
888392143587;GAFAS DE SOL;OAKLEY;;OO9290;929014;31;131;121;Unisex;Negro;Clear To Black Iridium Photochromic;OVERSIZE;ACETATO;SI;NO;130,45;287
888392243645;GAFAS DE SOL;OAKLEY;;OO9290;929020;31;131;121;Hombre;Negro;Prizm Road;OVERSIZE;ACETATO;NO;NO;112,27;247
888392435019;GAFAS DE SOL;OAKLEY;;OO9290;929046;31;131;121;Unisex;Gris;Prizm Road Jade;OVERSIZE;ACETATO;NO;NO;;247
888392191090;GAFAS DE SOL;OAKLEY;;OO9307;930708;32;132;132;Hombre;Negro;Prizm Deep Water Polarized;OVERSIZE;ACETATO;NO;SI;;247
888392294111;GAFAS DE SOL;OAKLEY;;OO9307;930716;32;132;132;Hombre;Transparente;Prizm Black Polarized;OVERSIZE;ACETATO;NO;SI;;247
888392486639;GAFAS DE SOL;OAKLEY;;OO9307;930728;32;132;132;Hombre;Negro;Prizm Grey Polarized;OVERSIZE;ACETATO;NO;SI;;235
888392545619;GAFAS DE SOL;OAKLEY;;OO9307;930729;32;132;132;Hombre;Transparente;Prizm Sapphire;OVERSIZE;ACETATO;NO;NO;;197
888392640260;GAFAS DE SOL;OAKLEY;;OO9307;930730;32;132;132;Hombre;Gris;Prizm Road;OVERSIZE;ACETATO;NO;NO;89,55;197
888392182920;GAFAS DE SOL;OAKLEY;;OO9328;932804;39;139;123;Hombre;Negro;Gris;OVERSIZE;ACETATO;NO;NO;83,64;184
888392182937;GAFAS DE SOL;OAKLEY;;OO9328;932805;39;139;123;Hombre;Negro;Transparente;OVERSIZE;ACETATO;NO;NO;83,64;184
888392172105;GAFAS DE SOL;OAKLEY;;OO9343;934301;45;145;121;Hombre;Negro;Gris;OVERSIZE;ACETATO;NO;NO;;150
888392172143;GAFAS DE SOL;OAKLEY;;OO9343;934305;45;145;121;Unisex;Blanco;Fire Iridium;OVERSIZE;ACETATO;NO;NO;;164
888392172174;GAFAS DE SOL;OAKLEY;;OO9343;934308;45;145;121;Hombre;Negro;Prizm Road;OVERSIZE;ACETATO;NO;NO;;172
888392546593;GAFAS DE SOL;OAKLEY;;OO9343;934319;45;145;121;Unisex;Negro;Prizm Black Polarized;OVERSIZE;ACETATO;NO;SI;;222
888392546616;GAFAS DE SOL;OAKLEY;;OO9343;934321;45;145;121;Unisex;Negro;Prizm Sapphire;OVERSIZE;ACETATO;NO;NO;;172
888392276360;GAFAS DE SOL;OAKLEY;;OO9367;936701;60;18;132;Hombre;Negro;Gris;RECTANGULAR/CUADRADA;ACETATO;NO;NO;;160
888392276414;GAFAS DE SOL;OAKLEY;;OO9367;936706;60;18;132;Hombre;Gris;Prizm Sapphire Polarized;RECTANGULAR/CUADRADA;ACETATO;NO;SI;;232
888392326843;GAFAS DE SOL;OAKLEY;;OO9374;937402;63;10;138;Hombre;Negro;Prizm Sapphire;REDONDA/OVALADA;ACETATO;NO;NO;;157
888392585523;GAFAS DE SOL;OAKLEY;;OO9374;937449;63;10;138;Hombre;Negro;Prizm gris degradado;REDONDA/OVALADA;ACETATO;NO;NO;;145
888392585530;GAFAS DE SOL;OAKLEY;;OO9374;937450;63;10;138;Hombre;Marrón;Prizm bronce degradado;REDONDA/OVALADA;ACETATO;NO;NO;;145
888392606174;GAFAS DE SOL;OAKLEY;;OO9374;937452;63;10;138;Hombre;Gris;Prizm Black;REDONDA/OVALADA;ACETATO;NO;NO;68,64;151
888392276445;GAFAS DE SOL;OAKLEY;;OO9380;938001;66;17;128;Hombre;Negro;Gris Oscuro;RECTANGULAR/CUADRADA;ACETATO;NO;NO;;160
888392294845;GAFAS DE SOL;OAKLEY;;OO9384;938404;57;17;138;Hombre;Gris;Prizm Black;RECTANGULAR/CUADRADA;ACETATO;NO;NO;;212
888392294869;GAFAS DE SOL;OAKLEY;;OO9384;938406;57;17;138;Hombre;Negro;Prizm Black Polarized;RECTANGULAR/CUADRADA;ACETATO;NO;SI;;262
888392297686;GAFAS DE SOL;OAKLEY;;OO9384;938410;57;17;138;Hombre;Gris;Prizm Sapphire Polarized;RECTANGULAR/CUADRADA;ACETATO;NO;SI;;262
888392620279;GAFAS DE SOL;OAKLEY;;OO9400;940001;68;6;136;Unisex;Negro;Prizm Black Polarized;RECTANGULAR/CUADRADA;ACETATO;NO;SI;;247
888392620286;GAFAS DE SOL;OAKLEY;;OO9400;940002;68;6;136;Unisex;Gris;Prizm Black;RECTANGULAR/CUADRADA;ACETATO;NO;NO;;197
888392620293;GAFAS DE SOL;OAKLEY;;OO9400;940003;68;6;136;Unisex;Blanco;Prizm Ruby;RECTANGULAR/CUADRADA;ACETATO;NO;NO;85,45;188
888392620309;GAFAS DE SOL;OAKLEY;;OO9400;940004;68;6;136;Unisex;Verde;Prizm Tungsten Polarized;RECTANGULAR/CUADRADA;ACETATO;NO;SI;108,18;238
888392620316;GAFAS DE SOL;OAKLEY;;OO9400;940005;68;6;136;Unisex;Gris;Prizm Sapphire Polarized;RECTANGULAR/CUADRADA;ACETATO;NO;SI;;247
888392620323;GAFAS DE SOL;OAKLEY;;OO9400;940006;68;6;136;Unisex;Negro;Prizm Golf;RECTANGULAR/CUADRADA;ACETATO;NO;NO;;197
888392620330;GAFAS DE SOL;OAKLEY;;OO9400;940007;68;6;136;Unisex;Gris;Prizm Dark Golf;RECTANGULAR/CUADRADA;ACETATO;NO;NO;;197
888392620347;GAFAS DE SOL;OAKLEY;;OO9400;940008;68;6;136;Unisex;Negro;Prizm Road;RECTANGULAR/CUADRADA;ACETATO;NO;NO;;197
888392620354;GAFAS DE SOL;OAKLEY;;OO9400;940009;68;6;136;Unisex;Negro;Prizm Deep Water Polarized;RECTANGULAR/CUADRADA;ACETATO;NO;SI;;247
888392620378;GAFAS DE SOL;OAKLEY;;OO9400;940011;68;6;136;Unisex;Gris;Clear To Black Iridium Photochromic;RECTANGULAR/CUADRADA;ACETATO;SI;NO;;237
888392620385;GAFAS DE SOL;OAKLEY;;OO9400;940012;68;6;136;Unisex;Gris;Prizm 24k Polarized;RECTANGULAR/CUADRADA;ACETATO;NO;SI;;247
888392638328;GAFAS DE SOL;OAKLEY;;OO9400;940013;68;6;136;Unisex;Amarillo;Prizm Ruby;RECTANGULAR/CUADRADA;ACETATO;NO;NO;90;198
888392664358;GAFAS DE SOL;OAKLEY;;OO9400;940020;68;6;136;Unisex;Verde;Prizm 24k Polarized;RECTANGULAR/CUADRADA;ACETATO;NO;SI;108,18;238
888392669056;GAFAS DE SOL;OAKLEY;;OO9400;940023;68;6;136;Unisex;Negro;Prizm Road Jade;RECTANGULAR/CUADRADA;ACETATO;NO;NO;94,09;207
888392675569;GAFAS DE SOL;OAKLEY;;OO9400;940025;68;6;136;Unisex;Transparente;Transparente;RECTANGULAR/CUADRADA;ACETATO;NO;NO;79,55;175
888392675552;GAFAS DE SOL;OAKLEY;;OO9400;940026;68;6;136;Unisex;Azul;Prizm Grey;RECTANGULAR/CUADRADA;ACETATO;NO;NO;84,09;185
888392684158;GAFAS DE SOL;OAKLEY;;OO9400;940027;68;6;136;Unisex;Gris;Prizm pizarra;RECTANGULAR/CUADRADA;ACETATO;NO;NO;84,09;185
888392686954;GAFAS DE SOL;OAKLEY;;OO9400;940029;68;6;136;Unisex;Rosa;Prizm Road Black;RECTANGULAR/CUADRADA;ACETATO;NO;NO;89,55;197
888392688996;GAFAS DE SOL;OAKLEY;;OO9400;940030;68;6;136;Unisex;Negro;Prizm 24k Polarized;RECTANGULAR/CUADRADA;ACETATO;NO;SI;116,82;257
888392619167;GAFAS DE SOL;OAKLEY;;OO9403;940301;36;136;130;Unisex;Negro;Prizm Black Polarized;OVERSIZE;ACETATO;NO;SI;;277
888392619174;GAFAS DE SOL;OAKLEY;;OO9403;940302;36;136;130;Unisex;Blanco;Prizm Sapphire Polarized;OVERSIZE;ACETATO;NO;SI;;277
888392619181;GAFAS DE SOL;OAKLEY;;OO9403;940303;36;136;130;Unisex;Negro;Prizm Road;OVERSIZE;ACETATO;NO;NO;;227
888392619198;GAFAS DE SOL;OAKLEY;;OO9403;940304;36;136;130;Unisex;Gris;Prizm 24k Polarized;OVERSIZE;ACETATO;NO;SI;;277
888392619204;GAFAS DE SOL;OAKLEY;;OO9403;940305;36;136;130;Unisex;Negro;Prizm Deep Water Polarized;OVERSIZE;ACETATO;NO;SI;;277
888392619211;GAFAS DE SOL;OAKLEY;;OO9403;940306;36;136;130;Unisex;Negro;Prizm Golf;OVERSIZE;ACETATO;NO;NO;;227
888392619228;GAFAS DE SOL;OAKLEY;;OO9403;940307;36;136;130;Unisex;Transparente;Clear To Black Iridium Photochromic;OVERSIZE;ACETATO;SI;NO;;267
888392619235;GAFAS DE SOL;OAKLEY;;OO9403;940308;36;136;130;Unisex;Negro;Prizm Road Jade;OVERSIZE;ACETATO;NO;NO;;227
888392619242;GAFAS DE SOL;OAKLEY;;OO9403;940309;36;136;130;Unisex;Gris;Prizm Trail Torch;OVERSIZE;ACETATO;NO;NO;97,27;214
888392620170;GAFAS DE SOL;OAKLEY;;OO9403;940310;36;136;130;Unisex;Rosa;Prizm Black;OVERSIZE;ACETATO;NO;NO;;227
888392663283;GAFAS DE SOL;OAKLEY;;OO9403;940319;36;136;130;Unisex;Azul;Prizm Road Jade;OVERSIZE;ACETATO;NO;NO;103,18;227
888392664273;GAFAS DE SOL;OAKLEY;;OO9403;940320;36;136;130;Unisex;Gris;Prizm Sapphire;OVERSIZE;ACETATO;NO;NO;103,18;227
888392664747;GAFAS DE SOL;OAKLEY;;OO9403;940322;36;136;130;Unisex;Verde;Prizm Road Black;OVERSIZE;ACETATO;NO;NO;112,27;247
888392687241;GAFAS DE SOL;OAKLEY;;OO9403;940325;36;136;130;Unisex;Negro;Clear To Black Iridium Photochromic;OVERSIZE;ACETATO;SI;NO;121,36;267
888392619587;GAFAS DE SOL;OAKLEY;;OO9404;940401;35;135;126;Unisex;Negro;Prizm Black;OVERSIZE;ACETATO;NO;NO;;212
888392619600;GAFAS DE SOL;OAKLEY;;OO9404;940403;35;135;126;Unisex;Verde;Prizm Tungsten;OVERSIZE;ACETATO;NO;NO;;212
888392619624;GAFAS DE SOL;OAKLEY;;OO9404;940405;35;135;126;Unisex;Gris;Prizm 24K;OVERSIZE;ACETATO;NO;NO;;212
888392621696;GAFAS DE SOL;OAKLEY;;OO9404;940407;35;135;126;Unisex;Marrón;Prizm Black;OVERSIZE;ACETATO;NO;NO;101,82;224
888392623249;GAFAS DE SOL;OAKLEY;;OO9404;940408;35;135;126;Unisex;Gris;Prizm Tungsten;OVERSIZE;ACETATO;NO;NO;101,82;224
888392642912;GAFAS DE SOL;OAKLEY;;OO9404;940412;35;135;126;Unisex;Gris;Prizm Snow Sapphire;OVERSIZE;ACETATO;NO;NO;92,73;204
888392643155;GAFAS DE SOL;OAKLEY;;OO9404;940413;35;135;126;Unisex;Negro;Prizm pizarra;OVERSIZE;ACETATO;NO;NO;90,91;200
888392646682;GAFAS DE SOL;OAKLEY;;OO9404;940414;35;135;126;Unisex;Oro;Prizm Black;OVERSIZE;ACETATO;NO;NO;101,82;224
888392649942;GAFAS DE SOL;OAKLEY;;OO9404;940418;35;135;126;Unisex;Transparente;Prizm Sapphire;OVERSIZE;ACETATO;NO;NO;96,36;212
888392663863;GAFAS DE SOL;OAKLEY;;OO9404;940421;35;135;126;Unisex;Blanco;Prizm Tungsten;OVERSIZE;ACETATO;NO;NO;92,73;204
888392677624;GAFAS DE SOL;OAKLEY;;OO9404;940423;35;135;126;Unisex;Rojo;Prizm Ruby;OVERSIZE;ACETATO;NO;NO;105,45;232
888392677877;GAFAS DE SOL;OAKLEY;;OO9404;940424;35;135;126;Unisex;Gris;Prizm 24K;OVERSIZE;ACETATO;NO;NO;96,36;212
888392675170;GAFAS DE SOL;OAKLEY;;OO9405;940503;46;146;127;Unisex;Marrón;Prizm Snow Black Iridium;OVERSIZE;ACETATO;NO;NO;164,55;362
888392404756;GAFAS DE SOL;OAKLEY;;OO9406;940601;37;137;140;Unisex;Negro;Prizm Black;RECTANGULAR/CUADRADA;ACETATO;NO;NO;;182
888392404770;GAFAS DE SOL;OAKLEY;;OO9406;940603;37;137;140;Unisex;Negro;Prizm Jade;RECTANGULAR/CUADRADA;ACETATO;NO;NO;;182
888392404794;GAFAS DE SOL;OAKLEY;;OO9406;940605;37;137;140;Unisex;Gris;Prizm 24K;RECTANGULAR/CUADRADA;ACETATO;NO;NO;;182
888392404800;GAFAS DE SOL;OAKLEY;;OO9406;940606;37;137;140;Unisex;Blanco;Prizm Road;RECTANGULAR/CUADRADA;ACETATO;NO;NO;;182
888392404817;GAFAS DE SOL;OAKLEY;;OO9406;940607;37;137;140;Unisex;Azul;Prizm Sapphire;RECTANGULAR/CUADRADA;ACETATO;NO;NO;;182
888392404824;GAFAS DE SOL;OAKLEY;;OO9406;940608;37;137;140;Unisex;Negro;Prizm Road;RECTANGULAR/CUADRADA;ACETATO;NO;NO;;182
888392434968;GAFAS DE SOL;OAKLEY;;OO9406;940610;37;137;140;Unisex;Gris;Prizm Road Jade;RECTANGULAR/CUADRADA;ACETATO;NO;NO;;182
888392471710;GAFAS DE SOL;OAKLEY;;OO9406;940611;37;137;140;Unisex;Negro;Prizm Trail Torch;RECTANGULAR/CUADRADA;ACETATO;NO;NO;;182
888392499783;GAFAS DE SOL;OAKLEY;;OO9406;940622;37;137;140;Unisex;Blanco;Prizm Snow Sapphire;RECTANGULAR/CUADRADA;ACETATO;NO;NO;;182
888392568830;GAFAS DE SOL;OAKLEY;;OO9406;940690;37;137;140;Hombre;Negro;Prizm Sapphire;RECTANGULAR/CUADRADA;ACETATO;NO;NO;;182
888392568847;GAFAS DE SOL;OAKLEY;;OO9406;940691;37;137;140;Hombre;Blanco;Prizm Field;RECTANGULAR/CUADRADA;ACETATO;NO;NO;;182
888392590824;GAFAS DE SOL;OAKLEY;;OO9406;940698;37;137;140;Hombre;Gris;Clear To Black Iridium Photochromic;RECTANGULAR/CUADRADA;ACETATO;SI;NO;;210
888392607638;GAFAS DE SOL;OAKLEY;;OO9406;9406A3;37;137;140;Hombre;Transparente;Prizm Sapphire;RECTANGULAR/CUADRADA;ACETATO;NO;NO;;182
888392618832;GAFAS DE SOL;OAKLEY;;OO9406;9406A9;37;137;140;Hombre;Naranja;Prizm Bronze;RECTANGULAR/CUADRADA;ACETATO;NO;NO;76,36;168
888392635501;GAFAS DE SOL;OAKLEY;;OO9406;9406B3;37;137;140;Hombre;Transparente;Prizm Road;RECTANGULAR/CUADRADA;ACETATO;NO;NO;80,91;178
888392640499;GAFAS DE SOL;OAKLEY;;OO9406;9406B9;37;137;140;Hombre;Naranja;Prizm Dark Golf;RECTANGULAR/CUADRADA;ACETATO;NO;NO;80,91;178
888392642592;GAFAS DE SOL;OAKLEY;;OO9406;9406C1;37;137;140;Hombre;Azul;Prizm Road;RECTANGULAR/CUADRADA;ACETATO;NO;NO;82,73;182
888392646842;GAFAS DE SOL;OAKLEY;;OO9406;9406C2;37;137;140;Hombre;Oro;Prizm 24K;RECTANGULAR/CUADRADA;ACETATO;NO;NO;91,82;202
888392663849;GAFAS DE SOL;OAKLEY;;OO9406;9406C8;37;137;140;Hombre;Transparente;Prizm 24K;RECTANGULAR/CUADRADA;ACETATO;NO;NO;82,73;182
888392677778;GAFAS DE SOL;OAKLEY;;OO9406;9406D1;37;137;140;Hombre;Gris;Prizm Black;RECTANGULAR/CUADRADA;ACETATO;NO;NO;82,73;182
888392687319;GAFAS DE SOL;OAKLEY;;OO9406;9406D2;37;137;140;Hombre;Transparente;Prizm Ruby;RECTANGULAR/CUADRADA;ACETATO;NO;NO;82,73;182
888392687814;GAFAS DE SOL;OAKLEY;;OO9406;9406D3;37;137;140;Hombre;Negro;Prizm Dark Golf;RECTANGULAR/CUADRADA;ACETATO;NO;NO;82,73;182
888392641250;GAFAS DE SOL;OAKLEY;;OO9415;941501;42;142;140;Hombre;Negro;Prizm Black;RECTANGULAR/CUADRADA;ACETATO;NO;NO;103,18;227
888392641274;GAFAS DE SOL;OAKLEY;;OO9415;941502;42;142;140;Hombre;Azul;Prizm Sapphire;RECTANGULAR/CUADRADA;ACETATO;NO;NO;103,18;227
888392641243;GAFAS DE SOL;OAKLEY;;OO9415;941503;42;142;140;Hombre;Gris;Prizm Road;RECTANGULAR/CUADRADA;ACETATO;NO;NO;103,18;227
888392641298;GAFAS DE SOL;OAKLEY;;OO9415;941504;42;142;140;Hombre;Naranja;Prizm 24K;RECTANGULAR/CUADRADA;ACETATO;NO;NO;103,18;227
888392641267;GAFAS DE SOL;OAKLEY;;OO9415;941505;42;142;140;Hombre;Transparente;Prizm Sapphire;RECTANGULAR/CUADRADA;ACETATO;NO;NO;103,18;227
888392641236;GAFAS DE SOL;OAKLEY;;OO9415;941507;42;142;140;Hombre;Negro;Prizm pizarra;RECTANGULAR/CUADRADA;ACETATO;NO;NO;97,73;215
888392664396;GAFAS DE SOL;OAKLEY;;OO9415;941510;42;142;140;Hombre;Gris;Prizm Trail Torch;RECTANGULAR/CUADRADA;ACETATO;NO;NO;103,18;227
888392671905;GAFAS DE SOL;OAKLEY;;OO9415;941512;42;142;140;Hombre;Transparente;Prizm Jade;RECTANGULAR/CUADRADA;ACETATO;NO;NO;103,18;227
888392686930;GAFAS DE SOL;OAKLEY;;OO9415;941513;42;142;140;Hombre;Blanco;Prizm Grey;RECTANGULAR/CUADRADA;ACETATO;NO;NO;97,73;215
888392374660;GAFAS DE SOL;OAKLEY;;OO9416;941602;64;17;132;Hombre;Gris;Prizm Black;RECTANGULAR/CUADRADA;ACETATO;NO;NO;96,36;212
888392374707;GAFAS DE SOL;OAKLEY;;OO9416;941606;64;17;132;Hombre;Negro;Prizm Deep Water Polarized;RECTANGULAR/CUADRADA;ACETATO;NO;SI;119,09;262
888392458841;GAFAS DE SOL;OAKLEY;;OO9416;941616;64;17;132;Hombre;Gris;Prizm Deep Water Polarized;RECTANGULAR/CUADRADA;ACETATO;NO;SI;119,09;262
888392498359;GAFAS DE SOL;OAKLEY;;OO9416;941624;64;17;132;Hombre;Negro;Prizm Black Polarized;RECTANGULAR/CUADRADA;ACETATO;NO;SI;119,09;262
888392698568;GAFAS DE SOL;OAKLEY;;OO9416;941640;64;17;132;Hombre;Negro;Prizm Shallow Water Polarized;RECTANGULAR/CUADRADA;ACETATO;NO;SI;119,09;262
888392336460;GAFAS DE SOL;OAKLEY;;OO9417;941702;59;18;137;Hombre;Marrón;Prizm Black;RECTANGULAR/CUADRADA;ACETATO;NO;NO;75,91;167
888392336477;GAFAS DE SOL;OAKLEY;;OO9417;941703;59;18;137;Hombre;Negro;Prizm Sapphire;RECTANGULAR/CUADRADA;ACETATO;NO;NO;75,91;167
888392336484;GAFAS DE SOL;OAKLEY;;OO9417;941704;59;18;137;Hombre;Negro;Prizm Ruby;RECTANGULAR/CUADRADA;ACETATO;NO;NO;75,91;167
888392336491;GAFAS DE SOL;OAKLEY;;OO9417;941705;59;18;137;Hombre;Negro;Prizm Black Polarized;RECTANGULAR/CUADRADA;ACETATO;NO;SI;98,64;217
888392336507;GAFAS DE SOL;OAKLEY;;OO9417;941706;59;18;137;Hombre;Gris;Prizm Tungsten Polarized;RECTANGULAR/CUADRADA;ACETATO;NO;SI;98,64;217
888392336514;GAFAS DE SOL;OAKLEY;;OO9417;941707;59;18;137;Hombre;Transparente;Prizm Sapphire Polarized;RECTANGULAR/CUADRADA;ACETATO;NO;SI;98,64;217
888392336521;GAFAS DE SOL;OAKLEY;;OO9417;941708;59;18;137;Hombre;Negro;Prizm Ruby Polarized;RECTANGULAR/CUADRADA;ACETATO;NO;SI;98,64;217
888392357052;GAFAS DE SOL;OAKLEY;;OO9417;941709;59;18;137;Hombre;Gris;Prizm Sapphire Polarized;RECTANGULAR/CUADRADA;ACETATO;NO;SI;98,64;217
888392406866;GAFAS DE SOL;OAKLEY;;OO9417;941714;59;18;137;Hombre;Negro;Prizm Jade;RECTANGULAR/CUADRADA;ACETATO;NO;NO;75,91;167
888392406880;GAFAS DE SOL;OAKLEY;;OO9417;941716;59;18;137;Hombre;Negro;Prizm Black;RECTANGULAR/CUADRADA;ACETATO;NO;NO;75,91;167
888392458926;GAFAS DE SOL;OAKLEY;;OO9417;941719;59;18;137;Hombre;Gris;Prizm Deep Water Polarized;RECTANGULAR/CUADRADA;ACETATO;NO;SI;98,64;217
888392471611;GAFAS DE SOL;OAKLEY;;OO9417;941720;59;18;137;Hombre;Negro;Prizm Violet;RECTANGULAR/CUADRADA;ACETATO;NO;NO;75,91;167
888392473707;GAFAS DE SOL;OAKLEY;;OO9417;941721;59;18;137;Hombre;Negro;Prizm Sapphire Polarized;RECTANGULAR/CUADRADA;ACETATO;NO;SI;98,64;217
888392486585;GAFAS DE SOL;OAKLEY;;OO9417;941722;59;18;137;Hombre;Negro;Prizm Grey;RECTANGULAR/CUADRADA;ACETATO;NO;NO;70,45;155
888392503039;GAFAS DE SOL;OAKLEY;;OO9417;941723;59;18;137;Hombre;Negro;Prizm 24k Polarized;RECTANGULAR/CUADRADA;ACETATO;NO;SI;98,64;217
888392545602;GAFAS DE SOL;OAKLEY;;OO9417;941725;59;18;137;Hombre;Negro;Prizm Deep Water Polarized;RECTANGULAR/CUADRADA;ACETATO;NO;SI;98,64;217
888392575272;GAFAS DE SOL;OAKLEY;;OO9417;941729;59;18;137;Hombre;Gris;Prizm Ruby;RECTANGULAR/CUADRADA;ACETATO;NO;NO;75,91;167
888392575289;GAFAS DE SOL;OAKLEY;;OO9417;941730;59;18;137;Hombre;Gris;Prizm Black Polarized;RECTANGULAR/CUADRADA;ACETATO;NO;SI;98,64;217
7895653241381;GAFAS DE SOL;OAKLEY;;OO9417;941733;59;18;137;Hombre;Gris;Prizm Jade Polarized;RECTANGULAR/CUADRADA;ACETATO;NO;SI;98,64;217
7895653242777;GAFAS DE SOL;OAKLEY;;OO9417;941734;59;18;137;Hombre;Gris;Prizm Black Polarized;RECTANGULAR/CUADRADA;ACETATO;NO;SI;98,64;217
7895653252868;GAFAS DE SOL;OAKLEY;;OO9417;941735;59;18;137;Hombre;Negro;Prizm Dark Golf;RECTANGULAR/CUADRADA;ACETATO;NO;NO;75,91;167
7895653273702;GAFAS DE SOL;OAKLEY;;OO9417;941742;59;18;137;Hombre;Gris;Prizm Gaming™ 2.0;RECTANGULAR/CUADRADA;ACETATO;NO;NO;75,91;167
7895653295049;GAFAS DE SOL;OAKLEY;;OO9417;941747;59;18;137;Hombre;Azul;Prizm Black Polarized;RECTANGULAR/CUADRADA;ACETATO;NO;SI;98,64;217
7895653326620;GAFAS DE SOL;OAKLEY;;OO9417;941749;59;18;137;Hombre;Gris;Prizm Bronze Polarized;RECTANGULAR/CUADRADA;ACETATO;NO;SI;91,82;202
7895653327061;GAFAS DE SOL;OAKLEY;;OO9417;941750;59;18;137;Hombre;Negro;Prizm Black Polarized;RECTANGULAR/CUADRADA;ACETATO;NO;SI;98,64;217
7895653341326;GAFAS DE SOL;OAKLEY;;OO9417;941753;59;18;137;Hombre;Marrón;Prizm Bronze Polarized;RECTANGULAR/CUADRADA;ACETATO;NO;SI;93,18;205
7895653356313;GAFAS DE SOL;OAKLEY;;OO9417;941757;59;18;137;Hombre;Marrón;Prizm Black Polarized;RECTANGULAR/CUADRADA;ACETATO;NO;SI;98,64;217
7895653356306;GAFAS DE SOL;OAKLEY;;OO9417;941758;59;18;137;Hombre;Carey;Prizm Shallow Water Polarized;RECTANGULAR/CUADRADA;ACETATO;NO;SI;98,64;217
888392404626;GAFAS DE SOL;OAKLEY;;OO9420;942008;59;16;135;Hombre;Negro;Prizm Black Polarized;RECTANGULAR/CUADRADA;ACETATO;NO;SI;93,45;206
888392640239;GAFAS DE SOL;OAKLEY;;OO9430;943001;57;16;146;Unisex;Negro;Prizm Black;RECTANGULAR/CUADRADA;ACETATO;NO;NO;82,73;182
888392640246;GAFAS DE SOL;OAKLEY;;OO9430;943002;57;16;146;Unisex;Verde;Prizm Jade;RECTANGULAR/CUADRADA;ACETATO;NO;NO;78,18;172
888392640253;GAFAS DE SOL;OAKLEY;;OO9430;943003;57;16;146;Unisex;Azul;Prizm Sapphire;RECTANGULAR/CUADRADA;ACETATO;NO;NO;82,73;182
888392640222;GAFAS DE SOL;OAKLEY;;OO9430;943004;57;16;146;Unisex;Marrón;Prizm Tungsten Polarized;RECTANGULAR/CUADRADA;ACETATO;NO;SI;105,45;232
888392641199;GAFAS DE SOL;OAKLEY;;OO9430;943005;57;16;146;Unisex;Negro;Prizm pizarra;RECTANGULAR/CUADRADA;ACETATO;NO;NO;77,27;170
888392641212;GAFAS DE SOL;OAKLEY;;OO9430;943006;57;16;146;Unisex;Verde;Prizm 24k Polarized;RECTANGULAR/CUADRADA;ACETATO;NO;SI;105,45;232
888392663320;GAFAS DE SOL;OAKLEY;;OO9430;943008;57;16;146;Unisex;Azul;Prizm Road Black;RECTANGULAR/CUADRADA;ACETATO;NO;NO;78,18;172
888392641489;GAFAS DE SOL;OAKLEY;;OO9431;943101;60;19;126;Hombre;Negro;Prizm Black Polarized;RECTANGULAR/CUADRADA;ACETATO;NO;SI;105,45;232
888392641496;GAFAS DE SOL;OAKLEY;;OO9431;943102;60;19;126;Hombre;Negro;Prizm Grey;RECTANGULAR/CUADRADA;ACETATO;NO;NO;77,27;170
888392641557;GAFAS DE SOL;OAKLEY;;OO9431;943103;60;19;126;Hombre;Azul;Prizm Deep Water Polarized;RECTANGULAR/CUADRADA;ACETATO;NO;SI;100,91;222
888392641526;GAFAS DE SOL;OAKLEY;;OO9431;943104;60;19;126;Hombre;Verde;Prizm Ruby;RECTANGULAR/CUADRADA;ACETATO;NO;NO;82,73;182
888392641533;GAFAS DE SOL;OAKLEY;;OO9431;943105;60;19;126;Hombre;Beis;Tungsten Iridium Polarized;RECTANGULAR/CUADRADA;ACETATO;NO;SI;105,45;232
888392641502;GAFAS DE SOL;OAKLEY;;OO9431;943106;60;19;126;Hombre;Transparente;Prizm Sapphire;RECTANGULAR/CUADRADA;ACETATO;NO;NO;82,73;182
888392641519;GAFAS DE SOL;OAKLEY;;OO9431;943107;60;19;126;Hombre;Gris;Prizm Shallow Water Polarized;RECTANGULAR/CUADRADA;ACETATO;NO;SI;105,45;232
888392663887;GAFAS DE SOL;OAKLEY;;OO9431;943110;60;19;126;Hombre;Blanco;Prizm Ruby Polarized;RECTANGULAR/CUADRADA;ACETATO;NO;SI;105,45;232
888392664181;GAFAS DE SOL;OAKLEY;;OO9431;943111;60;19;126;Hombre;Verde;Prizm Tungsten Polarized;RECTANGULAR/CUADRADA;ACETATO;NO;SI;100,91;222
888392671837;GAFAS DE SOL;OAKLEY;;OO9431;943114;60;19;126;Hombre;Negro;Prizm Sapphire;RECTANGULAR/CUADRADA;ACETATO;NO;NO;82,73;182
888392675026;GAFAS DE SOL;OAKLEY;;OO9431;943115;60;19;126;Hombre;Azul;Prizm 24k Polarized;RECTANGULAR/CUADRADA;ACETATO;NO;SI;105,45;232
888392676610;GAFAS DE SOL;OAKLEY;;OO9431;943116;60;19;126;Hombre;Marrón;Prizm Ruby;RECTANGULAR/CUADRADA;ACETATO;NO;NO;91,82;202
888392685315;GAFAS DE SOL;OAKLEY;;OO9431;943117;60;19;126;Hombre;Verde;Prizm Tungsten;RECTANGULAR/CUADRADA;ACETATO;NO;NO;82,73;182
888392685711;GAFAS DE SOL;OAKLEY;;OO9431;943118;60;19;126;Hombre;Beis;Prizm Tungsten;RECTANGULAR/CUADRADA;ACETATO;NO;NO;91,82;202
888392376978;GAFAS DE SOL;OAKLEY;;OO9436;943601;54;18;140;Hombre;Negro;Prizm Grey;RECTANGULAR/CUADRADA;ACETATO;NO;NO;77,27;170
888392376992;GAFAS DE SOL;OAKLEY;;OO9436;943603;54;18;140;Hombre;Verde;Prizm Tungsten;RECTANGULAR/CUADRADA;ACETATO;NO;NO;82,73;182
888392377012;GAFAS DE SOL;OAKLEY;;OO9436;943605;54;18;140;Hombre;Negro;Prizm Black Polarized;RECTANGULAR/CUADRADA;ACETATO;NO;SI;105,45;232
888392377029;GAFAS DE SOL;OAKLEY;;OO9436;943606;54;18;140;Unisex;Gris;Prizm Sapphire Polarized;RECTANGULAR/CUADRADA;ACETATO;NO;SI;105,45;232
888392641366;GAFAS DE SOL;OAKLEY;;OO9437;943701;63;19;126;Hombre;Negro;Prizm Grey;REDONDA/OVALADA;ACETATO;NO;NO;118,18;260
888392641373;GAFAS DE SOL;OAKLEY;;OO9437;943702;63;19;126;Hombre;Beis;Prizm bronce degradado;REDONDA/OVALADA;ACETATO;NO;NO;118,18;260
888392641380;GAFAS DE SOL;OAKLEY;;OO9437;943703;63;19;126;Hombre;Verde;Prizm Tungsten;REDONDA/OVALADA;ACETATO;NO;NO;123,64;272
888392641397;GAFAS DE SOL;OAKLEY;;OO9437;943704;63;19;126;Hombre;Gris;Prizm Deep Water Polarized;REDONDA/OVALADA;ACETATO;NO;SI;146,36;322
888392666352;GAFAS DE SOL;OAKLEY;;OO9437;943706;63;19;126;Hombre;Blanco;Prizm Grey;REDONDA/OVALADA;ACETATO;NO;NO;118,18;260
888392666369;GAFAS DE SOL;OAKLEY;;OO9437;943707;63;19;126;Hombre;Verde;Prizm Black;REDONDA/OVALADA;ACETATO;NO;NO;123,64;272
888392675040;GAFAS DE SOL;OAKLEY;;OO9437;943709;63;19;126;Hombre;Azul;Prizm Grey Polarized;REDONDA/OVALADA;ACETATO;NO;SI;140,91;310
888392687203;GAFAS DE SOL;OAKLEY;;OO9437;943713;63;19;126;Hombre;Gris;Prizm Sapphire;REDONDA/OVALADA;ACETATO;NO;NO;128,18;282
888392706089;GAFAS DE SOL;OAKLEY;;OO9437;943716;63;19;126;Hombre;Rojo;Prizm Snow Black Iridium;REDONDA/OVALADA;ACETATO;NO;NO;123,64;272
888392408365;GAFAS DE SOL;OAKLEY;;OO9438;943801;58;19;137;Unisex;Negro;Prizm Grey;RECTANGULAR/CUADRADA;ACETATO;NO;NO;77,27;170
888392408402;GAFAS DE SOL;OAKLEY;;OO9438;943805;58;19;137;Hombre;Plateado;Prizm Black Polarized;RECTANGULAR/CUADRADA;ACETATO;NO;SI;105,45;232
888392666116;GAFAS DE SOL;OAKLEY;;OO9438;943824;58;19;137;Hombre;Blanco;Prizm Tungsten Polarized;RECTANGULAR/CUADRADA;ACETATO;NO;SI;105,45;232
888392666123;GAFAS DE SOL;OAKLEY;;OO9438;943825;58;19;137;Hombre;Naranja;Prizm Trail Torch;RECTANGULAR/CUADRADA;ACETATO;NO;NO;82,73;182
888392666130;GAFAS DE SOL;OAKLEY;;OO9438;943826;58;19;137;Hombre;Verde;Prizm bronce degradado;RECTANGULAR/CUADRADA;ACETATO;NO;NO;77,27;170
888392666147;GAFAS DE SOL;OAKLEY;;OO9438;943827;58;19;137;Hombre;Negro;Prizm Black;RECTANGULAR/CUADRADA;ACETATO;NO;NO;82,73;182
888392675163;GAFAS DE SOL;OAKLEY;;OO9438;943830;58;19;137;Hombre;Azul;Prizm Snow Sapphire;RECTANGULAR/CUADRADA;ACETATO;NO;NO;82,73;182
888392686855;GAFAS DE SOL;OAKLEY;;OO9438;943834;58;19;137;Hombre;Marrón;Prizm Ruby Polarized;RECTANGULAR/CUADRADA;ACETATO;NO;SI;105,45;232
888392695901;GAFAS DE SOL;OAKLEY;;OO9438;943837;58;19;137;Hombre;Blanco;Prizm Snow Sapphire;RECTANGULAR/CUADRADA;ACETATO;NO;NO;82,73;182
888392695918;GAFAS DE SOL;OAKLEY;;OO9438;943838;58;19;137;Hombre;Amarillo;Prizm Black;RECTANGULAR/CUADRADA;ACETATO;NO;NO;82,73;182
888392695925;GAFAS DE SOL;OAKLEY;;OO9438;943839;58;19;137;Hombre;Marrón;Prizm Tungsten;RECTANGULAR/CUADRADA;ACETATO;NO;NO;82,73;182
888392699640;GAFAS DE SOL;OAKLEY;;OO9438;943841;58;19;137;Hombre;Gris;Prizm Snow Sapphire;RECTANGULAR/CUADRADA;ACETATO;NO;NO;82,73;182
888392701213;GAFAS DE SOL;OAKLEY;;OO9438;943844;58;19;137;Hombre;Verde;Prizm Tungsten;RECTANGULAR/CUADRADA;ACETATO;NO;NO;82,73;182
888392701220;GAFAS DE SOL;OAKLEY;;OO9438;943845;58;19;137;Hombre;Marrón;Prizm Deep Water Polarized;RECTANGULAR/CUADRADA;ACETATO;NO;SI;105,45;232
888392708595;GAFAS DE SOL;OAKLEY;;OO9438;943846;58;19;137;Hombre;Negro;Prizm Ruby;RECTANGULAR/CUADRADA;ACETATO;NO;NO;82,73;182
888392708601;GAFAS DE SOL;OAKLEY;;OO9438;943847;58;19;137;Hombre;Marrón;Prizm Snow Black Iridium;RECTANGULAR/CUADRADA;ACETATO;NO;NO;82,73;182
888392402349;GAFAS DE SOL;OAKLEY;;OO9439;943901;50;19;140;Hombre;Negro;Prizm Grey;REDONDA/OVALADA;ACETATO;NO;NO;90,91;200
888392402356;GAFAS DE SOL;OAKLEY;;OO9439;943902;50;19;140;Hombre;Transparente;Prizm Black;REDONDA/OVALADA;ACETATO;NO;NO;96,36;212
888392402370;GAFAS DE SOL;OAKLEY;;OO9439;943904;50;19;140;Unisex;Transparente;Prizm Sapphire;REDONDA/OVALADA;ACETATO;NO;NO;96,36;212
888392606921;GAFAS DE SOL;OAKLEY;;OO9439;943917;50;19;140;Hombre;Rojo;Prizm gris degradado;REDONDA/OVALADA;ACETATO;NO;NO;97,27;214
888392459893;GAFAS DE SOL;OAKLEY;;OO9440;944001;56;17;146;Hombre;Negro;Prizm Snow Black Iridium;REDONDA/OVALADA;ACETATO;NO;NO;103,18;227
888392459909;GAFAS DE SOL;OAKLEY;;OO9440;944002;56;17;146;Hombre;Negro;Prizm Snow Sapphire;REDONDA/OVALADA;ACETATO;NO;NO;103,18;227
888392459930;GAFAS DE SOL;OAKLEY;;OO9440;944005;56;17;146;Hombre;Azul;Prizm Deep Water Polarized;REDONDA/OVALADA;ACETATO;NO;SI;125,91;277
888392499837;GAFAS DE SOL;OAKLEY;;OO9440;944009;56;17;146;Hombre;Negro;Prizm Black Polarized;REDONDA/OVALADA;ACETATO;NO;SI;125,91;277
888392619730;GAFAS DE SOL;OAKLEY;;OO9440;944023;56;17;146;Hombre;Rojo;Prizm Bronze;REDONDA/OVALADA;ACETATO;NO;NO;92,73;204
888392664167;GAFAS DE SOL;OAKLEY;;OO9440;944026;56;17;146;Hombre;Verde;Prizm Black Polarized;REDONDA/OVALADA;ACETATO;NO;SI;120;264
888392675422;GAFAS DE SOL;OAKLEY;;OO9440;944027;56;17;146;Hombre;Azul;Prizm Snow Black Iridium;REDONDA/OVALADA;ACETATO;NO;NO;103,18;227
888392454904;GAFAS DE SOL;OAKLEY;;OO9448;944801;57;17;142;Hombre;Negro;Prizm Grey;RECTANGULAR/CUADRADA;ACETATO;NO;NO;59,55;131
888392454911;GAFAS DE SOL;OAKLEY;;OO9448;944802;57;17;142;Hombre;Marrón;Prizm Bronze;RECTANGULAR/CUADRADA;ACETATO;NO;NO;59,55;131
888392454928;GAFAS DE SOL;OAKLEY;;OO9448;944803;57;17;142;Hombre;Negro;Prizm Black;RECTANGULAR/CUADRADA;ACETATO;NO;NO;65;143
888392454935;GAFAS DE SOL;OAKLEY;;OO9448;944804;57;17;142;Hombre;Transparente;Prizm Sapphire;RECTANGULAR/CUADRADA;ACETATO;NO;NO;65;143
7895653240292;GAFAS DE SOL;OAKLEY;;OO9448;944804;60;17;140;Hombre;Transparente;Prizm Sapphire;RECTANGULAR/CUADRADA;ACETATO;NO;NO;65;143
888392454959;GAFAS DE SOL;OAKLEY;;OO9448;944806;57;17;142;Hombre;Negro;Prizm Black Polarized;RECTANGULAR/CUADRADA;ACETATO;NO;SI;87,73;193
7895653240315;GAFAS DE SOL;OAKLEY;;OO9448;944806;60;17;140;Hombre;Negro;Prizm Black Polarized;RECTANGULAR/CUADRADA;ACETATO;NO;SI;87,73;193
888392498441;GAFAS DE SOL;OAKLEY;;OO9448;944812;57;17;142;Hombre;Negro;Prizm Sapphire Polarized;RECTANGULAR/CUADRADA;ACETATO;NO;SI;87,73;193
7895653240339;GAFAS DE SOL;OAKLEY;;OO9448;944814;60;17;140;Hombre;Verde;Prizm Tungsten;RECTANGULAR/CUADRADA;ACETATO;NO;NO;65;143
888392546388;GAFAS DE SOL;OAKLEY;;OO9448;944817;57;17;142;Hombre;Negro;Prizm Deep Water Polarized;RECTANGULAR/CUADRADA;ACETATO;NO;SI;87,73;193
888392568717;GAFAS DE SOL;OAKLEY;;OO9448;944823;57;17;142;Hombre;Negro;Black Iridium Polarized;RECTANGULAR/CUADRADA;ACETATO;NO;SI;83,18;183
888392568724;GAFAS DE SOL;OAKLEY;;OO9448;944824;57;17;142;Hombre;Negro;Sapphire Iridium;RECTANGULAR/CUADRADA;ACETATO;NO;NO;61,36;135
7895653240346;GAFAS DE SOL;OAKLEY;;OO9448;944827;60;17;140;Hombre;Negro;Prizm Deep Water Polarized;RECTANGULAR/CUADRADA;ACETATO;NO;SI;87,73;193
888392575265;GAFAS DE SOL;OAKLEY;;OO9448;944829;57;17;142;Hombre;Transparente;Prizm Black;RECTANGULAR/CUADRADA;ACETATO;NO;NO;65;143
7895653243217;GAFAS DE SOL;OAKLEY;;OO9448;944832;57;17;142;Hombre;Gris;Prizm Ruby;RECTANGULAR/CUADRADA;ACETATO;NO;NO;65;143
7895653268814;GAFAS DE SOL;OAKLEY;;OO9448;944841;57;17;142;Hombre;Negro;Prizm Golf;RECTANGULAR/CUADRADA;ACETATO;NO;NO;65;143
7895653347021;GAFAS DE SOL;OAKLEY;;OO9448;944845;60;17;140;Hombre;Transparente;Prizm pizarra;RECTANGULAR/CUADRADA;ACETATO;NO;NO;59,55;131
7895653361805;GAFAS DE SOL;OAKLEY;;OO9448;944850;57;17;142;Hombre;Verde;Prizm Jade;RECTANGULAR/CUADRADA;ACETATO;NO;NO;65;143
888392454966;GAFAS DE SOL;OAKLEY;;OO9449;944901;60;17;132;Hombre;Negro;Prizm Grey;RECTANGULAR/CUADRADA;ACETATO;NO;NO;59,55;131
888392454980;GAFAS DE SOL;OAKLEY;;OO9449;944903;60;17;132;Hombre;Negro;Prizm Black;RECTANGULAR/CUADRADA;ACETATO;NO;NO;65;143
888392454997;GAFAS DE SOL;OAKLEY;;OO9449;944904;60;17;132;Hombre;Transparente;Prizm Sapphire;RECTANGULAR/CUADRADA;ACETATO;NO;NO;65;143
888392455000;GAFAS DE SOL;OAKLEY;;OO9449;944905;60;17;132;Hombre;Negro;Prizm Ruby Polarized;RECTANGULAR/CUADRADA;ACETATO;NO;SI;87,73;193
888392455017;GAFAS DE SOL;OAKLEY;;OO9449;944906;60;17;132;Hombre;Negro;Prizm Black Polarized;RECTANGULAR/CUADRADA;ACETATO;NO;SI;87,73;193
888392498472;GAFAS DE SOL;OAKLEY;;OO9449;944912;60;17;132;Hombre;Negro;Prizm Sapphire Polarized;RECTANGULAR/CUADRADA;ACETATO;NO;SI;87,73;193
888392547590;GAFAS DE SOL;OAKLEY;;OO9449;944915;60;17;132;Hombre;Negro;Prizm Jade;RECTANGULAR/CUADRADA;ACETATO;NO;NO;65;143
888392547606;GAFAS DE SOL;OAKLEY;;OO9449;944916;60;17;132;Hombre;Negro;Prizm Deep Water Polarized;RECTANGULAR/CUADRADA;ACETATO;NO;SI;87,73;193
7895653255418;GAFAS DE SOL;OAKLEY;;OO9449;944924;60;17;132;Hombre;Gris;Prizm Tungsten Polarized;RECTANGULAR/CUADRADA;ACETATO;NO;SI;87,73;193
7895653356955;GAFAS DE SOL;OAKLEY;;OO9449;944926;60;17;132;Hombre;Gris;Prizm Shallow Water Polarized;RECTANGULAR/CUADRADA;ACETATO;NO;SI;87,73;193
888392454799;GAFAS DE SOL;OAKLEY;;OO9454;945401;38;138;125;Unisex;Negro;Prizm Black;OVERSIZE;ACETATO;NO;NO;89,55;197
888392454805;GAFAS DE SOL;OAKLEY;;OO9454;945402;38;138;125;Unisex;Negro;Prizm Road;OVERSIZE;ACETATO;NO;NO;89,55;197
888392454812;GAFAS DE SOL;OAKLEY;;OO9454;945403;38;138;125;Unisex;Gris;Prizm Sapphire;OVERSIZE;ACETATO;NO;NO;89,55;197
888392486646;GAFAS DE SOL;OAKLEY;;OO9454;945409;38;138;125;Unisex;Negro;Clear To Black Iridium Photochromic;OVERSIZE;ACETATO;SI;NO;107,73;237
888392470669;GAFAS DE SOL;OAKLEY;;OO9460;946002;59;15;135;Hombre;Negro;Prizm Dark Golf;RECTANGULAR/CUADRADA;ACETATO;NO;NO;78,18;172
888392489272;GAFAS DE SOL;OAKLEY;;OO9462;946201;28;128;134;Unisex;Negro;Prizm Road Black;OVERSIZE;ACETATO;NO;NO;80,91;178
888392489289;GAFAS DE SOL;OAKLEY;;OO9462;946202;28;128;134;Unisex;Azul;Prizm Sapphire;OVERSIZE;ACETATO;NO;NO;82,73;182
888392489302;GAFAS DE SOL;OAKLEY;;OO9462;946204;28;128;134;Hombre;Negro;Prizm Road;OVERSIZE;ACETATO;NO;NO;82,73;182
888392489319;GAFAS DE SOL;OAKLEY;;OO9462;946205;28;128;134;Unisex;Blanco;Prizm Road;OVERSIZE;ACETATO;NO;NO;82,73;182
888392489326;GAFAS DE SOL;OAKLEY;;OO9462;946206;28;128;134;Hombre;Negro;Prizm Jade;OVERSIZE;ACETATO;NO;NO;82,73;182
888392562104;GAFAS DE SOL;OAKLEY;;OO9462;946208;28;128;134;Hombre;Gris;Prizm 24K;OVERSIZE;ACETATO;NO;NO;82,73;182
888392562111;GAFAS DE SOL;OAKLEY;;OO9462;946209;28;128;134;Unisex;Negro;Prizm Ruby;OVERSIZE;ACETATO;NO;NO;82,73;182
888392698117;GAFAS DE SOL;OAKLEY;;OO9462;946215;28;128;134;Hombre;Blanco;Prizm Sapphire;OVERSIZE;ACETATO;NO;NO;82,73;182
888392489333;GAFAS DE SOL;OAKLEY;;OO9463;946301;39;139;138;Unisex;Negro;Prizm Road;RECTANGULAR/CUADRADA;ACETATO;NO;NO;89,55;197
888392489340;GAFAS DE SOL;OAKLEY;;OO9463;946302;39;139;138;Unisex;Blanco;Prizm Road;RECTANGULAR/CUADRADA;ACETATO;NO;NO;89,55;197
888392489357;GAFAS DE SOL;OAKLEY;;OO9463;946303;39;139;138;Hombre;Negro;Prizm Road Jade;RECTANGULAR/CUADRADA;ACETATO;NO;NO;89,55;197
888392489364;GAFAS DE SOL;OAKLEY;;OO9463;946304;39;139;138;Unisex;Gris;Prizm Trail Torch;RECTANGULAR/CUADRADA;ACETATO;NO;NO;89,55;197
888392489371;GAFAS DE SOL;OAKLEY;;OO9463;946305;39;139;138;Hombre;Negro;Prizm Black;RECTANGULAR/CUADRADA;ACETATO;NO;NO;89,55;197
888392489388;GAFAS DE SOL;OAKLEY;;OO9463;946306;39;139;138;Unisex;Azul;Prizm Sapphire;RECTANGULAR/CUADRADA;ACETATO;NO;NO;89,55;197
888392562166;GAFAS DE SOL;OAKLEY;;OO9463;946313;39;139;138;Unisex;Gris;Prizm 24K;RECTANGULAR/CUADRADA;ACETATO;NO;NO;89,55;197
888392562180;GAFAS DE SOL;OAKLEY;;OO9463;946315;39;139;138;Hombre;Negro;Prizm Sapphire;RECTANGULAR/CUADRADA;ACETATO;NO;NO;89,55;197
888392563620;GAFAS DE SOL;OAKLEY;;OO9463;946317;39;139;138;Unisex;Gris;Prizm Snow Sapphire;RECTANGULAR/CUADRADA;ACETATO;NO;NO;89,55;197
888392568793;GAFAS DE SOL;OAKLEY;;OO9463;946318;39;139;138;Unisex;Blanco;Prizm Ruby;RECTANGULAR/CUADRADA;ACETATO;NO;NO;89,55;197
888392568809;GAFAS DE SOL;OAKLEY;;OO9463;946319;39;139;138;Unisex;Blanco;Prizm Sapphire;RECTANGULAR/CUADRADA;ACETATO;NO;NO;89,55;197
888392588746;GAFAS DE SOL;OAKLEY;;OO9463;946342;39;139;138;Hombre;Negro;Prizm Sapphire;RECTANGULAR/CUADRADA;ACETATO;NO;NO;89,55;197
888392590886;GAFAS DE SOL;OAKLEY;;OO9463;946345;39;139;138;Unisex;Gris;Clear To Black Iridium Photochromic;RECTANGULAR/CUADRADA;ACETATO;SI;NO;102,27;225
888392590893;GAFAS DE SOL;OAKLEY;;OO9463;946346;39;139;138;Hombre;Blanco;Clear To Black Iridium Photochromic;RECTANGULAR/CUADRADA;ACETATO;SI;NO;102,27;225
888392601919;GAFAS DE SOL;OAKLEY;;OO9463;946349;39;139;138;Hombre;Negro;Prizm Golf;RECTANGULAR/CUADRADA;ACETATO;NO;NO;85,45;188
888392609458;GAFAS DE SOL;OAKLEY;;OO9463;946352;39;139;138;Hombre;Beis;Prizm Road Black;RECTANGULAR/CUADRADA;ACETATO;NO;NO;89,55;197
888392635495;GAFAS DE SOL;OAKLEY;;OO9463;946363;39;139;138;Hombre;Azul;Prizm Violet;RECTANGULAR/CUADRADA;ACETATO;NO;NO;89,55;197
888392640406;GAFAS DE SOL;OAKLEY;;OO9463;946368;39;139;138;Hombre;Gris;Prizm Road;RECTANGULAR/CUADRADA;ACETATO;NO;NO;89,55;197
888392662057;GAFAS DE SOL;OAKLEY;;OO9463;946374;39;139;138;Hombre;Negro;Prizm Black;RECTANGULAR/CUADRADA;ACETATO;NO;NO;94,09;207
888392662040;GAFAS DE SOL;OAKLEY;;OO9463;946375;39;139;138;Hombre;Blanco;Prizm Black;RECTANGULAR/CUADRADA;ACETATO;NO;NO;94,09;207
888392669049;GAFAS DE SOL;OAKLEY;;OO9463;946379;39;139;138;Hombre;Negro;Prizm Road Jade;RECTANGULAR/CUADRADA;ACETATO;NO;NO;94,09;207
888392677853;GAFAS DE SOL;OAKLEY;;OO9463;946380;39;139;138;Hombre;Negro;Transparente;RECTANGULAR/CUADRADA;ACETATO;NO;NO;79,55;175
888392684400;GAFAS DE SOL;OAKLEY;;OO9463;9463B3;39;139;138;Hombre;Naranja;Prizm Field;RECTANGULAR/CUADRADA;ACETATO;NO;NO;89,55;197
888392684431;GAFAS DE SOL;OAKLEY;;OO9463;9463B4;39;139;138;Hombre;Amarillo;Prizm 24K;RECTANGULAR/CUADRADA;ACETATO;NO;NO;89,55;197
888392684417;GAFAS DE SOL;OAKLEY;;OO9463;9463B5;39;139;138;Hombre;Violeta;Prizm Violet;RECTANGULAR/CUADRADA;ACETATO;NO;NO;89,55;197
888392684424;GAFAS DE SOL;OAKLEY;;OO9463;9463B6;39;139;138;Hombre;Verde;Prizm Jade;RECTANGULAR/CUADRADA;ACETATO;NO;NO;89,55;197
888392687463;GAFAS DE SOL;OAKLEY;;OO9463;9463B7;39;139;138;Hombre;Negro;Prizm Road;RECTANGULAR/CUADRADA;ACETATO;NO;NO;98,64;217
888392687821;GAFAS DE SOL;OAKLEY;;OO9463;9463B8;39;139;138;Hombre;Negro;Prizm Dark Golf;RECTANGULAR/CUADRADA;ACETATO;NO;NO;89,55;197
888392695000;GAFAS DE SOL;OAKLEY;;OO9463;9463C4;39;139;138;Hombre;Rosa;Prizm Sapphire;RECTANGULAR/CUADRADA;ACETATO;NO;NO;89,55;197
888392694997;GAFAS DE SOL;OAKLEY;;OO9463;9463C5;39;139;138;Hombre;Verde;Prizm Violet;RECTANGULAR/CUADRADA;ACETATO;NO;NO;89,55;197
888392701145;GAFAS DE SOL;OAKLEY;;OO9463;9463C7;39;139;138;Hombre;Violeta;Prizm Grey;RECTANGULAR/CUADRADA;ACETATO;NO;NO;84,09;185
888392703682;GAFAS DE SOL;OAKLEY;;OO9463;9463C8;39;139;138;Hombre;Negro;Prizm Transitions Ember;RECTANGULAR/CUADRADA;ACETATO;NO;NO;112,27;247
888392703699;GAFAS DE SOL;OAKLEY;;OO9463;9463C9;39;139;138;Hombre;Blanco;Prizm Transitions Cobalt;RECTANGULAR/CUADRADA;ACETATO;NO;NO;112,27;247
888392703705;GAFAS DE SOL;OAKLEY;;OO9463;9463D0;39;139;138;Hombre;Gris;Prizm Transitions Black;RECTANGULAR/CUADRADA;ACETATO;NO;NO;112,27;247
888392708359;GAFAS DE SOL;OAKLEY;;OO9463;9463D2;39;139;138;Hombre;Blanco;Prizm Transitions Pyrite;RECTANGULAR/CUADRADA;ACETATO;NO;NO;112,27;247
888392530530;GAFAS DE SOL;OAKLEY;;OO9465;946501;39;139;138;Hombre;Negro;Prizm Road;OVERSIZE;ACETATO;NO;NO;89,55;197
888392530554;GAFAS DE SOL;OAKLEY;;OO9465;946503;39;139;138;Hombre;Negro;Prizm Black;OVERSIZE;ACETATO;NO;NO;89,55;197
888392530561;GAFAS DE SOL;OAKLEY;;OO9465;946504;39;139;138;Hombre;Blanco;Prizm Road Jade;OVERSIZE;ACETATO;NO;NO;89,55;197
888392530578;GAFAS DE SOL;OAKLEY;;OO9465;946505;39;139;138;Hombre;Azul;Prizm Sapphire;OVERSIZE;ACETATO;NO;NO;89,55;197
888392603975;GAFAS DE SOL;OAKLEY;;OO9465;946516;39;139;138;Hombre;Blanco;Prizm Road;OVERSIZE;ACETATO;NO;NO;89,55;197
888392603982;GAFAS DE SOL;OAKLEY;;OO9465;946517;39;139;138;Hombre;Gris;Prizm 24K;OVERSIZE;ACETATO;NO;NO;89,55;197
888392608895;GAFAS DE SOL;OAKLEY;;OO9465;946521;39;139;138;Hombre;Oro;Prizm 24K;OVERSIZE;ACETATO;NO;NO;89,55;197
888392666215;GAFAS DE SOL;OAKLEY;;OO9465;946533;39;139;138;Hombre;Rojo;Prizm 24K;OVERSIZE;ACETATO;NO;NO;98,64;217
888392676986;GAFAS DE SOL;OAKLEY;;OO9465;946534;39;139;138;Hombre;Negro;Prizm Black;OVERSIZE;ACETATO;NO;NO;98,64;217
888392677082;GAFAS DE SOL;OAKLEY;;OO9465;946535;39;139;138;Hombre;Verde;Prizm Black;OVERSIZE;ACETATO;NO;NO;89,55;197
888392685698;GAFAS DE SOL;OAKLEY;;OO9465;946536;39;139;138;Hombre;Marrón;Prizm Road Black;OVERSIZE;ACETATO;NO;NO;98,64;217
888392686251;GAFAS DE SOL;OAKLEY;;OO9465;946537;39;139;138;Hombre;Verde;Prizm Road Black;OVERSIZE;ACETATO;NO;NO;89,55;197
888392686916;GAFAS DE SOL;OAKLEY;;OO9465;946538;39;139;138;Hombre;Rosa;Prizm Trail Torch;OVERSIZE;ACETATO;NO;NO;89,55;197
888392687227;GAFAS DE SOL;OAKLEY;;OO9465;946539;39;139;138;Hombre;Transparente;Clear To Black Iridium Photochromic;OVERSIZE;ACETATO;SI;NO;102,27;225
888392690012;GAFAS DE SOL;OAKLEY;;OO9465;946540;39;139;138;Hombre;Plateado;Prizm Ruby;OVERSIZE;ACETATO;NO;NO;98,64;217
888392701169;GAFAS DE SOL;OAKLEY;;OO9465;946541;39;139;138;Hombre;Negro;Prizm Grey;OVERSIZE;ACETATO;NO;NO;84,09;185
888392551795;GAFAS DE SOL;OAKLEY;;OO9467;946703;33;133;118;Hombre;Transparente;Prizm Road Jade;OVERSIZE;ACETATO;NO;NO;70,45;155
888392551801;GAFAS DE SOL;OAKLEY;;OO9467;946704;33;133;118;Hombre;Violeta;Prizm Black;OVERSIZE;ACETATO;NO;NO;70,45;155
888392551818;GAFAS DE SOL;OAKLEY;;OO9467;946705;33;133;118;Hombre;Azul;Prizm Violet;OVERSIZE;ACETATO;NO;NO;70,45;155
888392552433;GAFAS DE SOL;OAKLEY;;OO9467;946707;33;133;118;Hombre;Azul;Prizm Black;OVERSIZE;ACETATO;NO;NO;68,18;150
888392490575;GAFAS DE SOL;OAKLEY;;OO9469;946901;54;16;140;Hombre;Negro;Prizm Grey;RECTANGULAR/CUADRADA;ACETATO;NO;NO;88,18;194
888392641793;GAFAS DE SOL;OAKLEY;;OO9470;947001;62;17;133;Hombre;Negro;Prizm Black;RECTANGULAR/CUADRADA;ACETATO;NO;NO;65;143
888392641847;GAFAS DE SOL;OAKLEY;;OO9470;947002;62;17;133;Hombre;Gris;Prizm Black Polarized;RECTANGULAR/CUADRADA;ACETATO;NO;SI;87,73;193
888392641830;GAFAS DE SOL;OAKLEY;;OO9470;947003;62;17;133;Hombre;Negro;Prizm Sapphire;RECTANGULAR/CUADRADA;ACETATO;NO;NO;65;143
888392641809;GAFAS DE SOL;OAKLEY;;OO9470;947004;62;17;133;Hombre;Negro;Prizm Deep Water Polarized;RECTANGULAR/CUADRADA;ACETATO;NO;SI;87,73;193
888392641786;GAFAS DE SOL;OAKLEY;;OO9470;947005;62;17;133;Hombre;Transparente;Prizm Sapphire Polarized;RECTANGULAR/CUADRADA;ACETATO;NO;SI;87,73;193
888392641823;GAFAS DE SOL;OAKLEY;;OO9470;947006;62;17;133;Hombre;Negro;Prizm Ruby Polarized;RECTANGULAR/CUADRADA;ACETATO;NO;SI;87,73;193
888392641816;GAFAS DE SOL;OAKLEY;;OO9470;947007;62;17;133;Hombre;Negro;Prizm Jade;RECTANGULAR/CUADRADA;ACETATO;NO;NO;65;143
888392557605;GAFAS DE SOL;OAKLEY;;OO9471;947104;36;136;123;Hombre;Gris;Prizm 24K;OVERSIZE;ACETATO;NO;NO;116,36;256
888392555120;GAFAS DE SOL;OAKLEY;;OO9474;947401;52;20;137;Mujer;Marrón;Prizm Rose Gold;REDONDA/OVALADA;ACETATO;NO;NO;82,73;182
888392555168;GAFAS DE SOL;OAKLEY;;OO9474;947405;52;20;137;Mujer;Negro;Prizm Black;REDONDA/OVALADA;ACETATO;NO;NO;82,73;182
888392638861;GAFAS DE SOL;OAKLEY;;OO9474;947414;52;20;137;Mujer;Naranja;Prizm Rose Gold;REDONDA/OVALADA;ACETATO;NO;NO;82,73;182
888392641311;GAFAS DE SOL;OAKLEY;;OO9474;947415;52;20;137;Mujer;Negro;Prizm Black Polarized;REDONDA/OVALADA;ACETATO;NO;SI;100,91;222
888392555007;GAFAS DE SOL;OAKLEY;;OO9479;947901;56;17;149;Hombre;Negro;Prizm Grey;RECTANGULAR/CUADRADA;ACETATO;NO;NO;59,55;131
888392555021;GAFAS DE SOL;OAKLEY;;OO9479;947903;56;17;149;Hombre;Negro;Prizm Violet;RECTANGULAR/CUADRADA;ACETATO;NO;NO;65;143
888392555052;GAFAS DE SOL;OAKLEY;;OO9479;947906;56;17;149;Hombre;Transparente;Prizm Sapphire;RECTANGULAR/CUADRADA;ACETATO;NO;NO;65;143
888392642677;GAFAS DE SOL;OAKLEY;;OO9480;948001;57;18;141;Mujer;Negro;Prizm gris degradado;RECTANGULAR/CUADRADA;ACETATO;NO;NO;84,09;185
888392642646;GAFAS DE SOL;OAKLEY;;OO9480;948002;57;18;141;Mujer;Rojo;Prizm bronce degradado;RECTANGULAR/CUADRADA;ACETATO;NO;NO;84,09;185
888392642622;GAFAS DE SOL;OAKLEY;;OO9480;948003;57;18;141;Mujer;Negro;Prizm Black Polarized;RECTANGULAR/CUADRADA;ACETATO;NO;SI;112,27;247
888392642639;GAFAS DE SOL;OAKLEY;;OO9480;948006;57;18;141;Mujer;Gris;Prizm Deep Water Polarized;RECTANGULAR/CUADRADA;ACETATO;NO;SI;112,27;247
888392642721;GAFAS DE SOL;OAKLEY;;OO9480;948007;57;18;141;Mujer;Azul;Prizm Rose Gold;RECTANGULAR/CUADRADA;ACETATO;NO;NO;98,64;217
888392664464;GAFAS DE SOL;OAKLEY;;OO9480;948009;57;18;141;Mujer;Gris;Prizm Rose Gold;RECTANGULAR/CUADRADA;ACETATO;NO;NO;89,55;197
888392664471;GAFAS DE SOL;OAKLEY;;OO9480;948010;57;18;141;Mujer;Verde;Prizm Grey Polarized;RECTANGULAR/CUADRADA;ACETATO;NO;SI;106,82;235
888392677051;GAFAS DE SOL;OAKLEY;;OO9480;948012;57;18;141;Mujer;Azul;Prizm Black Polarized;RECTANGULAR/CUADRADA;ACETATO;NO;SI;112,27;247
888392701176;GAFAS DE SOL;OAKLEY;;OO9480;948013;57;18;141;Mujer;Violeta;Prizm pizarra;RECTANGULAR/CUADRADA;ACETATO;NO;NO;84,09;185
888392642486;GAFAS DE SOL;OAKLEY;;OO9481D;948101;56;156;124;Unisex;Negro;Prizm Black;RECTANGULAR/CUADRADA;ACETATO;NO;NO;146,36;322
888392642509;GAFAS DE SOL;OAKLEY;;OO9481D;948102;56;156;124;Unisex;Gris;Prizm Sapphire;RECTANGULAR/CUADRADA;ACETATO;NO;NO;146,36;322
888392642516;GAFAS DE SOL;OAKLEY;;OO9481D;948103;56;156;124;Unisex;Blanco;Prizm Road;RECTANGULAR/CUADRADA;ACETATO;NO;NO;146,36;322
888392642493;GAFAS DE SOL;OAKLEY;;OO9481D;948104;56;156;124;Unisex;Amarillo;Prizm 24K;RECTANGULAR/CUADRADA;ACETATO;NO;NO;146,36;322
888392642462;GAFAS DE SOL;OAKLEY;;OO9481D;948105;56;156;124;Unisex;Azul;Prizm Ruby;RECTANGULAR/CUADRADA;ACETATO;NO;NO;146,36;322
888392624840;GAFAS DE SOL;OAKLEY;;OO9482;948201;57;14;139;Unisex;Negro;Prizm Black Polarized;RECTANGULAR/CUADRADA;ACETATO;NO;SI;105,45;232
888392624857;GAFAS DE SOL;OAKLEY;;OO9482;948202;57;14;139;Unisex;Negro;Prizm Jade;RECTANGULAR/CUADRADA;ACETATO;NO;NO;82,73;182
888392624864;GAFAS DE SOL;OAKLEY;;OO9482;948203;57;14;139;Unisex;Azul;Prizm Sapphire;RECTANGULAR/CUADRADA;ACETATO;NO;NO;78,18;172
888392624871;GAFAS DE SOL;OAKLEY;;OO9482;948204;57;14;139;Unisex;Gris;Prizm Ruby Polarized;RECTANGULAR/CUADRADA;ACETATO;NO;SI;105,45;232
888392624888;GAFAS DE SOL;OAKLEY;;OO9483;948301;56;17;136;Unisex;Negro;Prizm Black;RECTANGULAR/CUADRADA;ACETATO;NO;NO;89,55;197
888392624895;GAFAS DE SOL;OAKLEY;;OO9483;948302;56;17;136;Unisex;Gris;Prizm Tungsten;RECTANGULAR/CUADRADA;ACETATO;NO;NO;89,55;197
888392624901;GAFAS DE SOL;OAKLEY;;OO9483;948303;56;17;136;Unisex;Transparente;Prizm Deep Water Polarized;RECTANGULAR/CUADRADA;ACETATO;NO;SI;112,27;247
888392624918;GAFAS DE SOL;OAKLEY;;OO9483;948304;56;17;136;Unisex;Negro;Prizm Grey Polarized;RECTANGULAR/CUADRADA;ACETATO;NO;SI;106,82;235
888392648006;GAFAS DE SOL;OAKLEY;;OO9484D;948401;49;149;136;Unisex;Negro;Prizm Black;RECTANGULAR/CUADRADA;ACETATO;NO;NO;103,18;227
888392648013;GAFAS DE SOL;OAKLEY;;OO9484D;948402;49;149;136;Unisex;Negro;Prizm Road;RECTANGULAR/CUADRADA;ACETATO;NO;NO;103,18;227
888392648020;GAFAS DE SOL;OAKLEY;;OO9484D;948403;49;149;136;Unisex;Gris;Prizm Sapphire;RECTANGULAR/CUADRADA;ACETATO;NO;NO;103,18;227
888392648037;GAFAS DE SOL;OAKLEY;;OO9484D;948404;49;149;136;Unisex;Blanco;Prizm 24K;RECTANGULAR/CUADRADA;ACETATO;NO;NO;103,18;227
888392648044;GAFAS DE SOL;OAKLEY;;OO9484D;948405;49;149;136;Unisex;Azul;Prizm Ruby;RECTANGULAR/CUADRADA;ACETATO;NO;NO;97,27;214
888392648051;GAFAS DE SOL;OAKLEY;;OO9484D;948406;49;149;136;Unisex;Gris;Clear To Black Iridium Photochromic;RECTANGULAR/CUADRADA;ACETATO;SI;NO;115,91;255
888392666376;GAFAS DE SOL;OAKLEY;;OO9484D;948409;49;149;136;Unisex;Azul;Prizm Road Jade;RECTANGULAR/CUADRADA;ACETATO;NO;NO;97,27;214
888392677075;GAFAS DE SOL;OAKLEY;;OO9484D;948410;49;149;136;Unisex;Azul;Prizm Tungsten;RECTANGULAR/CUADRADA;ACETATO;NO;NO;103,18;227
888392686923;GAFAS DE SOL;OAKLEY;;OO9484D;948411;49;149;136;Unisex;Rosa;Prizm Low Light;RECTANGULAR/CUADRADA;ACETATO;NO;NO;97,73;215
888392648471;GAFAS DE SOL;OAKLEY;;OO9485;948501;59;18;132;Unisex;Negro;Prizm Grey Polarized;RECTANGULAR/CUADRADA;ACETATO;NO;SI;113,64;250
888392648488;GAFAS DE SOL;OAKLEY;;OO9485;948502;59;18;132;Unisex;Marrón;Prizm bronce degradado;RECTANGULAR/CUADRADA;ACETATO;NO;NO;90,91;200
888392676665;GAFAS DE SOL;OAKLEY;;OO9485;948507;59;18;132;Unisex;Marrón;Prizm bronce degradado;RECTANGULAR/CUADRADA;ACETATO;NO;NO;100;220
888392686862;GAFAS DE SOL;OAKLEY;;OO9485;948508;59;18;132;Unisex;Marrón;Prizm Peach;RECTANGULAR/CUADRADA;ACETATO;NO;NO;90,91;200
888392664525;GAFAS DE SOL;OAKLEY;;OO9486;948601;60;19;131;Hombre;Negro;Prizm Grey;RECTANGULAR/CUADRADA;ACETATO;NO;NO;59,55;131
888392664532;GAFAS DE SOL;OAKLEY;;OO9486;948602;60;19;131;Hombre;Gris;Prizm Black;RECTANGULAR/CUADRADA;ACETATO;NO;NO;65;143
888392664549;GAFAS DE SOL;OAKLEY;;OO9486;948603;60;19;131;Hombre;Blanco;Prizm Black;RECTANGULAR/CUADRADA;ACETATO;NO;NO;65;143
888392664556;GAFAS DE SOL;OAKLEY;;OO9486;948604;60;19;131;Hombre;Verde;Prizm Tungsten;RECTANGULAR/CUADRADA;ACETATO;NO;NO;65;143
888392664563;GAFAS DE SOL;OAKLEY;;OO9486;948605;60;19;131;Hombre;Negro;Prizm Sapphire Polarized;RECTANGULAR/CUADRADA;ACETATO;NO;SI;87,73;193
888392664570;GAFAS DE SOL;OAKLEY;;OO9486;948606;60;19;131;Hombre;Negro;Prizm Black Polarized;RECTANGULAR/CUADRADA;ACETATO;NO;SI;87,73;193
888392664587;GAFAS DE SOL;OAKLEY;;OO9486;948607;60;19;131;Hombre;Transparente;Prizm Deep Water Polarized;RECTANGULAR/CUADRADA;ACETATO;NO;SI;87,73;193
888392666741;GAFAS DE SOL;OAKLEY;;OO9486;948608;60;19;131;Hombre;Amarillo;Prizm bronce degradado;RECTANGULAR/CUADRADA;ACETATO;NO;NO;68,64;151
888392675019;GAFAS DE SOL;OAKLEY;;OO9486;948609;60;19;131;Hombre;Azul;Prizm 24k Polarized;RECTANGULAR/CUADRADA;ACETATO;NO;SI;87,73;193
888392675439;GAFAS DE SOL;OAKLEY;;OO9486;948610;60;19;131;Hombre;Cobre;Prizm Bronze;RECTANGULAR/CUADRADA;ACETATO;NO;NO;59,55;131
888392684141;GAFAS DE SOL;OAKLEY;;OO9486;948614;60;19;131;Hombre;Transparente;Prizm pizarra;RECTANGULAR/CUADRADA;ACETATO;NO;NO;59,55;131
888392684837;GAFAS DE SOL;OAKLEY;;OO9486;948615;60;19;131;Hombre;Transparente;Prizm Black Polarized;RECTANGULAR/CUADRADA;ACETATO;NO;SI;87,73;193
888392684820;GAFAS DE SOL;OAKLEY;;OO9486;948616;60;19;131;Hombre;Marrón;Prizm Peach;RECTANGULAR/CUADRADA;ACETATO;NO;NO;59,55;131
888392701183;GAFAS DE SOL;OAKLEY;;OO9486;948619;60;19;131;Hombre;Violeta;Prizm Grey Polarized;RECTANGULAR/CUADRADA;ACETATO;NO;SI;82,27;181
888392662729;GAFAS DE SOL;OAKLEY;;OO9487;948701;61;18;143;Unisex;Negro;Prizm Grey;RECTANGULAR/CUADRADA;ACETATO;NO;NO;70,45;155
888392664594;GAFAS DE SOL;OAKLEY;;OO9487;948702;61;18;143;Unisex;Negro;Prizm Black;RECTANGULAR/CUADRADA;ACETATO;NO;NO;75,91;167
888392664600;GAFAS DE SOL;OAKLEY;;OO9487;948703;61;18;143;Unisex;Negro;Prizm Black Polarized;RECTANGULAR/CUADRADA;ACETATO;NO;SI;98,64;217
888392664617;GAFAS DE SOL;OAKLEY;;OO9487;948704;61;18;143;Unisex;Gris;Prizm Deep Water Polarized;RECTANGULAR/CUADRADA;ACETATO;NO;SI;98,64;217
888392664624;GAFAS DE SOL;OAKLEY;;OO9487;948705;61;18;143;Unisex;Negro;Prizm Sapphire;RECTANGULAR/CUADRADA;ACETATO;NO;NO;75,91;167
888392664631;GAFAS DE SOL;OAKLEY;;OO9487;948706;61;18;143;Unisex;Gris;Prizm Ruby;RECTANGULAR/CUADRADA;ACETATO;NO;NO;75,91;167
888392664648;GAFAS DE SOL;OAKLEY;;OO9487;948707;61;18;143;Unisex;Transparente;Prizm Sapphire Polarized;RECTANGULAR/CUADRADA;ACETATO;NO;SI;98,64;217
888392664655;GAFAS DE SOL;OAKLEY;;OO9487;948708;61;18;143;Unisex;Gris;Prizm Tungsten Polarized;RECTANGULAR/CUADRADA;ACETATO;NO;SI;98,64;217
888392665959;GAFAS DE SOL;OAKLEY;;OO9488;948801;63;10;131;Hombre;Negro;Prizm Golf;RECTANGULAR/CUADRADA;ACETATO;NO;NO;89,55;197
888392665966;GAFAS DE SOL;OAKLEY;;OO9488;948802;63;10;131;Hombre;Blanco;Prizm Sapphire;RECTANGULAR/CUADRADA;ACETATO;NO;NO;89,55;197
888392665973;GAFAS DE SOL;OAKLEY;;OO9488;948803;63;10;131;Hombre;Blanco;Prizm Field;RECTANGULAR/CUADRADA;ACETATO;NO;NO;89,55;197
888392665980;GAFAS DE SOL;OAKLEY;;OO9488;948804;63;10;131;Hombre;Negro;Prizm Black Polarized;RECTANGULAR/CUADRADA;ACETATO;NO;SI;112,27;247
888392665997;GAFAS DE SOL;OAKLEY;;OO9488;948805;63;10;131;Hombre;Negro;Prizm Deep Water Polarized;RECTANGULAR/CUADRADA;ACETATO;NO;SI;112,27;247
888392666000;GAFAS DE SOL;OAKLEY;;OO9488;948806;63;10;131;Hombre;Negro;Prizm Black;RECTANGULAR/CUADRADA;ACETATO;NO;NO;89,55;197
888392666017;GAFAS DE SOL;OAKLEY;;OO9488;948807;63;10;131;Hombre;Gris;Clear To Black Iridium Photochromic;RECTANGULAR/CUADRADA;ACETATO;SI;NO;107,73;237
888392666024;GAFAS DE SOL;OAKLEY;;OO9488;948808;63;10;131;Hombre;Gris;Prizm Dark Golf;RECTANGULAR/CUADRADA;ACETATO;NO;NO;89,55;197
888392682499;GAFAS DE SOL;OAKLEY;;OO9488;948809;63;10;131;Hombre;Gris;Prizm 24k Polarized;RECTANGULAR/CUADRADA;ACETATO;NO;SI;112,27;247
888392684134;GAFAS DE SOL;OAKLEY;;OO9488;948810;63;10;131;Hombre;Gris;Prizm pizarra;RECTANGULAR/CUADRADA;ACETATO;NO;NO;84,09;185
888392684363;GAFAS DE SOL;OAKLEY;;OO9488;948811;63;10;131;Hombre;Blanco;Prizm Golf;RECTANGULAR/CUADRADA;ACETATO;NO;NO;89,55;197
888392684370;GAFAS DE SOL;OAKLEY;;OO9488;948812;63;10;131;Hombre;Blanco;Prizm Dark Golf;RECTANGULAR/CUADRADA;ACETATO;NO;NO;89,55;197
888392698131;GAFAS DE SOL;OAKLEY;;OO9488;948816;63;10;131;Hombre;Negro;Prizm Shallow Water Polarized;RECTANGULAR/CUADRADA;ACETATO;NO;SI;112,27;247
888392666291;GAFAS DE SOL;OAKLEY;;OO9490;949001;40;140;115;Unisex;Negro;Prizm Grey;REDONDA/OVALADA;ACETATO;NO;NO;140,91;310
888392666307;GAFAS DE SOL;OAKLEY;;OO9490;949002;40;140;115;Unisex;Blanco;Prizm Sapphire;REDONDA/OVALADA;ACETATO;NO;NO;146,36;322
888392666321;GAFAS DE SOL;OAKLEY;;OO9490;949004;40;140;115;Unisex;Rojo;Prizm Road;REDONDA/OVALADA;ACETATO;NO;NO;138,18;304
888392666338;GAFAS DE SOL;OAKLEY;;OO9490;949005;40;140;115;Unisex;Gris;Prizm Trail Torch;REDONDA/OVALADA;ACETATO;NO;NO;146,36;322
888392666345;GAFAS DE SOL;OAKLEY;;OO9490;949006;40;140;115;Unisex;Negro;Prizm Low Light;REDONDA/OVALADA;ACETATO;NO;NO;133,64;294
888392678133;GAFAS DE SOL;OAKLEY;;OO9490;949008;40;140;115;Unisex;Amarillo;Prizm 24K;REDONDA/OVALADA;ACETATO;NO;NO;146,36;322
888392686893;GAFAS DE SOL;OAKLEY;;OO9490;949009;40;140;115;Unisex;Verde;Prizm Ruby;REDONDA/OVALADA;ACETATO;NO;NO;146,36;322
888392660442;GAFAS DE SOL;OAKLEY;;OO9491;949101;61;16;130;Unisex;Negro;Prizm Black;RECTANGULAR/CUADRADA;ACETATO;NO;NO;78,64;173
888392660435;GAFAS DE SOL;OAKLEY;;OO9491;949102;61;16;130;Unisex;Blanco;Prizm Black;RECTANGULAR/CUADRADA;ACETATO;NO;NO;78,64;173
888392660428;GAFAS DE SOL;OAKLEY;;OO9491;949104;61;16;130;Unisex;Verde;Prizm Jade;RECTANGULAR/CUADRADA;ACETATO;NO;NO;77,73;171
888392675057;GAFAS DE SOL;OAKLEY;;OO9491;949105;61;16;130;Unisex;Azul;Prizm Black;RECTANGULAR/CUADRADA;ACETATO;NO;NO;78,64;173
888392698896;GAFAS DE SOL;OAKLEY;;OO9491;949106;61;16;130;Unisex;Negro;Prizm Black;RECTANGULAR/CUADRADA;ACETATO;NO;NO;78,64;173
888392660497;GAFAS DE SOL;OAKLEY;;OO9492;949201;60;13;140;Unisex;Negro;Prizm Black;RECTANGULAR/CUADRADA;ACETATO;NO;NO;78,64;173
888392660480;GAFAS DE SOL;OAKLEY;;OO9492;949202;60;13;140;Unisex;Blanco;Prizm Black;RECTANGULAR/CUADRADA;ACETATO;NO;NO;78,64;173
888392675064;GAFAS DE SOL;OAKLEY;;OO9492;949205;60;13;140;Unisex;Azul;Prizm 24k Polarized;RECTANGULAR/CUADRADA;ACETATO;NO;SI;101,36;223
888392676979;GAFAS DE SOL;OAKLEY;;OO9492;949206;60;13;140;Unisex;Rojo;Prizm Black;RECTANGULAR/CUADRADA;ACETATO;NO;NO;87,73;193
888392682505;GAFAS DE SOL;OAKLEY;;OO9492;949207;60;13;140;Unisex;Transparente;Prizm Black;RECTANGULAR/CUADRADA;ACETATO;NO;NO;78,64;173
888392687173;GAFAS DE SOL;OAKLEY;;OO9492;949208;60;13;140;Unisex;Gris;Prizm Jade;RECTANGULAR/CUADRADA;ACETATO;NO;NO;78,64;173
888392698889;GAFAS DE SOL;OAKLEY;;OO9492;949209;60;13;140;Unisex;Negro;Prizm Grey;RECTANGULAR/CUADRADA;ACETATO;NO;NO;73,18;161
888392660534;GAFAS DE SOL;OAKLEY;;OO9493;949301;30;130;140;Unisex;Negro;Prizm Black;RECTANGULAR/CUADRADA;ACETATO;NO;NO;78,64;173
888392660527;GAFAS DE SOL;OAKLEY;;OO9493;949302;30;130;140;Unisex;Blanco;Prizm Black;RECTANGULAR/CUADRADA;ACETATO;NO;NO;78,64;173
888392677044;GAFAS DE SOL;OAKLEY;;OO9493;949305;30;130;140;Unisex;Verde;Prizm 24K;RECTANGULAR/CUADRADA;ACETATO;NO;NO;78,64;173
888392660558;GAFAS DE SOL;OAKLEY;;OO9494;949401;59;16;140;Unisex;Negro;Prizm Black;RECTANGULAR/CUADRADA;ACETATO;NO;NO;78,64;173
888392660565;GAFAS DE SOL;OAKLEY;;OO9494;949402;59;16;140;Unisex;Blanco;Prizm Black;RECTANGULAR/CUADRADA;ACETATO;NO;NO;78,64;173
888392660572;GAFAS DE SOL;OAKLEY;;OO9494;949403;59;16;140;Unisex;Gris;Prizm Berry;RECTANGULAR/CUADRADA;ACETATO;NO;NO;73,18;161
888392675071;GAFAS DE SOL;OAKLEY;;OO9494;949405;59;16;140;Unisex;Naranja;Prizm Bronze;RECTANGULAR/CUADRADA;ACETATO;NO;NO;73,18;161
888392680839;GAFAS DE SOL;OAKLEY;;OO9494;949406;59;16;140;Unisex;Violeta;Prizm Black;RECTANGULAR/CUADRADA;ACETATO;NO;NO;87,73;193
888392687166;GAFAS DE SOL;OAKLEY;;OO9494;949407;59;16;140;Unisex;Verde;Prizm pizarra;RECTANGULAR/CUADRADA;ACETATO;NO;NO;73,18;161
888392698902;GAFAS DE SOL;OAKLEY;;OO9494;949408;59;16;140;Unisex;Negro;Prizm Violet;RECTANGULAR/CUADRADA;ACETATO;NO;NO;78,64;173
888392667045;GAFAS DE SOL;OAKLEY;;OO9495D;949501;36;136;133;Unisex;Negro;Prizm Black Polarized;RECTANGULAR/CUADRADA;ACETATO;NO;SI;125,91;277
888392667052;GAFAS DE SOL;OAKLEY;;OO9495D;949502;36;136;133;Unisex;Negro;Clear To Black Iridium Photochromic;RECTANGULAR/CUADRADA;ACETATO;SI;NO;121,36;267
888392667069;GAFAS DE SOL;OAKLEY;;OO9495D;949503;36;136;133;Unisex;Gris;Prizm Ruby;RECTANGULAR/CUADRADA;ACETATO;NO;NO;103,18;227
888392667076;GAFAS DE SOL;OAKLEY;;OO9495D;949504;36;136;133;Unisex;Azul;Prizm Black;RECTANGULAR/CUADRADA;ACETATO;NO;NO;103,18;227
888392667083;GAFAS DE SOL;OAKLEY;;OO9495D;949505;36;136;133;Unisex;Blanco;Prizm 24k Polarized;RECTANGULAR/CUADRADA;ACETATO;NO;SI;125,91;277
888392667090;GAFAS DE SOL;OAKLEY;;OO9495D;949506;36;136;133;Unisex;Negro;Prizm Grey;RECTANGULAR/CUADRADA;ACETATO;NO;NO;97,73;215
888392667106;GAFAS DE SOL;OAKLEY;;OO9495D;949507;36;136;133;Unisex;Azul;Prizm Grey;RECTANGULAR/CUADRADA;ACETATO;NO;NO;97,73;215
888392667113;GAFAS DE SOL;OAKLEY;;OO9495D;949508;36;136;133;Unisex;Blanco;Prizm pizarra;RECTANGULAR/CUADRADA;ACETATO;NO;NO;97,73;215
888392667120;GAFAS DE SOL;OAKLEY;;OO9495D;949509;36;136;133;Unisex;Gris;Prizm pizarra;RECTANGULAR/CUADRADA;ACETATO;NO;NO;97,73;215
888392665843;GAFAS DE SOL;OAKLEY;;OO9496;949601;34;134;139;Unisex;Negro;Prizm Black;RECTANGULAR/CUADRADA;ACETATO;NO;NO;89,55;197
888392665850;GAFAS DE SOL;OAKLEY;;OO9496;949602;34;134;139;Unisex;Blanco;Prizm Ruby;RECTANGULAR/CUADRADA;ACETATO;NO;NO;89,55;197
888392665867;GAFAS DE SOL;OAKLEY;;OO9496;949603;34;134;139;Unisex;Azul;Prizm Sapphire;RECTANGULAR/CUADRADA;ACETATO;NO;NO;89,55;197
888392665874;GAFAS DE SOL;OAKLEY;;OO9496;949604;34;134;139;Unisex;Negro;Prizm Jade;RECTANGULAR/CUADRADA;ACETATO;NO;NO;89,55;197
888392665881;GAFAS DE SOL;OAKLEY;;OO9496;949605;34;134;139;Unisex;Negro;Prizm Sapphire;RECTANGULAR/CUADRADA;ACETATO;NO;NO;89,55;197
888392665898;GAFAS DE SOL;OAKLEY;;OO9496;949606;34;134;139;Unisex;Blanco;Prizm Road;RECTANGULAR/CUADRADA;ACETATO;NO;NO;89,55;197
888392665904;GAFAS DE SOL;OAKLEY;;OO9496;949607;34;134;139;Unisex;Negro;Clear To Black Iridium Photochromic;RECTANGULAR/CUADRADA;ACETATO;SI;NO;102,27;225
888392665911;GAFAS DE SOL;OAKLEY;;OO9496;949608;34;134;139;Unisex;Blanco;Prizm Low Light;RECTANGULAR/CUADRADA;ACETATO;NO;NO;84,09;185
888392665928;GAFAS DE SOL;OAKLEY;;OO9496;949609;34;134;139;Unisex;Gris;Prizm 24K;RECTANGULAR/CUADRADA;ACETATO;NO;NO;89,55;197
888392665935;GAFAS DE SOL;OAKLEY;;OO9496;949610;34;134;139;Unisex;Marrón;Prizm Dark Golf;RECTANGULAR/CUADRADA;ACETATO;NO;NO;89,55;197
888392665942;GAFAS DE SOL;OAKLEY;;OO9496;949611;34;134;139;Unisex;Verde;Prizm Black;RECTANGULAR/CUADRADA;ACETATO;NO;NO;89,55;197
888392687272;GAFAS DE SOL;OAKLEY;;OO9496;949614;34;134;139;Unisex;Rosa;Prizm Road;RECTANGULAR/CUADRADA;ACETATO;NO;NO;89,55;197
888392675644;GAFAS DE SOL;OAKLEY;;OO9497;949701;58;16;140;Hombre;Negro;Prizm Grey;RECTANGULAR/CUADRADA;ACETATO;NO;NO;59,55;131
888392675651;GAFAS DE SOL;OAKLEY;;OO9497;949702;58;16;140;Hombre;Negro;Prizm Black Polarized;RECTANGULAR/CUADRADA;ACETATO;NO;SI;87,73;193
888392675668;GAFAS DE SOL;OAKLEY;;OO9497;949703;58;16;140;Hombre;Gris;Prizm Black;RECTANGULAR/CUADRADA;ACETATO;NO;NO;65;143
888392675675;GAFAS DE SOL;OAKLEY;;OO9497;949704;58;16;140;Hombre;Blanco;Prizm Deep Water Polarized;RECTANGULAR/CUADRADA;ACETATO;NO;SI;87,73;193
888392675682;GAFAS DE SOL;OAKLEY;;OO9497;949705;58;16;140;Hombre;Verde;Prizm Tungsten Polarized;RECTANGULAR/CUADRADA;ACETATO;NO;SI;87,73;193
888392675699;GAFAS DE SOL;OAKLEY;;OO9497;949706;58;16;140;Hombre;Marrón;Prizm Rose Gold;RECTANGULAR/CUADRADA;ACETATO;NO;NO;65;143
888392675705;GAFAS DE SOL;OAKLEY;;OO9497;949707;58;16;140;Hombre;Marrón;Prizm Bronze;RECTANGULAR/CUADRADA;ACETATO;NO;NO;59,55;131
888392675712;GAFAS DE SOL;OAKLEY;;OO9497;949708;58;16;140;Hombre;Azul;Prizm Black;RECTANGULAR/CUADRADA;ACETATO;NO;NO;65;143
888392686886;GAFAS DE SOL;OAKLEY;;OO9497;949709;58;16;140;Hombre;Verde;Prizm Tungsten Polarized;RECTANGULAR/CUADRADA;ACETATO;NO;SI;87,73;193
888392701893;GAFAS DE SOL;OAKLEY;;OO9497;949744;58;16;140;Hombre;Verde;Prizm Grey;RECTANGULAR/CUADRADA;ACETATO;NO;NO;68,64;151
888392665225;GAFAS DE SOL;OAKLEY;;OO9499;949901;36;136;130;Unisex;Negro;Prizm Black Polarized;RECTANGULAR/CUADRADA;ACETATO;NO;SI;125,91;277
888392665232;GAFAS DE SOL;OAKLEY;;OO9499;949902;36;136;130;Unisex;Blanco;Prizm Field;RECTANGULAR/CUADRADA;ACETATO;NO;NO;103,18;227
888392665249;GAFAS DE SOL;OAKLEY;;OO9499;949903;36;136;130;Unisex;Azul;Prizm Sapphire Polarized;RECTANGULAR/CUADRADA;ACETATO;NO;SI;125,91;277
888392665256;GAFAS DE SOL;OAKLEY;;OO9499;949904;36;136;130;Unisex;Blanco;Prizm Road Jade;RECTANGULAR/CUADRADA;ACETATO;NO;NO;103,18;227
888392665263;GAFAS DE SOL;OAKLEY;;OO9499;949905;36;136;130;Unisex;Verde;Prizm 24k Polarized;RECTANGULAR/CUADRADA;ACETATO;NO;SI;125,91;277
888392665270;GAFAS DE SOL;OAKLEY;;OO9499;949906;36;136;130;Unisex;Gris;Prizm Road;RECTANGULAR/CUADRADA;ACETATO;NO;NO;103,18;227
888392665287;GAFAS DE SOL;OAKLEY;;OO9499;949907;36;136;130;Unisex;Gris;Prizm Low Light;RECTANGULAR/CUADRADA;ACETATO;NO;NO;97,73;215
888392666055;GAFAS DE SOL;OAKLEY;;OO9499;949908;36;136;130;Unisex;Negro;Prizm 24k Polarized;RECTANGULAR/CUADRADA;ACETATO;NO;SI;129,09;284
888392675583;GAFAS DE SOL;OAKLEY;;OO9499;949910;36;136;130;Unisex;Transparente;Prizm Road Black;RECTANGULAR/CUADRADA;ACETATO;NO;NO;103,18;227
888392675576;GAFAS DE SOL;OAKLEY;;OO9499;949911;36;136;130;Unisex;Gris;Prizm Deep Water Polarized;RECTANGULAR/CUADRADA;ACETATO;NO;SI;125,91;277
888392684806;GAFAS DE SOL;OAKLEY;;OO9499;949912;36;136;130;Unisex;Negro;Clear To Black Iridium Photochromic;RECTANGULAR/CUADRADA;ACETATO;SI;NO;121,36;267
888392684790;GAFAS DE SOL;OAKLEY;;OO9499;949913;36;136;130;Unisex;Rosa;Prizm Road Black;RECTANGULAR/CUADRADA;ACETATO;NO;NO;103,18;227
888392684813;GAFAS DE SOL;OAKLEY;;OO9499;949914;36;136;130;Unisex;Azul;Prizm Road Jade;RECTANGULAR/CUADRADA;ACETATO;NO;NO;103,18;227
888392689016;GAFAS DE SOL;OAKLEY;;OO9499;949915;36;136;130;Unisex;Negro;Prizm 24k Polarized;RECTANGULAR/CUADRADA;ACETATO;NO;SI;130,45;287
888392672124;GAFAS DE SOL;OAKLEY;;OO9503;950301;58;17;143;Unisex;Gris;Prizm Ruby;REDONDA/OVALADA;ACETATO;NO;NO;82,73;182
888392672131;GAFAS DE SOL;OAKLEY;;OO9503;950302;58;17;143;Unisex;Marrón;Prizm Tungsten Polarized;REDONDA/OVALADA;ACETATO;NO;SI;105,45;232
888392672148;GAFAS DE SOL;OAKLEY;;OO9503;950303;58;17;143;Unisex;Azul;Prizm Deep Water Polarized;REDONDA/OVALADA;ACETATO;NO;SI;105,45;232
888392672155;GAFAS DE SOL;OAKLEY;;OO9503;950304;58;17;143;Unisex;Verde;Prizm 24k Polarized;REDONDA/OVALADA;ACETATO;NO;SI;105,45;232
888392672162;GAFAS DE SOL;OAKLEY;;OO9503;950305;58;17;143;Unisex;Transparente;Prizm Violet;REDONDA/OVALADA;ACETATO;NO;NO;82,73;182
888392672179;GAFAS DE SOL;OAKLEY;;OO9503;950306;58;17;143;Unisex;Negro;Prizm Grey;REDONDA/OVALADA;ACETATO;NO;NO;77,27;170
888392672186;GAFAS DE SOL;OAKLEY;;OO9503;950307;58;17;143;Unisex;Verde;Prizm Black;REDONDA/OVALADA;ACETATO;NO;NO;82,73;182
888392672193;GAFAS DE SOL;OAKLEY;;OO9503;950308;58;17;143;Unisex;Negro;Prizm Black Polarized;REDONDA/OVALADA;ACETATO;NO;SI;105,45;232
888392672810;GAFAS DE SOL;OAKLEY;;OO9506D;950601;57;17;137;Unisex;Negro;Prizm Sapphire;RECTANGULAR/CUADRADA;ACETATO;NO;NO;82,73;182
888392672803;GAFAS DE SOL;OAKLEY;;OO9506D;950602;57;17;137;Unisex;Verde;Prizm Jade;RECTANGULAR/CUADRADA;ACETATO;NO;NO;82,73;182
888392672797;GAFAS DE SOL;OAKLEY;;OO9506D;950603;57;17;137;Unisex;Marrón;Prizm Tungsten;RECTANGULAR/CUADRADA;ACETATO;NO;NO;82,73;182
888392672780;GAFAS DE SOL;OAKLEY;;OO9506D;950604;57;17;137;Unisex;Gris;Prizm pizarra;RECTANGULAR/CUADRADA;ACETATO;NO;NO;77,27;170
888392672773;GAFAS DE SOL;OAKLEY;;OO9506D;950605;57;17;137;Unisex;Azul;Prizm Grey;RECTANGULAR/CUADRADA;ACETATO;NO;NO;77,27;170
888392672766;GAFAS DE SOL;OAKLEY;;OO9506D;950606;57;17;137;Unisex;Gris;Prizm Black;RECTANGULAR/CUADRADA;ACETATO;NO;NO;82,73;182
888392672759;GAFAS DE SOL;OAKLEY;;OO9506D;950607;57;17;137;Unisex;Transparente;Prizm Sapphire;RECTANGULAR/CUADRADA;ACETATO;NO;NO;82,73;182
888392673169;GAFAS DE SOL;OAKLEY;;OO9507D;950701;52;18;137;Unisex;Negro;Prizm Sapphire;RECTANGULAR/CUADRADA;ACETATO;NO;NO;82,73;182
888392673176;GAFAS DE SOL;OAKLEY;;OO9507D;950702;52;18;137;Unisex;Verde;Prizm Jade;RECTANGULAR/CUADRADA;ACETATO;NO;NO;82,73;182
888392673183;GAFAS DE SOL;OAKLEY;;OO9507D;950703;52;18;137;Unisex;Marrón;Prizm Tungsten;RECTANGULAR/CUADRADA;ACETATO;NO;NO;82,73;182
888392673190;GAFAS DE SOL;OAKLEY;;OO9507D;950704;52;18;137;Unisex;Gris;Prizm pizarra;RECTANGULAR/CUADRADA;ACETATO;NO;NO;77,27;170
888392673206;GAFAS DE SOL;OAKLEY;;OO9507D;950705;52;18;137;Unisex;Gris;Prizm Black;RECTANGULAR/CUADRADA;ACETATO;NO;NO;82,73;182
888392673213;GAFAS DE SOL;OAKLEY;;OO9507D;950706;52;18;137;Unisex;Verde;Prizm Grey;RECTANGULAR/CUADRADA;ACETATO;NO;NO;77,27;170
888392673220;GAFAS DE SOL;OAKLEY;;OO9507D;950707;52;18;137;Unisex;Gris;Prizm Black;RECTANGULAR/CUADRADA;ACETATO;NO;NO;82,73;182
888392668707;GAFAS DE SOL;OAKLEY;;OO9508;950801;53;16;133;Hombre;Transparente;Prizm Sapphire;REDONDA/OVALADA;ACETATO;NO;NO;65;143
888392668714;GAFAS DE SOL;OAKLEY;;OO9508;950802;53;16;133;Hombre;Transparente;Prizm Violet;REDONDA/OVALADA;ACETATO;NO;NO;65;143
888392668721;GAFAS DE SOL;OAKLEY;;OO9508;950803;53;16;133;Hombre;Carey;Prizm Tungsten;REDONDA/OVALADA;ACETATO;NO;NO;65;143
888392668738;GAFAS DE SOL;OAKLEY;;OO9508;950804;53;16;133;Hombre;Negro;Prizm Violet;REDONDA/OVALADA;ACETATO;NO;NO;65;143
888392668745;GAFAS DE SOL;OAKLEY;;OO9508;950805;53;16;133;Hombre;Negro;Prizm Sapphire Polarized;REDONDA/OVALADA;ACETATO;NO;SI;87,73;193
888392668752;GAFAS DE SOL;OAKLEY;;OO9508;950806;53;16;133;Hombre;Negro;Prizm Black Polarized;REDONDA/OVALADA;ACETATO;NO;SI;87,73;193
888392677648;GAFAS DE SOL;OAKLEY;;OO9508;950807;53;16;133;Hombre;Azul;Prizm Gaming™ 2.0;REDONDA/OVALADA;ACETATO;NO;NO;74,09;163
888392668769;GAFAS DE SOL;OAKLEY;;OO9509;950901;53;16;128;Hombre;Negro;Prizm Black Polarized;RECTANGULAR/CUADRADA;ACETATO;NO;SI;98,64;217
888392668776;GAFAS DE SOL;OAKLEY;;OO9509;950902;53;16;128;Hombre;Negro;Prizm Grey;RECTANGULAR/CUADRADA;ACETATO;NO;NO;70,45;155
888392668790;GAFAS DE SOL;OAKLEY;;OO9509;950904;53;16;128;Hombre;Negro;Prizm Sapphire Polarized;RECTANGULAR/CUADRADA;ACETATO;NO;SI;98,64;217
888392668806;GAFAS DE SOL;OAKLEY;;OO9509;950905;53;16;128;Hombre;Gris;Prizm Deep Water Polarized;RECTANGULAR/CUADRADA;ACETATO;NO;SI;98,64;217
888392668813;GAFAS DE SOL;OAKLEY;;OO9509;950906;53;16;128;Hombre;Negro;Prizm Violet;RECTANGULAR/CUADRADA;ACETATO;NO;NO;75,91;167
888392668844;GAFAS DE SOL;OAKLEY;;OO9510;951001;31;130;122;Hombre;Blanco;Prizm Sapphire;RECTANGULAR/CUADRADA;ACETATO;NO;NO;100,91;222
888392668868;GAFAS DE SOL;OAKLEY;;OO9510;951002;31;130;122;Hombre;Blanco;Prizm Field;RECTANGULAR/CUADRADA;ACETATO;NO;NO;100,91;222
888392668882;GAFAS DE SOL;OAKLEY;;OO9510;951003;31;130;122;Hombre;Blanco;Prizm Road;RECTANGULAR/CUADRADA;ACETATO;NO;NO;100,91;222
888392668820;GAFAS DE SOL;OAKLEY;;OO9510;951004;31;130;122;Hombre;Negro;Prizm 24k Polarized;RECTANGULAR/CUADRADA;ACETATO;NO;SI;123,64;272
888392668837;GAFAS DE SOL;OAKLEY;;OO9510;951005;31;130;122;Hombre;Negro;Prizm Black Polarized;RECTANGULAR/CUADRADA;ACETATO;NO;SI;123,64;272
888392668851;GAFAS DE SOL;OAKLEY;;OO9510;951006;31;130;122;Hombre;Negro;Prizm Deep Water Polarized;RECTANGULAR/CUADRADA;ACETATO;NO;SI;123,64;272
888392668875;GAFAS DE SOL;OAKLEY;;OO9510;951007;31;130;122;Hombre;Negro;Prizm Road;RECTANGULAR/CUADRADA;ACETATO;NO;NO;100,91;222
888392668899;GAFAS DE SOL;OAKLEY;;OO9510;951008;31;130;122;Hombre;Gris;Clear To Black Iridium Photochromic;RECTANGULAR/CUADRADA;ACETATO;SI;NO;119,09;262
888392668905;GAFAS DE SOL;OAKLEY;;OO9511;951101;59;16;123;Unisex;Negro;Prizm Golf;RECTANGULAR/CUADRADA;ACETATO;NO;NO;89,55;197
888392668912;GAFAS DE SOL;OAKLEY;;OO9511;951102;59;16;123;Unisex;Blanco;Prizm Sapphire;RECTANGULAR/CUADRADA;ACETATO;NO;NO;89,55;197
888392668929;GAFAS DE SOL;OAKLEY;;OO9511;951103;59;16;123;Unisex;Blanco;Prizm Field;RECTANGULAR/CUADRADA;ACETATO;NO;NO;89,55;197
888392668936;GAFAS DE SOL;OAKLEY;;OO9511;951104;59;16;123;Unisex;Negro;Prizm Black Polarized;RECTANGULAR/CUADRADA;ACETATO;NO;SI;112,27;247
888392668943;GAFAS DE SOL;OAKLEY;;OO9511;951105;59;16;123;Unisex;Negro;Prizm Deep Water Polarized;RECTANGULAR/CUADRADA;ACETATO;NO;SI;112,27;247
888392668950;GAFAS DE SOL;OAKLEY;;OO9511;951106;59;16;123;Unisex;Negro;Prizm Black;RECTANGULAR/CUADRADA;ACETATO;NO;NO;89,55;197
888392668967;GAFAS DE SOL;OAKLEY;;OO9511;951107;59;16;123;Unisex;Gris;Clear To Black Iridium Photochromic;RECTANGULAR/CUADRADA;ACETATO;SI;NO;107,73;237
888392668974;GAFAS DE SOL;OAKLEY;;OO9511;951108;59;16;123;Unisex;Gris;Prizm Dark Golf;RECTANGULAR/CUADRADA;ACETATO;NO;NO;89,55;197
888392672414;GAFAS DE SOL;OAKLEY;;OO9512D;951201;39;139;125;Unisex;Blanco;Clear To Black Iridium Photochromic;RECTANGULAR/CUADRADA;ACETATO;SI;NO;107,73;237
888392672421;GAFAS DE SOL;OAKLEY;;OO9512D;951202;39;139;125;Unisex;Blanco;Prizm Sapphire;RECTANGULAR/CUADRADA;ACETATO;NO;NO;89,55;197
888392672438;GAFAS DE SOL;OAKLEY;;OO9512D;951203;39;139;125;Unisex;Rojo;Prizm 24K;RECTANGULAR/CUADRADA;ACETATO;NO;NO;89,55;197
888392672445;GAFAS DE SOL;OAKLEY;;OO9512D;951204;39;139;125;Unisex;Azul;Prizm Low Light;RECTANGULAR/CUADRADA;ACETATO;NO;NO;84,09;185
888392672452;GAFAS DE SOL;OAKLEY;;OO9512D;951205;39;139;125;Unisex;Gris;Prizm Grey;RECTANGULAR/CUADRADA;ACETATO;NO;NO;84,09;185
888392672469;GAFAS DE SOL;OAKLEY;;OO9512D;951206;39;139;125;Unisex;Negro;Clear To Black Iridium Photochromic;RECTANGULAR/CUADRADA;ACETATO;SI;NO;107,73;237
888392698506;GAFAS DE SOL;OAKLEY;;OO9512D;951210;39;139;125;Unisex;Amarillo;Prizm Black;RECTANGULAR/CUADRADA;ACETATO;NO;NO;89,55;197
888392698520;GAFAS DE SOL;OAKLEY;;OO9512D;951212;39;139;125;Unisex;Gris;Prizm Sapphire;RECTANGULAR/CUADRADA;ACETATO;NO;NO;89,55;197
888392672629;GAFAS DE SOL;OAKLEY;;OO9513D;951301;39;139;125;Unisex;Blanco;Clear To Black Iridium Photochromic;RECTANGULAR/CUADRADA;ACETATO;SI;NO;107,73;237
888392672612;GAFAS DE SOL;OAKLEY;;OO9513D;951302;39;139;125;Unisex;Negro;Prizm Sapphire;RECTANGULAR/CUADRADA;ACETATO;NO;NO;89,55;197
888392672605;GAFAS DE SOL;OAKLEY;;OO9513D;951303;39;139;125;Unisex;Blanco;Prizm Road;RECTANGULAR/CUADRADA;ACETATO;NO;NO;89,55;197
888392672599;GAFAS DE SOL;OAKLEY;;OO9513D;951304;39;139;125;Unisex;Gris;Prizm Low Light;RECTANGULAR/CUADRADA;ACETATO;NO;NO;84,09;185
888392672582;GAFAS DE SOL;OAKLEY;;OO9513D;951305;39;139;125;Unisex;Blanco;Prizm Black;RECTANGULAR/CUADRADA;ACETATO;NO;NO;89,55;197
888392672575;GAFAS DE SOL;OAKLEY;;OO9513D;951306;39;139;125;Unisex;Azul;Prizm 24K;RECTANGULAR/CUADRADA;ACETATO;NO;NO;89,55;197
888392698537;GAFAS DE SOL;OAKLEY;;OO9513D;951310;39;139;125;Unisex;Gris;Prizm Grey;RECTANGULAR/CUADRADA;ACETATO;NO;NO;84,09;185
888392698551;GAFAS DE SOL;OAKLEY;;OO9513D;951312;39;139;125;Unisex;Gris;Prizm Ruby;RECTANGULAR/CUADRADA;ACETATO;NO;NO;89,55;197
888392680433;GAFAS DE SOL;OAKLEY;;OO9514;951401;58;18;142;Hombre;Negro;Prizm Grey;RECTANGULAR/CUADRADA;ACETATO;NO;NO;59,55;131
888392680440;GAFAS DE SOL;OAKLEY;;OO9514;951402;58;18;142;Hombre;Negro;Prizm Black Polarized;RECTANGULAR/CUADRADA;ACETATO;NO;SI;87,73;193
888392680457;GAFAS DE SOL;OAKLEY;;OO9514;951403;58;18;142;Hombre;Gris;Prizm Black;RECTANGULAR/CUADRADA;ACETATO;NO;NO;65;143
888392680464;GAFAS DE SOL;OAKLEY;;OO9514;951404;58;18;142;Hombre;Blanco;Prizm Deep Water Polarized;RECTANGULAR/CUADRADA;ACETATO;NO;SI;87,73;193
888392680471;GAFAS DE SOL;OAKLEY;;OO9514;951405;58;18;142;Hombre;Verde;Prizm Tungsten Polarized;RECTANGULAR/CUADRADA;ACETATO;NO;SI;87,73;193
888392680488;GAFAS DE SOL;OAKLEY;;OO9514;951406;58;18;142;Hombre;Transparente;Prizm Violet;RECTANGULAR/CUADRADA;ACETATO;NO;NO;65;143
888392680495;GAFAS DE SOL;OAKLEY;;OO9514;951407;58;18;142;Hombre;Marrón;Prizm Bronze;RECTANGULAR/CUADRADA;ACETATO;NO;NO;59,55;131
888392680501;GAFAS DE SOL;OAKLEY;;OO9514;951408;58;18;142;Hombre;Verde;Prizm Grey;RECTANGULAR/CUADRADA;ACETATO;NO;NO;59,55;131
888392686879;GAFAS DE SOL;OAKLEY;;OO9514;951409;58;18;142;Hombre;Marrón;Prizm Tungsten Polarized;RECTANGULAR/CUADRADA;ACETATO;NO;SI;87,73;193
888392677242;GAFAS DE SOL;OAKLEY;;OO9517;951701;39;139;137;Unisex;Gris;Prizm Black;RECTANGULAR/CUADRADA;ACETATO;NO;NO;103,18;227
888392677235;GAFAS DE SOL;OAKLEY;;OO9517;951702;39;139;137;Unisex;Negro;Prizm Road;RECTANGULAR/CUADRADA;ACETATO;NO;NO;103,18;227
888392677228;GAFAS DE SOL;OAKLEY;;OO9517;951703;39;139;137;Unisex;Verde;Prizm Ruby;RECTANGULAR/CUADRADA;ACETATO;NO;NO;103,18;227
888392677211;GAFAS DE SOL;OAKLEY;;OO9517;951704;39;139;137;Unisex;Blanco;Prizm Sapphire;RECTANGULAR/CUADRADA;ACETATO;NO;NO;103,18;227
888392677204;GAFAS DE SOL;OAKLEY;;OO9517;951705;39;139;137;Unisex;Azul;Prizm 24K;RECTANGULAR/CUADRADA;ACETATO;NO;NO;103,18;227
888392677181;GAFAS DE SOL;OAKLEY;;OO9517;951707;39;139;137;Unisex;Blanco;Prizm Low Light;RECTANGULAR/CUADRADA;ACETATO;NO;NO;97,73;215
888392677174;GAFAS DE SOL;OAKLEY;;OO9517;951708;39;139;137;Unisex;Gris;Clear To Black Iridium Photochromic;RECTANGULAR/CUADRADA;ACETATO;SI;NO;115,91;255
888392677150;GAFAS DE SOL;OAKLEY;;OO9517;951710;39;139;137;Unisex;Transparente;Prizm Field;RECTANGULAR/CUADRADA;ACETATO;NO;NO;103,18;227
888392686268;GAFAS DE SOL;OAKLEY;;OO9517;951715;39;139;137;Unisex;Verde;Prizm Low Light;RECTANGULAR/CUADRADA;ACETATO;NO;NO;97,73;215
888392689139;GAFAS DE SOL;OAKLEY;;OO9517;951716;39;139;137;Unisex;Negro;Prizm 24K;RECTANGULAR/CUADRADA;ACETATO;NO;NO;107,73;237
888392698483;GAFAS DE SOL;OAKLEY;;OO9517;951718;39;139;137;Unisex;Gris;Prizm Black;RECTANGULAR/CUADRADA;ACETATO;NO;NO;112,27;247
888392677259;GAFAS DE SOL;OAKLEY;;OO9518;951801;36;136;137;Unisex;Gris;Prizm Black;RECTANGULAR/CUADRADA;ACETATO;NO;NO;103,18;227
888392677266;GAFAS DE SOL;OAKLEY;;OO9518;951802;36;136;137;Unisex;Negro;Prizm Road;RECTANGULAR/CUADRADA;ACETATO;NO;NO;103,18;227
888392677273;GAFAS DE SOL;OAKLEY;;OO9518;951803;36;136;137;Unisex;Verde;Prizm Ruby;RECTANGULAR/CUADRADA;ACETATO;NO;NO;103,18;227
888392677280;GAFAS DE SOL;OAKLEY;;OO9518;951804;36;136;137;Unisex;Blanco;Prizm Sapphire;RECTANGULAR/CUADRADA;ACETATO;NO;NO;103,18;227
888392677297;GAFAS DE SOL;OAKLEY;;OO9518;951805;36;136;137;Unisex;Azul;Prizm 24K;RECTANGULAR/CUADRADA;ACETATO;NO;NO;103,18;227
888392677310;GAFAS DE SOL;OAKLEY;;OO9518;951807;36;136;137;Unisex;Blanco;Prizm Low Light;RECTANGULAR/CUADRADA;ACETATO;NO;NO;97,73;215
888392677327;GAFAS DE SOL;OAKLEY;;OO9518;951808;36;136;137;Unisex;Gris;Clear To Black Iridium Photochromic;RECTANGULAR/CUADRADA;ACETATO;SI;NO;115,91;255
888392677341;GAFAS DE SOL;OAKLEY;;OO9518;951810;36;136;137;Unisex;Transparente;Prizm Field;RECTANGULAR/CUADRADA;ACETATO;NO;NO;103,18;227
888392689146;GAFAS DE SOL;OAKLEY;;OO9518;951813;36;136;137;Unisex;Negro;Prizm 24K;RECTANGULAR/CUADRADA;ACETATO;NO;NO;107,73;237
888392698490;GAFAS DE SOL;OAKLEY;;OO9518;951814;36;136;137;Unisex;Gris;Prizm Violet;RECTANGULAR/CUADRADA;ACETATO;NO;NO;112,27;247
888392675996;GAFAS DE SOL;OAKLEY;;OO9520;952001;59;15;140;Unisex;Negro;Prizm Black;RECTANGULAR/CUADRADA;ACETATO;NO;NO;78,64;173
888392676009;GAFAS DE SOL;OAKLEY;;OO9520;952002;59;15;140;Unisex;Blanco;Prizm Black;RECTANGULAR/CUADRADA;ACETATO;NO;NO;78,64;173
888392676016;GAFAS DE SOL;OAKLEY;;OO9520;952003;59;15;140;Unisex;Marrón;Prizm Rose Gold;RECTANGULAR/CUADRADA;ACETATO;NO;NO;78,64;173
888392676023;GAFAS DE SOL;OAKLEY;;OO9520;952004;59;15;140;Unisex;Verde;Prizm Jade;RECTANGULAR/CUADRADA;ACETATO;NO;NO;78,64;173
888392687197;GAFAS DE SOL;OAKLEY;;OO9520;952006;59;15;140;Unisex;Amarillo;Prizm Bronze;RECTANGULAR/CUADRADA;ACETATO;NO;NO;73,18;161
888392690159;GAFAS DE SOL;OAKLEY;;OO9520;952007;59;15;140;Unisex;Negro;Prizm Road;RECTANGULAR/CUADRADA;ACETATO;NO;NO;87,73;193
888392698919;GAFAS DE SOL;OAKLEY;;OO9520;952009;59;15;140;Unisex;Negro;Prizm Black;RECTANGULAR/CUADRADA;ACETATO;NO;NO;78,64;173
888392701923;GAFAS DE SOL;OAKLEY;;OO9520;952010;59;15;140;Unisex;Marrón;Prizm bronce degradado;RECTANGULAR/CUADRADA;ACETATO;NO;NO;82,27;181
888392704054;GAFAS DE SOL;OAKLEY;;OO9520;952011;59;15;140;Unisex;Negro;Prizm Ruby;RECTANGULAR/CUADRADA;ACETATO;NO;NO;87,73;193
888392674852;GAFAS DE SOL;OAKLEY;;OO9521;952101;57;17;140;Hombre;Negro;Prizm Grey;RECTANGULAR/CUADRADA;ACETATO;NO;NO;59,55;131
888392674869;GAFAS DE SOL;OAKLEY;;OO9521;952102;57;17;140;Hombre;Gris;Prizm Bronze;RECTANGULAR/CUADRADA;ACETATO;NO;NO;59,55;131
888392674876;GAFAS DE SOL;OAKLEY;;OO9521;952103;57;17;140;Hombre;Negro;Prizm Black;RECTANGULAR/CUADRADA;ACETATO;NO;NO;65;143
888392674883;GAFAS DE SOL;OAKLEY;;OO9521;952104;57;17;140;Hombre;Transparente;Prizm Sapphire;RECTANGULAR/CUADRADA;ACETATO;NO;NO;65;143
888392674890;GAFAS DE SOL;OAKLEY;;OO9521;952105;57;17;140;Hombre;Gris;Prizm Ruby;RECTANGULAR/CUADRADA;ACETATO;NO;NO;65;143
888392674906;GAFAS DE SOL;OAKLEY;;OO9521;952106;57;17;140;Hombre;Gris;Prizm Tungsten;RECTANGULAR/CUADRADA;ACETATO;NO;NO;65;143
888392674913;GAFAS DE SOL;OAKLEY;;OO9521;952107;57;17;140;Hombre;Negro;Prizm Black Polarized;RECTANGULAR/CUADRADA;ACETATO;NO;SI;87,73;193
888392677662;GAFAS DE SOL;OAKLEY;;OO9522;952201;62;16;134;Unisex;Negro;Prizm Black;RECTANGULAR/CUADRADA;ACETATO;NO;NO;78,64;173
888392677693;GAFAS DE SOL;OAKLEY;;OO9522;952202;62;16;134;Unisex;Blanco;Prizm Black;RECTANGULAR/CUADRADA;ACETATO;NO;NO;78,64;173
888392677686;GAFAS DE SOL;OAKLEY;;OO9522;952203;62;16;134;Unisex;Gris;Prizm Peach;RECTANGULAR/CUADRADA;ACETATO;NO;NO;73,18;161
888392677679;GAFAS DE SOL;OAKLEY;;OO9522;952204;62;16;134;Unisex;Negro;Prizm Deep Water Polarized;RECTANGULAR/CUADRADA;ACETATO;NO;SI;101,36;223
888392687180;GAFAS DE SOL;OAKLEY;;OO9522;952205;62;16;134;Unisex;Blanco;Prizm Peach;RECTANGULAR/CUADRADA;ACETATO;NO;NO;73,18;161
888392687470;GAFAS DE SOL;OAKLEY;;OO9522;952206;62;16;134;Unisex;Marrón;Prizm Ruby;RECTANGULAR/CUADRADA;ACETATO;NO;NO;87,73;193
888392698476;GAFAS DE SOL;OAKLEY;;OO9522;952208;62;16;134;Unisex;Plateado;Prizm Black;RECTANGULAR/CUADRADA;ACETATO;NO;NO;87,73;193
888392698933;GAFAS DE SOL;OAKLEY;;OO9522;952209;62;16;134;Unisex;Negro;Prizm Snow Black Iridium;RECTANGULAR/CUADRADA;ACETATO;NO;NO;78,64;173
888392683557;GAFAS DE SOL;OAKLEY;;OO9524D;952401;41;141;136;Unisex;Negro;Prizm Road;RECTANGULAR/CUADRADA;ACETATO;NO;NO;96,36;212
888392683564;GAFAS DE SOL;OAKLEY;;OO9524D;952402;41;141;136;Unisex;Negro;Prizm Road Black;RECTANGULAR/CUADRADA;ACETATO;NO;NO;96,36;212
888392683571;GAFAS DE SOL;OAKLEY;;OO9524D;952403;41;141;136;Unisex;Blanco;Prizm 24K;RECTANGULAR/CUADRADA;ACETATO;NO;NO;96,36;212
888392683588;GAFAS DE SOL;OAKLEY;;OO9524D;952404;41;141;136;Unisex;Gris;Prizm Sapphire;RECTANGULAR/CUADRADA;ACETATO;NO;NO;96,36;212
888392683595;GAFAS DE SOL;OAKLEY;;OO9524D;952405;41;141;136;Unisex;Rosa;Prizm Trail Torch;RECTANGULAR/CUADRADA;ACETATO;NO;NO;96,36;212
888392683601;GAFAS DE SOL;OAKLEY;;OO9524D;952406;41;141;136;Unisex;Gris;Clear To Black Iridium Photochromic;RECTANGULAR/CUADRADA;ACETATO;SI;NO;109,09;240
888392683618;GAFAS DE SOL;OAKLEY;;OO9524D;952407;41;141;136;Unisex;Blanco;Prizm Low Light;RECTANGULAR/CUADRADA;ACETATO;NO;NO;90,91;200
888392683403;GAFAS DE SOL;OAKLEY;;OO9525;952501;37;137;137;Unisex;Gris;Prizm Black;RECTANGULAR/CUADRADA;ACETATO;NO;NO;103,18;227
888392683410;GAFAS DE SOL;OAKLEY;;OO9525;952502;37;137;137;Unisex;Blanco;Prizm Sapphire;RECTANGULAR/CUADRADA;ACETATO;NO;NO;103,18;227
888392683489;GAFAS DE SOL;OAKLEY;;OO9525;952503;37;137;137;Unisex;Negro;Prizm Road;RECTANGULAR/CUADRADA;ACETATO;NO;NO;103,18;227
888392683496;GAFAS DE SOL;OAKLEY;;OO9525;952504;37;137;137;Unisex;Verde;Clear To Black Iridium Photochromic;RECTANGULAR/CUADRADA;ACETATO;SI;NO;115,91;255
888392683502;GAFAS DE SOL;OAKLEY;;OO9525;952505;37;137;137;Unisex;Blanco;Prizm Grey;RECTANGULAR/CUADRADA;ACETATO;NO;NO;97,73;215
888392683519;GAFAS DE SOL;OAKLEY;;OO9525;952506;37;137;137;Unisex;Gris;Clear To Black Iridium Photochromic;RECTANGULAR/CUADRADA;ACETATO;SI;NO;115,91;255
888392683526;GAFAS DE SOL;OAKLEY;;OO9525;952507;37;137;137;Unisex;Violeta;Prizm Low Light;RECTANGULAR/CUADRADA;ACETATO;NO;NO;97,73;215
888392683533;GAFAS DE SOL;OAKLEY;;OO9525;952508;37;137;137;Unisex;Blanco;Prizm 24K;RECTANGULAR/CUADRADA;ACETATO;NO;NO;103,18;227
888392684011;GAFAS DE SOL;OAKLEY;;OO9527D;952701;50;150;136;Unisex;Negro;Prizm Black;RECTANGULAR/CUADRADA;ACETATO;NO;NO;96,36;212
888392684028;GAFAS DE SOL;OAKLEY;;OO9527D;952702;50;150;136;Unisex;Negro;Prizm Road;RECTANGULAR/CUADRADA;ACETATO;NO;NO;96,36;212
888392684035;GAFAS DE SOL;OAKLEY;;OO9527D;952703;50;150;136;Unisex;Blanco;Prizm 24K;RECTANGULAR/CUADRADA;ACETATO;NO;NO;96,36;212
888392684042;GAFAS DE SOL;OAKLEY;;OO9527D;952704;50;150;136;Unisex;Blanco;Prizm Sapphire;RECTANGULAR/CUADRADA;ACETATO;NO;NO;96,36;212
888392684059;GAFAS DE SOL;OAKLEY;;OO9527D;952705;50;150;136;Unisex;Blanco;Prizm Field;RECTANGULAR/CUADRADA;ACETATO;NO;NO;96,36;212
888392684066;GAFAS DE SOL;OAKLEY;;OO9527D;952706;50;150;136;Unisex;Marrón;Prizm Trail Torch;RECTANGULAR/CUADRADA;ACETATO;NO;NO;96,36;212
888392684073;GAFAS DE SOL;OAKLEY;;OO9527D;952707;50;150;136;Unisex;Rosa;Prizm Road Black;RECTANGULAR/CUADRADA;ACETATO;NO;NO;96,36;212
888392684080;GAFAS DE SOL;OAKLEY;;OO9527D;952708;50;150;136;Unisex;Transparente;Prizm Low Light;RECTANGULAR/CUADRADA;ACETATO;NO;NO;90,91;200
888392684097;GAFAS DE SOL;OAKLEY;;OO9527D;952709;50;150;136;Unisex;Violeta;Clear To Black Iridium Photochromic;RECTANGULAR/CUADRADA;ACETATO;SI;NO;109,09;240
888392686619;GAFAS DE SOL;OAKLEY;;OO9528;952801;60;18;130;Unisex;Negro;Prizm Grey;REDONDA/OVALADA;ACETATO;NO;NO;59,55;131
888392686626;GAFAS DE SOL;OAKLEY;;OO9528;952802;60;18;130;Unisex;Azul;Prizm pizarra;REDONDA/OVALADA;ACETATO;NO;NO;59,55;131
888392686633;GAFAS DE SOL;OAKLEY;;OO9528;952803;60;18;130;Unisex;Transparente;Prizm Ruby;REDONDA/OVALADA;ACETATO;NO;NO;65;143
888392686640;GAFAS DE SOL;OAKLEY;;OO9528;952804;60;18;130;Unisex;Marrón;Prizm Black;REDONDA/OVALADA;ACETATO;NO;NO;65;143
888392686657;GAFAS DE SOL;OAKLEY;;OO9528;952805;60;18;130;Unisex;Marrón;Prizm Black Polarized;REDONDA/OVALADA;ACETATO;NO;SI;87,73;193
888392686664;GAFAS DE SOL;OAKLEY;;OO9528;952806;60;18;130;Unisex;Gris;Prizm 24k Polarized;REDONDA/OVALADA;ACETATO;NO;SI;87,73;193
888392687906;GAFAS DE SOL;OAKLEY;;OO9528;952808;60;18;130;Unisex;Negro;Prizm Tungsten;REDONDA/OVALADA;ACETATO;NO;NO;78,64;173
888392696342;GAFAS DE SOL;OAKLEY;;OO9528;952809;60;18;130;Unisex;Negro;Prizm Black;REDONDA/OVALADA;ACETATO;NO;NO;74,09;163
888392698100;GAFAS DE SOL;OAKLEY;;OO9528;952810;60;18;130;Unisex;Gris;Prizm Black;REDONDA/OVALADA;ACETATO;NO;NO;65;143
888392701916;GAFAS DE SOL;OAKLEY;;OO9528;952811;60;18;130;Unisex;Gris;Prizm Violet;REDONDA/OVALADA;ACETATO;NO;NO;74,09;163
888392687258;GAFAS DE SOL;OAKLEY;;OO9529;952901;61;18;126;Unisex;Negro;Prizm Grey;OVERSIZE;ACETATO;NO;NO;118,18;260
888392687265;GAFAS DE SOL;OAKLEY;;OO9529;952902;61;18;126;Unisex;Blanco;Prizm Grey;OVERSIZE;ACETATO;NO;NO;118,18;260
888392687289;GAFAS DE SOL;OAKLEY;;OO9529;952903;61;18;126;Unisex;Beis;Prizm bronce degradado;OVERSIZE;ACETATO;NO;NO;118,18;260
888392687296;GAFAS DE SOL;OAKLEY;;OO9529;952904;61;18;126;Unisex;Marrón;Prizm Tungsten;OVERSIZE;ACETATO;NO;NO;123,64;272
888392687302;GAFAS DE SOL;OAKLEY;;OO9529;952905;61;18;126;Unisex;Gris;Prizm Ruby;OVERSIZE;ACETATO;NO;NO;123,64;272
888392687326;GAFAS DE SOL;OAKLEY;;OO9529;952906;61;18;126;Unisex;Violeta;Prizm Black;OVERSIZE;ACETATO;NO;NO;123,64;272
888392687333;GAFAS DE SOL;OAKLEY;;OO9529;952907;61;18;126;Unisex;Beis;Prizm 24k Polarized;OVERSIZE;ACETATO;NO;SI;146,36;322
888392687340;GAFAS DE SOL;OAKLEY;;OO9529;952908;61;18;126;Unisex;Azul;Prizm Deep Water Polarized;OVERSIZE;ACETATO;NO;SI;146,36;322
888392701190;GAFAS DE SOL;OAKLEY;;OO9529;952909;61;18;126;Unisex;Violeta;Prizm Black Polarized;OVERSIZE;ACETATO;NO;SI;146,36;322
888392686688;GAFAS DE SOL;OAKLEY;;OO9530;953001;58;17;140;Unisex;Negro;Prizm Grey;RECTANGULAR/CUADRADA;ACETATO;NO;NO;59,55;131
888392686695;GAFAS DE SOL;OAKLEY;;OO9530;953002;58;17;140;Unisex;Gris;Prizm Sapphire;RECTANGULAR/CUADRADA;ACETATO;NO;NO;65;143
888392686701;GAFAS DE SOL;OAKLEY;;OO9530;953003;58;17;140;Unisex;Transparente;Prizm Ruby;RECTANGULAR/CUADRADA;ACETATO;NO;NO;65;143
888392686718;GAFAS DE SOL;OAKLEY;;OO9530;953004;58;17;140;Unisex;Verde;Prizm Black;RECTANGULAR/CUADRADA;ACETATO;NO;NO;65;143
888392686725;GAFAS DE SOL;OAKLEY;;OO9530;953005;58;17;140;Unisex;Gris;Prizm Black Polarized;RECTANGULAR/CUADRADA;ACETATO;NO;SI;87,73;193
888392686732;GAFAS DE SOL;OAKLEY;;OO9530;953006;58;17;140;Unisex;Marrón;Prizm Tungsten Polarized;RECTANGULAR/CUADRADA;ACETATO;NO;SI;87,73;193
888392696359;GAFAS DE SOL;OAKLEY;;OO9530;953008;58;17;140;Unisex;Azul;Prizm Snow Sapphire;RECTANGULAR/CUADRADA;ACETATO;NO;NO;74,09;163
888392697851;GAFAS DE SOL;OAKLEY;;OO9530;953009;58;17;140;Unisex;Violeta;Prizm Tungsten Polarized;RECTANGULAR/CUADRADA;ACETATO;NO;SI;87,73;193
888392697868;GAFAS DE SOL;OAKLEY;;OO9530;953010;58;17;140;Unisex;Rojo;Prizm pizarra;RECTANGULAR/CUADRADA;ACETATO;NO;NO;59,55;131
888392688323;GAFAS DE SOL;OAKLEY;;OO9531;953101;37;137;130;Unisex;Negro;Prizm Black;RECTANGULAR/CUADRADA;ACETATO;NO;NO;103,18;227
888392688330;GAFAS DE SOL;OAKLEY;;OO9531;953102;37;137;130;Unisex;Negro;Prizm Road;RECTANGULAR/CUADRADA;ACETATO;NO;NO;103,18;227
888392688347;GAFAS DE SOL;OAKLEY;;OO9531;953103;37;137;130;Unisex;Gris;Prizm 24k Polarized;RECTANGULAR/CUADRADA;ACETATO;NO;SI;125,91;277
888392688354;GAFAS DE SOL;OAKLEY;;OO9531;953104;37;137;130;Unisex;Blanco;Prizm Sapphire;RECTANGULAR/CUADRADA;ACETATO;NO;NO;103,18;227
888392688361;GAFAS DE SOL;OAKLEY;;OO9531;953105;37;137;130;Unisex;Blanco;Prizm Road Jade;RECTANGULAR/CUADRADA;ACETATO;NO;NO;103,18;227
888392688378;GAFAS DE SOL;OAKLEY;;OO9531;953106;37;137;130;Unisex;Verde;Prizm Trail Torch;RECTANGULAR/CUADRADA;ACETATO;NO;NO;103,18;227
888392688385;GAFAS DE SOL;OAKLEY;;OO9531;953107;37;137;130;Unisex;Beis;Prizm Dark Golf;RECTANGULAR/CUADRADA;ACETATO;NO;NO;103,18;227
888392688392;GAFAS DE SOL;OAKLEY;;OO9531;953108;37;137;130;Unisex;Blanco;Prizm Field;RECTANGULAR/CUADRADA;ACETATO;NO;NO;103,18;227
888392689023;GAFAS DE SOL;OAKLEY;;OO9531;953109;37;137;130;Unisex;Verde;Prizm Road Jade;RECTANGULAR/CUADRADA;ACETATO;NO;NO;112,27;247
888392689030;GAFAS DE SOL;OAKLEY;;OO9531;953110;37;137;130;Unisex;Transparente;Prizm Road Black;RECTANGULAR/CUADRADA;ACETATO;NO;NO;112,27;247
888392688613;GAFAS DE SOL;OAKLEY;;OO9532;953201;64;12;138;Unisex;Negro;Prizm Black;OVERSIZE;ACETATO;NO;NO;82,73;182
888392688620;GAFAS DE SOL;OAKLEY;;OO9532;953202;64;12;138;Unisex;Gris;Prizm Sapphire Polarized;OVERSIZE;ACETATO;NO;SI;105,45;232
888392688637;GAFAS DE SOL;OAKLEY;;OO9532;953203;64;12;138;Unisex;Blanco;Prizm 24k Polarized;OVERSIZE;ACETATO;NO;SI;105,45;232
888392688644;GAFAS DE SOL;OAKLEY;;OO9532;953204;64;12;138;Unisex;Negro;Prizm Black Polarized;OVERSIZE;ACETATO;NO;SI;105,45;232
888392688651;GAFAS DE SOL;OAKLEY;;OO9532;953205;64;12;138;Unisex;Negro;Prizm Road;OVERSIZE;ACETATO;NO;NO;82,73;182
888392688668;GAFAS DE SOL;OAKLEY;;OO9532;953206;64;12;138;Unisex;Amarillo;Prizm Black;OVERSIZE;ACETATO;NO;NO;82,73;182
888392688675;GAFAS DE SOL;OAKLEY;;OO9532;953207;64;12;138;Unisex;Beis;Prizm Ruby;OVERSIZE;ACETATO;NO;NO;82,73;182
888392688682;GAFAS DE SOL;OAKLEY;;OO9532;953208;64;12;138;Unisex;Blanco;Prizm Golf;OVERSIZE;ACETATO;NO;NO;82,73;182
888392688699;GAFAS DE SOL;OAKLEY;;OO9532;953209;64;12;138;Unisex;Azul;Clear To Black Iridium Photochromic;OVERSIZE;ACETATO;SI;NO;95,45;210
888392688705;GAFAS DE SOL;OAKLEY;;OO9532;953210;64;12;138;Unisex;Marrón;Prizm Trail Torch;OVERSIZE;ACETATO;NO;NO;82,73;182
888392697912;GAFAS DE SOL;OAKLEY;;OO9532;953211;64;12;138;Unisex;Violeta;Prizm Road Black;OVERSIZE;ACETATO;NO;NO;82,73;182
888392697929;GAFAS DE SOL;OAKLEY;;OO9532;953212;64;12;138;Unisex;Rojo;Prizm Ruby;OVERSIZE;ACETATO;NO;NO;82,73;182
888392687357;GAFAS DE SOL;OAKLEY;;OO9533;953301;54;21;142;Unisex;Negro;Prizm Grey;RECTANGULAR/CUADRADA;ACETATO;NO;NO;77,27;170
888392687364;GAFAS DE SOL;OAKLEY;;OO9533;953302;54;21;142;Unisex;Gris;Prizm Ruby;RECTANGULAR/CUADRADA;ACETATO;NO;NO;82,73;182
888392687371;GAFAS DE SOL;OAKLEY;;OO9533;953303;54;21;142;Unisex;Marrón;Prizm Tungsten;RECTANGULAR/CUADRADA;ACETATO;NO;NO;82,73;182
888392687388;GAFAS DE SOL;OAKLEY;;OO9533;953304;54;21;142;Unisex;Azul;Prizm Sapphire;RECTANGULAR/CUADRADA;ACETATO;NO;NO;82,73;182
888392687395;GAFAS DE SOL;OAKLEY;;OO9533;953305;54;21;142;Unisex;Beis;Prizm Ruby Polarized;RECTANGULAR/CUADRADA;ACETATO;NO;SI;105,45;232
888392687401;GAFAS DE SOL;OAKLEY;;OO9533;953306;54;21;142;Unisex;Negro;Prizm Black Polarized;RECTANGULAR/CUADRADA;ACETATO;NO;SI;105,45;232
888392687418;GAFAS DE SOL;OAKLEY;;OO9533;953307;54;21;142;Unisex;Blanco;Prizm 24k Polarized;RECTANGULAR/CUADRADA;ACETATO;NO;SI;105,45;232
888392687425;GAFAS DE SOL;OAKLEY;;OO9533;953308;54;21;142;Unisex;Gris;Prizm Bronze;RECTANGULAR/CUADRADA;ACETATO;NO;NO;86,36;190
888392687449;GAFAS DE SOL;OAKLEY;;OO9533;953309;54;21;142;Unisex;Negro;Prizm Grey;RECTANGULAR/CUADRADA;ACETATO;NO;NO;91,82;202
888392687456;GAFAS DE SOL;OAKLEY;;OO9533;953310;54;21;142;Unisex;Marrón;Prizm Gaming™ 2.0;RECTANGULAR/CUADRADA;ACETATO;NO;NO;96,36;212
888392701206;GAFAS DE SOL;OAKLEY;;OO9533;953311;54;21;142;Unisex;Violeta;Prizm Tungsten Polarized;RECTANGULAR/CUADRADA;ACETATO;NO;SI;105,45;232
888392701909;GAFAS DE SOL;OAKLEY;;OO9533;953312;54;21;142;Unisex;Blanco;Prizm Tungsten;RECTANGULAR/CUADRADA;ACETATO;NO;NO;91,82;202
888392701947;GAFAS DE SOL;OAKLEY;;OO9533;953313;54;21;142;Unisex;Negro;Prizm Jade;RECTANGULAR/CUADRADA;ACETATO;NO;NO;91,82;202
888392688088;GAFAS DE SOL;OAKLEY;;OO9534;953401;68;6;136;Unisex;Negro;Prizm Black;RECTANGULAR/CUADRADA;ACETATO;NO;NO;89,55;197
888392688095;GAFAS DE SOL;OAKLEY;;OO9534;953402;68;6;136;Unisex;Negro;Prizm Road;RECTANGULAR/CUADRADA;ACETATO;NO;NO;89,55;197
888392688101;GAFAS DE SOL;OAKLEY;;OO9534;953403;68;6;136;Unisex;Gris;Prizm 24k Polarized;RECTANGULAR/CUADRADA;ACETATO;NO;SI;112,27;247
888392688118;GAFAS DE SOL;OAKLEY;;OO9534;953404;68;6;136;Unisex;Blanco;Prizm Sapphire;RECTANGULAR/CUADRADA;ACETATO;NO;NO;89,55;197
888392688125;GAFAS DE SOL;OAKLEY;;OO9534;953405;68;6;136;Unisex;Marrón;Prizm Road;RECTANGULAR/CUADRADA;ACETATO;NO;NO;89,55;197
888392688132;GAFAS DE SOL;OAKLEY;;OO9534;953406;68;6;136;Unisex;Azul;Prizm Deep Water Polarized;RECTANGULAR/CUADRADA;ACETATO;NO;SI;112,27;247
888392688149;GAFAS DE SOL;OAKLEY;;OO9534;953407;68;6;136;Unisex;Azul;Clear To Black Iridium Photochromic;RECTANGULAR/CUADRADA;ACETATO;SI;NO;107,73;237
888392688156;GAFAS DE SOL;OAKLEY;;OO9534;953408;68;6;136;Unisex;Gris;Prizm Golf;RECTANGULAR/CUADRADA;ACETATO;NO;NO;89,55;197
888392688163;GAFAS DE SOL;OAKLEY;;OO9534;953409;68;6;136;Unisex;Verde;Prizm Dark Golf;RECTANGULAR/CUADRADA;ACETATO;NO;NO;89,55;197
888392691194;GAFAS DE SOL;OAKLEY;;OO9534;953410;68;6;136;Unisex;Negro;Prizm Black Polarized;RECTANGULAR/CUADRADA;ACETATO;NO;SI;112,27;247
888392693846;GAFAS DE SOL;OAKLEY;;OO9536;953601;61;19;113;Unisex;Negro;Prizm Grey;REDONDA/OVALADA;ACETATO;NO;NO;59,55;131
888392693853;GAFAS DE SOL;OAKLEY;;OO9536;953602;61;19;113;Unisex;Marrón;Prizm Black;REDONDA/OVALADA;ACETATO;NO;NO;65;143
888392693860;GAFAS DE SOL;OAKLEY;;OO9536;953603;61;19;113;Unisex;Marrón;Prizm Tungsten Polarized;REDONDA/OVALADA;ACETATO;NO;SI;87,73;193
888392693877;GAFAS DE SOL;OAKLEY;;OO9536;953604;61;19;113;Unisex;Violeta;Prizm Road Black;REDONDA/OVALADA;ACETATO;NO;NO;65;143
888392693921;GAFAS DE SOL;OAKLEY;;OO9536;953609;61;19;113;Unisex;Negro;Prizm Black Polarized;REDONDA/OVALADA;ACETATO;NO;SI;87,73;193
888392693938;GAFAS DE SOL;OAKLEY;;OO9536;953610;61;19;113;Unisex;Plateado;Prizm Black Polarized;REDONDA/OVALADA;ACETATO;NO;SI;87,73;193
888392694249;GAFAS DE SOL;OAKLEY;;OO9537;953701;61;19;128;Unisex;Negro;Prizm Grey;RECTANGULAR/CUADRADA;ACETATO;NO;NO;70,45;155
888392694256;GAFAS DE SOL;OAKLEY;;OO9537;953702;61;19;128;Unisex;Transparente;Prizm Deep Water Polarized;RECTANGULAR/CUADRADA;ACETATO;NO;SI;98,64;217
888392694270;GAFAS DE SOL;OAKLEY;;OO9537;953704;61;19;128;Unisex;Marrón;Prizm Black;RECTANGULAR/CUADRADA;ACETATO;NO;NO;75,91;167
888392694287;GAFAS DE SOL;OAKLEY;;OO9537;953705;61;19;128;Unisex;Blanco;Prizm Ruby;RECTANGULAR/CUADRADA;ACETATO;NO;NO;75,91;167
888392694300;GAFAS DE SOL;OAKLEY;;OO9537;953707;61;19;128;Unisex;Verde;Prizm Road Black;RECTANGULAR/CUADRADA;ACETATO;NO;NO;75,91;167
888392694317;GAFAS DE SOL;OAKLEY;;OO9537;953708;61;19;128;Unisex;Negro;Prizm Black Polarized;RECTANGULAR/CUADRADA;ACETATO;NO;SI;98,64;217
888392694324;GAFAS DE SOL;OAKLEY;;OO9537;953709;61;19;128;Unisex;Plateado;Prizm Black Polarized;RECTANGULAR/CUADRADA;ACETATO;NO;SI;98,64;217
888392697004;GAFAS DE SOL;OAKLEY;;OO9538D;953801;40;140;125;Unisex;Negro;Prizm Black;RECTANGULAR/CUADRADA;ACETATO;NO;NO;89,55;197
888392697035;GAFAS DE SOL;OAKLEY;;OO9538D;953802;40;140;125;Unisex;Gris;Prizm Sapphire;RECTANGULAR/CUADRADA;ACETATO;NO;NO;89,55;197
888392697042;GAFAS DE SOL;OAKLEY;;OO9538D;953803;40;140;125;Unisex;Gris;Prizm 24K;RECTANGULAR/CUADRADA;ACETATO;NO;NO;89,55;197
888392697028;GAFAS DE SOL;OAKLEY;;OO9538D;953806;40;140;125;Unisex;Blanco;Prizm Low Light;RECTANGULAR/CUADRADA;ACETATO;NO;NO;84,09;185
888392696991;GAFAS DE SOL;OAKLEY;;OO9538D;953808;40;140;125;Unisex;Verde;Prizm Grey;RECTANGULAR/CUADRADA;ACETATO;NO;NO;84,09;185
888392702036;GAFAS DE SOL;OAKLEY;;OO9539;953901;63;21;138;Unisex;Negro;Prizm Black;REDONDA/OVALADA;ACETATO;NO;NO;89,55;197
888392702043;GAFAS DE SOL;OAKLEY;;OO9539;953902;63;21;138;Unisex;Negro;Prizm Black Polarized;REDONDA/OVALADA;ACETATO;NO;SI;112,27;247
888392702050;GAFAS DE SOL;OAKLEY;;OO9539;953903;63;21;138;Unisex;Plateado;Prizm Grey;REDONDA/OVALADA;ACETATO;NO;NO;84,09;185
888392702074;GAFAS DE SOL;OAKLEY;;OO9539;953905;63;21;138;Unisex;Gris;Prizm Road;REDONDA/OVALADA;ACETATO;NO;NO;89,55;197
888392702081;GAFAS DE SOL;OAKLEY;;OO9539;953906;63;21;138;Unisex;Marrón;Prizm Black;REDONDA/OVALADA;ACETATO;NO;NO;89,55;197
888392702104;GAFAS DE SOL;OAKLEY;;OO9539;953908;63;21;138;Unisex;Gris;Prizm Dark Golf;REDONDA/OVALADA;ACETATO;NO;NO;89,55;197
888392702128;GAFAS DE SOL;OAKLEY;;OO9539;953910;63;21;138;Unisex;Beis;Prizm 24k Polarized;REDONDA/OVALADA;ACETATO;NO;SI;112,27;247
888392699060;GAFAS DE SOL;OAKLEY;;OO9541;954101;37;137;128;Unisex;Negro;Prizm Black;RECTANGULAR/CUADRADA;ACETATO;NO;NO;100,91;222
888392699046;GAFAS DE SOL;OAKLEY;;OO9541;954102;37;137;128;Unisex;Negro;Prizm Black Polarized;RECTANGULAR/CUADRADA;ACETATO;NO;SI;123,64;272
888392699053;GAFAS DE SOL;OAKLEY;;OO9541;954103;37;137;128;Unisex;Negro;Prizm Road;RECTANGULAR/CUADRADA;ACETATO;NO;NO;100,91;222
888392698995;GAFAS DE SOL;OAKLEY;;OO9541;954105;37;137;128;Unisex;Blanco;Prizm Snow Sapphire;RECTANGULAR/CUADRADA;ACETATO;NO;NO;100,91;222
888392699039;GAFAS DE SOL;OAKLEY;;OO9541;954106;37;137;128;Unisex;Gris;Prizm Field;RECTANGULAR/CUADRADA;ACETATO;NO;NO;100,91;222
888392699015;GAFAS DE SOL;OAKLEY;;OO9541;954107;37;137;128;Unisex;Azul;Prizm Ruby;RECTANGULAR/CUADRADA;ACETATO;NO;NO;100,91;222
888392699008;GAFAS DE SOL;OAKLEY;;OO9541;954109;37;137;128;Unisex;Azul;Prizm Sapphire Polarized;RECTANGULAR/CUADRADA;ACETATO;NO;SI;123,64;272
888392713261;GAFAS DE SOL;OAKLEY;;OO9555;955501;54;21;142;Unisex;Negro;Prizm Grey;RECTANGULAR/CUADRADA;ACETATO;NO;NO;77,27;170
888392713278;GAFAS DE SOL;OAKLEY;;OO9555;955502;54;21;142;Unisex;Marrón;Prizm Bronze;RECTANGULAR/CUADRADA;ACETATO;NO;NO;77,27;170
888392713285;GAFAS DE SOL;OAKLEY;;OO9555;955503;54;21;142;Unisex;Azul;Prizm Sapphire;RECTANGULAR/CUADRADA;ACETATO;NO;NO;82,73;182
888392713292;GAFAS DE SOL;OAKLEY;;OO9555;955504;54;21;142;Unisex;Beis;Prizm Tungsten;RECTANGULAR/CUADRADA;ACETATO;NO;NO;82,73;182
888392713308;GAFAS DE SOL;OAKLEY;;OO9555;955505;54;21;142;Unisex;Negro;Prizm Black Polarized;RECTANGULAR/CUADRADA;ACETATO;NO;SI;105,45;232
888392713315;GAFAS DE SOL;OAKLEY;;OO9555;955506;54;21;142;Unisex;Gris;Prizm Ruby Polarized;RECTANGULAR/CUADRADA;ACETATO;NO;SI;105,45;232
888392713322;GAFAS DE SOL;OAKLEY;;OO9555;955507;54;21;142;Unisex;Negro;Prizm 24k Polarized;RECTANGULAR/CUADRADA;ACETATO;NO;SI;105,45;232
888392580504;MONTURAS;OAKLEY;;OX3005;300503;53;17;140;Hombre;Gris;;RECTANGULAR/CUADRADA;ACETATO;;;56,43;158
888392580528;MONTURAS;OAKLEY;;OX3005;300504;57;17;140;Hombre;Gris;;RECTANGULAR/CUADRADA;ACETATO;;;56,43;158
888392603906;MONTURAS;OAKLEY;;OX3006;300601;55;16;140;Mujer;Negro;;REDONDA/OVALADA;ACETATO;;;56,43;158
888392603913;MONTURAS;OAKLEY;;OX3006;300602;53;16;140;Mujer;Violeta;;REDONDA/OVALADA;ACETATO;;;56,43;158
888392603920;MONTURAS;OAKLEY;;OX3006;300602;55;16;140;Mujer;Violeta;;REDONDA/OVALADA;ACETATO;;;56,43;158
888392603968;MONTURAS;OAKLEY;;OX3006;300603;55;16;140;Mujer;Azul;;REDONDA/OVALADA;ACETATO;;;56,43;158
888392603937;MONTURAS;OAKLEY;;OX3006;300604;53;16;140;Mujer;Plateado;;REDONDA/OVALADA;ACETATO;;;56,43;158
888392603944;MONTURAS;OAKLEY;;OX3006;300604;55;16;140;Mujer;Plateado;;REDONDA/OVALADA;ACETATO;;;56,43;158
888392611550;MONTURAS;OAKLEY;;OX3006;300605;53;16;140;Mujer;Verde;;REDONDA/OVALADA;ACETATO;;;56,43;158
888392611581;MONTURAS;OAKLEY;;OX3006;300606;55;16;140;Mujer;Oro;;REDONDA/OVALADA;ACETATO;;;56,43;158
888392647412;MONTURAS;OAKLEY;;OX3006;300607;53;16;140;Mujer;Rojo;;REDONDA/OVALADA;ACETATO;;;56,43;158
888392678768;MONTURAS;OAKLEY;;OX3006;300608;53;16;140;Mujer;Azul;;REDONDA/OVALADA;ACETATO;;;56,43;158
888392678775;MONTURAS;OAKLEY;;OX3006;300608;55;16;140;Mujer;Azul;;REDONDA/OVALADA;ACETATO;;;56,43;158
888392678782;MONTURAS;OAKLEY;;OX3006;300609;53;16;140;Mujer;Amarillo;;REDONDA/OVALADA;ACETATO;;;56,43;158
888392678799;MONTURAS;OAKLEY;;OX3006;300609;55;16;140;Mujer;Amarillo;;REDONDA/OVALADA;ACETATO;;;56,43;158
888392612991;MONTURAS;OAKLEY;;OX3012;301202;56;17;140;Hombre;Gris;;RECTANGULAR/CUADRADA;ACETATO;;;63,93;179
888392613004;MONTURAS;OAKLEY;;OX3012;301203;54;17;140;Hombre;Gris;;RECTANGULAR/CUADRADA;ACETATO;;;61,79;173
888392647276;MONTURAS;OAKLEY;;OX3012;301205;54;17;140;Hombre;Rojo;;RECTANGULAR/CUADRADA;ACETATO;;;63,93;179
888392647283;MONTURAS;OAKLEY;;OX3012;301205;56;17;140;Hombre;Rojo;;RECTANGULAR/CUADRADA;ACETATO;;;63,93;179
888392617439;MONTURAS;OAKLEY;;OX3026;302601;55;17;139;Hombre;Negro;;RECTANGULAR/CUADRADA;ACETATO;;;63,93;179
888392617446;MONTURAS;OAKLEY;;OX3026;302601;57;17;139;Hombre;Negro;;RECTANGULAR/CUADRADA;ACETATO;;;63,93;179
888392617460;MONTURAS;OAKLEY;;OX3026;302602;57;17;139;Hombre;Gris;;RECTANGULAR/CUADRADA;ACETATO;;;63,93;179
888392617514;MONTURAS;OAKLEY;;OX3026;302604;57;17;139;Hombre;Gris;;RECTANGULAR/CUADRADA;ACETATO;;;63,93;179
888392641854;MONTURAS;OAKLEY;;OX3035;303501;54;18;140;Hombre;Negro;;RECTANGULAR/CUADRADA;ACETATO;;;63,93;179
888392641861;MONTURAS;OAKLEY;;OX3035;303501;56;18;140;Hombre;Negro;;RECTANGULAR/CUADRADA;ACETATO;;;63,93;179
888392641878;MONTURAS;OAKLEY;;OX3035;303502;54;18;140;Hombre;Gris;;RECTANGULAR/CUADRADA;ACETATO;;;63,93;179
888392641885;MONTURAS;OAKLEY;;OX3035;303502;56;18;140;Hombre;Gris;;RECTANGULAR/CUADRADA;ACETATO;;;63,93;179
888392641892;MONTURAS;OAKLEY;;OX3035;303503;54;18;140;Hombre;Azul;;RECTANGULAR/CUADRADA;ACETATO;;;63,93;179
888392641908;MONTURAS;OAKLEY;;OX3035;303503;56;18;140;Hombre;Azul;;RECTANGULAR/CUADRADA;ACETATO;;;63,93;179
888392641939;MONTURAS;OAKLEY;;OX3035;303504;54;18;140;Hombre;Rojo;;RECTANGULAR/CUADRADA;ACETATO;;;63,93;179
888392641946;MONTURAS;OAKLEY;;OX3035;303504;56;18;140;Hombre;Rojo;;RECTANGULAR/CUADRADA;ACETATO;;;63,93;179
888392685001;MONTURAS;OAKLEY;;OX3036;303601;53;18;140;Hombre;Negro;;RECTANGULAR/CUADRADA;ACETATO;;;48,57;136
888392661630;MONTURAS;OAKLEY;;OX3036;303601;55;18;140;Hombre;Negro;;RECTANGULAR/CUADRADA;ACETATO;;;48,57;136
888392661647;MONTURAS;OAKLEY;;OX3036;303601;57;18;140;Hombre;Negro;;RECTANGULAR/CUADRADA;ACETATO;;;48,57;136
888392685018;MONTURAS;OAKLEY;;OX3036;303602;53;18;140;Hombre;Gris;;RECTANGULAR/CUADRADA;ACETATO;;;48,57;136
888392661654;MONTURAS;OAKLEY;;OX3036;303602;55;18;140;Hombre;Gris;;RECTANGULAR/CUADRADA;ACETATO;;;48,57;136
888392661661;MONTURAS;OAKLEY;;OX3036;303602;57;18;140;Hombre;Gris;;RECTANGULAR/CUADRADA;ACETATO;;;48,57;136
888392685025;MONTURAS;OAKLEY;;OX3036;303603;53;18;140;Hombre;Azul;;RECTANGULAR/CUADRADA;ACETATO;;;48,57;136
888392661678;MONTURAS;OAKLEY;;OX3036;303603;55;18;140;Hombre;Azul;;RECTANGULAR/CUADRADA;ACETATO;;;48,57;136
888392661685;MONTURAS;OAKLEY;;OX3036;303603;57;18;140;Hombre;Azul;;RECTANGULAR/CUADRADA;ACETATO;;;48,57;136
888392685032;MONTURAS;OAKLEY;;OX3036;303604;53;18;140;Hombre;Gris;;RECTANGULAR/CUADRADA;ACETATO;;;48,57;136
888392661692;MONTURAS;OAKLEY;;OX3036;303604;55;18;140;Hombre;Gris;;RECTANGULAR/CUADRADA;ACETATO;;;48,57;136
888392661708;MONTURAS;OAKLEY;;OX3036;303604;57;18;140;Hombre;Gris;;RECTANGULAR/CUADRADA;ACETATO;;;48,57;136
888392674746;MONTURAS;OAKLEY;;OX3062;306201;54;18;140;Hombre;Negro;;RECTANGULAR/CUADRADA;ACETATO;;;48,57;136
888392674739;MONTURAS;OAKLEY;;OX3062;306201;56;18;140;Hombre;Negro;;RECTANGULAR/CUADRADA;ACETATO;;;48,57;136
888392674760;MONTURAS;OAKLEY;;OX3062;306202;54;18;140;Hombre;Gris;;RECTANGULAR/CUADRADA;ACETATO;;;48,57;136
888392674753;MONTURAS;OAKLEY;;OX3062;306202;56;18;140;Hombre;Gris;;RECTANGULAR/CUADRADA;ACETATO;;;48,57;136
888392674784;MONTURAS;OAKLEY;;OX3062;306203;54;18;140;Hombre;Azul;;RECTANGULAR/CUADRADA;ACETATO;;;48,57;136
888392674777;MONTURAS;OAKLEY;;OX3062;306203;56;18;140;Hombre;Azul;;RECTANGULAR/CUADRADA;ACETATO;;;48,57;136
888392674807;MONTURAS;OAKLEY;;OX3062;306204;54;18;140;Hombre;Gris;;RECTANGULAR/CUADRADA;ACETATO;;;48,57;136
888392674791;MONTURAS;OAKLEY;;OX3062;306204;56;18;140;Hombre;Gris;;RECTANGULAR/CUADRADA;ACETATO;;;48,57;136
888392675156;MONTURAS;OAKLEY;;OX3100;310001;55;19;140;Unisex;Negro;;RECTANGULAR/CUADRADA;ACETATO;;;48,57;136
888392675149;MONTURAS;OAKLEY;;OX3100;310001;57;19;140;Unisex;Negro;;RECTANGULAR/CUADRADA;ACETATO;;;48,57;136
888392675132;MONTURAS;OAKLEY;;OX3100;310002;55;19;140;Unisex;Gris;;RECTANGULAR/CUADRADA;ACETATO;;;48,57;136
888392675125;MONTURAS;OAKLEY;;OX3100;310002;57;19;140;Unisex;Gris;;RECTANGULAR/CUADRADA;ACETATO;;;48,57;136
888392675118;MONTURAS;OAKLEY;;OX3100;310003;55;19;140;Unisex;Azul;;RECTANGULAR/CUADRADA;ACETATO;;;48,57;136
888392675101;MONTURAS;OAKLEY;;OX3100;310003;57;19;140;Unisex;Azul;;RECTANGULAR/CUADRADA;ACETATO;;;48,57;136
888392675095;MONTURAS;OAKLEY;;OX3100;310004;55;19;140;Unisex;Gris;;RECTANGULAR/CUADRADA;ACETATO;;;48,57;136
888392675088;MONTURAS;OAKLEY;;OX3100;310004;57;19;140;Unisex;Gris;;RECTANGULAR/CUADRADA;ACETATO;;;48,57;136
700285388038;MONTURAS;OAKLEY;;OX3102;310201;52;17;143;Hombre;Negro;;RECTANGULAR/CUADRADA;METAL;;;77,86;218
700285388137;MONTURAS;OAKLEY;;OX3102;310203;54;17;143;Hombre;Gris;;RECTANGULAR/CUADRADA;METAL;;;77,86;218
700285507941;MONTURAS;OAKLEY;;OX3111;311101;54;19;143;Hombre;Gris;;RECTANGULAR/CUADRADA;METAL;;;77,86;218
700285511030;MONTURAS;OAKLEY;;OX3112;311204;53;18;143;Hombre;Gris;;RECTANGULAR/CUADRADA;ACETATO;;;71,79;201
888392685827;MONTURAS;OAKLEY;;OX3116;311601;54;16;137;Unisex;Negro;;RECTANGULAR/CUADRADA;ACETATO;;;56,43;158
888392685810;MONTURAS;OAKLEY;;OX3116;311601;56;16;137;Unisex;Negro;;RECTANGULAR/CUADRADA;ACETATO;;;56,43;158
888392685865;MONTURAS;OAKLEY;;OX3116;311602;54;16;137;Unisex;Rosa;;RECTANGULAR/CUADRADA;ACETATO;;;56,43;158
888392685858;MONTURAS;OAKLEY;;OX3116;311602;56;16;137;Unisex;Rosa;;RECTANGULAR/CUADRADA;ACETATO;;;56,43;158
888392685803;MONTURAS;OAKLEY;;OX3116;311603;54;16;137;Unisex;Violeta;;RECTANGULAR/CUADRADA;ACETATO;;;56,43;158
888392685797;MONTURAS;OAKLEY;;OX3116;311603;56;16;137;Unisex;Violeta;;RECTANGULAR/CUADRADA;ACETATO;;;56,43;158
888392685841;MONTURAS;OAKLEY;;OX3116;311604;54;16;137;Unisex;Plateado;;RECTANGULAR/CUADRADA;ACETATO;;;56,43;158
888392685834;MONTURAS;OAKLEY;;OX3116;311604;56;16;137;Unisex;Plateado;;RECTANGULAR/CUADRADA;ACETATO;;;56,43;158
888392699404;MONTURAS;OAKLEY;;OX3116;311605;54;16;137;Unisex;Morado;;RECTANGULAR/CUADRADA;ACETATO;;;56,43;158
888392699398;MONTURAS;OAKLEY;;OX3116;311605;56;16;137;Unisex;Morado;;RECTANGULAR/CUADRADA;ACETATO;;;56,43;158
888392689061;MONTURAS;OAKLEY;;OX3126;312601;55;17;140;Unisex;Negro;;RECTANGULAR/CUADRADA;ACETATO;;;71,79;201
888392689054;MONTURAS;OAKLEY;;OX3126;312601;57;17;140;Unisex;Negro;;RECTANGULAR/CUADRADA;ACETATO;;;71,79;201
888392689085;MONTURAS;OAKLEY;;OX3126;312602;55;17;140;Unisex;Gris;;RECTANGULAR/CUADRADA;ACETATO;;;71,79;201
888392689078;MONTURAS;OAKLEY;;OX3126;312602;57;17;140;Unisex;Gris;;RECTANGULAR/CUADRADA;ACETATO;;;71,79;201
888392689108;MONTURAS;OAKLEY;;OX3126;312603;55;17;140;Unisex;Azul;;RECTANGULAR/CUADRADA;ACETATO;;;71,79;201
888392689092;MONTURAS;OAKLEY;;OX3126;312603;57;17;140;Unisex;Azul;;RECTANGULAR/CUADRADA;ACETATO;;;71,79;201
888392689122;MONTURAS;OAKLEY;;OX3126;312604;55;17;140;Unisex;Plateado;;RECTANGULAR/CUADRADA;ACETATO;;;71,79;201
888392689115;MONTURAS;OAKLEY;;OX3126;312604;57;17;140;Unisex;Plateado;;RECTANGULAR/CUADRADA;ACETATO;;;71,79;201
700285519326;MONTURAS;OAKLEY;;OX3133;313303;53;19;140;Hombre;Gris;;RECTANGULAR/CUADRADA;ACETATO;;;48,57;136
700285519487;MONTURAS;OAKLEY;;OX3136;313602;53;19;140;Hombre;Negro;;RECTANGULAR/CUADRADA;ACETATO;;;48,57;136
700285519500;MONTURAS;OAKLEY;;OX3136;313603;53;19;140;Hombre;Gris;;RECTANGULAR/CUADRADA;ACETATO;;;48,57;136
888392085115;MONTURAS;OAKLEY;;OX3136;313607;51;19;140;Hombre;Negro;;RECTANGULAR/CUADRADA;ACETATO;;;48,57;136
888392689184;MONTURAS;OAKLEY;;OX3140;314001;54;18;140;Unisex;Negro;;RECTANGULAR/CUADRADA;ACETATO;;;71,79;201
888392689177;MONTURAS;OAKLEY;;OX3140;314001;56;18;140;Unisex;Negro;;RECTANGULAR/CUADRADA;ACETATO;;;71,79;201
888392689221;MONTURAS;OAKLEY;;OX3140;314002;54;18;140;Unisex;Gris;;RECTANGULAR/CUADRADA;ACETATO;;;71,79;201
888392689214;MONTURAS;OAKLEY;;OX3140;314002;56;18;140;Unisex;Gris;;RECTANGULAR/CUADRADA;ACETATO;;;71,79;201
888392689207;MONTURAS;OAKLEY;;OX3140;314003;54;18;140;Unisex;Gris;;RECTANGULAR/CUADRADA;ACETATO;;;71,79;201
888392689191;MONTURAS;OAKLEY;;OX3140;314003;56;18;140;Unisex;Gris;;RECTANGULAR/CUADRADA;ACETATO;;;71,79;201
888392689160;MONTURAS;OAKLEY;;OX3140;314004;54;18;140;Unisex;Azul;;RECTANGULAR/CUADRADA;ACETATO;;;71,79;201
888392689153;MONTURAS;OAKLEY;;OX3140;314004;56;18;140;Unisex;Azul;;RECTANGULAR/CUADRADA;ACETATO;;;71,79;201
888392690838;MONTURAS;OAKLEY;;OX3141;314101;55;18;143;Unisex;Negro;;RECTANGULAR/CUADRADA;ACETATO;;;48,57;136
888392690821;MONTURAS;OAKLEY;;OX3141;314101;57;18;143;Unisex;Negro;;RECTANGULAR/CUADRADA;ACETATO;;;48,57;136
888392690814;MONTURAS;OAKLEY;;OX3141;314102;55;18;143;Unisex;Gris;;RECTANGULAR/CUADRADA;ACETATO;;;48,57;136
888392690807;MONTURAS;OAKLEY;;OX3141;314102;57;18;143;Unisex;Gris;;RECTANGULAR/CUADRADA;ACETATO;;;48,57;136
888392690791;MONTURAS;OAKLEY;;OX3141;314103;55;18;143;Unisex;Azul;;RECTANGULAR/CUADRADA;ACETATO;;;48,57;136
888392690784;MONTURAS;OAKLEY;;OX3141;314103;57;18;143;Unisex;Azul;;RECTANGULAR/CUADRADA;ACETATO;;;48,57;136
888392690777;MONTURAS;OAKLEY;;OX3141;314104;55;18;143;Unisex;Gris;;RECTANGULAR/CUADRADA;ACETATO;;;48,57;136
888392690760;MONTURAS;OAKLEY;;OX3141;314104;57;18;143;Unisex;Gris;;RECTANGULAR/CUADRADA;ACETATO;;;48,57;136
700285854809;MONTURAS;OAKLEY;;OX3173;317301;52;17;139;Hombre;Negro;;RECTANGULAR/CUADRADA;ACETATO;;;71,79;201
700285855578;MONTURAS;OAKLEY;;OX3174;317401;53;18;139;Hombre;Negro;;RECTANGULAR/CUADRADA;ACETATO;;;71,79;201
700285855592;MONTURAS;OAKLEY;;OX3174;317402;53;18;139;Hombre;Gris;;RECTANGULAR/CUADRADA;ACETATO;;;71,79;201
700285855639;MONTURAS;OAKLEY;;OX3174;317404;53;18;139;Hombre;Azul;;RECTANGULAR/CUADRADA;ACETATO;;;71,79;201
888392678454;MONTURAS;OAKLEY;;OX3174;317407;51;18;139;Hombre;Gris;;RECTANGULAR/CUADRADA;ACETATO;;;71,79;201
888392678461;MONTURAS;OAKLEY;;OX3174;317407;53;18;139;Hombre;Gris;;RECTANGULAR/CUADRADA;ACETATO;;;71,79;201
700285968896;MONTURAS;OAKLEY;;OX3184;318401;52;17;135;Hombre;Negro;;RECTANGULAR/CUADRADA;METAL;;;97,5;273
888392145727;MONTURAS;OAKLEY;;OX3184;318401;54;17;135;Hombre;Negro;;RECTANGULAR/CUADRADA;METAL;;;97,5;273
700285968919;MONTURAS;OAKLEY;;OX3184;318402;52;17;135;Hombre;Gris;;RECTANGULAR/CUADRADA;METAL;;;97,5;273
888392146151;MONTURAS;OAKLEY;;OX3184;318402;54;17;135;Hombre;Gris;;RECTANGULAR/CUADRADA;METAL;;;97,5;273
888392472328;MONTURAS;OAKLEY;;OX3184;318411;54;17;135;Hombre;Gris;;RECTANGULAR/CUADRADA;METAL;;;97,5;273
888392219534;MONTURAS;OAKLEY;;OX3217;321701;55;17;136;Hombre;Negro;;RECTANGULAR/CUADRADA;ACETATO;;;63,93;179
888392446879;MONTURAS;OAKLEY;;OX3217;321701;57;17;140;Hombre;Negro;;RECTANGULAR/CUADRADA;ACETATO;;;63,93;179
888392219527;MONTURAS;OAKLEY;;OX3217;321702;55;17;136;Hombre;Marrón;;RECTANGULAR/CUADRADA;ACETATO;;;63,93;179
888392446886;MONTURAS;OAKLEY;;OX3217;321702;57;17;140;Hombre;Marrón;;RECTANGULAR/CUADRADA;ACETATO;;;63,93;179
888392219510;MONTURAS;OAKLEY;;OX3217;321703;55;17;136;Hombre;Plateado;;RECTANGULAR/CUADRADA;ACETATO;;;63,93;179
888392254634;MONTURAS;OAKLEY;;OX3217;321704;55;17;136;Hombre;Negro;;RECTANGULAR/CUADRADA;ACETATO;;;63,93;179
888392446909;MONTURAS;OAKLEY;;OX3217;321704;57;17;140;Hombre;Negro;;RECTANGULAR/CUADRADA;ACETATO;;;63,93;179
888392610317;MONTURAS;OAKLEY;;OX3217;321715;55;17;136;Hombre;Gris;;RECTANGULAR/CUADRADA;ACETATO;;;63,93;179
888392610324;MONTURAS;OAKLEY;;OX3217;321715;57;17;140;Hombre;Gris;;RECTANGULAR/CUADRADA;ACETATO;;;63,93;179
888392647313;MONTURAS;OAKLEY;;OX3217;321717;53;17;136;Hombre;Gris;;RECTANGULAR/CUADRADA;ACETATO;;;63,93;179
888392647320;MONTURAS;OAKLEY;;OX3217;321717;55;17;136;Hombre;Gris;;RECTANGULAR/CUADRADA;ACETATO;;;63,93;179
888392647337;MONTURAS;OAKLEY;;OX3217;321717;57;17;140;Hombre;Gris;;RECTANGULAR/CUADRADA;ACETATO;;;63,93;179
888392678393;MONTURAS;OAKLEY;;OX3217;321718;53;17;136;Hombre;Gris;;RECTANGULAR/CUADRADA;ACETATO;;;63,93;179
888392678409;MONTURAS;OAKLEY;;OX3217;321718;55;17;136;Hombre;Gris;;RECTANGULAR/CUADRADA;ACETATO;;;63,93;179
888392678416;MONTURAS;OAKLEY;;OX3217;321718;57;17;140;Hombre;Gris;;RECTANGULAR/CUADRADA;ACETATO;;;63,93;179
888392689566;MONTURAS;OAKLEY;;OX3217;321720;53;17;136;Hombre;Violeta;;RECTANGULAR/CUADRADA;ACETATO;;;63,93;179
888392689573;MONTURAS;OAKLEY;;OX3217;321720;55;17;136;Hombre;Violeta;;RECTANGULAR/CUADRADA;ACETATO;;;63,93;179
888392689580;MONTURAS;OAKLEY;;OX3217;321720;57;17;140;Hombre;Violeta;;RECTANGULAR/CUADRADA;ACETATO;;;63,93;179
888392221742;MONTURAS;OAKLEY;;OX3218;321801;54;18;136;Hombre;Negro;;RECTANGULAR/CUADRADA;ACETATO;;;63,93;179
888392446916;MONTURAS;OAKLEY;;OX3218;321801;56;18;140;Hombre;Negro;;RECTANGULAR/CUADRADA;ACETATO;;;63,93;179
888392221759;MONTURAS;OAKLEY;;OX3218;321802;54;18;136;Hombre;Marrón;;RECTANGULAR/CUADRADA;ACETATO;;;63,93;179
888392446923;MONTURAS;OAKLEY;;OX3218;321802;56;18;140;Hombre;Marrón;;RECTANGULAR/CUADRADA;ACETATO;;;63,93;179
888392221780;MONTURAS;OAKLEY;;OX3218;321803;54;18;136;Hombre;Azul;;RECTANGULAR/CUADRADA;ACETATO;;;63,93;179
888392446930;MONTURAS;OAKLEY;;OX3218;321803;56;18;140;Hombre;Azul;;RECTANGULAR/CUADRADA;ACETATO;;;63,93;179
888392254672;MONTURAS;OAKLEY;;OX3218;321804;54;18;136;Hombre;Negro;;RECTANGULAR/CUADRADA;ACETATO;;;63,93;179
888392446947;MONTURAS;OAKLEY;;OX3218;321804;56;18;140;Hombre;Negro;;RECTANGULAR/CUADRADA;ACETATO;;;63,93;179
888392375742;MONTURAS;OAKLEY;;OX3218;321806;54;18;136;Hombre;Gris;;RECTANGULAR/CUADRADA;ACETATO;;;63,93;179
888392463470;MONTURAS;OAKLEY;;OX3218;321808;54;18;136;Hombre;Gris;;RECTANGULAR/CUADRADA;ACETATO;;;63,93;179
888392610393;MONTURAS;OAKLEY;;OX3218;321813;54;18;136;Hombre;Gris;;RECTANGULAR/CUADRADA;ACETATO;;;63,93;179
888392610379;MONTURAS;OAKLEY;;OX3218;321813;56;18;140;Hombre;Gris;;RECTANGULAR/CUADRADA;ACETATO;;;63,93;179
888392610423;MONTURAS;OAKLEY;;OX3218;321814;54;18;136;Hombre;Negro;;RECTANGULAR/CUADRADA;ACETATO;;;63,93;179
888392647351;MONTURAS;OAKLEY;;OX3218;321816;52;18;136;Hombre;Negro;;RECTANGULAR/CUADRADA;ACETATO;;;63,93;179
888392647368;MONTURAS;OAKLEY;;OX3218;321816;54;18;136;Hombre;Negro;;RECTANGULAR/CUADRADA;ACETATO;;;63,93;179
888392647344;MONTURAS;OAKLEY;;OX3218;321816;56;18;140;Hombre;Negro;;RECTANGULAR/CUADRADA;ACETATO;;;63,93;179
888392678430;MONTURAS;OAKLEY;;OX3218;321817;52;18;136;Hombre;Gris;;RECTANGULAR/CUADRADA;ACETATO;;;63,93;179
888392678447;MONTURAS;OAKLEY;;OX3218;321817;54;18;136;Hombre;Gris;;RECTANGULAR/CUADRADA;ACETATO;;;63,93;179
888392678423;MONTURAS;OAKLEY;;OX3218;321817;56;18;140;Hombre;Gris;;RECTANGULAR/CUADRADA;ACETATO;;;63,93;179
888392689801;MONTURAS;OAKLEY;;OX3218;321818;52;18;136;Hombre;Violeta;;RECTANGULAR/CUADRADA;ACETATO;;;63,93;179
888392689818;MONTURAS;OAKLEY;;OX3218;321818;54;18;136;Hombre;Violeta;;RECTANGULAR/CUADRADA;ACETATO;;;63,93;179
888392689795;MONTURAS;OAKLEY;;OX3218;321818;56;18;140;Hombre;Violeta;;RECTANGULAR/CUADRADA;ACETATO;;;63,93;179
888392247148;MONTURAS;OAKLEY;;OX3222;322201;52;18;141;Hombre;Negro;;RECTANGULAR/CUADRADA;ACETATO;;;71,79;201
888392247193;MONTURAS;OAKLEY;;OX3222;322201;54;18;141;Hombre;Negro;;RECTANGULAR/CUADRADA;ACETATO;;;71,79;201
888392402523;MONTURAS;OAKLEY;;OX3222;322201;56;18;141;Hombre;Negro;;RECTANGULAR/CUADRADA;ACETATO;;;69,29;194
888392287915;MONTURAS;OAKLEY;;OX3227;322701;55;17;139;Hombre;Negro;;RECTANGULAR/CUADRADA;ACETATO;;;68,21;191
888392459114;MONTURAS;OAKLEY;;OX3227;322701;57;17;139;Hombre;Negro;;RECTANGULAR/CUADRADA;ACETATO;;;68,21;191
888392287922;MONTURAS;OAKLEY;;OX3227;322702;55;17;139;Hombre;Gris;;RECTANGULAR/CUADRADA;ACETATO;;;68,21;191
888392459121;MONTURAS;OAKLEY;;OX3227;322702;57;17;139;Hombre;Gris;;RECTANGULAR/CUADRADA;ACETATO;;;68,21;191
888392287946;MONTURAS;OAKLEY;;OX3227;322704;55;17;139;Hombre;Azul;;RECTANGULAR/CUADRADA;ACETATO;;;68,21;191
888392459145;MONTURAS;OAKLEY;;OX3227;322704;57;17;139;Hombre;Azul;;RECTANGULAR/CUADRADA;ACETATO;;;68,21;191
888392428943;MONTURAS;OAKLEY;;OX3227;322706;55;17;139;Hombre;Gris;;RECTANGULAR/CUADRADA;ACETATO;;;68,21;191
888392576767;MONTURAS;OAKLEY;;OX3227;322708;55;17;139;Hombre;Rojo;;RECTANGULAR/CUADRADA;ACETATO;;;65,71;184
888392678959;MONTURAS;OAKLEY;;OX3227;322712;53;17;139;Hombre;Oro;;RECTANGULAR/CUADRADA;ACETATO;;;68,21;191
888392678966;MONTURAS;OAKLEY;;OX3227;322712;55;17;139;Hombre;Oro;;RECTANGULAR/CUADRADA;ACETATO;;;68,21;191
888392678973;MONTURAS;OAKLEY;;OX3227;322712;57;17;139;Hombre;Oro;;RECTANGULAR/CUADRADA;ACETATO;;;68,21;191
888392321541;MONTURAS;OAKLEY;;OX3232;323201;54;17;141;Hombre;Negro;;RECTANGULAR/CUADRADA;ACETATO;;;71,79;201
888392352460;MONTURAS;OAKLEY;;OX3233;323301;54;18;138;Hombre;Negro;;RECTANGULAR/CUADRADA;ACETATO;;;63,93;179
888392471956;MONTURAS;OAKLEY;;OX3244;324401;55;18;141;Hombre;Negro;;RECTANGULAR/CUADRADA;ACETATO;;;56,43;158
888392471963;MONTURAS;OAKLEY;;OX3244;324402;55;18;141;Hombre;Gris;;RECTANGULAR/CUADRADA;ACETATO;;;56,43;158
888392470539;MONTURAS;OAKLEY;;OX3248;324801;54;18;140;Hombre;Negro;;RECTANGULAR/CUADRADA;ACETATO;;;86,43;242
888392576804;MONTURAS;OAKLEY;;OX3248;324805;52;18;140;Hombre;Rojo;;RECTANGULAR/CUADRADA;ACETATO;;;86,43;242
888392563798;MONTURAS;OAKLEY;;OX3249;324901;58;16;135;Hombre;Negro;;RECTANGULAR/CUADRADA;ACETATO;;;56,43;158
888392563811;MONTURAS;OAKLEY;;OX3249;324902;56;16;135;Hombre;Gris;;RECTANGULAR/CUADRADA;ACETATO;;;56,43;158
888392563828;MONTURAS;OAKLEY;;OX3249;324902;58;16;135;Hombre;Gris;;RECTANGULAR/CUADRADA;ACETATO;;;56,43;158
888392563842;MONTURAS;OAKLEY;;OX3249;324903;56;16;135;Hombre;Azul;;RECTANGULAR/CUADRADA;ACETATO;;;56,43;158
888392563866;MONTURAS;OAKLEY;;OX3249;324904;56;16;135;Hombre;Gris;;RECTANGULAR/CUADRADA;ACETATO;;;56,43;158
888392563859;MONTURAS;OAKLEY;;OX3249;324904;58;16;135;Hombre;Gris;;RECTANGULAR/CUADRADA;ACETATO;;;56,43;158
888392647306;MONTURAS;OAKLEY;;OX3249;324905;56;16;135;Hombre;Negro;;RECTANGULAR/CUADRADA;ACETATO;;;56,43;158
888392647290;MONTURAS;OAKLEY;;OX3249;324905;58;16;135;Hombre;Negro;;RECTANGULAR/CUADRADA;ACETATO;;;56,43;158
888392678485;MONTURAS;OAKLEY;;OX3249;324906;56;16;135;Hombre;Cobre;;RECTANGULAR/CUADRADA;ACETATO;;;56,43;158
888392678478;MONTURAS;OAKLEY;;OX3249;324906;58;16;135;Hombre;Cobre;;RECTANGULAR/CUADRADA;ACETATO;;;56,43;158
888392574930;MONTURAS;OAKLEY;;OX5019;501901;56;17;140;Hombre;Negro;;RECTANGULAR/CUADRADA;TITANIO;;;89,64;251
888392574978;MONTURAS;OAKLEY;;OX5019;501903;56;17;140;Hombre;Azul;;RECTANGULAR/CUADRADA;TITANIO;;;89,64;251
888392574985;MONTURAS;OAKLEY;;OX5019;501904;54;17;140;Hombre;Plateado;;RECTANGULAR/CUADRADA;TITANIO;;;86,43;242
888392647252;MONTURAS;OAKLEY;;OX5019;501905;54;17;140;Hombre;Rojo;;RECTANGULAR/CUADRADA;TITANIO;;;89,64;251
888392647269;MONTURAS;OAKLEY;;OX5019;501905;56;17;140;Hombre;Rojo;;RECTANGULAR/CUADRADA;TITANIO;;;89,64;251
700285255002;MONTURAS;OAKLEY;;OX5038;22-198;53;18;140;Hombre;Negro;;RECTANGULAR/CUADRADA;TITANIO;;;97,5;273
700285604008;MONTURAS;OAKLEY;;OX5038;503805;55;18;140;Hombre;Negro;;RECTANGULAR/CUADRADA;TITANIO;;;97,5;273
700285604022;MONTURAS;OAKLEY;;OX5038;503806;55;18;140;Hombre;Plateado;;RECTANGULAR/CUADRADA;TITANIO;;;97,5;273
888392616456;MONTURAS;OAKLEY;;OX5078;507801;55;16;136;Hombre;Negro;;RECTANGULAR/CUADRADA;TITANIO;;;110,71;310
888392616500;MONTURAS;OAKLEY;;OX5078;507804;53;16;136;Hombre;Azul;;RECTANGULAR/CUADRADA;TITANIO;;;110,71;310
888392616531;MONTURAS;OAKLEY;;OX5080;508001;56;16;136;Hombre;Negro;;RECTANGULAR/CUADRADA;TITANIO;;;110,71;310
888392616555;MONTURAS;OAKLEY;;OX5080;508002;56;16;136;Hombre;Gris;;RECTANGULAR/CUADRADA;TITANIO;;;110,71;310
888392616586;MONTURAS;OAKLEY;;OX5080;508004;54;16;136;Hombre;Azul;;RECTANGULAR/CUADRADA;TITANIO;;;105;294
888392641700;MONTURAS;OAKLEY;;OX5081;508101;52;18;141;Hombre;Negro;;REDONDA/OVALADA;TITANIO;;;124,29;348
888392641717;MONTURAS;OAKLEY;;OX5081;508101;54;18;141;Hombre;Negro;;REDONDA/OVALADA;TITANIO;;;124,29;348
888392641724;MONTURAS;OAKLEY;;OX5081;508102;52;18;141;Hombre;Gris;;REDONDA/OVALADA;TITANIO;;;124,29;348
888392641731;MONTURAS;OAKLEY;;OX5081;508102;54;18;141;Hombre;Gris;;REDONDA/OVALADA;TITANIO;;;124,29;348
888392641748;MONTURAS;OAKLEY;;OX5081;508103;52;18;141;Hombre;Azul;;REDONDA/OVALADA;TITANIO;;;124,29;348
888392641755;MONTURAS;OAKLEY;;OX5081;508103;54;18;141;Hombre;Azul;;REDONDA/OVALADA;TITANIO;;;124,29;348
888392641779;MONTURAS;OAKLEY;;OX5081;508104;54;18;141;Hombre;Negro;;REDONDA/OVALADA;TITANIO;;;120;336
888392661869;MONTURAS;OAKLEY;;OX5086;508601;54;18;138;Unisex;Negro;;RECTANGULAR/CUADRADA;TITANIO;;;124,29;348
888392661876;MONTURAS;OAKLEY;;OX5086;508601;56;18;138;Unisex;Negro;;RECTANGULAR/CUADRADA;TITANIO;;;124,29;348
888392661845;MONTURAS;OAKLEY;;OX5086;508602;54;18;138;Unisex;Gris;;RECTANGULAR/CUADRADA;TITANIO;;;124,29;348
888392661852;MONTURAS;OAKLEY;;OX5086;508602;56;18;138;Unisex;Gris;;RECTANGULAR/CUADRADA;TITANIO;;;124,29;348
888392661821;MONTURAS;OAKLEY;;OX5086;508603;54;18;138;Unisex;Gris;;RECTANGULAR/CUADRADA;TITANIO;;;124,29;348
888392661838;MONTURAS;OAKLEY;;OX5086;508603;56;18;138;Unisex;Gris;;RECTANGULAR/CUADRADA;TITANIO;;;124,29;348
888392661807;MONTURAS;OAKLEY;;OX5086;508604;54;18;138;Unisex;Azul;;RECTANGULAR/CUADRADA;TITANIO;;;124,29;348
888392661814;MONTURAS;OAKLEY;;OX5086;508604;56;18;138;Unisex;Azul;;RECTANGULAR/CUADRADA;TITANIO;;;124,29;348
888392676603;MONTURAS;OAKLEY;;OX5090;509001;57;16;121;Hombre;Negro;;RECTANGULAR/CUADRADA;TITANIO;;;140,71;394
888392676597;MONTURAS;OAKLEY;;OX5090;509002;57;16;121;Hombre;Marrón;;RECTANGULAR/CUADRADA;TITANIO;;;140,71;394
888392676580;MONTURAS;OAKLEY;;OX5090;509003;57;16;121;Hombre;Gris;;RECTANGULAR/CUADRADA;TITANIO;;;140,71;394
888392676573;MONTURAS;OAKLEY;;OX5090;509004;57;16;121;Hombre;Azul;;RECTANGULAR/CUADRADA;TITANIO;;;140,71;394
888392686749;MONTURAS;OAKLEY;;OX5093;509301;57;18;140;Hombre;Negro;;RECTANGULAR/CUADRADA;TITANIO;;;151,43;424
888392686756;MONTURAS;OAKLEY;;OX5093;509302;57;18;140;Hombre;Plateado;;RECTANGULAR/CUADRADA;TITANIO;;;151,43;424
888392686763;MONTURAS;OAKLEY;;OX5093;509303;57;18;140;Hombre;Oro;;RECTANGULAR/CUADRADA;TITANIO;;;151,43;424
888392686770;MONTURAS;OAKLEY;;OX5093;509304;57;18;140;Hombre;Gris;;RECTANGULAR/CUADRADA;TITANIO;;;151,43;424
888392701251;MONTURAS;OAKLEY;;OX5096;509601;55;17;139;Unisex;Negro;;RECTANGULAR/CUADRADA;TITANIO;;;116,79;327
888392701268;MONTURAS;OAKLEY;;OX5096;509601;57;17;139;Unisex;Negro;;RECTANGULAR/CUADRADA;TITANIO;;;116,79;327
888392701299;MONTURAS;OAKLEY;;OX5096;509602;55;17;139;Unisex;Oro;;RECTANGULAR/CUADRADA;TITANIO;;;116,79;327
888392701305;MONTURAS;OAKLEY;;OX5096;509602;57;17;139;Unisex;Oro;;RECTANGULAR/CUADRADA;TITANIO;;;116,79;327
888392701275;MONTURAS;OAKLEY;;OX5096;509603;55;17;139;Unisex;Azul;;RECTANGULAR/CUADRADA;TITANIO;;;116,79;327
888392701282;MONTURAS;OAKLEY;;OX5096;509603;57;17;139;Unisex;Azul;;RECTANGULAR/CUADRADA;TITANIO;;;116,79;327
888392701237;MONTURAS;OAKLEY;;OX5096;509604;55;17;139;Unisex;Gris;;RECTANGULAR/CUADRADA;TITANIO;;;116,79;327
888392701244;MONTURAS;OAKLEY;;OX5096;509604;57;17;139;Unisex;Gris;;RECTANGULAR/CUADRADA;TITANIO;;;116,79;327
888392073129;MONTURAS;OAKLEY;;OX5099;509901;53;18;135;Hombre;Negro;;RECTANGULAR/CUADRADA;TITANIO;;;116,79;327
888392073143;MONTURAS;OAKLEY;;OX5099;509903;53;18;135;Hombre;Gris;;RECTANGULAR/CUADRADA;TITANIO;;;116,79;327
888392071835;MONTURAS;OAKLEY;;OX5113;511301;54;18;135;Hombre;Negro;;RECTANGULAR/CUADRADA;TITANIO;;;89,64;251
888392221605;MONTURAS;OAKLEY;;OX5113;511301;56;18;135;Hombre;Negro;;RECTANGULAR/CUADRADA;TITANIO;;;89,64;251
888392071842;MONTURAS;OAKLEY;;OX5113;511302;54;18;135;Hombre;Gris;;RECTANGULAR/CUADRADA;TITANIO;;;89,64;251
888392221612;MONTURAS;OAKLEY;;OX5113;511302;56;18;135;Hombre;Gris;;RECTANGULAR/CUADRADA;TITANIO;;;89,64;251
888392192387;MONTURAS;OAKLEY;;OX5115;511502;53;18;139;Hombre;Negro;;RECTANGULAR/CUADRADA;TITANIO;;;89,64;251
888392192677;MONTURAS;OAKLEY;;OX5118;511801;53;18;139;Hombre;Marrón;;RECTANGULAR/CUADRADA;TITANIO;;;89,64;251
888392192691;MONTURAS;OAKLEY;;OX5118;511803;53;18;139;Hombre;Gris;;RECTANGULAR/CUADRADA;TITANIO;;;89,64;251
888392192707;MONTURAS;OAKLEY;;OX5118;511804;53;18;139;Hombre;Azul;;RECTANGULAR/CUADRADA;TITANIO;;;89,64;251
888392213563;MONTURAS;OAKLEY;;OX5119;511901;54;17;139;Hombre;Negro;;RECTANGULAR/CUADRADA;TITANIO;;;89,64;251
888392213914;MONTURAS;OAKLEY;;OX5121;512101;55;16;139;Hombre;Negro;;RECTANGULAR/CUADRADA;TITANIO;;;89,64;251
888392268853;MONTURAS;OAKLEY;;OX5126;512601;54;18;137;Hombre;Negro;;RECTANGULAR/CUADRADA;TITANIO;;;89,64;251
888392282248;MONTURAS;OAKLEY;;OX5128;512801;54;18;137;Hombre;Negro;;RECTANGULAR/CUADRADA;TITANIO;;;89,64;251
888392282279;MONTURAS;OAKLEY;;OX5128;512804;54;18;137;Hombre;Negro;;RECTANGULAR/CUADRADA;TITANIO;;;89,64;251
888392282569;MONTURAS;OAKLEY;;OX5132;513201;54;18;138;Hombre;Negro;;RECTANGULAR/CUADRADA;TITANIO;;;89,64;251
888392282576;MONTURAS;OAKLEY;;OX5132;513202;54;18;138;Hombre;Gris;;RECTANGULAR/CUADRADA;TITANIO;;;89,64;251
888392405227;MONTURAS;OAKLEY;;OX5132;513205;54;18;138;Hombre;Marrón;;RECTANGULAR/CUADRADA;TITANIO;;;89,64;251
888392405241;MONTURAS;OAKLEY;;OX5132;513207;54;18;138;Hombre;Gris;;RECTANGULAR/CUADRADA;TITANIO;;;89,64;251
888392353016;MONTURAS;OAKLEY;;OX5137;513701;54;17;137;Hombre;Negro;;RECTANGULAR/CUADRADA;TITANIO;;;89,64;251
888392443021;MONTURAS;OAKLEY;;OX5140;514001;56;16;141;Hombre;Negro;;RECTANGULAR/CUADRADA;TITANIO;;;110,71;310
888392443045;MONTURAS;OAKLEY;;OX5140;514003;56;16;141;Hombre;Gris;;RECTANGULAR/CUADRADA;TITANIO;;;110,71;310
888392467409;MONTURAS;OAKLEY;;OX5148;514801;54;18;136;Hombre;Negro;;RECTANGULAR/CUADRADA;TITANIO;;;89,64;251
888392467973;MONTURAS;OAKLEY;;OX5148;514801;56;18;136;Hombre;Negro;;RECTANGULAR/CUADRADA;TITANIO;;;89,64;251
888392467416;MONTURAS;OAKLEY;;OX5148;514802;54;18;136;Hombre;Gris;;RECTANGULAR/CUADRADA;TITANIO;;;89,64;251
888392467980;MONTURAS;OAKLEY;;OX5148;514802;56;18;136;Hombre;Gris;;RECTANGULAR/CUADRADA;TITANIO;;;89,64;251
888392467430;MONTURAS;OAKLEY;;OX5148;514804;54;18;136;Hombre;Azul;;RECTANGULAR/CUADRADA;TITANIO;;;89,64;251
888392468000;MONTURAS;OAKLEY;;OX5148;514804;56;18;136;Hombre;Azul;;RECTANGULAR/CUADRADA;TITANIO;;;89,64;251
888392491336;MONTURAS;OAKLEY;;OX5149;514902;49;17;136;Mujer;Oro;;REDONDA/OVALADA;TITANIO;;;100;280
888392482877;MONTURAS;OAKLEY;;OX5149;514903;51;17;136;Mujer;Violeta;;REDONDA/OVALADA;TITANIO;;;105;294
888392482778;MONTURAS;OAKLEY;;OX5150;515001;53;16;136;Mujer;Plateado;;REDONDA/OVALADA;TITANIO;;;105;294
888392482822;MONTURAS;OAKLEY;;OX5150;515002;51;16;136;Mujer;Oro;;REDONDA/OVALADA;TITANIO;;;105;294
888392509031;MONTURAS;OAKLEY;;OX5151;515102;53;17;138;Hombre;Gris;;RECTANGULAR/CUADRADA;TITANIO;;;86,43;242
888392557223;MONTURAS;OAKLEY;;OX5152;515201;56;19;140;Hombre;Negro;;RECTANGULAR/CUADRADA;TITANIO;;;110,71;310
888392557261;MONTURAS;OAKLEY;;OX5152;515203;56;19;140;Hombre;Gris;;RECTANGULAR/CUADRADA;TITANIO;;;110,71;310
888392575005;MONTURAS;OAKLEY;;OX5153;515301;56;18;138;Hombre;Negro;;RECTANGULAR/CUADRADA;TITANIO;;;89,64;251
888392575043;MONTURAS;OAKLEY;;OX5153;515302;56;18;138;Hombre;Gris;;RECTANGULAR/CUADRADA;TITANIO;;;89,64;251
700285474830;MONTURAS;OAKLEY;;OX8026;802601;54;17;133;Hombre;Negro;;RECTANGULAR/CUADRADA;ACETATO;;;77,86;218
888392488282;MONTURAS;OAKLEY;;OX8026;802614;54;17;133;Hombre;Transparente;;RECTANGULAR/CUADRADA;ACETATO;;;77,86;218
888392562326;MONTURAS;OAKLEY;;OX8028;802802;58;17;123;Hombre;Gris;;RECTANGULAR/CUADRADA;ACETATO;;;65,71;184
888392603463;MONTURAS;OAKLEY;;OX8028;802807;56;17;123;Hombre;Azul;;RECTANGULAR/CUADRADA;ACETATO;;;65,71;184
888392684967;MONTURAS;OAKLEY;;OX8032;803201;53;16;141;Hombre;Negro;;RECTANGULAR/CUADRADA;ACETATO;;;52,5;147
888392561787;MONTURAS;OAKLEY;;OX8032;803201;55;16;141;Hombre;Negro;;RECTANGULAR/CUADRADA;ACETATO;;;52,5;147
888392561794;MONTURAS;OAKLEY;;OX8032;803201;57;17;141;Hombre;Negro;;RECTANGULAR/CUADRADA;ACETATO;;;52,5;147
888392684974;MONTURAS;OAKLEY;;OX8032;803202;53;16;141;Hombre;Gris;;RECTANGULAR/CUADRADA;ACETATO;;;52,5;147
888392561763;MONTURAS;OAKLEY;;OX8032;803202;55;16;141;Hombre;Gris;;RECTANGULAR/CUADRADA;ACETATO;;;52,5;147
888392561770;MONTURAS;OAKLEY;;OX8032;803202;57;17;141;Hombre;Gris;;RECTANGULAR/CUADRADA;ACETATO;;;52,5;147
888392684981;MONTURAS;OAKLEY;;OX8032;803203;53;16;141;Hombre;Negro;;RECTANGULAR/CUADRADA;ACETATO;;;52,5;147
888392561749;MONTURAS;OAKLEY;;OX8032;803203;55;16;141;Hombre;Negro;;RECTANGULAR/CUADRADA;ACETATO;;;52,5;147
888392561756;MONTURAS;OAKLEY;;OX8032;803203;57;17;141;Hombre;Negro;;RECTANGULAR/CUADRADA;ACETATO;;;52,5;147
888392684998;MONTURAS;OAKLEY;;OX8032;803204;53;16;141;Hombre;Negro;;RECTANGULAR/CUADRADA;ACETATO;;;52,5;147
888392561725;MONTURAS;OAKLEY;;OX8032;803204;55;16;141;Hombre;Negro;;RECTANGULAR/CUADRADA;ACETATO;;;52,5;147
888392561732;MONTURAS;OAKLEY;;OX8032;803204;57;17;141;Hombre;Negro;;RECTANGULAR/CUADRADA;ACETATO;;;52,5;147
888392609267;MONTURAS;OAKLEY;;OX8032;803208;55;16;141;Hombre;Negro;;RECTANGULAR/CUADRADA;ACETATO;;;50,71;142
888392619921;MONTURAS;OAKLEY;;OX8032;803209;57;17;141;Hombre;Transparente;;RECTANGULAR/CUADRADA;ACETATO;;;50,71;142
888392646590;MONTURAS;OAKLEY;;OX8032;803210;55;16;141;Hombre;Negro;;RECTANGULAR/CUADRADA;ACETATO;;;52,5;147
888392646606;MONTURAS;OAKLEY;;OX8032;803210;57;17;141;Hombre;Negro;;RECTANGULAR/CUADRADA;ACETATO;;;52,5;147
888392678263;MONTURAS;OAKLEY;;OX8032;803211;55;16;141;Hombre;Azul;;RECTANGULAR/CUADRADA;ACETATO;;;52,5;147
888392678270;MONTURAS;OAKLEY;;OX8032;803211;57;17;141;Hombre;Azul;;RECTANGULAR/CUADRADA;ACETATO;;;52,5;147
888392690128;MONTURAS;OAKLEY;;OX8032;803212;53;16;141;Hombre;Transparente;;RECTANGULAR/CUADRADA;ACETATO;;;52,5;147
888392690104;MONTURAS;OAKLEY;;OX8032;803212;55;16;141;Hombre;Transparente;;RECTANGULAR/CUADRADA;ACETATO;;;52,5;147
888392690111;MONTURAS;OAKLEY;;OX8032;803212;57;17;141;Hombre;Transparente;;RECTANGULAR/CUADRADA;ACETATO;;;52,5;147
888392699367;MONTURAS;OAKLEY;;OX8032;803213;53;16;141;Hombre;Marrón;;RECTANGULAR/CUADRADA;ACETATO;;;52,5;147
888392699343;MONTURAS;OAKLEY;;OX8032;803213;55;16;141;Hombre;Marrón;;RECTANGULAR/CUADRADA;ACETATO;;;52,5;147
888392699350;MONTURAS;OAKLEY;;OX8032;803213;57;17;141;Hombre;Marrón;;RECTANGULAR/CUADRADA;ACETATO;;;52,5;147
700285887807;MONTURAS;OAKLEY;;OX8039;803901;53;18;140;Hombre;Negro;;RECTANGULAR/CUADRADA;ACETATO;;;63,93;179
888392078261;MONTURAS;OAKLEY;;OX8046;804601;51;18;143;Hombre;Negro;;RECTANGULAR/CUADRADA;ACETATO;;;63,93;179
888392078322;MONTURAS;OAKLEY;;OX8046;804601;53;18;143;Hombre;Negro;;RECTANGULAR/CUADRADA;ACETATO;;;63,93;179
888392078339;MONTURAS;OAKLEY;;OX8046;804601;55;18;143;Hombre;Negro;;RECTANGULAR/CUADRADA;ACETATO;;;63,93;179
888392133205;MONTURAS;OAKLEY;;OX8046;804601;57;18;143;Hombre;Negro;;RECTANGULAR/CUADRADA;ACETATO;;;63,93;179
888392593962;MONTURAS;OAKLEY;;OX8046;804601;59;18;148;Hombre;Negro;;RECTANGULAR/CUADRADA;ACETATO;;;63,93;179
888392078353;MONTURAS;OAKLEY;;OX8046;804602;55;18;143;Hombre;Negro;;RECTANGULAR/CUADRADA;ACETATO;;;63,93;179
888392133212;MONTURAS;OAKLEY;;OX8046;804602;57;18;143;Hombre;Negro;;RECTANGULAR/CUADRADA;ACETATO;;;63,93;179
888392593955;MONTURAS;OAKLEY;;OX8046;804602;59;18;148;Hombre;Negro;;RECTANGULAR/CUADRADA;ACETATO;;;63,93;179
888392078360;MONTURAS;OAKLEY;;OX8046;804603;53;18;143;Hombre;Gris;;RECTANGULAR/CUADRADA;ACETATO;;;63,93;179
888392078377;MONTURAS;OAKLEY;;OX8046;804603;55;18;143;Hombre;Gris;;RECTANGULAR/CUADRADA;ACETATO;;;63,93;179
888392593948;MONTURAS;OAKLEY;;OX8046;804603;59;18;148;Hombre;Gris;;RECTANGULAR/CUADRADA;ACETATO;;;63,93;179
888392405203;MONTURAS;OAKLEY;;OX8046;804613;53;18;143;Hombre;Gris;;RECTANGULAR/CUADRADA;ACETATO;;;63,93;179
888392405098;MONTURAS;OAKLEY;;OX8046;804613;57;18;143;Hombre;Gris;;RECTANGULAR/CUADRADA;ACETATO;;;63,93;179
888392666673;MONTURAS;OAKLEY;;OX8046;804620;53;18;143;Hombre;Negro;;RECTANGULAR/CUADRADA;ACETATO;;;63,93;179
888392666659;MONTURAS;OAKLEY;;OX8046;804620;55;18;143;Hombre;Negro;;RECTANGULAR/CUADRADA;ACETATO;;;63,93;179
888392666666;MONTURAS;OAKLEY;;OX8046;804620;57;18;143;Hombre;Negro;;RECTANGULAR/CUADRADA;ACETATO;;;63,93;179
888392666642;MONTURAS;OAKLEY;;OX8046;804620;59;18;148;Hombre;Negro;;RECTANGULAR/CUADRADA;ACETATO;;;63,93;179
888392127679;MONTURAS;OAKLEY;;OX8050;805001;55;18;140;Hombre;Negro;;RECTANGULAR/CUADRADA;ACETATO;;;77,86;218
888392127723;MONTURAS;OAKLEY;;OX8050;805006;55;18;140;Hombre;Gris;;RECTANGULAR/CUADRADA;ACETATO;;;77,86;218
888392394972;MONTURAS;OAKLEY;;OX8050;805012;55;18;140;Hombre;Gris;;RECTANGULAR/CUADRADA;ACETATO;;;77,86;218
888392692764;MONTURAS;OAKLEY;;OX8050;805016;55;18;140;Hombre;Transparente;;RECTANGULAR/CUADRADA;ACETATO;;;77,86;218
888392577221;MONTURAS;OAKLEY;;OX8052;805201;57;14;139;Hombre;Negro;;RECTANGULAR/CUADRADA;ACETATO;;;63,93;179
888392577276;MONTURAS;OAKLEY;;OX8052;805204;57;14;139;Hombre;Negro;;RECTANGULAR/CUADRADA;ACETATO;;;63,93;179
888392619891;MONTURAS;OAKLEY;;OX8052;805206;55;14;139;Hombre;Verde;;RECTANGULAR/CUADRADA;ACETATO;;;63,93;179
888392678355;MONTURAS;OAKLEY;;OX8052;805207;55;14;139;Hombre;Negro;;RECTANGULAR/CUADRADA;ACETATO;;;63,93;179
888392678362;MONTURAS;OAKLEY;;OX8052;805207;57;14;139;Hombre;Negro;;RECTANGULAR/CUADRADA;ACETATO;;;63,93;179
888392575555;MONTURAS;OAKLEY;;OX8054;805401;53;18;136;Hombre;Negro;;RECTANGULAR/CUADRADA;ACETATO;;;68,21;191
888392575548;MONTURAS;OAKLEY;;OX8054;805401;55;18;136;Hombre;Negro;;RECTANGULAR/CUADRADA;ACETATO;;;68,21;191
888392575562;MONTURAS;OAKLEY;;OX8054;805402;55;18;136;Hombre;Gris;;RECTANGULAR/CUADRADA;ACETATO;;;68,21;191
888392575609;MONTURAS;OAKLEY;;OX8054;805404;55;18;136;Hombre;Negro;;RECTANGULAR/CUADRADA;ACETATO;;;68,21;191
888392575081;MONTURAS;OAKLEY;;OX8055;805501;56;17;136;Hombre;Negro;;RECTANGULAR/CUADRADA;ACETATO;;;68,21;191
888392575111;MONTURAS;OAKLEY;;OX8055;805502;54;17;136;Hombre;Gris;;RECTANGULAR/CUADRADA;ACETATO;;;68,21;191
888392575104;MONTURAS;OAKLEY;;OX8055;805502;56;17;136;Hombre;Gris;;RECTANGULAR/CUADRADA;ACETATO;;;68,21;191
888392575135;MONTURAS;OAKLEY;;OX8055;805503;54;17;136;Hombre;Transparente;;RECTANGULAR/CUADRADA;ACETATO;;;68,21;191
888392575128;MONTURAS;OAKLEY;;OX8055;805503;56;17;136;Hombre;Transparente;;RECTANGULAR/CUADRADA;ACETATO;;;68,21;191
888392575142;MONTURAS;OAKLEY;;OX8055;805504;56;17;136;Hombre;Negro;;RECTANGULAR/CUADRADA;ACETATO;;;68,21;191
888392645975;MONTURAS;OAKLEY;;OX8055;805506;54;17;136;Hombre;Transparente;;RECTANGULAR/CUADRADA;ACETATO;;;68,21;191
888392645968;MONTURAS;OAKLEY;;OX8055;805506;56;17;136;Hombre;Transparente;;RECTANGULAR/CUADRADA;ACETATO;;;68,21;191
888392577436;MONTURAS;OAKLEY;;OX8056;805601;52;16;139;Hombre;Negro;;REDONDA/OVALADA;ACETATO;;;50,71;142
888392577443;MONTURAS;OAKLEY;;OX8056;805601;54;17;139;Hombre;Negro;;REDONDA/OVALADA;ACETATO;;;50,71;142
888392577450;MONTURAS;OAKLEY;;OX8056;805602;52;16;139;Hombre;Gris;;REDONDA/OVALADA;ACETATO;;;50,71;142
888392577504;MONTURAS;OAKLEY;;OX8056;805603;54;17;139;Hombre;Azul;;REDONDA/OVALADA;ACETATO;;;50,71;142
888392577481;MONTURAS;OAKLEY;;OX8056;805603;56;17;139;Hombre;Azul;;REDONDA/OVALADA;ACETATO;;;50,71;142
888392603449;MONTURAS;OAKLEY;;OX8056;805605;54;17;139;Hombre;Verde;;REDONDA/OVALADA;ACETATO;;;50,71;142
888392603425;MONTURAS;OAKLEY;;OX8056;805605;56;17;139;Hombre;Verde;;REDONDA/OVALADA;ACETATO;;;50,71;142
888392620835;MONTURAS;OAKLEY;;OX8056;805607;52;16;139;Hombre;Marrón;;REDONDA/OVALADA;ACETATO;;;50,71;142
888392620842;MONTURAS;OAKLEY;;OX8056;805607;54;17;139;Hombre;Marrón;;REDONDA/OVALADA;ACETATO;;;50,71;142
888392589163;MONTURAS;OAKLEY;;OX8057;805701;56;17;139;Mujer;Negro;;REDONDA/OVALADA;ACETATO;;;61,79;173
888392589170;MONTURAS;OAKLEY;;OX8057;805702;56;17;139;Mujer;Marrón;;REDONDA/OVALADA;ACETATO;;;61,79;173
888392589194;MONTURAS;OAKLEY;;OX8057;805703;54;17;139;Mujer;Rojo;;REDONDA/OVALADA;ACETATO;;;61,79;173
888392589200;MONTURAS;OAKLEY;;OX8057;805703;56;17;139;Mujer;Rojo;;REDONDA/OVALADA;ACETATO;;;61,79;173
888392589217;MONTURAS;OAKLEY;;OX8057;805704;56;17;139;Mujer;Azul;;REDONDA/OVALADA;ACETATO;;;61,79;173
888392610195;MONTURAS;OAKLEY;;OX8057;805705;54;17;139;Mujer;Verde;;REDONDA/OVALADA;ACETATO;;;61,79;173
888392610201;MONTURAS;OAKLEY;;OX8057;805705;56;17;139;Mujer;Verde;;REDONDA/OVALADA;ACETATO;;;61,79;173
888392610225;MONTURAS;OAKLEY;;OX8057;805706;56;17;139;Mujer;Azul;;REDONDA/OVALADA;ACETATO;;;61,79;173
888392620248;MONTURAS;OAKLEY;;OX8057;805707;54;17;139;Mujer;Naranja;;REDONDA/OVALADA;ACETATO;;;61,79;173
888392620255;MONTURAS;OAKLEY;;OX8057;805707;56;17;139;Mujer;Naranja;;REDONDA/OVALADA;ACETATO;;;61,79;173
888392647399;MONTURAS;OAKLEY;;OX8057;805708;54;17;139;Mujer;Naranja;;REDONDA/OVALADA;ACETATO;;;61,79;173
888392647405;MONTURAS;OAKLEY;;OX8057;805708;56;17;139;Mujer;Naranja;;REDONDA/OVALADA;ACETATO;;;61,79;173
888392590367;MONTURAS;OAKLEY;;OX8058;805801;56;17;140;Hombre;Negro;;RECTANGULAR/CUADRADA;ACETATO;;;48,57;136
888392590381;MONTURAS;OAKLEY;;OX8058;805802;56;17;140;Hombre;Marrón;;RECTANGULAR/CUADRADA;ACETATO;;;46,79;131
888392609410;MONTURAS;OAKLEY;;OX8058;805805;54;17;140;Hombre;Verde;;RECTANGULAR/CUADRADA;ACETATO;;;46,79;131
888392609427;MONTURAS;OAKLEY;;OX8058;805806;56;17;140;Hombre;Azul;;RECTANGULAR/CUADRADA;ACETATO;;;46,79;131
888392591685;MONTURAS;OAKLEY;;OX8059;805901;57;17;136;Hombre;Negro;;RECTANGULAR/CUADRADA;ACETATO;;;68,21;191
7895653348578;MONTURAS;OAKLEY;;OX8060;806001;53;16;138;Hombre;Negro;;RECTANGULAR/CUADRADA;ACETATO;;;48,57;136
7895653348585;MONTURAS;OAKLEY;;OX8060;806001;55;16;138;Hombre;Negro;;RECTANGULAR/CUADRADA;ACETATO;;;48,57;136
888392601315;MONTURAS;OAKLEY;;OX8060;806001;57;16;138;Hombre;Negro;;RECTANGULAR/CUADRADA;ACETATO;;;48,57;136
888392601308;MONTURAS;OAKLEY;;OX8060;806001;59;16;138;Hombre;Negro;;RECTANGULAR/CUADRADA;ACETATO;;;48,57;136
7895653348592;MONTURAS;OAKLEY;;OX8060;806002;53;16;138;Hombre;Gris;;RECTANGULAR/CUADRADA;ACETATO;;;48,57;136
7895653348608;MONTURAS;OAKLEY;;OX8060;806002;55;16;138;Hombre;Gris;;RECTANGULAR/CUADRADA;ACETATO;;;48,57;136
888392601339;MONTURAS;OAKLEY;;OX8060;806002;57;16;138;Hombre;Gris;;RECTANGULAR/CUADRADA;ACETATO;;;48,57;136
888392601322;MONTURAS;OAKLEY;;OX8060;806002;59;16;138;Hombre;Gris;;RECTANGULAR/CUADRADA;ACETATO;;;48,57;136
7895653348615;MONTURAS;OAKLEY;;OX8060;806003;53;16;138;Hombre;Transparente;;RECTANGULAR/CUADRADA;ACETATO;;;48,57;136
7895653348622;MONTURAS;OAKLEY;;OX8060;806003;55;16;138;Hombre;Transparente;;RECTANGULAR/CUADRADA;ACETATO;;;48,57;136
888392601353;MONTURAS;OAKLEY;;OX8060;806003;57;16;138;Hombre;Transparente;;RECTANGULAR/CUADRADA;ACETATO;;;48,57;136
888392601346;MONTURAS;OAKLEY;;OX8060;806003;59;16;138;Hombre;Transparente;;RECTANGULAR/CUADRADA;ACETATO;;;48,57;136
7895653348639;MONTURAS;OAKLEY;;OX8060;806004;53;16;138;Hombre;Azul;;RECTANGULAR/CUADRADA;ACETATO;;;48,57;136
7895653348646;MONTURAS;OAKLEY;;OX8060;806004;55;16;138;Hombre;Azul;;RECTANGULAR/CUADRADA;ACETATO;;;48,57;136
888392601360;MONTURAS;OAKLEY;;OX8060;806004;59;16;138;Hombre;Azul;;RECTANGULAR/CUADRADA;ACETATO;;;48,57;136
888392609342;MONTURAS;OAKLEY;;OX8060;806005;59;16;138;Hombre;Verde;;RECTANGULAR/CUADRADA;ACETATO;;;46,79;131
888392609373;MONTURAS;OAKLEY;;OX8060;806006;57;16;138;Hombre;Azul;;RECTANGULAR/CUADRADA;ACETATO;;;46,79;131
888392609366;MONTURAS;OAKLEY;;OX8060;806006;59;16;138;Hombre;Azul;;RECTANGULAR/CUADRADA;ACETATO;;;46,79;131
888392618047;MONTURAS;OAKLEY;;OX8060;806007;57;16;138;Hombre;Azul;;RECTANGULAR/CUADRADA;ACETATO;;;48,57;136
888392620774;MONTURAS;OAKLEY;;OX8060;806008;59;16;138;Hombre;Verde;;RECTANGULAR/CUADRADA;ACETATO;;;46,79;131
7895653328037;MONTURAS;OAKLEY;;OX8060;806010;57;16;138;Hombre;Gris;;RECTANGULAR/CUADRADA;ACETATO;;;48,57;136
7895653328020;MONTURAS;OAKLEY;;OX8060;806010;59;16;138;Hombre;Gris;;RECTANGULAR/CUADRADA;ACETATO;;;48,57;136
888392601391;MONTURAS;OAKLEY;;OX8061;806101;56;19;140;Hombre;Negro;;RECTANGULAR/CUADRADA;ACETATO;;;68,21;191
888392601384;MONTURAS;OAKLEY;;OX8061;806101;58;19;140;Hombre;Negro;;RECTANGULAR/CUADRADA;ACETATO;;;68,21;191
888392601421;MONTURAS;OAKLEY;;OX8061;806103;58;19;140;Hombre;Gris;;RECTANGULAR/CUADRADA;ACETATO;;;65,71;184
888392603210;MONTURAS;OAKLEY;;OX8062D;806201;55;17;143;Hombre;Negro;;RECTANGULAR/CUADRADA;ACETATO;;;63,93;179
888392603227;MONTURAS;OAKLEY;;OX8062D;806201;57;17;143;Hombre;Negro;;RECTANGULAR/CUADRADA;ACETATO;;;63,93;179
888392603265;MONTURAS;OAKLEY;;OX8062D;806202;55;17;143;Hombre;Gris;;RECTANGULAR/CUADRADA;ACETATO;;;63,93;179
888392603272;MONTURAS;OAKLEY;;OX8062D;806202;57;17;143;Hombre;Gris;;RECTANGULAR/CUADRADA;ACETATO;;;63,93;179
888392603234;MONTURAS;OAKLEY;;OX8062D;806203;55;17;143;Hombre;Negro;;RECTANGULAR/CUADRADA;ACETATO;;;63,93;179
888392603241;MONTURAS;OAKLEY;;OX8062D;806203;57;17;143;Hombre;Negro;;RECTANGULAR/CUADRADA;ACETATO;;;63,93;179
888392603197;MONTURAS;OAKLEY;;OX8062D;806204;55;17;143;Hombre;Gris;;RECTANGULAR/CUADRADA;ACETATO;;;63,93;179
888392603203;MONTURAS;OAKLEY;;OX8062D;806204;57;17;143;Hombre;Gris;;RECTANGULAR/CUADRADA;ACETATO;;;63,93;179
888392702302;MONTURAS;OAKLEY;;OX8062D;806205;55;17;143;Hombre;Gris;;RECTANGULAR/CUADRADA;ACETATO;;;63,93;179
888392702319;MONTURAS;OAKLEY;;OX8062D;806205;57;17;143;Hombre;Gris;;RECTANGULAR/CUADRADA;ACETATO;;;63,93;179
888392192011;MONTURAS;OAKLEY;;OX8076;807603;56;16;138;Hombre;Negro;;RECTANGULAR/CUADRADA;ACETATO;;;52,5;147
888392239648;MONTURAS;OAKLEY;;OX8076;807607;56;16;138;Hombre;Negro;;RECTANGULAR/CUADRADA;ACETATO;;;52,5;147
888392173287;MONTURAS;OAKLEY;;OX8078;807801;54;18;140;Hombre;Negro;;RECTANGULAR/CUADRADA;ACETATO;;;52,5;147
888392192264;MONTURAS;OAKLEY;;OX8081;808101;51;18;139;Unisex;Negro;;RECTANGULAR/CUADRADA;ACETATO;;;52,5;147
888392193032;MONTURAS;OAKLEY;;OX8081;808101;53;18;139;Unisex;Negro;;RECTANGULAR/CUADRADA;ACETATO;;;52,5;147
888392193001;MONTURAS;OAKLEY;;OX8081;808103;53;18;139;Unisex;Azul;;RECTANGULAR/CUADRADA;ACETATO;;;52,5;147
888392354372;MONTURAS;OAKLEY;;OX8081;808106;53;18;139;Unisex;Gris;;RECTANGULAR/CUADRADA;ACETATO;;;52,5;147
888392528629;MONTURAS;OAKLEY;;OX8081;808106;55;18;145;Unisex;Gris;;RECTANGULAR/CUADRADA;ACETATO;;;52,5;147
888392488206;MONTURAS;OAKLEY;;OX8081;808112;53;18;139;Unisex;Negro;;RECTANGULAR/CUADRADA;ACETATO;;;52,5;147
888392563934;MONTURAS;OAKLEY;;OX8081;808115;55;18;145;Unisex;Negro;;RECTANGULAR/CUADRADA;ACETATO;;;50,71;142
888392602633;MONTURAS;OAKLEY;;OX8081;808116;53;18;139;Unisex;Azul;;RECTANGULAR/CUADRADA;ACETATO;;;50,71;142
888392231291;MONTURAS;OAKLEY;;OX8091;809101;53;17;144;Hombre;Negro;;RECTANGULAR/CUADRADA;ACETATO;;;68,21;191
888392231321;MONTURAS;OAKLEY;;OX8091;809101;55;17;144;Hombre;Negro;;RECTANGULAR/CUADRADA;ACETATO;;;68,21;191
888392231307;MONTURAS;OAKLEY;;OX8091;809102;53;17;144;Hombre;Gris;;RECTANGULAR/CUADRADA;ACETATO;;;68,21;191
888392216465;MONTURAS;OAKLEY;;OX8105;810501;50;19;140;Hombre;Negro;;REDONDA/OVALADA;ACETATO;;;71,79;201
888392216496;MONTURAS;OAKLEY;;OX8105;810504;50;19;140;Hombre;Transparente;;REDONDA/OVALADA;ACETATO;;;71,79;201
888392645982;MONTURAS;OAKLEY;;OX8105;810525;50;19;140;Hombre;Negro;;REDONDA/OVALADA;ACETATO;;;71,79;201
888392645999;MONTURAS;OAKLEY;;OX8105;810525;52;19;140;Hombre;Negro;;REDONDA/OVALADA;ACETATO;;;71,79;201
888392677891;MONTURAS;OAKLEY;;OX8105;810526;50;19;140;Hombre;Gris;;REDONDA/OVALADA;ACETATO;;;71,79;201
888392677907;MONTURAS;OAKLEY;;OX8105;810526;52;19;140;Hombre;Gris;;REDONDA/OVALADA;ACETATO;;;71,79;201
888392689474;MONTURAS;OAKLEY;;OX8105;810527;50;19;140;Hombre;Rojo;;REDONDA/OVALADA;ACETATO;;;71,79;201
888392689481;MONTURAS;OAKLEY;;OX8105;810527;52;19;140;Hombre;Rojo;;REDONDA/OVALADA;ACETATO;;;71,79;201
888392692788;MONTURAS;OAKLEY;;OX8105;810528;50;19;140;Hombre;Verde;;REDONDA/OVALADA;ACETATO;;;71,79;201
888392260918;MONTURAS;OAKLEY;;OX8130;813003;52;18;141;Unisex;Transparente;;REDONDA/OVALADA;ACETATO;;;48,57;136
888392604743;MONTURAS;OAKLEY;;OX8139;813901;50;21;140;Hombre;Negro;;REDONDA/OVALADA;ACETATO;;;52,5;147
888392604798;MONTURAS;OAKLEY;;OX8139;813904;50;21;140;Hombre;Verde;;REDONDA/OVALADA;ACETATO;;;52,5;147
888392604804;MONTURAS;OAKLEY;;OX8139;813905;50;21;140;Hombre;Transparente;;REDONDA/OVALADA;ACETATO;;;59,64;167
888392645845;MONTURAS;OAKLEY;;OX8139;813906;50;21;140;Hombre;Negro;;REDONDA/OVALADA;ACETATO;;;52,5;147
888392645852;MONTURAS;OAKLEY;;OX8139;813907;50;21;140;Hombre;Transparente;;REDONDA/OVALADA;ACETATO;;;52,5;147
888392666482;MONTURAS;OAKLEY;;OX8139;813908;50;21;140;Hombre;Blanco;;REDONDA/OVALADA;ACETATO;;;52,5;147
888392666512;MONTURAS;OAKLEY;;OX8139;813909;50;21;140;Hombre;Negro;;REDONDA/OVALADA;ACETATO;;;52,5;147
888392666970;MONTURAS;OAKLEY;;OX8139;813910;50;21;140;Hombre;Azul;;REDONDA/OVALADA;ACETATO;;;52,5;147
888392689528;MONTURAS;OAKLEY;;OX8139;813911;50;21;140;Hombre;Rojo;;REDONDA/OVALADA;ACETATO;;;52,5;147
888392344335;MONTURAS;OAKLEY;;OX8140;814001;55;18;140;Hombre;Negro;;RECTANGULAR/CUADRADA;ACETATO;;;52,5;147
888392344342;MONTURAS;OAKLEY;;OX8140;814002;55;18;140;Hombre;Gris;;RECTANGULAR/CUADRADA;ACETATO;;;52,5;147
888392331885;MONTURAS;OAKLEY;;OX8143;814301;54;16;140;Hombre;Negro;;RECTANGULAR/CUADRADA;ACETATO;;;68,21;191
888392331892;MONTURAS;OAKLEY;;OX8143;814302;54;16;140;Hombre;Gris;;RECTANGULAR/CUADRADA;ACETATO;;;68,21;191
888392613332;MONTURAS;OAKLEY;;OX8144;814401;55;18;143;Hombre;Negro;;RECTANGULAR/CUADRADA;ACETATO;;;52,5;147
888392613325;MONTURAS;OAKLEY;;OX8144;814401;57;18;143;Hombre;Negro;;RECTANGULAR/CUADRADA;ACETATO;;;52,5;147
888392613356;MONTURAS;OAKLEY;;OX8144;814402;55;18;143;Hombre;Gris;;RECTANGULAR/CUADRADA;ACETATO;;;52,5;147
888392613370;MONTURAS;OAKLEY;;OX8144;814403;55;18;143;Hombre;Azul;;RECTANGULAR/CUADRADA;ACETATO;;;50,71;142
888392613387;MONTURAS;OAKLEY;;OX8144;814404;57;18;143;Hombre;Negro;;RECTANGULAR/CUADRADA;ACETATO;;;52,5;147
888392613516;MONTURAS;OAKLEY;;OX8145D;814501;56;18;144;Hombre;Negro;;RECTANGULAR/CUADRADA;ACETATO;;;63,93;179
888392613523;MONTURAS;OAKLEY;;OX8145D;814501;58;18;144;Hombre;Negro;;RECTANGULAR/CUADRADA;ACETATO;;;63,93;179
888392613493;MONTURAS;OAKLEY;;OX8145D;814502;56;18;144;Hombre;Gris;;RECTANGULAR/CUADRADA;ACETATO;;;63,93;179
888392613509;MONTURAS;OAKLEY;;OX8145D;814502;58;18;144;Hombre;Gris;;RECTANGULAR/CUADRADA;ACETATO;;;63,93;179
888392613479;MONTURAS;OAKLEY;;OX8145D;814503;56;18;144;Hombre;Negro;;RECTANGULAR/CUADRADA;ACETATO;;;63,93;179
888392613486;MONTURAS;OAKLEY;;OX8145D;814503;58;18;144;Hombre;Negro;;RECTANGULAR/CUADRADA;ACETATO;;;63,93;179
888392613455;MONTURAS;OAKLEY;;OX8145D;814504;56;18;144;Hombre;Azul;;RECTANGULAR/CUADRADA;ACETATO;;;63,93;179
888392613462;MONTURAS;OAKLEY;;OX8145D;814504;58;18;144;Hombre;Azul;;RECTANGULAR/CUADRADA;ACETATO;;;63,93;179
888392557469;MONTURAS;OAKLEY;;OX8146;814607;52;16;138;Mujer;Negro;;REDONDA/OVALADA;ACETATO;;;46,43;130
888392563187;MONTURAS;OAKLEY;;OX8146;814608;50;16;138;Mujer;Negro;;REDONDA/OVALADA;ACETATO;;;50,71;142
888392563194;MONTURAS;OAKLEY;;OX8146;814609;52;16;138;Mujer;Rojo;;REDONDA/OVALADA;ACETATO;;;50,71;142
888392610089;MONTURAS;OAKLEY;;OX8146;814610;50;16;138;Mujer;Verde;;REDONDA/OVALADA;ACETATO;;;50,71;142
888392358592;MONTURAS;OAKLEY;;OX8149;814902;50;19;138;Hombre;Gris;;REDONDA/OVALADA;ACETATO;;;83,57;234
888392358608;MONTURAS;OAKLEY;;OX8149;814903;50;19;138;Hombre;Transparente;;REDONDA/OVALADA;ACETATO;;;83,57;234
888392613240;MONTURAS;OAKLEY;;OX8150;815001;53;17;141;Mujer;Negro;;REDONDA/OVALADA;ACETATO;;;68,21;191
888392613257;MONTURAS;OAKLEY;;OX8150;815001;55;17;141;Mujer;Negro;;REDONDA/OVALADA;ACETATO;;;68,21;191
888392613264;MONTURAS;OAKLEY;;OX8150;815002;53;17;141;Mujer;Marrón;;REDONDA/OVALADA;ACETATO;;;68,21;191
888392613271;MONTURAS;OAKLEY;;OX8150;815002;55;17;141;Mujer;Marrón;;REDONDA/OVALADA;ACETATO;;;68,21;191
888392613288;MONTURAS;OAKLEY;;OX8150;815003;53;17;141;Mujer;Transparente;;REDONDA/OVALADA;ACETATO;;;68,21;191
888392613295;MONTURAS;OAKLEY;;OX8150;815003;55;17;141;Mujer;Transparente;;REDONDA/OVALADA;ACETATO;;;68,21;191
888392613301;MONTURAS;OAKLEY;;OX8150;815004;53;17;141;Mujer;Rojo;;REDONDA/OVALADA;ACETATO;;;65,71;184
888392613318;MONTURAS;OAKLEY;;OX8150;815004;55;17;141;Mujer;Rojo;;REDONDA/OVALADA;ACETATO;;;65,71;184
888392620088;MONTURAS;OAKLEY;;OX8150;815005;53;17;141;Mujer;Marrón;;REDONDA/OVALADA;ACETATO;;;68,21;191
888392620095;MONTURAS;OAKLEY;;OX8150;815005;55;17;141;Mujer;Marrón;;REDONDA/OVALADA;ACETATO;;;65,71;184
888392620101;MONTURAS;OAKLEY;;OX8150;815006;53;17;141;Mujer;Verde;;REDONDA/OVALADA;ACETATO;;;65,71;184
888392620118;MONTURAS;OAKLEY;;OX8150;815006;55;17;141;Mujer;Verde;;REDONDA/OVALADA;ACETATO;;;65,71;184
888392647375;MONTURAS;OAKLEY;;OX8150;815007;53;17;141;Mujer;Naranja;;REDONDA/OVALADA;ACETATO;;;65,71;184
888392647382;MONTURAS;OAKLEY;;OX8150;815007;55;17;141;Mujer;Naranja;;REDONDA/OVALADA;ACETATO;;;65,71;184
888392666437;MONTURAS;OAKLEY;;OX8150;815008;53;17;141;Mujer;Verde;;REDONDA/OVALADA;ACETATO;;;68,21;191
888392666444;MONTURAS;OAKLEY;;OX8150;815008;55;17;141;Mujer;Verde;;REDONDA/OVALADA;ACETATO;;;68,21;191
888392666840;MONTURAS;OAKLEY;;OX8150;815009;53;17;141;Mujer;Transparente;;REDONDA/OVALADA;ACETATO;;;68,21;191
888392666857;MONTURAS;OAKLEY;;OX8150;815009;55;17;141;Mujer;Transparente;;REDONDA/OVALADA;ACETATO;;;68,21;191
888392678164;MONTURAS;OAKLEY;;OX8150;815010;53;17;141;Mujer;Azul;;REDONDA/OVALADA;ACETATO;;;68,21;191
888392678171;MONTURAS;OAKLEY;;OX8150;815010;55;17;141;Mujer;Azul;;REDONDA/OVALADA;ACETATO;;;68,21;191
888392692474;MONTURAS;OAKLEY;;OX8150;815012;53;17;141;Mujer;Violeta;;REDONDA/OVALADA;ACETATO;;;68,21;191
888392692481;MONTURAS;OAKLEY;;OX8150;815012;55;17;141;Mujer;Violeta;;REDONDA/OVALADA;ACETATO;;;68,21;191
888392407696;MONTURAS;OAKLEY;;OX8153;815301;55;17;136;Hombre;Negro;;RECTANGULAR/CUADRADA;ACETATO;;;71,79;201
888392531186;MONTURAS;OAKLEY;;OX8153;815301;57;17;136;Hombre;Negro;;RECTANGULAR/CUADRADA;ACETATO;;;71,79;201
888392531162;MONTURAS;OAKLEY;;OX8153;815303;57;17;136;Hombre;Verde;;RECTANGULAR/CUADRADA;ACETATO;;;71,79;201
888392407689;MONTURAS;OAKLEY;;OX8153;815305;53;17;136;Hombre;Gris;;RECTANGULAR/CUADRADA;ACETATO;;;71,79;201
888392407733;MONTURAS;OAKLEY;;OX8153;815305;55;17;136;Hombre;Gris;;RECTANGULAR/CUADRADA;ACETATO;;;71,79;201
888392463555;MONTURAS;OAKLEY;;OX8153;815306;55;17;136;Hombre;Negro;;RECTANGULAR/CUADRADA;ACETATO;;;71,79;201
888392463562;MONTURAS;OAKLEY;;OX8153;815307;55;17;136;Hombre;Gris;;RECTANGULAR/CUADRADA;ACETATO;;;71,79;201
888392569295;MONTURAS;OAKLEY;;OX8153;815310;53;17;136;Hombre;Negro;;RECTANGULAR/CUADRADA;ACETATO;;;69,29;194
888392569288;MONTURAS;OAKLEY;;OX8153;815310;55;17;136;Hombre;Negro;;RECTANGULAR/CUADRADA;ACETATO;;;69,29;194
888392609298;MONTURAS;OAKLEY;;OX8153;815312;53;17;136;Hombre;Azul;;RECTANGULAR/CUADRADA;ACETATO;;;69,29;194
888392619969;MONTURAS;OAKLEY;;OX8153;815313;53;17;136;Hombre;Negro;;RECTANGULAR/CUADRADA;ACETATO;;;71,79;201
888392619952;MONTURAS;OAKLEY;;OX8153;815313;55;17;136;Hombre;Negro;;RECTANGULAR/CUADRADA;ACETATO;;;71,79;201
888392647597;MONTURAS;OAKLEY;;OX8153;815314;53;17;136;Hombre;Rojo;;RECTANGULAR/CUADRADA;ACETATO;;;71,79;201
888392647580;MONTURAS;OAKLEY;;OX8153;815314;55;17;136;Hombre;Rojo;;RECTANGULAR/CUADRADA;ACETATO;;;71,79;201
888392647603;MONTURAS;OAKLEY;;OX8153;815314;57;17;136;Hombre;Rojo;;RECTANGULAR/CUADRADA;ACETATO;;;71,79;201
888392666895;MONTURAS;OAKLEY;;OX8153;815316;53;17;136;Hombre;Azul;;RECTANGULAR/CUADRADA;ACETATO;;;71,79;201
888392666888;MONTURAS;OAKLEY;;OX8153;815316;55;17;136;Hombre;Azul;;RECTANGULAR/CUADRADA;ACETATO;;;71,79;201
888392666901;MONTURAS;OAKLEY;;OX8153;815316;57;17;136;Hombre;Azul;;RECTANGULAR/CUADRADA;ACETATO;;;71,79;201
888392678331;MONTURAS;OAKLEY;;OX8153;815318;53;17;136;Hombre;Gris;;RECTANGULAR/CUADRADA;ACETATO;;;71,79;201
888392678324;MONTURAS;OAKLEY;;OX8153;815318;55;17;136;Hombre;Gris;;RECTANGULAR/CUADRADA;ACETATO;;;71,79;201
888392678348;MONTURAS;OAKLEY;;OX8153;815318;57;17;136;Hombre;Gris;;RECTANGULAR/CUADRADA;ACETATO;;;71,79;201
888392699435;MONTURAS;OAKLEY;;OX8153;815319;53;17;136;Hombre;Gris;;RECTANGULAR/CUADRADA;ACETATO;;;71,79;201
888392699428;MONTURAS;OAKLEY;;OX8153;815319;55;17;136;Hombre;Gris;;RECTANGULAR/CUADRADA;ACETATO;;;71,79;201
888392699442;MONTURAS;OAKLEY;;OX8153;815319;57;17;136;Hombre;Gris;;RECTANGULAR/CUADRADA;ACETATO;;;71,79;201
888392430946;MONTURAS;OAKLEY;;OX8155;815503;53;15;139;Mujer;Negro;;REDONDA/OVALADA;ACETATO;;;52,5;147
888392557445;MONTURAS;OAKLEY;;OX8155;815507;53;15;139;Mujer;Negro;;REDONDA/OVALADA;ACETATO;;;52,5;147
888392563132;MONTURAS;OAKLEY;;OX8155;815508;53;15;139;Mujer;Negro;;REDONDA/OVALADA;ACETATO;;;50,71;142
888392563156;MONTURAS;OAKLEY;;OX8155;815509;53;15;139;Mujer;Rojo;;REDONDA/OVALADA;ACETATO;;;50,71;142
888392610034;MONTURAS;OAKLEY;;OX8155;815510;53;15;139;Mujer;Violeta;;REDONDA/OVALADA;ACETATO;;;52,5;147
888392678706;MONTURAS;OAKLEY;;OX8155;815512;53;15;139;Mujer;Azul;;REDONDA/OVALADA;ACETATO;;;52,5;147
888392678713;MONTURAS;OAKLEY;;OX8155;815512;55;15;139;Mujer;Azul;;REDONDA/OVALADA;ACETATO;;;52,5;147
888392692511;MONTURAS;OAKLEY;;OX8155;815514;53;15;139;Mujer;Violeta;;REDONDA/OVALADA;ACETATO;;;52,5;147
888392692528;MONTURAS;OAKLEY;;OX8155;815514;55;15;139;Mujer;Violeta;;REDONDA/OVALADA;ACETATO;;;52,5;147
888392702593;MONTURAS;OAKLEY;;OX8155;815515;53;15;139;Mujer;Gris;;REDONDA/OVALADA;ACETATO;;;52,5;147
888392702609;MONTURAS;OAKLEY;;OX8155;815515;55;15;139;Mujer;Gris;;REDONDA/OVALADA;ACETATO;;;52,5;147
888392399823;MONTURAS;OAKLEY;;OX8156;815601;54;18;137;Hombre;Negro;;RECTANGULAR/CUADRADA;ACETATO;;;52,5;147
888392399779;MONTURAS;OAKLEY;;OX8156;815601;56;18;137;Hombre;Negro;;RECTANGULAR/CUADRADA;ACETATO;;;52,5;147
888392399786;MONTURAS;OAKLEY;;OX8156;815602;56;18;137;Hombre;Marrón;;RECTANGULAR/CUADRADA;ACETATO;;;52,5;147
888392399847;MONTURAS;OAKLEY;;OX8156;815603;54;18;137;Hombre;Transparente;;RECTANGULAR/CUADRADA;ACETATO;;;52,5;147
888392399793;MONTURAS;OAKLEY;;OX8156;815603;56;18;137;Hombre;Transparente;;RECTANGULAR/CUADRADA;ACETATO;;;52,5;147
888392488268;MONTURAS;OAKLEY;;OX8156;815606;56;18;137;Hombre;Negro;;RECTANGULAR/CUADRADA;ACETATO;;;52,5;147
888392646538;MONTURAS;OAKLEY;;OX8156;815615;54;18;137;Hombre;Negro;;RECTANGULAR/CUADRADA;ACETATO;;;52,5;147
888392646545;MONTURAS;OAKLEY;;OX8156;815615;56;18;137;Hombre;Negro;;RECTANGULAR/CUADRADA;ACETATO;;;52,5;147
888392666413;MONTURAS;OAKLEY;;OX8156;815616;54;18;137;Hombre;Transparente;;RECTANGULAR/CUADRADA;ACETATO;;;52,5;147
888392666420;MONTURAS;OAKLEY;;OX8156;815616;56;18;137;Hombre;Transparente;;RECTANGULAR/CUADRADA;ACETATO;;;52,5;147
888392666604;MONTURAS;OAKLEY;;OX8156;815617;54;18;137;Hombre;Negro;;RECTANGULAR/CUADRADA;ACETATO;;;52,5;147
888392666611;MONTURAS;OAKLEY;;OX8156;815617;56;18;137;Hombre;Negro;;RECTANGULAR/CUADRADA;ACETATO;;;52,5;147
888392690135;MONTURAS;OAKLEY;;OX8156;815618;54;18;137;Hombre;Transparente;;RECTANGULAR/CUADRADA;ACETATO;;;52,5;147
888392690142;MONTURAS;OAKLEY;;OX8156;815618;56;18;137;Hombre;Transparente;;RECTANGULAR/CUADRADA;ACETATO;;;52,5;147
888392699282;MONTURAS;OAKLEY;;OX8156;815619;54;18;137;Hombre;Violeta;;RECTANGULAR/CUADRADA;ACETATO;;;52,5;147
888392699299;MONTURAS;OAKLEY;;OX8156;815619;56;18;137;Hombre;Violeta;;RECTANGULAR/CUADRADA;ACETATO;;;52,5;147
888392699305;MONTURAS;OAKLEY;;OX8156;815620;54;18;137;Hombre;Transparente;;RECTANGULAR/CUADRADA;ACETATO;;;52,5;147
888392699312;MONTURAS;OAKLEY;;OX8156;815620;56;18;137;Hombre;Transparente;;RECTANGULAR/CUADRADA;ACETATO;;;52,5;147
888392614100;MONTURAS;OAKLEY;;OX8162;816201;56;19;132;Hombre;Negro;;RECTANGULAR/CUADRADA;TITANIO;;;124,29;348
888392614087;MONTURAS;OAKLEY;;OX8162;816202;56;19;132;Hombre;Gris;;RECTANGULAR/CUADRADA;TITANIO;;;124,29;348
888392614049;MONTURAS;OAKLEY;;OX8162;816204;56;19;132;Hombre;Negro;;RECTANGULAR/CUADRADA;TITANIO;;;120;336
888392666581;MONTURAS;OAKLEY;;OX8162;816206;54;19;132;Hombre;Gris;;RECTANGULAR/CUADRADA;TITANIO;;;124,29;348
888392666598;MONTURAS;OAKLEY;;OX8162;816206;56;19;132;Hombre;Gris;;RECTANGULAR/CUADRADA;TITANIO;;;124,29;348
888392490735;MONTURAS;OAKLEY;;OX8163;816301;53;17;141;Hombre;Negro;;REDONDA/OVALADA;ACETATO;;;52,5;147
888392475992;MONTURAS;OAKLEY;;OX8163;816301;55;17;141;Hombre;Negro;;REDONDA/OVALADA;ACETATO;;;52,5;147
888392593788;MONTURAS;OAKLEY;;OX8163;816301;57;17;141;Hombre;Negro;;REDONDA/OVALADA;ACETATO;;;52,5;147
888392490773;MONTURAS;OAKLEY;;OX8163;816303;53;17;141;Hombre;Transparente;;REDONDA/OVALADA;ACETATO;;;52,5;147
888392476012;MONTURAS;OAKLEY;;OX8163;816303;55;17;141;Hombre;Transparente;;REDONDA/OVALADA;ACETATO;;;52,5;147
888392593801;MONTURAS;OAKLEY;;OX8163;816303;57;17;141;Hombre;Transparente;;REDONDA/OVALADA;ACETATO;;;52,5;147
888392476029;MONTURAS;OAKLEY;;OX8163;816304;55;17;141;Hombre;Gris;;REDONDA/OVALADA;ACETATO;;;52,5;147
888392598554;MONTURAS;OAKLEY;;OX8163;816308;55;17;141;Hombre;Azul;;REDONDA/OVALADA;ACETATO;;;52,5;147
888392603753;MONTURAS;OAKLEY;;OX8163;816309;55;17;141;Hombre;Marrón;;REDONDA/OVALADA;ACETATO;;;50,71;142
888392620750;MONTURAS;OAKLEY;;OX8163;816310;53;17;141;Hombre;Verde;;REDONDA/OVALADA;ACETATO;;;50,71;142
888392646637;MONTURAS;OAKLEY;;OX8163;816311;53;17;141;Hombre;Azul;;REDONDA/OVALADA;ACETATO;;;52,5;147
888392646620;MONTURAS;OAKLEY;;OX8163;816311;55;17;141;Hombre;Azul;;REDONDA/OVALADA;ACETATO;;;52,5;147
888392646613;MONTURAS;OAKLEY;;OX8163;816311;57;17;141;Hombre;Azul;;REDONDA/OVALADA;ACETATO;;;52,5;147
888392689962;MONTURAS;OAKLEY;;OX8163;816313;53;17;141;Hombre;Marrón;;REDONDA/OVALADA;ACETATO;;;52,5;147
888392689955;MONTURAS;OAKLEY;;OX8163;816313;55;17;141;Hombre;Marrón;;REDONDA/OVALADA;ACETATO;;;52,5;147
888392689948;MONTURAS;OAKLEY;;OX8163;816313;57;17;141;Hombre;Marrón;;REDONDA/OVALADA;ACETATO;;;52,5;147
888392692733;MONTURAS;OAKLEY;;OX8163;816314;53;17;141;Hombre;Gris;;REDONDA/OVALADA;ACETATO;;;52,5;147
888392692726;MONTURAS;OAKLEY;;OX8163;816314;55;17;141;Hombre;Gris;;REDONDA/OVALADA;ACETATO;;;52,5;147
888392699572;MONTURAS;OAKLEY;;OX8163;816315;53;17;141;Hombre;Transparente;;REDONDA/OVALADA;ACETATO;;;52,5;147
888392699565;MONTURAS;OAKLEY;;OX8163;816315;55;17;141;Hombre;Transparente;;REDONDA/OVALADA;ACETATO;;;52,5;147
888392699558;MONTURAS;OAKLEY;;OX8163;816315;57;17;141;Hombre;Transparente;;REDONDA/OVALADA;ACETATO;;;52,5;147
888392490377;MONTURAS;OAKLEY;;OX8164;816401;53;17;141;Hombre;Negro;;RECTANGULAR/CUADRADA;ACETATO;;;52,5;147
888392490339;MONTURAS;OAKLEY;;OX8164;816401;55;17;141;Hombre;Negro;;RECTANGULAR/CUADRADA;ACETATO;;;52,5;147
888392593863;MONTURAS;OAKLEY;;OX8164;816401;57;17;141;Hombre;Negro;;RECTANGULAR/CUADRADA;ACETATO;;;52,5;147
888392490391;MONTURAS;OAKLEY;;OX8164;816402;53;17;141;Hombre;Transparente;;RECTANGULAR/CUADRADA;ACETATO;;;52,5;147
888392593870;MONTURAS;OAKLEY;;OX8164;816402;57;17;141;Hombre;Transparente;;RECTANGULAR/CUADRADA;ACETATO;;;52,5;147
888392490414;MONTURAS;OAKLEY;;OX8164;816403;53;17;141;Hombre;Azul;;RECTANGULAR/CUADRADA;ACETATO;;;52,5;147
888392593887;MONTURAS;OAKLEY;;OX8164;816403;57;17;141;Hombre;Azul;;RECTANGULAR/CUADRADA;ACETATO;;;50,71;142
888392490360;MONTURAS;OAKLEY;;OX8164;816404;55;17;141;Hombre;Gris;;RECTANGULAR/CUADRADA;ACETATO;;;52,5;147
888392620699;MONTURAS;OAKLEY;;OX8164;816407;53;17;141;Hombre;Naranja;;RECTANGULAR/CUADRADA;ACETATO;;;50,71;142
888392620712;MONTURAS;OAKLEY;;OX8164;816407;55;17;141;Hombre;Naranja;;RECTANGULAR/CUADRADA;ACETATO;;;50,71;142
888392647542;MONTURAS;OAKLEY;;OX8164;816408;53;17;141;Hombre;Negro;;RECTANGULAR/CUADRADA;ACETATO;;;52,5;147
888392647566;MONTURAS;OAKLEY;;OX8164;816408;55;17;141;Hombre;Negro;;RECTANGULAR/CUADRADA;ACETATO;;;52,5;147
888392647559;MONTURAS;OAKLEY;;OX8164;816408;57;17;141;Hombre;Negro;;RECTANGULAR/CUADRADA;ACETATO;;;52,5;147
888392689894;MONTURAS;OAKLEY;;OX8164;816410;53;17;141;Hombre;Marrón;;RECTANGULAR/CUADRADA;ACETATO;;;52,5;147
888392689917;MONTURAS;OAKLEY;;OX8164;816410;55;17;141;Hombre;Marrón;;RECTANGULAR/CUADRADA;ACETATO;;;52,5;147
888392689900;MONTURAS;OAKLEY;;OX8164;816410;57;17;141;Hombre;Marrón;;RECTANGULAR/CUADRADA;ACETATO;;;52,5;147
888392692825;MONTURAS;OAKLEY;;OX8164;816411;53;17;141;Hombre;Verde;;RECTANGULAR/CUADRADA;ACETATO;;;52,5;147
888392692849;MONTURAS;OAKLEY;;OX8164;816411;55;17;141;Hombre;Verde;;RECTANGULAR/CUADRADA;ACETATO;;;52,5;147
888392497567;MONTURAS;OAKLEY;;OX8165;816504;50;21;136;Hombre;Negro;;REDONDA/OVALADA;ACETATO;;;80,71;226
888392468406;MONTURAS;OAKLEY;;OX8166;816601;54;16;140;Hombre;Negro;;RECTANGULAR/CUADRADA;ACETATO;;;68,21;191
888392468413;MONTURAS;OAKLEY;;OX8166;816602;54;16;140;Hombre;Transparente;;RECTANGULAR/CUADRADA;ACETATO;;;68,21;191
888392468420;MONTURAS;OAKLEY;;OX8166;816603;54;16;140;Hombre;Gris;;RECTANGULAR/CUADRADA;ACETATO;;;68,21;191
888392620675;MONTURAS;OAKLEY;;OX8166;816607;52;16;140;Hombre;Verde;;RECTANGULAR/CUADRADA;ACETATO;;;68,21;191
888392620682;MONTURAS;OAKLEY;;OX8166;816607;54;16;140;Hombre;Verde;;RECTANGULAR/CUADRADA;ACETATO;;;68,21;191
888392647610;MONTURAS;OAKLEY;;OX8166;816608;52;16;140;Hombre;Negro;;RECTANGULAR/CUADRADA;ACETATO;;;68,21;191
888392647627;MONTURAS;OAKLEY;;OX8166;816608;54;16;140;Hombre;Negro;;RECTANGULAR/CUADRADA;ACETATO;;;68,21;191
888392678300;MONTURAS;OAKLEY;;OX8166;816609;52;16;140;Hombre;Azul;;RECTANGULAR/CUADRADA;ACETATO;;;68,21;191
888392678317;MONTURAS;OAKLEY;;OX8166;816609;54;16;140;Hombre;Azul;;RECTANGULAR/CUADRADA;ACETATO;;;68,21;191
888392689825;MONTURAS;OAKLEY;;OX8166;816610;52;16;140;Hombre;Negro;;RECTANGULAR/CUADRADA;ACETATO;;;68,21;191
888392689832;MONTURAS;OAKLEY;;OX8166;816610;54;16;140;Hombre;Negro;;RECTANGULAR/CUADRADA;ACETATO;;;68,21;191
888392699411;MONTURAS;OAKLEY;;OX8166;816611;52;16;140;Hombre;Gris;;RECTANGULAR/CUADRADA;ACETATO;;;68,21;191
888392699732;MONTURAS;OAKLEY;;OX8166;816611;54;16;140;Hombre;Gris;;RECTANGULAR/CUADRADA;ACETATO;;;68,21;191
888392497574;MONTURAS;OAKLEY;;OX8167;816701;54;17;147;Hombre;Negro;;RECTANGULAR/CUADRADA;ACETATO;;;61,79;173
888392497598;MONTURAS;OAKLEY;;OX8167;816703;54;17;147;Hombre;Azul;;RECTANGULAR/CUADRADA;ACETATO;;;61,79;173
888392512673;MONTURAS;OAKLEY;;OX8168;816802;52;18;138;Mujer;Marrón;;REDONDA/OVALADA;ACETATO;;;50,71;142
888392512680;MONTURAS;OAKLEY;;OX8168;816803;52;18;138;Mujer;Violeta;;REDONDA/OVALADA;ACETATO;;;50,71;142
888392550064;MONTURAS;OAKLEY;;OX8170;817001;56;17;138;Hombre;Negro;;RECTANGULAR/CUADRADA;ACETATO;;;83,57;234
888392550088;MONTURAS;OAKLEY;;OX8170;817002;56;17;138;Hombre;Gris;;RECTANGULAR/CUADRADA;ACETATO;;;83,57;234
888392550095;MONTURAS;OAKLEY;;OX8170;817003;56;17;138;Hombre;Verde;;RECTANGULAR/CUADRADA;ACETATO;;;80,71;226
888392594082;MONTURAS;OAKLEY;;OX8171;817101;59;18;138;Hombre;Negro;;RECTANGULAR/CUADRADA;ACETATO;;;83,57;234
888392550392;MONTURAS;OAKLEY;;OX8172;817201;50;16;130;Mujer;Negro;;RECTANGULAR/CUADRADA;ACETATO;;;65,71;184
888392546333;MONTURAS;OAKLEY;;OX8173;817301;55;16;141;Hombre;Negro;;RECTANGULAR/CUADRADA;ACETATO;;;63,93;179
888392546364;MONTURAS;OAKLEY;;OX8173;817304;55;16;141;Hombre;Negro;;RECTANGULAR/CUADRADA;ACETATO;;;63,93;179
888392603524;MONTURAS;OAKLEY;;OX8173;817311;55;16;141;Hombre;Gris;;RECTANGULAR/CUADRADA;ACETATO;;;61,79;173
888392557025;MONTURAS;OAKLEY;;OX8175;817501;54;17;139;Mujer;Negro;;RECTANGULAR/CUADRADA;ACETATO;;;63,93;179
888392557049;MONTURAS;OAKLEY;;OX8175;817502;52;17;139;Mujer;Marrón;;RECTANGULAR/CUADRADA;ACETATO;;;61,79;173
888392557032;MONTURAS;OAKLEY;;OX8175;817502;54;17;139;Mujer;Marrón;;RECTANGULAR/CUADRADA;ACETATO;;;63,93;179
888392557056;MONTURAS;OAKLEY;;OX8175;817503;52;17;139;Mujer;Rojo;;RECTANGULAR/CUADRADA;ACETATO;;;58,93;165
888392557070;MONTURAS;OAKLEY;;OX8175;817504;54;17;139;Mujer;Negro;;RECTANGULAR/CUADRADA;ACETATO;;;61,79;173
888392575685;MONTURAS;OAKLEY;;OX8175;817505;52;17;139;Mujer;Negro;;RECTANGULAR/CUADRADA;ACETATO;;;61,79;173
888392575692;MONTURAS;OAKLEY;;OX8175;817505;54;17;139;Mujer;Negro;;RECTANGULAR/CUADRADA;ACETATO;;;63,93;179
888392590558;MONTURAS;OAKLEY;;OX8175;817507;52;17;139;Mujer;Violeta;;RECTANGULAR/CUADRADA;ACETATO;;;61,79;173
888392590541;MONTURAS;OAKLEY;;OX8175;817507;54;17;139;Mujer;Violeta;;RECTANGULAR/CUADRADA;ACETATO;;;61,79;173
888392620125;MONTURAS;OAKLEY;;OX8175;817508;52;17;139;Mujer;Naranja;;RECTANGULAR/CUADRADA;ACETATO;;;61,79;173
888392620132;MONTURAS;OAKLEY;;OX8175;817508;54;17;139;Mujer;Naranja;;RECTANGULAR/CUADRADA;ACETATO;;;63,93;179
888392678645;MONTURAS;OAKLEY;;OX8175;817509;52;17;139;Mujer;Azul;;RECTANGULAR/CUADRADA;ACETATO;;;63,93;179
888392678652;MONTURAS;OAKLEY;;OX8175;817509;54;17;139;Mujer;Azul;;RECTANGULAR/CUADRADA;ACETATO;;;63,93;179
888392678669;MONTURAS;OAKLEY;;OX8175;817510;52;17;139;Mujer;Multicolor;;RECTANGULAR/CUADRADA;ACETATO;;;63,93;179
888392678676;MONTURAS;OAKLEY;;OX8175;817510;54;17;139;Mujer;Multicolor;;RECTANGULAR/CUADRADA;ACETATO;;;63,93;179
888392702579;MONTURAS;OAKLEY;;OX8175;817511;52;17;139;Mujer;Rojo;;RECTANGULAR/CUADRADA;ACETATO;;;63,93;179
888392702586;MONTURAS;OAKLEY;;OX8175;817511;54;17;139;Mujer;Rojo;;RECTANGULAR/CUADRADA;ACETATO;;;63,93;179
888392557148;MONTURAS;OAKLEY;;OX8176;817601;51;20;139;Mujer;Negro;;REDONDA/OVALADA;ACETATO;;;63,93;179
888392557162;MONTURAS;OAKLEY;;OX8176;817602;51;20;139;Mujer;Marrón;;REDONDA/OVALADA;ACETATO;;;63,93;179
888392577078;MONTURAS;OAKLEY;;OX8176;817606;49;20;139;Mujer;Negro;;REDONDA/OVALADA;ACETATO;;;61,79;173
888392590572;MONTURAS;OAKLEY;;OX8176;817607;49;20;139;Mujer;Azul;;REDONDA/OVALADA;ACETATO;;;61,79;173
888392590565;MONTURAS;OAKLEY;;OX8176;817607;51;20;139;Mujer;Azul;;REDONDA/OVALADA;ACETATO;;;63,93;179
888392620149;MONTURAS;OAKLEY;;OX8176;817609;51;20;139;Mujer;Verde;;REDONDA/OVALADA;ACETATO;;;61,79;173
888392678737;MONTURAS;OAKLEY;;OX8176;817610;49;20;139;Mujer;Azul;;REDONDA/OVALADA;ACETATO;;;63,93;179
888392678720;MONTURAS;OAKLEY;;OX8176;817610;51;20;139;Mujer;Azul;;REDONDA/OVALADA;ACETATO;;;63,93;179
888392678751;MONTURAS;OAKLEY;;OX8176;817611;49;20;139;Mujer;Multicolor;;REDONDA/OVALADA;ACETATO;;;63,93;179
888392678744;MONTURAS;OAKLEY;;OX8176;817611;51;20;139;Mujer;Multicolor;;REDONDA/OVALADA;ACETATO;;;63,93;179
888392562753;MONTURAS;OAKLEY;;OX8177;817701;56;16;140;Hombre;Negro;;RECTANGULAR/CUADRADA;ACETATO;;;56,43;158
888392562784;MONTURAS;OAKLEY;;OX8177;817702;54;15;140;Hombre;Gris;;RECTANGULAR/CUADRADA;ACETATO;;;56,43;158
888392619358;MONTURAS;OAKLEY;;OX8177;817707;54;15;140;Hombre;Verde;;RECTANGULAR/CUADRADA;ACETATO;;;56,43;158
888392646569;MONTURAS;OAKLEY;;OX8177;817708;54;15;140;Hombre;Negro;;RECTANGULAR/CUADRADA;ACETATO;;;56,43;158
888392646552;MONTURAS;OAKLEY;;OX8177;817708;56;16;140;Hombre;Negro;;RECTANGULAR/CUADRADA;ACETATO;;;56,43;158
888392684844;MONTURAS;OAKLEY;;OX8178;817801;53;18;142;Hombre;Negro;;RECTANGULAR/CUADRADA;ACETATO;;;48,57;136
888392612847;MONTURAS;OAKLEY;;OX8178;817801;55;18;142;Hombre;Negro;;RECTANGULAR/CUADRADA;ACETATO;;;48,57;136
888392612830;MONTURAS;OAKLEY;;OX8178;817801;57;18;142;Hombre;Negro;;RECTANGULAR/CUADRADA;ACETATO;;;48,57;136
888392684851;MONTURAS;OAKLEY;;OX8178;817801;59;18;142;Hombre;Negro;;RECTANGULAR/CUADRADA;ACETATO;;;48,57;136
888392684868;MONTURAS;OAKLEY;;OX8178;817802;53;18;142;Hombre;Gris;;RECTANGULAR/CUADRADA;ACETATO;;;48,57;136
888392612861;MONTURAS;OAKLEY;;OX8178;817802;55;18;142;Hombre;Gris;;RECTANGULAR/CUADRADA;ACETATO;;;48,57;136
888392612854;MONTURAS;OAKLEY;;OX8178;817802;57;18;142;Hombre;Gris;;RECTANGULAR/CUADRADA;ACETATO;;;48,57;136
888392684882;MONTURAS;OAKLEY;;OX8178;817802;59;18;142;Hombre;Gris;;RECTANGULAR/CUADRADA;ACETATO;;;48,57;136
888392684875;MONTURAS;OAKLEY;;OX8178;817803;53;18;142;Hombre;Transparente;;RECTANGULAR/CUADRADA;ACETATO;;;48,57;136
888392612885;MONTURAS;OAKLEY;;OX8178;817803;55;18;142;Hombre;Transparente;;RECTANGULAR/CUADRADA;ACETATO;;;48,57;136
888392612878;MONTURAS;OAKLEY;;OX8178;817803;57;18;142;Hombre;Transparente;;RECTANGULAR/CUADRADA;ACETATO;;;48,57;136
888392684899;MONTURAS;OAKLEY;;OX8178;817803;59;18;142;Hombre;Transparente;;RECTANGULAR/CUADRADA;ACETATO;;;48,57;136
888392684936;MONTURAS;OAKLEY;;OX8178;817804;53;18;142;Hombre;Azul;;RECTANGULAR/CUADRADA;ACETATO;;;48,57;136
888392612908;MONTURAS;OAKLEY;;OX8178;817804;55;18;142;Hombre;Azul;;RECTANGULAR/CUADRADA;ACETATO;;;48,57;136
888392612892;MONTURAS;OAKLEY;;OX8178;817804;57;18;142;Hombre;Azul;;RECTANGULAR/CUADRADA;ACETATO;;;48,57;136
888392684950;MONTURAS;OAKLEY;;OX8178;817804;59;18;142;Hombre;Azul;;RECTANGULAR/CUADRADA;ACETATO;;;48,57;136
888392646583;MONTURAS;OAKLEY;;OX8178;817805;55;18;142;Hombre;Negro;;RECTANGULAR/CUADRADA;ACETATO;;;48,57;136
888392646576;MONTURAS;OAKLEY;;OX8178;817805;57;18;142;Hombre;Negro;;RECTANGULAR/CUADRADA;ACETATO;;;48,57;136
888392666635;MONTURAS;OAKLEY;;OX8178;817807;55;18;142;Hombre;Negro;;RECTANGULAR/CUADRADA;ACETATO;;;48,57;136
888392666628;MONTURAS;OAKLEY;;OX8178;817807;57;18;142;Hombre;Negro;;RECTANGULAR/CUADRADA;ACETATO;;;48,57;136
888392690203;MONTURAS;OAKLEY;;OX8178;817808;53;18;142;Hombre;Transparente;;RECTANGULAR/CUADRADA;ACETATO;;;48,57;136
888392690197;MONTURAS;OAKLEY;;OX8178;817808;55;18;142;Hombre;Transparente;;RECTANGULAR/CUADRADA;ACETATO;;;48,57;136
888392690180;MONTURAS;OAKLEY;;OX8178;817808;57;18;142;Hombre;Transparente;;RECTANGULAR/CUADRADA;ACETATO;;;48,57;136
888392690210;MONTURAS;OAKLEY;;OX8178;817808;59;18;142;Hombre;Transparente;;RECTANGULAR/CUADRADA;ACETATO;;;48,57;136
888392699510;MONTURAS;OAKLEY;;OX8178;817811;53;18;142;Hombre;Gris;;RECTANGULAR/CUADRADA;ACETATO;;;48,57;136
888392699503;MONTURAS;OAKLEY;;OX8178;817811;55;18;142;Hombre;Gris;;RECTANGULAR/CUADRADA;ACETATO;;;48,57;136
888392699497;MONTURAS;OAKLEY;;OX8178;817811;57;18;142;Hombre;Gris;;RECTANGULAR/CUADRADA;ACETATO;;;48,57;136
888392699527;MONTURAS;OAKLEY;;OX8178;817811;59;18;142;Hombre;Gris;;RECTANGULAR/CUADRADA;ACETATO;;;48,57;136
888392618351;MONTURAS;OAKLEY;;OX8181;818101;53;18;137;Hombre;Negro;;REDONDA/OVALADA;TITANIO;;;124,29;348
888392618344;MONTURAS;OAKLEY;;OX8181;818101;55;18;137;Hombre;Negro;;REDONDA/OVALADA;TITANIO;;;120;336
888392618375;MONTURAS;OAKLEY;;OX8181;818102;53;18;137;Hombre;Gris;;REDONDA/OVALADA;TITANIO;;;124,29;348
888392618368;MONTURAS;OAKLEY;;OX8181;818102;55;18;137;Hombre;Gris;;REDONDA/OVALADA;TITANIO;;;120;336
888392618399;MONTURAS;OAKLEY;;OX8181;818103;53;18;137;Hombre;Transparente;;REDONDA/OVALADA;TITANIO;;;124,29;348
888392618382;MONTURAS;OAKLEY;;OX8181;818103;55;18;137;Hombre;Transparente;;REDONDA/OVALADA;TITANIO;;;120;336
888392618412;MONTURAS;OAKLEY;;OX8181;818104;53;18;137;Hombre;Marrón;;REDONDA/OVALADA;TITANIO;;;124,29;348
888392618405;MONTURAS;OAKLEY;;OX8181;818104;55;18;137;Hombre;Marrón;;REDONDA/OVALADA;TITANIO;;;120;336
888392618634;MONTURAS;OAKLEY;;OX8182;818201;58;16;155;Hombre;Negro;;RECTANGULAR/CUADRADA;ACETATO;;;63,93;179
888392618641;MONTURAS;OAKLEY;;OX8182;818201;60;16;155;Hombre;Negro;;RECTANGULAR/CUADRADA;ACETATO;;;63,93;179
888392618658;MONTURAS;OAKLEY;;OX8182;818202;58;16;155;Hombre;Gris;;RECTANGULAR/CUADRADA;ACETATO;;;63,93;179
888392618665;MONTURAS;OAKLEY;;OX8182;818202;60;16;155;Hombre;Gris;;RECTANGULAR/CUADRADA;ACETATO;;;63,93;179
888392618672;MONTURAS;OAKLEY;;OX8182;818203;58;16;155;Hombre;Transparente;;RECTANGULAR/CUADRADA;ACETATO;;;63,93;179
888392618696;MONTURAS;OAKLEY;;OX8182;818204;58;16;155;Hombre;Gris;;RECTANGULAR/CUADRADA;ACETATO;;;61,79;173
888392618702;MONTURAS;OAKLEY;;OX8182;818204;60;16;155;Hombre;Gris;;RECTANGULAR/CUADRADA;ACETATO;;;61,79;173
888392666796;MONTURAS;OAKLEY;;OX8182;818205;58;16;155;Hombre;Gris;;RECTANGULAR/CUADRADA;ACETATO;;;63,93;179
888392666802;MONTURAS;OAKLEY;;OX8182;818205;60;16;155;Hombre;Gris;;RECTANGULAR/CUADRADA;ACETATO;;;63,93;179
888392684905;MONTURAS;OAKLEY;;OX8183;818301;54;18;148;Hombre;Negro;;RECTANGULAR/CUADRADA;ACETATO;;;52,5;147
888392618719;MONTURAS;OAKLEY;;OX8183;818301;56;18;148;Hombre;Negro;;RECTANGULAR/CUADRADA;ACETATO;;;52,5;147
888392618726;MONTURAS;OAKLEY;;OX8183;818301;58;18;148;Hombre;Negro;;RECTANGULAR/CUADRADA;ACETATO;;;52,5;147
888392684912;MONTURAS;OAKLEY;;OX8183;818302;54;18;148;Hombre;Gris;;RECTANGULAR/CUADRADA;ACETATO;;;52,5;147
888392618733;MONTURAS;OAKLEY;;OX8183;818302;56;18;148;Hombre;Gris;;RECTANGULAR/CUADRADA;ACETATO;;;52,5;147
888392618740;MONTURAS;OAKLEY;;OX8183;818302;58;18;148;Hombre;Gris;;RECTANGULAR/CUADRADA;ACETATO;;;52,5;147
888392684929;MONTURAS;OAKLEY;;OX8183;818303;54;18;148;Hombre;Azul;;RECTANGULAR/CUADRADA;ACETATO;;;52,5;147
888392618757;MONTURAS;OAKLEY;;OX8183;818303;56;18;148;Hombre;Azul;;RECTANGULAR/CUADRADA;ACETATO;;;50,71;142
888392684943;MONTURAS;OAKLEY;;OX8183;818304;54;18;148;Hombre;Gris;;RECTANGULAR/CUADRADA;ACETATO;;;52,5;147
888392618771;MONTURAS;OAKLEY;;OX8183;818304;56;18;148;Hombre;Gris;;RECTANGULAR/CUADRADA;ACETATO;;;52,5;147
888392618788;MONTURAS;OAKLEY;;OX8183;818304;58;18;148;Hombre;Gris;;RECTANGULAR/CUADRADA;ACETATO;;;52,5;147
888392690319;MONTURAS;OAKLEY;;OX8183;818305;54;18;148;Hombre;Transparente;;RECTANGULAR/CUADRADA;ACETATO;;;52,5;147
888392690296;MONTURAS;OAKLEY;;OX8183;818305;56;18;148;Hombre;Transparente;;RECTANGULAR/CUADRADA;ACETATO;;;52,5;147
888392690302;MONTURAS;OAKLEY;;OX8183;818305;58;18;148;Hombre;Transparente;;RECTANGULAR/CUADRADA;ACETATO;;;52,5;147
888392618917;MONTURAS;OAKLEY;;OX8184;818401;53;16;135;Hombre;Negro;;REDONDA/OVALADA;ACETATO;;;68,21;191
888392618924;MONTURAS;OAKLEY;;OX8184;818401;55;16;135;Hombre;Negro;;REDONDA/OVALADA;ACETATO;;;68,21;191
888392618931;MONTURAS;OAKLEY;;OX8184;818402;53;16;135;Hombre;Gris;;REDONDA/OVALADA;ACETATO;;;68,21;191
888392618948;MONTURAS;OAKLEY;;OX8184;818402;55;16;135;Hombre;Gris;;REDONDA/OVALADA;ACETATO;;;68,21;191
888392618955;MONTURAS;OAKLEY;;OX8184;818403;53;16;135;Hombre;Transparente;;REDONDA/OVALADA;ACETATO;;;68,21;191
888392618962;MONTURAS;OAKLEY;;OX8184;818403;55;16;135;Hombre;Transparente;;REDONDA/OVALADA;ACETATO;;;68,21;191
888392641922;MONTURAS;OAKLEY;;OX8186;818601;54;16;139;Hombre;Negro;;RECTANGULAR/CUADRADA;ACETATO;;;63,93;179
888392641915;MONTURAS;OAKLEY;;OX8186;818601;56;16;139;Hombre;Negro;;RECTANGULAR/CUADRADA;ACETATO;;;63,93;179
888392641960;MONTURAS;OAKLEY;;OX8186;818602;54;16;139;Hombre;Gris;;RECTANGULAR/CUADRADA;ACETATO;;;63,93;179
888392641953;MONTURAS;OAKLEY;;OX8186;818602;56;16;139;Hombre;Gris;;RECTANGULAR/CUADRADA;ACETATO;;;63,93;179
888392641984;MONTURAS;OAKLEY;;OX8186;818603;54;16;139;Hombre;Transparente;;RECTANGULAR/CUADRADA;ACETATO;;;63,93;179
888392641977;MONTURAS;OAKLEY;;OX8186;818603;56;16;139;Hombre;Transparente;;RECTANGULAR/CUADRADA;ACETATO;;;63,93;179
888392642004;MONTURAS;OAKLEY;;OX8186;818604;54;16;139;Hombre;Negro;;RECTANGULAR/CUADRADA;ACETATO;;;63,93;179
888392641991;MONTURAS;OAKLEY;;OX8186;818604;56;16;139;Hombre;Negro;;RECTANGULAR/CUADRADA;ACETATO;;;63,93;179
888392642219;MONTURAS;OAKLEY;;OX8187;818701;55;18;130;Hombre;Negro;;RECTANGULAR/CUADRADA;ACETATO;;;71,79;201
888392642202;MONTURAS;OAKLEY;;OX8187;818701;57;18;130;Hombre;Negro;;RECTANGULAR/CUADRADA;ACETATO;;;71,79;201
888392642233;MONTURAS;OAKLEY;;OX8187;818702;55;18;130;Hombre;Gris;;RECTANGULAR/CUADRADA;ACETATO;;;71,79;201
888392642226;MONTURAS;OAKLEY;;OX8187;818702;57;18;130;Hombre;Gris;;RECTANGULAR/CUADRADA;ACETATO;;;71,79;201
888392642257;MONTURAS;OAKLEY;;OX8187;818703;55;18;130;Hombre;Transparente;;RECTANGULAR/CUADRADA;ACETATO;;;71,79;201
888392642240;MONTURAS;OAKLEY;;OX8187;818703;57;18;130;Hombre;Transparente;;RECTANGULAR/CUADRADA;ACETATO;;;71,79;201
888392642271;MONTURAS;OAKLEY;;OX8187;818704;55;18;130;Hombre;Azul;;RECTANGULAR/CUADRADA;ACETATO;;;71,79;201
888392642264;MONTURAS;OAKLEY;;OX8187;818704;57;18;130;Hombre;Azul;;RECTANGULAR/CUADRADA;ACETATO;;;71,79;201
888392642295;MONTURAS;OAKLEY;;OX8187;818705;55;18;130;Hombre;Negro;;RECTANGULAR/CUADRADA;ACETATO;;;71,79;201
888392642288;MONTURAS;OAKLEY;;OX8187;818705;57;18;130;Hombre;Negro;;RECTANGULAR/CUADRADA;ACETATO;;;71,79;201
888392642844;MONTURAS;OAKLEY;;OX8188D;818801;56;16;143;Hombre;Negro;;RECTANGULAR/CUADRADA;ACETATO;;;68,21;191
888392642837;MONTURAS;OAKLEY;;OX8188D;818801;58;16;143;Hombre;Negro;;RECTANGULAR/CUADRADA;ACETATO;;;68,21;191
888392642868;MONTURAS;OAKLEY;;OX8188D;818802;56;16;143;Hombre;Gris;;RECTANGULAR/CUADRADA;ACETATO;;;68,21;191
888392642851;MONTURAS;OAKLEY;;OX8188D;818802;58;16;143;Hombre;Gris;;RECTANGULAR/CUADRADA;ACETATO;;;68,21;191
888392642882;MONTURAS;OAKLEY;;OX8188D;818803;56;16;143;Hombre;Negro;;RECTANGULAR/CUADRADA;ACETATO;;;68,21;191
888392642875;MONTURAS;OAKLEY;;OX8188D;818803;58;16;143;Hombre;Negro;;RECTANGULAR/CUADRADA;ACETATO;;;68,21;191
888392642905;MONTURAS;OAKLEY;;OX8188D;818804;56;16;143;Hombre;Negro;;RECTANGULAR/CUADRADA;ACETATO;;;68,21;191
888392642899;MONTURAS;OAKLEY;;OX8188D;818804;58;16;143;Hombre;Negro;;RECTANGULAR/CUADRADA;ACETATO;;;68,21;191
888392702289;MONTURAS;OAKLEY;;OX8188D;818806;56;16;143;Hombre;Gris;;RECTANGULAR/CUADRADA;ACETATO;;;68,21;191
888392702296;MONTURAS;OAKLEY;;OX8188D;818806;58;16;143;Hombre;Gris;;RECTANGULAR/CUADRADA;ACETATO;;;68,21;191
888392644374;MONTURAS;OAKLEY;;OX8189;818901;53;18;141;Mujer;Negro;;RECTANGULAR/CUADRADA;ACETATO;;;71,79;201
888392644381;MONTURAS;OAKLEY;;OX8189;818901;55;18;141;Mujer;Negro;;RECTANGULAR/CUADRADA;ACETATO;;;71,79;201
888392644398;MONTURAS;OAKLEY;;OX8189;818902;53;18;141;Mujer;Rosa;;RECTANGULAR/CUADRADA;ACETATO;;;71,79;201
888392644404;MONTURAS;OAKLEY;;OX8189;818902;55;18;141;Mujer;Rosa;;RECTANGULAR/CUADRADA;ACETATO;;;71,79;201
888392644411;MONTURAS;OAKLEY;;OX8189;818903;53;18;141;Mujer;Transparente;;RECTANGULAR/CUADRADA;ACETATO;;;71,79;201
888392644428;MONTURAS;OAKLEY;;OX8189;818903;55;18;141;Mujer;Transparente;;RECTANGULAR/CUADRADA;ACETATO;;;71,79;201
888392644435;MONTURAS;OAKLEY;;OX8189;818904;53;18;141;Mujer;Marrón;;RECTANGULAR/CUADRADA;ACETATO;;;71,79;201
888392644442;MONTURAS;OAKLEY;;OX8189;818904;55;18;141;Mujer;Marrón;;RECTANGULAR/CUADRADA;ACETATO;;;71,79;201
888392666451;MONTURAS;OAKLEY;;OX8189;818905;53;18;141;Mujer;Verde;;RECTANGULAR/CUADRADA;ACETATO;;;71,79;201
888392666468;MONTURAS;OAKLEY;;OX8189;818905;55;18;141;Mujer;Verde;;RECTANGULAR/CUADRADA;ACETATO;;;71,79;201
888392666864;MONTURAS;OAKLEY;;OX8189;818906;53;18;141;Mujer;Azul;;RECTANGULAR/CUADRADA;ACETATO;;;71,79;201
888392666871;MONTURAS;OAKLEY;;OX8189;818906;55;18;141;Mujer;Azul;;RECTANGULAR/CUADRADA;ACETATO;;;71,79;201
888392678201;MONTURAS;OAKLEY;;OX8189;818907;53;18;141;Mujer;Azul;;RECTANGULAR/CUADRADA;ACETATO;;;71,79;201
888392678218;MONTURAS;OAKLEY;;OX8189;818907;55;18;141;Mujer;Azul;;RECTANGULAR/CUADRADA;ACETATO;;;71,79;201
888392692498;MONTURAS;OAKLEY;;OX8189;818909;53;18;141;Mujer;Violeta;;RECTANGULAR/CUADRADA;ACETATO;;;71,79;201
888392692504;MONTURAS;OAKLEY;;OX8189;818909;55;18;141;Mujer;Violeta;;RECTANGULAR/CUADRADA;ACETATO;;;71,79;201
888392699374;MONTURAS;OAKLEY;;OX8189;818910;53;18;141;Mujer;Violeta;;RECTANGULAR/CUADRADA;ACETATO;;;71,79;201
888392699381;MONTURAS;OAKLEY;;OX8189;818910;55;18;141;Mujer;Violeta;;RECTANGULAR/CUADRADA;ACETATO;;;71,79;201
888392643339;MONTURAS;OAKLEY;;OX8190;819001;55;18;132;Unisex;Negro;;RECTANGULAR/CUADRADA;ACETATO;;;71,79;201
888392643346;MONTURAS;OAKLEY;;OX8190;819001;57;18;132;Unisex;Negro;;RECTANGULAR/CUADRADA;ACETATO;;;71,79;201
888392643353;MONTURAS;OAKLEY;;OX8190;819002;55;18;132;Unisex;Gris;;RECTANGULAR/CUADRADA;ACETATO;;;71,79;201
888392643360;MONTURAS;OAKLEY;;OX8190;819002;57;18;132;Unisex;Gris;;RECTANGULAR/CUADRADA;ACETATO;;;71,79;201
888392643377;MONTURAS;OAKLEY;;OX8190;819003;55;18;132;Unisex;Transparente;;RECTANGULAR/CUADRADA;ACETATO;;;71,79;201
888392643384;MONTURAS;OAKLEY;;OX8190;819003;57;18;132;Unisex;Transparente;;RECTANGULAR/CUADRADA;ACETATO;;;71,79;201
888392643391;MONTURAS;OAKLEY;;OX8190;819004;55;18;132;Unisex;Marrón;;RECTANGULAR/CUADRADA;ACETATO;;;71,79;201
888392643407;MONTURAS;OAKLEY;;OX8190;819004;57;18;132;Unisex;Marrón;;RECTANGULAR/CUADRADA;ACETATO;;;71,79;201
888392666383;MONTURAS;OAKLEY;;OX8190;819005;55;18;132;Unisex;Transparente;;RECTANGULAR/CUADRADA;ACETATO;;;71,79;201
888392666390;MONTURAS;OAKLEY;;OX8190;819005;57;18;132;Unisex;Transparente;;RECTANGULAR/CUADRADA;ACETATO;;;71,79;201
888392676641;MONTURAS;OAKLEY;;OX8190;819006;55;18;132;Unisex;Marrón;;RECTANGULAR/CUADRADA;ACETATO;;;78,93;221
888392676658;MONTURAS;OAKLEY;;OX8190;819006;57;18;132;Unisex;Marrón;;RECTANGULAR/CUADRADA;ACETATO;;;78,93;221
888392678225;MONTURAS;OAKLEY;;OX8190;819007;55;18;132;Unisex;Azul;;RECTANGULAR/CUADRADA;ACETATO;;;71,79;201
888392678232;MONTURAS;OAKLEY;;OX8190;819007;57;18;132;Unisex;Azul;;RECTANGULAR/CUADRADA;ACETATO;;;71,79;201
888392662378;MONTURAS;OAKLEY;;OX8191;819101;55;15;141;Unisex;Negro;;RECTANGULAR/CUADRADA;ACETATO;;;71,79;201
888392662361;MONTURAS;OAKLEY;;OX8191;819101;57;15;141;Unisex;Negro;;RECTANGULAR/CUADRADA;ACETATO;;;71,79;201
888392662392;MONTURAS;OAKLEY;;OX8191;819102;55;15;141;Unisex;Gris;;RECTANGULAR/CUADRADA;ACETATO;;;71,79;201
888392662385;MONTURAS;OAKLEY;;OX8191;819102;57;15;141;Unisex;Gris;;RECTANGULAR/CUADRADA;ACETATO;;;71,79;201
888392662415;MONTURAS;OAKLEY;;OX8191;819103;55;15;141;Unisex;Negro;;RECTANGULAR/CUADRADA;ACETATO;;;71,79;201
888392662408;MONTURAS;OAKLEY;;OX8191;819103;57;15;141;Unisex;Negro;;RECTANGULAR/CUADRADA;ACETATO;;;71,79;201
888392662439;MONTURAS;OAKLEY;;OX8191;819104;55;15;141;Unisex;Negro;;RECTANGULAR/CUADRADA;ACETATO;;;71,79;201
888392662422;MONTURAS;OAKLEY;;OX8191;819104;57;15;141;Unisex;Negro;;RECTANGULAR/CUADRADA;ACETATO;;;71,79;201
888392676634;MONTURAS;OAKLEY;;OX8191;819106;55;15;141;Unisex;Marrón;;RECTANGULAR/CUADRADA;ACETATO;;;78,93;221
888392676627;MONTURAS;OAKLEY;;OX8191;819106;57;15;141;Unisex;Marrón;;RECTANGULAR/CUADRADA;ACETATO;;;78,93;221
888392678256;MONTURAS;OAKLEY;;OX8191;819107;55;15;141;Unisex;Azul;;RECTANGULAR/CUADRADA;ACETATO;;;71,79;201
888392678249;MONTURAS;OAKLEY;;OX8191;819107;57;15;141;Unisex;Azul;;RECTANGULAR/CUADRADA;ACETATO;;;71,79;201
888392689269;MONTURAS;OAKLEY;;OX8191;819108;55;15;141;Unisex;Violeta;;RECTANGULAR/CUADRADA;ACETATO;;;71,79;201
888392689252;MONTURAS;OAKLEY;;OX8191;819108;57;15;141;Unisex;Violeta;;RECTANGULAR/CUADRADA;ACETATO;;;71,79;201
888392689283;MONTURAS;OAKLEY;;OX8191;819109;55;15;141;Unisex;Marrón;;RECTANGULAR/CUADRADA;ACETATO;;;71,79;201
888392689276;MONTURAS;OAKLEY;;OX8191;819109;57;15;141;Unisex;Marrón;;RECTANGULAR/CUADRADA;ACETATO;;;71,79;201
888392662255;MONTURAS;OAKLEY;;OX8192D;819201;54;14;136;Unisex;Negro;;RECTANGULAR/CUADRADA;ACETATO;;;63,93;179
888392662262;MONTURAS;OAKLEY;;OX8192D;819201;56;14;136;Unisex;Negro;;RECTANGULAR/CUADRADA;ACETATO;;;63,93;179
888392662279;MONTURAS;OAKLEY;;OX8192D;819202;54;14;136;Unisex;Gris;;RECTANGULAR/CUADRADA;ACETATO;;;63,93;179
888392662286;MONTURAS;OAKLEY;;OX8192D;819202;56;14;136;Unisex;Gris;;RECTANGULAR/CUADRADA;ACETATO;;;63,93;179
888392662293;MONTURAS;OAKLEY;;OX8192D;819203;54;14;136;Unisex;Verde;;RECTANGULAR/CUADRADA;ACETATO;;;63,93;179
888392662309;MONTURAS;OAKLEY;;OX8192D;819203;56;14;136;Unisex;Verde;;RECTANGULAR/CUADRADA;ACETATO;;;63,93;179
888392662316;MONTURAS;OAKLEY;;OX8192D;819204;54;14;136;Unisex;Gris;;RECTANGULAR/CUADRADA;ACETATO;;;63,93;179
888392662323;MONTURAS;OAKLEY;;OX8192D;819204;56;14;136;Unisex;Gris;;RECTANGULAR/CUADRADA;ACETATO;;;63,93;179
888392678379;MONTURAS;OAKLEY;;OX8192D;819205;54;14;136;Unisex;Negro;;RECTANGULAR/CUADRADA;ACETATO;;;63,93;179
888392678386;MONTURAS;OAKLEY;;OX8192D;819205;56;14;136;Unisex;Negro;;RECTANGULAR/CUADRADA;ACETATO;;;63,93;179
888392663474;MONTURAS;OAKLEY;;OX8193;819301;57;18;146;Hombre;Negro;;RECTANGULAR/CUADRADA;ACETATO;;;83,57;234
888392663481;MONTURAS;OAKLEY;;OX8193;819301;59;18;146;Hombre;Negro;;RECTANGULAR/CUADRADA;ACETATO;;;83,57;234
888392663498;MONTURAS;OAKLEY;;OX8193;819302;57;18;146;Hombre;Gris;;RECTANGULAR/CUADRADA;ACETATO;;;83,57;234
888392663504;MONTURAS;OAKLEY;;OX8193;819302;59;18;146;Hombre;Gris;;RECTANGULAR/CUADRADA;ACETATO;;;83,57;234
888392663511;MONTURAS;OAKLEY;;OX8193;819303;57;18;146;Hombre;Transparente;;RECTANGULAR/CUADRADA;ACETATO;;;83,57;234
888392663528;MONTURAS;OAKLEY;;OX8193;819303;59;18;146;Hombre;Transparente;;RECTANGULAR/CUADRADA;ACETATO;;;83,57;234
888392663535;MONTURAS;OAKLEY;;OX8193;819304;57;18;146;Hombre;Verde;;RECTANGULAR/CUADRADA;ACETATO;;;83,57;234
888392663542;MONTURAS;OAKLEY;;OX8193;819304;59;18;146;Hombre;Verde;;RECTANGULAR/CUADRADA;ACETATO;;;83,57;234
888392670496;MONTURAS;OAKLEY;;OX8196D;819601;53;17;137;Unisex;Negro;;RECTANGULAR/CUADRADA;ACETATO;;;68,21;191
888392670489;MONTURAS;OAKLEY;;OX8196D;819601;55;17;137;Unisex;Negro;;RECTANGULAR/CUADRADA;ACETATO;;;68,21;191
888392670472;MONTURAS;OAKLEY;;OX8196D;819602;53;17;137;Unisex;Gris;;RECTANGULAR/CUADRADA;ACETATO;;;68,21;191
888392670465;MONTURAS;OAKLEY;;OX8196D;819602;55;17;137;Unisex;Gris;;RECTANGULAR/CUADRADA;ACETATO;;;68,21;191
888392670458;MONTURAS;OAKLEY;;OX8196D;819603;53;17;137;Unisex;Gris;;RECTANGULAR/CUADRADA;ACETATO;;;68,21;191
888392670441;MONTURAS;OAKLEY;;OX8196D;819603;55;17;137;Unisex;Gris;;RECTANGULAR/CUADRADA;ACETATO;;;68,21;191
888392670434;MONTURAS;OAKLEY;;OX8196D;819604;53;17;137;Unisex;Transparente;;RECTANGULAR/CUADRADA;ACETATO;;;68,21;191
888392670427;MONTURAS;OAKLEY;;OX8196D;819604;55;17;137;Unisex;Transparente;;RECTANGULAR/CUADRADA;ACETATO;;;68,21;191
888392702357;MONTURAS;OAKLEY;;OX8196D;819605;53;17;137;Unisex;Gris;;RECTANGULAR/CUADRADA;ACETATO;;;68,21;191
888392702340;MONTURAS;OAKLEY;;OX8196D;819605;55;17;137;Unisex;Gris;;RECTANGULAR/CUADRADA;ACETATO;;;68,21;191
888392671202;MONTURAS;OAKLEY;;OX8197D;819701;48;18;137;Unisex;Negro;;RECTANGULAR/CUADRADA;ACETATO;;;68,21;191
888392671196;MONTURAS;OAKLEY;;OX8197D;819701;50;18;137;Unisex;Negro;;RECTANGULAR/CUADRADA;ACETATO;;;68,21;191
888392671189;MONTURAS;OAKLEY;;OX8197D;819702;48;18;137;Unisex;Gris;;RECTANGULAR/CUADRADA;ACETATO;;;68,21;191
888392671172;MONTURAS;OAKLEY;;OX8197D;819702;50;18;137;Unisex;Gris;;RECTANGULAR/CUADRADA;ACETATO;;;68,21;191
888392671165;MONTURAS;OAKLEY;;OX8197D;819703;48;18;137;Unisex;Verde;;RECTANGULAR/CUADRADA;ACETATO;;;68,21;191
888392671158;MONTURAS;OAKLEY;;OX8197D;819703;50;18;137;Unisex;Verde;;RECTANGULAR/CUADRADA;ACETATO;;;68,21;191
888392671141;MONTURAS;OAKLEY;;OX8197D;819704;48;18;137;Unisex;Marrón;;RECTANGULAR/CUADRADA;ACETATO;;;68,21;191
888392671134;MONTURAS;OAKLEY;;OX8197D;819704;50;18;137;Unisex;Marrón;;RECTANGULAR/CUADRADA;ACETATO;;;68,21;191
888392678867;MONTURAS;OAKLEY;;OX8198;819801;60;11;137;Unisex;Negro;;RECTANGULAR/CUADRADA;ACETATO;;;77,86;218
888392678874;MONTURAS;OAKLEY;;OX8198;819801;62;11;137;Unisex;Negro;;RECTANGULAR/CUADRADA;ACETATO;;;77,86;218
888392678881;MONTURAS;OAKLEY;;OX8198;819802;60;11;137;Unisex;Gris;;RECTANGULAR/CUADRADA;ACETATO;;;77,86;218
888392678898;MONTURAS;OAKLEY;;OX8198;819802;62;11;137;Unisex;Gris;;RECTANGULAR/CUADRADA;ACETATO;;;77,86;218
888392678829;MONTURAS;OAKLEY;;OX8198;819803;60;11;137;Unisex;Verde;;RECTANGULAR/CUADRADA;ACETATO;;;77,86;218
888392678836;MONTURAS;OAKLEY;;OX8198;819803;62;11;137;Unisex;Verde;;RECTANGULAR/CUADRADA;ACETATO;;;77,86;218
888392678843;MONTURAS;OAKLEY;;OX8198;819804;60;11;137;Unisex;Azul;;RECTANGULAR/CUADRADA;ACETATO;;;77,86;218
888392678850;MONTURAS;OAKLEY;;OX8198;819804;62;11;137;Unisex;Azul;;RECTANGULAR/CUADRADA;ACETATO;;;77,86;218
888392679833;MONTURAS;OAKLEY;;OX8199D;819901;54;13;142;Unisex;Negro;;RECTANGULAR/CUADRADA;ACETATO;;;77,86;218
888392679826;MONTURAS;OAKLEY;;OX8199D;819901;56;13;142;Unisex;Negro;;RECTANGULAR/CUADRADA;ACETATO;;;77,86;218
888392679871;MONTURAS;OAKLEY;;OX8199D;819902;54;13;142;Unisex;Gris;;RECTANGULAR/CUADRADA;ACETATO;;;77,86;218
888392679864;MONTURAS;OAKLEY;;OX8199D;819902;56;13;142;Unisex;Gris;;RECTANGULAR/CUADRADA;ACETATO;;;77,86;218
888392679819;MONTURAS;OAKLEY;;OX8199D;819903;54;13;142;Unisex;Gris;;RECTANGULAR/CUADRADA;ACETATO;;;77,86;218
888392679802;MONTURAS;OAKLEY;;OX8199D;819903;56;13;142;Unisex;Gris;;RECTANGULAR/CUADRADA;ACETATO;;;77,86;218
888392679857;MONTURAS;OAKLEY;;OX8199D;819904;54;13;142;Unisex;Negro;;RECTANGULAR/CUADRADA;ACETATO;;;77,86;218
888392679840;MONTURAS;OAKLEY;;OX8199D;819904;56;13;142;Unisex;Negro;;RECTANGULAR/CUADRADA;ACETATO;;;77,86;218
888392676849;MONTURAS;OAKLEY;;OX8201;820101;56;13;142;Unisex;Negro;;RECTANGULAR/CUADRADA;ACETATO;;;77,86;218
888392676832;MONTURAS;OAKLEY;;OX8201;820101;58;13;142;Unisex;Negro;;RECTANGULAR/CUADRADA;ACETATO;;;77,86;218
888392676825;MONTURAS;OAKLEY;;OX8201;820102;56;13;142;Unisex;Gris;;RECTANGULAR/CUADRADA;ACETATO;;;77,86;218
888392676818;MONTURAS;OAKLEY;;OX8201;820102;58;13;142;Unisex;Gris;;RECTANGULAR/CUADRADA;ACETATO;;;77,86;218
888392676801;MONTURAS;OAKLEY;;OX8201;820103;56;13;142;Unisex;Gris;;RECTANGULAR/CUADRADA;ACETATO;;;77,86;218
888392676795;MONTURAS;OAKLEY;;OX8201;820103;58;13;142;Unisex;Gris;;RECTANGULAR/CUADRADA;ACETATO;;;77,86;218
888392676788;MONTURAS;OAKLEY;;OX8201;820104;56;13;142;Unisex;Gris;;RECTANGULAR/CUADRADA;ACETATO;;;77,86;218
888392676771;MONTURAS;OAKLEY;;OX8201;820104;58;13;142;Unisex;Gris;;RECTANGULAR/CUADRADA;ACETATO;;;77,86;218
888392694706;MONTURAS;OAKLEY;;OX8202;820201;52;17;141;Mujer;Negro;;REDONDA/OVALADA;ACETATO;;;68,21;191
888392694713;MONTURAS;OAKLEY;;OX8202;820201;54;17;141;Mujer;Negro;;REDONDA/OVALADA;ACETATO;;;68,21;191
888392694720;MONTURAS;OAKLEY;;OX8202;820202;52;17;141;Mujer;Transparente;;REDONDA/OVALADA;ACETATO;;;68,21;191
888392694737;MONTURAS;OAKLEY;;OX8202;820202;54;17;141;Mujer;Transparente;;REDONDA/OVALADA;ACETATO;;;68,21;191
888392694744;MONTURAS;OAKLEY;;OX8202;820203;52;17;141;Mujer;Gris;;REDONDA/OVALADA;ACETATO;;;68,21;191
888392694799;MONTURAS;OAKLEY;;OX8202;820203;54;17;141;Mujer;Gris;;REDONDA/OVALADA;ACETATO;;;68,21;191
888392694751;MONTURAS;OAKLEY;;OX8202;820204;52;17;141;Mujer;Rosa;;REDONDA/OVALADA;ACETATO;;;68,21;191
888392694768;MONTURAS;OAKLEY;;OX8202;820204;54;17;141;Mujer;Rosa;;REDONDA/OVALADA;ACETATO;;;68,21;191
888392687135;MONTURAS;OAKLEY;;OX8203;820301;53;16;138;Unisex;Negro;;RECTANGULAR/CUADRADA;ACETATO;;;89,64;251
888392687128;MONTURAS;OAKLEY;;OX8203;820301;55;16;138;Unisex;Negro;;RECTANGULAR/CUADRADA;ACETATO;;;89,64;251
888392687159;MONTURAS;OAKLEY;;OX8203;820302;53;16;138;Unisex;Gris;;RECTANGULAR/CUADRADA;ACETATO;;;89,64;251
888392687142;MONTURAS;OAKLEY;;OX8203;820302;55;16;138;Unisex;Gris;;RECTANGULAR/CUADRADA;ACETATO;;;89,64;251
888392687111;MONTURAS;OAKLEY;;OX8203;820303;53;16;138;Unisex;Transparente;;RECTANGULAR/CUADRADA;ACETATO;;;89,64;251
888392687104;MONTURAS;OAKLEY;;OX8203;820303;55;16;138;Unisex;Transparente;;RECTANGULAR/CUADRADA;ACETATO;;;89,64;251
888392687098;MONTURAS;OAKLEY;;OX8203;820304;53;16;138;Unisex;Verde;;RECTANGULAR/CUADRADA;ACETATO;;;89,64;251
888392687081;MONTURAS;OAKLEY;;OX8203;820304;55;16;138;Unisex;Verde;;RECTANGULAR/CUADRADA;ACETATO;;;89,64;251
888392700407;MONTURAS;OAKLEY;;OX8203;820306;53;16;138;Unisex;Negro;;RECTANGULAR/CUADRADA;ACETATO;;;89,64;251
888392700391;MONTURAS;OAKLEY;;OX8203;820306;55;16;138;Unisex;Negro;;RECTANGULAR/CUADRADA;ACETATO;;;89,64;251
888392688286;MONTURAS;OAKLEY;;OX8204D;820401;54;20;140;Unisex;Negro;;RECTANGULAR/CUADRADA;ACETATO;;;89,64;251
888392688293;MONTURAS;OAKLEY;;OX8204D;820401;56;20;140;Unisex;Negro;;RECTANGULAR/CUADRADA;ACETATO;;;89,64;251
888392688309;MONTURAS;OAKLEY;;OX8204D;820402;54;20;140;Unisex;Gris;;RECTANGULAR/CUADRADA;ACETATO;;;89,64;251
888392688316;MONTURAS;OAKLEY;;OX8204D;820402;56;20;140;Unisex;Gris;;RECTANGULAR/CUADRADA;ACETATO;;;89,64;251
888392688262;MONTURAS;OAKLEY;;OX8204D;820403;54;20;140;Unisex;Transparente;;RECTANGULAR/CUADRADA;ACETATO;;;89,64;251
888392688279;MONTURAS;OAKLEY;;OX8204D;820403;56;20;140;Unisex;Transparente;;RECTANGULAR/CUADRADA;ACETATO;;;89,64;251
888392688248;MONTURAS;OAKLEY;;OX8204D;820404;54;20;140;Unisex;Azul;;RECTANGULAR/CUADRADA;ACETATO;;;89,64;251
888392688255;MONTURAS;OAKLEY;;OX8204D;820404;56;20;140;Unisex;Azul;;RECTANGULAR/CUADRADA;ACETATO;;;89,64;251
888392690951;MONTURAS;OAKLEY;;OX8205;820501;53;17;141;Unisex;Negro;;RECTANGULAR/CUADRADA;ACETATO;;;48,57;136
888392690944;MONTURAS;OAKLEY;;OX8205;820501;55;17;141;Unisex;Negro;;RECTANGULAR/CUADRADA;ACETATO;;;48,57;136
888392690975;MONTURAS;OAKLEY;;OX8205;820502;53;17;141;Unisex;Gris;;RECTANGULAR/CUADRADA;ACETATO;;;48,57;136
888392690968;MONTURAS;OAKLEY;;OX8205;820502;55;17;141;Unisex;Gris;;RECTANGULAR/CUADRADA;ACETATO;;;48,57;136
888392690999;MONTURAS;OAKLEY;;OX8205;820503;53;17;141;Unisex;Azul;;RECTANGULAR/CUADRADA;ACETATO;;;48,57;136
888392690982;MONTURAS;OAKLEY;;OX8205;820503;55;17;141;Unisex;Azul;;RECTANGULAR/CUADRADA;ACETATO;;;48,57;136
888392690937;MONTURAS;OAKLEY;;OX8205;820504;53;17;141;Unisex;Marrón;;RECTANGULAR/CUADRADA;ACETATO;;;48,57;136
888392690920;MONTURAS;OAKLEY;;OX8205;820504;55;17;141;Unisex;Marrón;;RECTANGULAR/CUADRADA;ACETATO;;;48,57;136
7895653354456;MONTURAS;OAKLEY;;OX8207;820701;54;18;138;Hombre;Negro;;RECTANGULAR/CUADRADA;ACETATO;;;48,57;136
7895653354463;MONTURAS;OAKLEY;;OX8207;820701;56;18;138;Hombre;Negro;;RECTANGULAR/CUADRADA;ACETATO;;;48,57;136
7895653354470;MONTURAS;OAKLEY;;OX8207;820701;58;18;138;Hombre;Negro;;RECTANGULAR/CUADRADA;ACETATO;;;48,57;136
7895653354487;MONTURAS;OAKLEY;;OX8207;820702;54;18;138;Hombre;Gris;;RECTANGULAR/CUADRADA;ACETATO;;;48,57;136
7895653354494;MONTURAS;OAKLEY;;OX8207;820702;56;18;138;Hombre;Gris;;RECTANGULAR/CUADRADA;ACETATO;;;48,57;136
7895653354500;MONTURAS;OAKLEY;;OX8207;820702;58;18;138;Hombre;Gris;;RECTANGULAR/CUADRADA;ACETATO;;;48,57;136
7895653354395;MONTURAS;OAKLEY;;OX8207;820703;54;18;138;Hombre;Azul;;RECTANGULAR/CUADRADA;ACETATO;;;48,57;136
7895653354401;MONTURAS;OAKLEY;;OX8207;820703;56;18;138;Hombre;Azul;;RECTANGULAR/CUADRADA;ACETATO;;;48,57;136
7895653354418;MONTURAS;OAKLEY;;OX8207;820703;58;18;138;Hombre;Azul;;RECTANGULAR/CUADRADA;ACETATO;;;48,57;136
7895653354425;MONTURAS;OAKLEY;;OX8207;820704;54;18;138;Hombre;Transparente;;RECTANGULAR/CUADRADA;ACETATO;;;48,57;136
7895653354432;MONTURAS;OAKLEY;;OX8207;820704;56;18;138;Hombre;Transparente;;RECTANGULAR/CUADRADA;ACETATO;;;48,57;136
7895653354449;MONTURAS;OAKLEY;;OX8207;820704;58;18;138;Hombre;Transparente;;RECTANGULAR/CUADRADA;ACETATO;;;48,57;136
7895653354364;MONTURAS;OAKLEY;;OX8207;820705;54;18;138;Hombre;Gris;;RECTANGULAR/CUADRADA;ACETATO;;;48,57;136
7895653354371;MONTURAS;OAKLEY;;OX8207;820705;56;18;138;Hombre;Gris;;RECTANGULAR/CUADRADA;ACETATO;;;48,57;136
7895653354388;MONTURAS;OAKLEY;;OX8207;820705;58;18;138;Hombre;Gris;;RECTANGULAR/CUADRADA;ACETATO;;;48,57;136
888392691316;MONTURAS;OAKLEY;;OX8208;820801;52;21;143;Unisex;Negro;;RECTANGULAR/CUADRADA;ACETATO;;;63,93;179
888392691309;MONTURAS;OAKLEY;;OX8208;820802;52;21;143;Unisex;Transparente;;RECTANGULAR/CUADRADA;ACETATO;;;63,93;179
888392691293;MONTURAS;OAKLEY;;OX8208;820803;52;21;143;Unisex;Verde;;RECTANGULAR/CUADRADA;ACETATO;;;63,93;179
888392691323;MONTURAS;OAKLEY;;OX8208;820804;52;21;143;Unisex;Negro;;RECTANGULAR/CUADRADA;ACETATO;;;63,93;179
888392691286;MONTURAS;OAKLEY;;OX8208;820805;52;21;143;Unisex;Azul;;RECTANGULAR/CUADRADA;ACETATO;;;63,93;179
888392699275;MONTURAS;OAKLEY;;OX8208;820806;52;21;143;Unisex;Marrón;;RECTANGULAR/CUADRADA;ACETATO;;;63,93;179
888392694935;MONTURAS;OAKLEY;;OX8209;820901;53;17;137;Hombre;Negro;;RECTANGULAR/CUADRADA;ACETATO;;;68,21;191
888392694942;MONTURAS;OAKLEY;;OX8209;820901;55;17;137;Hombre;Negro;;RECTANGULAR/CUADRADA;ACETATO;;;68,21;191
888392694959;MONTURAS;OAKLEY;;OX8209;820902;53;17;137;Hombre;Gris;;RECTANGULAR/CUADRADA;ACETATO;;;68,21;191
888392694966;MONTURAS;OAKLEY;;OX8209;820902;55;17;137;Hombre;Gris;;RECTANGULAR/CUADRADA;ACETATO;;;68,21;191
888392694898;MONTURAS;OAKLEY;;OX8209;820903;53;17;137;Hombre;Azul;;RECTANGULAR/CUADRADA;ACETATO;;;68,21;191
888392694904;MONTURAS;OAKLEY;;OX8209;820903;55;17;137;Hombre;Azul;;RECTANGULAR/CUADRADA;ACETATO;;;68,21;191
888392694911;MONTURAS;OAKLEY;;OX8209;820904;53;17;137;Hombre;Transparente;;RECTANGULAR/CUADRADA;ACETATO;;;68,21;191
888392694928;MONTURAS;OAKLEY;;OX8209;820904;55;17;137;Hombre;Transparente;;RECTANGULAR/CUADRADA;ACETATO;;;68,21;191
888392694829;MONTURAS;OAKLEY;;OX8210;821001;54;18;132;Hombre;Negro;;RECTANGULAR/CUADRADA;ACETATO;;;71,79;201
888392694812;MONTURAS;OAKLEY;;OX8210;821001;56;18;132;Hombre;Negro;;RECTANGULAR/CUADRADA;ACETATO;;;71,79;201
888392694881;MONTURAS;OAKLEY;;OX8210;821002;54;18;132;Hombre;Gris;;RECTANGULAR/CUADRADA;ACETATO;;;71,79;201
888392694874;MONTURAS;OAKLEY;;OX8210;821002;56;18;132;Hombre;Gris;;RECTANGULAR/CUADRADA;ACETATO;;;71,79;201
888392694867;MONTURAS;OAKLEY;;OX8210;821003;54;18;132;Hombre;Azul;;RECTANGULAR/CUADRADA;ACETATO;;;71,79;201
888392694850;MONTURAS;OAKLEY;;OX8210;821003;56;18;132;Hombre;Azul;;RECTANGULAR/CUADRADA;ACETATO;;;71,79;201
888392694843;MONTURAS;OAKLEY;;OX8210;821004;54;18;132;Hombre;Verde;;RECTANGULAR/CUADRADA;ACETATO;;;71,79;201
888392694836;MONTURAS;OAKLEY;;OX8210;821004;56;18;132;Hombre;Verde;;RECTANGULAR/CUADRADA;ACETATO;;;71,79;201
888392697783;MONTURAS;OAKLEY;;OX8211D;821101;56;19;140;Unisex;Negro;;RECTANGULAR/CUADRADA;ACETATO;;;89,64;251
888392697776;MONTURAS;OAKLEY;;OX8211D;821101;58;19;140;Unisex;Negro;;RECTANGULAR/CUADRADA;ACETATO;;;89,64;251
888392697806;MONTURAS;OAKLEY;;OX8211D;821102;56;19;140;Unisex;Gris;;RECTANGULAR/CUADRADA;ACETATO;;;89,64;251
888392697790;MONTURAS;OAKLEY;;OX8211D;821102;58;19;140;Unisex;Gris;;RECTANGULAR/CUADRADA;ACETATO;;;89,64;251
888392697769;MONTURAS;OAKLEY;;OX8211D;821103;56;19;140;Unisex;Transparente;;RECTANGULAR/CUADRADA;ACETATO;;;89,64;251
888392697752;MONTURAS;OAKLEY;;OX8211D;821103;58;19;140;Unisex;Transparente;;RECTANGULAR/CUADRADA;ACETATO;;;89,64;251
888392697745;MONTURAS;OAKLEY;;OX8211D;821104;56;19;140;Unisex;Negro;;RECTANGULAR/CUADRADA;ACETATO;;;89,64;251
888392697738;MONTURAS;OAKLEY;;OX8211D;821104;58;19;140;Unisex;Negro;;RECTANGULAR/CUADRADA;ACETATO;;;89,64;251
888392702937;MONTURAS;OAKLEY;;OX8213;821301;48;15;130;Unisex;Negro;;RECTANGULAR/CUADRADA;ACETATO;;;77,86;218
888392702944;MONTURAS;OAKLEY;;OX8213;821301;50;15;130;Unisex;Negro;;RECTANGULAR/CUADRADA;ACETATO;;;77,86;218
888392702951;MONTURAS;OAKLEY;;OX8213;821302;48;15;130;Unisex;Gris;;RECTANGULAR/CUADRADA;ACETATO;;;77,86;218
888392702968;MONTURAS;OAKLEY;;OX8213;821302;50;15;130;Unisex;Gris;;RECTANGULAR/CUADRADA;ACETATO;;;77,86;218
888392702913;MONTURAS;OAKLEY;;OX8213;821303;48;15;130;Unisex;Beis;;RECTANGULAR/CUADRADA;ACETATO;;;77,86;218
888392702920;MONTURAS;OAKLEY;;OX8213;821303;50;15;130;Unisex;Beis;;RECTANGULAR/CUADRADA;ACETATO;;;77,86;218
888392702890;MONTURAS;OAKLEY;;OX8213;821304;48;15;130;Unisex;Violeta;;RECTANGULAR/CUADRADA;ACETATO;;;77,86;218
888392702906;MONTURAS;OAKLEY;;OX8213;821304;50;15;130;Unisex;Violeta;;RECTANGULAR/CUADRADA;ACETATO;;;77,86;218
888392703026;MONTURAS;OAKLEY;;OX8215;821501;54;17;145;Unisex;Negro;;RECTANGULAR/CUADRADA;ACETATO;;;77,86;218
888392703019;MONTURAS;OAKLEY;;OX8215;821501;56;17;145;Unisex;Negro;;RECTANGULAR/CUADRADA;ACETATO;;;77,86;218
888392703040;MONTURAS;OAKLEY;;OX8215;821502;54;17;145;Unisex;Gris;;RECTANGULAR/CUADRADA;ACETATO;;;77,86;218
888392703033;MONTURAS;OAKLEY;;OX8215;821502;56;17;145;Unisex;Gris;;RECTANGULAR/CUADRADA;ACETATO;;;77,86;218
888392703002;MONTURAS;OAKLEY;;OX8215;821503;54;17;145;Unisex;Beis;;RECTANGULAR/CUADRADA;ACETATO;;;77,86;218
888392702999;MONTURAS;OAKLEY;;OX8215;821503;56;17;145;Unisex;Beis;;RECTANGULAR/CUADRADA;ACETATO;;;77,86;218
888392702982;MONTURAS;OAKLEY;;OX8215;821504;54;17;145;Unisex;Violeta;;RECTANGULAR/CUADRADA;ACETATO;;;77,86;218
888392702975;MONTURAS;OAKLEY;;OX8215;821504;56;17;145;Unisex;Violeta;;RECTANGULAR/CUADRADA;ACETATO;;;77,86;218
888392314796;MONTURAS;OAKLEY;;OY3002;300201;48;15;130;NIÑO;Negro;;RECTANGULAR/CUADRADA;ACETATO;;;39,29;110
888392314819;MONTURAS;OAKLEY;;OY3002;300203;48;15;130;NIÑO;Azul;;RECTANGULAR/CUADRADA;ACETATO;;;40,71;114
888392314833;MONTURAS;OAKLEY;;OY3002;300204;48;15;130;NIÑO;Negro;;RECTANGULAR/CUADRADA;ACETATO;;;40,71;114
888392618993;MONTURAS;OAKLEY;;OY3003;300301;49;15;126;NIÑO;Negro;;RECTANGULAR/CUADRADA;ACETATO;;;40,71;114
888392619006;MONTURAS;OAKLEY;;OY3003;300301;51;15;126;NIÑO;Negro;;RECTANGULAR/CUADRADA;ACETATO;;;40,71;114
888392619013;MONTURAS;OAKLEY;;OY3003;300302;49;15;126;NIÑO;Gris;;RECTANGULAR/CUADRADA;ACETATO;;;40,71;114
888392619020;MONTURAS;OAKLEY;;OY3003;300302;51;15;126;NIÑO;Gris;;RECTANGULAR/CUADRADA;ACETATO;;;40,71;114
888392619037;MONTURAS;OAKLEY;;OY3003;300303;49;15;126;NIÑO;Azul;;RECTANGULAR/CUADRADA;ACETATO;;;40,71;114
888392619044;MONTURAS;OAKLEY;;OY3003;300303;51;15;126;NIÑO;Azul;;RECTANGULAR/CUADRADA;ACETATO;;;40,71;114
888392619051;MONTURAS;OAKLEY;;OY3003;300304;49;15;126;NIÑO;Plateado;;RECTANGULAR/CUADRADA;ACETATO;;;39,29;110
888392619068;MONTURAS;OAKLEY;;OY3003;300304;51;15;126;NIÑO;Plateado;;RECTANGULAR/CUADRADA;ACETATO;;;40,71;114
888392678621;MONTURAS;OAKLEY;;OY3003;300305;49;15;126;NIÑO;Cobre;;RECTANGULAR/CUADRADA;ACETATO;;;40,71;114
888392678638;MONTURAS;OAKLEY;;OY3003;300305;51;15;126;NIÑO;Cobre;;RECTANGULAR/CUADRADA;ACETATO;;;40,71;114
888392700339;MONTURAS;OAKLEY;;OY3003;300306;49;15;126;NIÑO;Rojo;;RECTANGULAR/CUADRADA;ACETATO;;;40,71;114
888392700346;MONTURAS;OAKLEY;;OY3003;300306;51;15;126;NIÑO;Rojo;;RECTANGULAR/CUADRADA;ACETATO;;;40,71;114
888392662064;MONTURAS;OAKLEY;;OY3004;300401;49;14;128;NIÑO;Negro;;AVIATOR;ACETATO;;;44,29;124
888392662071;MONTURAS;OAKLEY;;OY3004;300401;51;14;128;NIÑO;Negro;;AVIATOR;ACETATO;;;44,29;124
888392662088;MONTURAS;OAKLEY;;OY3004;300402;49;14;128;NIÑO;Gris;;AVIATOR;ACETATO;;;44,29;124
888392662095;MONTURAS;OAKLEY;;OY3004;300402;51;14;128;NIÑO;Gris;;AVIATOR;ACETATO;;;44,29;124
888392662101;MONTURAS;OAKLEY;;OY3004;300403;49;14;128;NIÑO;Plateado;;AVIATOR;ACETATO;;;44,29;124
888392662118;MONTURAS;OAKLEY;;OY3004;300403;51;14;128;NIÑO;Plateado;;AVIATOR;ACETATO;;;44,29;124
888392662125;MONTURAS;OAKLEY;;OY3004;300404;49;14;128;NIÑO;Rosa;;AVIATOR;ACETATO;;;44,29;124
888392662132;MONTURAS;OAKLEY;;OY3004;300404;51;14;128;NIÑO;Rosa;;AVIATOR;ACETATO;;;44,29;124
888392605054;MONTURAS;OAKLEY;;OY3005;300501;47;16;128;NIÑO;Negro;;REDONDA/OVALADA;ACETATO;;;40,71;114
888392605085;MONTURAS;OAKLEY;;OY3005;300502;49;16;128;NIÑO;Plateado;;REDONDA/OVALADA;ACETATO;;;39,29;110
888392605115;MONTURAS;OAKLEY;;OY3005;300503;47;16;128;NIÑO;Azul;;REDONDA/OVALADA;ACETATO;;;40,71;114
888392605061;MONTURAS;OAKLEY;;OY3005;300504;49;16;128;NIÑO;Rosa;;REDONDA/OVALADA;ACETATO;;;40,71;114
888392678614;MONTURAS;OAKLEY;;OY3005;300505;47;16;128;NIÑO;Verde;;REDONDA/OVALADA;ACETATO;;;40,71;114
888392678607;MONTURAS;OAKLEY;;OY3005;300505;49;16;128;NIÑO;Verde;;REDONDA/OVALADA;ACETATO;;;40,71;114
888392700360;MONTURAS;OAKLEY;;OY3005;300506;47;16;128;NIÑO;Morado;;REDONDA/OVALADA;ACETATO;;;40,71;114
888392700353;MONTURAS;OAKLEY;;OY3005;300506;49;16;128;NIÑO;Morado;;REDONDA/OVALADA;ACETATO;;;40,71;114
888392266262;MONTURAS;OAKLEY;;OY8001;800101;48;14;128;NIÑO;Negro;;RECTANGULAR/CUADRADA;ACETATO;;;37,14;104
888392266316;MONTURAS;OAKLEY;;OY8001;800101;50;15;128;NIÑO;Negro;;RECTANGULAR/CUADRADA;ACETATO;;;37,14;104
888392266347;MONTURAS;OAKLEY;;OY8001;800104;50;15;128;NIÑO;Azul;;RECTANGULAR/CUADRADA;ACETATO;;;37,14;104
888392487575;MONTURAS;OAKLEY;;OY8001;800111;48;14;128;NIÑO;Gris;;RECTANGULAR/CUADRADA;ACETATO;;;35,71;100
888392487605;MONTURAS;OAKLEY;;OY8001;800111;50;15;128;NIÑO;Gris;;RECTANGULAR/CUADRADA;ACETATO;;;35,71;100
888392266415;MONTURAS;OAKLEY;;OY8002;800201;51;15;122;NIÑO;Negro;;RECTANGULAR/CUADRADA;ACETATO;;;40,71;114
888392266378;MONTURAS;OAKLEY;;OY8002;800202;49;14;122;NIÑO;Gris;;RECTANGULAR/CUADRADA;ACETATO;;;39,29;110
888392266385;MONTURAS;OAKLEY;;OY8002;800203;49;14;122;NIÑO;Gris;;RECTANGULAR/CUADRADA;ACETATO;;;40,71;114
888392266439;MONTURAS;OAKLEY;;OY8002;800203;51;15;122;NIÑO;Gris;;RECTANGULAR/CUADRADA;ACETATO;;;40,71;114
888392266392;MONTURAS;OAKLEY;;OY8002;800204;49;14;122;NIÑO;Azul;;RECTANGULAR/CUADRADA;ACETATO;;;40,71;114
888392266446;MONTURAS;OAKLEY;;OY8002;800204;51;15;122;NIÑO;Azul;;RECTANGULAR/CUADRADA;ACETATO;;;40,71;114
888392620019;MONTURAS;OAKLEY;;OY8002;800216;51;15;122;NIÑO;Transparente;;RECTANGULAR/CUADRADA;ACETATO;;;40,71;114
888392282736;MONTURAS;OAKLEY;;OY8003;800301;50;15;126;NIÑO;Negro;;RECTANGULAR/CUADRADA;ACETATO;;;40,71;114
888392282705;MONTURAS;OAKLEY;;OY8003;800303;48;14;126;NIÑO;Gris;;RECTANGULAR/CUADRADA;ACETATO;;;39,29;110
888392282750;MONTURAS;OAKLEY;;OY8003;800303;50;15;126;NIÑO;Gris;;RECTANGULAR/CUADRADA;ACETATO;;;40,71;114
888392288431;MONTURAS;OAKLEY;;OY8004;800404;47;17;130;NIÑO;Negro;;REDONDA/OVALADA;ACETATO;;;40,71;114
888392315229;MONTURAS;OAKLEY;;OY8005;800501;49;15;128;NIÑO;Negro;;RECTANGULAR/CUADRADA;ACETATO;;;40,71;114
888392564672;MONTURAS;OAKLEY;;OY8005;800502;45;14;128;NIÑO;Gris;;RECTANGULAR/CUADRADA;ACETATO;;;39,29;110
888392315199;MONTURAS;OAKLEY;;OY8005;800502;47;14;128;NIÑO;Gris;;RECTANGULAR/CUADRADA;ACETATO;;;40,71;114
888392315236;MONTURAS;OAKLEY;;OY8005;800502;49;15;128;NIÑO;Gris;;RECTANGULAR/CUADRADA;ACETATO;;;40,71;114
888392315205;MONTURAS;OAKLEY;;OY8005;800503;47;14;128;NIÑO;Negro;;RECTANGULAR/CUADRADA;ACETATO;;;40,71;114
888392315243;MONTURAS;OAKLEY;;OY8005;800503;49;15;128;NIÑO;Negro;;RECTANGULAR/CUADRADA;ACETATO;;;40,71;114
888392473790;MONTURAS;OAKLEY;;OY8005;800505;49;15;128;NIÑO;Negro;;RECTANGULAR/CUADRADA;ACETATO;;;39,29;110
888392647221;MONTURAS;OAKLEY;;OY8005;800509;47;14;128;NIÑO;Transparente;;RECTANGULAR/CUADRADA;ACETATO;;;39,29;110
888392374158;MONTURAS;OAKLEY;;OY8007;800701;48;14;128;NIÑO;Negro;;RECTANGULAR/CUADRADA;ACETATO;;;40,71;114
888392374196;MONTURAS;OAKLEY;;OY8007;800701;50;15;128;NIÑO;Negro;;RECTANGULAR/CUADRADA;ACETATO;;;40,71;114
888392374165;MONTURAS;OAKLEY;;OY8007;800702;48;14;128;NIÑO;Gris;;RECTANGULAR/CUADRADA;ACETATO;;;39,29;110
888392374202;MONTURAS;OAKLEY;;OY8007;800702;50;15;128;NIÑO;Gris;;RECTANGULAR/CUADRADA;ACETATO;;;40,71;114
888392374172;MONTURAS;OAKLEY;;OY8007;800703;48;14;128;NIÑO;Negro;;RECTANGULAR/CUADRADA;ACETATO;;;40,71;114
888392374219;MONTURAS;OAKLEY;;OY8007;800703;50;15;128;NIÑO;Negro;;RECTANGULAR/CUADRADA;ACETATO;;;40,71;114
888392405425;MONTURAS;OAKLEY;;OY8007;800707;48;14;128;NIÑO;Azul;;RECTANGULAR/CUADRADA;ACETATO;;;40,71;114
888392405395;MONTURAS;OAKLEY;;OY8007;800707;50;15;128;NIÑO;Azul;;RECTANGULAR/CUADRADA;ACETATO;;;40,71;114
888392463654;MONTURAS;OAKLEY;;OY8007;800708;50;15;128;NIÑO;Negro;;RECTANGULAR/CUADRADA;ACETATO;;;40,71;114
888392463661;MONTURAS;OAKLEY;;OY8007;800709;50;15;128;NIÑO;Negro;;RECTANGULAR/CUADRADA;ACETATO;;;40,71;114
888392592484;MONTURAS;OAKLEY;;OY8007;800710;50;15;128;NIÑO;Gris;;RECTANGULAR/CUADRADA;ACETATO;;;40,71;114
888392619983;MONTURAS;OAKLEY;;OY8007;800711;46;14;118;NIÑO;Gris;;RECTANGULAR/CUADRADA;ACETATO;;;39,29;110
888392620002;MONTURAS;OAKLEY;;OY8007;800711;50;15;128;NIÑO;Gris;;RECTANGULAR/CUADRADA;ACETATO;;;40,71;114
888392647184;MONTURAS;OAKLEY;;OY8007;800712;48;14;128;NIÑO;Negro;;RECTANGULAR/CUADRADA;ACETATO;;;40,71;114
888392647191;MONTURAS;OAKLEY;;OY8007;800712;50;15;128;NIÑO;Negro;;RECTANGULAR/CUADRADA;ACETATO;;;40,71;114
888392678522;MONTURAS;OAKLEY;;OY8007;800713;46;14;118;NIÑO;Verde;;RECTANGULAR/CUADRADA;ACETATO;;;40,71;114
888392678539;MONTURAS;OAKLEY;;OY8007;800713;48;14;128;NIÑO;Verde;;RECTANGULAR/CUADRADA;ACETATO;;;40,71;114
888392678546;MONTURAS;OAKLEY;;OY8007;800713;50;15;128;NIÑO;Verde;;RECTANGULAR/CUADRADA;ACETATO;;;40,71;114
888392690227;MONTURAS;OAKLEY;;OY8007;800714;46;14;118;NIÑO;Gris;;RECTANGULAR/CUADRADA;ACETATO;;;47,86;134
888392690234;MONTURAS;OAKLEY;;OY8007;800714;48;14;128;NIÑO;Gris;;RECTANGULAR/CUADRADA;ACETATO;;;47,86;134
888392690241;MONTURAS;OAKLEY;;OY8007;800714;50;15;128;NIÑO;Gris;;RECTANGULAR/CUADRADA;ACETATO;;;47,86;134
888392699749;MONTURAS;OAKLEY;;OY8007;800715;46;14;118;NIÑO;Gris;;RECTANGULAR/CUADRADA;ACETATO;;;40,71;114
888392699848;MONTURAS;OAKLEY;;OY8007;800715;48;14;128;NIÑO;Gris;;RECTANGULAR/CUADRADA;ACETATO;;;40,71;114
888392699855;MONTURAS;OAKLEY;;OY8007;800715;50;15;128;NIÑO;Gris;;RECTANGULAR/CUADRADA;ACETATO;;;40,71;114
888392376152;MONTURAS;OAKLEY;;OY8008;800801;50;15;127;NIÑO;Negro;;REDONDA/OVALADA;ACETATO;;;33,93;95
888392376138;MONTURAS;OAKLEY;;OY8008;800803;48;14;122;NIÑO;Rosa;;REDONDA/OVALADA;ACETATO;;;35,71;100
888392376176;MONTURAS;OAKLEY;;OY8008;800803;50;15;127;NIÑO;Rosa;;REDONDA/OVALADA;ACETATO;;;35,71;100
888392487421;MONTURAS;OAKLEY;;OY8008;800807;48;14;122;NIÑO;Violeta;;REDONDA/OVALADA;ACETATO;;;35,71;100
888392487438;MONTURAS;OAKLEY;;OY8008;800807;50;15;127;NIÑO;Violeta;;REDONDA/OVALADA;ACETATO;;;35,71;100
888392477385;MONTURAS;OAKLEY;;OY8009;800901;46;15;124;NIÑO;Negro;;REDONDA/OVALADA;ACETATO;;;35,71;100
888392605801;MONTURAS;OAKLEY;;OY8009;800908;48;15;133;NIÑO;Transparente;;REDONDA/OVALADA;ACETATO;;;44,29;124
888392605818;MONTURAS;OAKLEY;;OY8009;800908;50;16;138;NIÑO;Transparente;;REDONDA/OVALADA;ACETATO;;;44,29;124
888392611451;MONTURAS;OAKLEY;;OY8009;800909;46;15;124;NIÑO;Negro;;REDONDA/OVALADA;ACETATO;;;35,71;100
888392611468;MONTURAS;OAKLEY;;OY8009;800910;48;15;133;NIÑO;Azul;;REDONDA/OVALADA;ACETATO;;;37,14;104
888392611475;MONTURAS;OAKLEY;;OY8009;800910;50;16;138;NIÑO;Azul;;REDONDA/OVALADA;ACETATO;;;35,71;100
888392430014;MONTURAS;OAKLEY;;OY8010;801001;51;15;127;NIÑO;Transparente;;RECTANGULAR/CUADRADA;ACETATO;;;37,14;104
888392435989;MONTURAS;OAKLEY;;OY8010;801003;49;14;122;NIÑO;Violeta;;RECTANGULAR/CUADRADA;ACETATO;;;37,14;104
888392463630;MONTURAS;OAKLEY;;OY8010;801005;49;14;122;NIÑO;Negro;;RECTANGULAR/CUADRADA;ACETATO;;;35,71;100
888392565457;MONTURAS;OAKLEY;;OY8010;801006;47;14;122;NIÑO;Marrón;;RECTANGULAR/CUADRADA;ACETATO;;;35,71;100
888392487414;MONTURAS;OAKLEY;;OY8010;801007;51;15;127;NIÑO;Rosa;;RECTANGULAR/CUADRADA;ACETATO;;;37,14;104
888392620064;MONTURAS;OAKLEY;;OY8010;801009;49;14;122;NIÑO;Marrón;;RECTANGULAR/CUADRADA;ACETATO;;;35,71;100
888392620057;MONTURAS;OAKLEY;;OY8010;801009;51;15;127;NIÑO;Marrón;;RECTANGULAR/CUADRADA;ACETATO;;;35,71;100
888392678577;MONTURAS;OAKLEY;;OY8010;801010;47;14;122;NIÑO;Azul;;RECTANGULAR/CUADRADA;ACETATO;;;37,14;104
888392678560;MONTURAS;OAKLEY;;OY8010;801010;49;14;122;NIÑO;Azul;;RECTANGULAR/CUADRADA;ACETATO;;;37,14;104
888392678553;MONTURAS;OAKLEY;;OY8010;801010;51;15;127;NIÑO;Azul;;RECTANGULAR/CUADRADA;ACETATO;;;37,14;104
888392690340;MONTURAS;OAKLEY;;OY8010;801011;49;14;122;NIÑO;Negro;;RECTANGULAR/CUADRADA;ACETATO;;;37,14;104
888392690333;MONTURAS;OAKLEY;;OY8010;801011;51;15;127;NIÑO;Negro;;RECTANGULAR/CUADRADA;ACETATO;;;37,14;104
888392559456;MONTURAS;OAKLEY;;OY8012;801201;50;15;129;NIÑO;Negro;;RECTANGULAR/CUADRADA;ACETATO;;;37,14;104
888392559425;MONTURAS;OAKLEY;;OY8012;801203;48;14;129;NIÑO;Transparente;;RECTANGULAR/CUADRADA;ACETATO;;;37,14;104
888392559418;MONTURAS;OAKLEY;;OY8012;801203;50;15;129;NIÑO;Transparente;;RECTANGULAR/CUADRADA;ACETATO;;;37,14;104
888392559401;MONTURAS;OAKLEY;;OY8012;801204;48;14;129;NIÑO;Azul;;RECTANGULAR/CUADRADA;ACETATO;;;35,71;100
888392559395;MONTURAS;OAKLEY;;OY8012;801204;50;15;129;NIÑO;Azul;;RECTANGULAR/CUADRADA;ACETATO;;;35,71;100
888392603715;MONTURAS;OAKLEY;;OY8012;801205;48;14;129;NIÑO;Azul;;RECTANGULAR/CUADRADA;ACETATO;;;35,71;100
888392603739;MONTURAS;OAKLEY;;OY8012;801206;48;14;129;NIÑO;Verde;;RECTANGULAR/CUADRADA;ACETATO;;;35,71;100
888392603722;MONTURAS;OAKLEY;;OY8012;801206;50;15;129;NIÑO;Verde;;RECTANGULAR/CUADRADA;ACETATO;;;35,71;100
888392647719;MONTURAS;OAKLEY;;OY8012;801207;50;15;129;NIÑO;Azul;;RECTANGULAR/CUADRADA;ACETATO;;;44,29;124
888392702272;MONTURAS;OAKLEY;;OY8012;801208;48;14;129;NIÑO;Violeta;;RECTANGULAR/CUADRADA;ACETATO;;;37,14;104
888392702265;MONTURAS;OAKLEY;;OY8012;801208;50;15;129;NIÑO;Violeta;;RECTANGULAR/CUADRADA;ACETATO;;;37,14;104
888392564214;MONTURAS;OAKLEY;;OY8013;801301;47;14;126;NIÑO;Negro;;RECTANGULAR/CUADRADA;ACETATO;;;39,29;110
888392487841;MONTURAS;OAKLEY;;OY8013;801302;51;15;126;NIÑO;Transparente;;RECTANGULAR/CUADRADA;ACETATO;;;37,5;105
888392487865;MONTURAS;OAKLEY;;OY8013;801304;51;15;126;NIÑO;Negro;;RECTANGULAR/CUADRADA;ACETATO;;;40,71;114
888392551429;MONTURAS;OAKLEY;;OY8013;801306;49;14;126;NIÑO;Azul;;RECTANGULAR/CUADRADA;ACETATO;;;39,29;110
888392487872;MONTURAS;OAKLEY;;OY8014;801401;48;17;130;NIÑO;Negro;;REDONDA/OVALADA;ACETATO;;;40,71;114
888392491411;MONTURAS;OAKLEY;;OY8014;801402;46;16;130;NIÑO;Transparente;;REDONDA/OVALADA;ACETATO;;;39,29;110
888392487889;MONTURAS;OAKLEY;;OY8014;801402;48;17;130;NIÑO;Transparente;;REDONDA/OVALADA;ACETATO;;;40,71;114
888392487902;MONTURAS;OAKLEY;;OY8014;801404;48;17;130;NIÑO;Negro;;REDONDA/OVALADA;ACETATO;;;39,29;110
888392518040;MONTURAS;OAKLEY;;OY8016;801603;47;14;128;NIÑO;Rosa;;RECTANGULAR/CUADRADA;ACETATO;;;35,71;100
888392512727;MONTURAS;OAKLEY;;OY8016;801603;49;15;128;NIÑO;Rosa;;RECTANGULAR/CUADRADA;ACETATO;;;37,14;104
888392518057;MONTURAS;OAKLEY;;OY8016;801604;47;14;128;NIÑO;Rojo;;RECTANGULAR/CUADRADA;ACETATO;;;35,71;100
888392512734;MONTURAS;OAKLEY;;OY8016;801604;49;15;128;NIÑO;Rojo;;RECTANGULAR/CUADRADA;ACETATO;;;35,71;100
888392592385;MONTURAS;OAKLEY;;OY8016;801605;49;15;128;NIÑO;Violeta;;RECTANGULAR/CUADRADA;ACETATO;;;37,14;104
888392512765;MONTURAS;OAKLEY;;OY8017;801703;48;17;128;NIÑO;Transparente;;REDONDA/OVALADA;ACETATO;;;37,14;104
888392512772;MONTURAS;OAKLEY;;OY8017;801704;48;17;128;NIÑO;Azul;;REDONDA/OVALADA;ACETATO;;;35,71;100
888392592415;MONTURAS;OAKLEY;;OY8017;801705;48;17;128;NIÑO;Violeta;;REDONDA/OVALADA;ACETATO;;;37,14;104
888392702371;MONTURAS;OAKLEY;;OY8017;801706;46;16;128;NIÑO;Transparente;;REDONDA/OVALADA;ACETATO;;;37,14;104
888392702364;MONTURAS;OAKLEY;;OY8017;801706;48;17;128;NIÑO;Transparente;;REDONDA/OVALADA;ACETATO;;;37,14;104
888392559487;MONTURAS;OAKLEY;;OY8019;801901;49;15;128;NIÑO;Negro;;RECTANGULAR/CUADRADA;ACETATO;;;35,71;100
888392559524;MONTURAS;OAKLEY;;OY8019;801902;47;14;128;NIÑO;Marrón;;RECTANGULAR/CUADRADA;ACETATO;;;35,71;100
888392559548;MONTURAS;OAKLEY;;OY8019;801903;47;14;128;NIÑO;Rojo;;RECTANGULAR/CUADRADA;ACETATO;;;35,71;100
888392559555;MONTURAS;OAKLEY;;OY8019;801903;49;15;128;NIÑO;Rojo;;RECTANGULAR/CUADRADA;ACETATO;;;35,71;100
888392561862;MONTURAS;OAKLEY;;OY8020;802002;48;15;129;NIÑO;Gris;;RECTANGULAR/CUADRADA;ACETATO;;;37,14;104
888392561886;MONTURAS;OAKLEY;;OY8020;802003;48;15;129;NIÑO;Transparente;;RECTANGULAR/CUADRADA;ACETATO;;;37,14;104
888392581129;MONTURAS;OAKLEY;;OY8022;802204;46;17;127;NIÑO;Transparente;;REDONDA/OVALADA;ACETATO;;;37,14;104
888392620040;MONTURAS;OAKLEY;;OY8022;802205;44;16;127;NIÑO;Naranja;;REDONDA/OVALADA;ACETATO;;;35,71;100
888392620033;MONTURAS;OAKLEY;;OY8022;802205;46;17;127;NIÑO;Naranja;;REDONDA/OVALADA;ACETATO;;;37,14;104
888392647443;MONTURAS;OAKLEY;;OY8022;802206;44;16;127;NIÑO;Naranja;;REDONDA/OVALADA;ACETATO;;;35,71;100
888392647436;MONTURAS;OAKLEY;;OY8022;802206;46;17;127;NIÑO;Naranja;;REDONDA/OVALADA;ACETATO;;;37,14;104
888392690289;MONTURAS;OAKLEY;;OY8022;802207;44;16;127;NIÑO;Rosa;;REDONDA/OVALADA;ACETATO;;;37,14;104
888392690272;MONTURAS;OAKLEY;;OY8022;802207;46;17;127;NIÑO;Rosa;;REDONDA/OVALADA;ACETATO;;;37,14;104
888392702234;MONTURAS;OAKLEY;;OY8022;802208;44;16;127;NIÑO;Violeta;;REDONDA/OVALADA;ACETATO;;;37,14;104
888392702227;MONTURAS;OAKLEY;;OY8022;802208;46;17;127;NIÑO;Violeta;;REDONDA/OVALADA;ACETATO;;;37,14;104
888392579669;MONTURAS;OAKLEY;;OY8023;802301;49;15;130;NIÑO;Negro;;RECTANGULAR/CUADRADA;ACETATO;;;40,71;114
888392579690;MONTURAS;OAKLEY;;OY8023;802302;47;15;130;NIÑO;Gris;;RECTANGULAR/CUADRADA;ACETATO;;;39,29;110
888392579683;MONTURAS;OAKLEY;;OY8023;802302;49;15;130;NIÑO;Gris;;RECTANGULAR/CUADRADA;ACETATO;;;40,71;114
888392579713;MONTURAS;OAKLEY;;OY8023;802303;47;15;130;NIÑO;Marrón;;RECTANGULAR/CUADRADA;ACETATO;;;39,29;110
888392579737;MONTURAS;OAKLEY;;OY8023;802304;47;15;130;NIÑO;Azul;;RECTANGULAR/CUADRADA;ACETATO;;;39,29;110
888392579720;MONTURAS;OAKLEY;;OY8023;802304;49;15;130;NIÑO;Azul;;RECTANGULAR/CUADRADA;ACETATO;;;40,71;114
888392593139;MONTURAS;OAKLEY;;OY8024D;802402;48;15;133;NIÑO;Azul;;REDONDA/OVALADA;ACETATO;;;39,29;110
888392593153;MONTURAS;OAKLEY;;OY8024D;802403;48;15;133;NIÑO;Rosa;;REDONDA/OVALADA;ACETATO;;;39,29;110
888392593177;MONTURAS;OAKLEY;;OY8024D;802404;48;15;133;NIÑO;Rojo;;REDONDA/OVALADA;ACETATO;;;39,29;110
888392593184;MONTURAS;OAKLEY;;OY8024D;802404;50;15;133;NIÑO;Rojo;;REDONDA/OVALADA;ACETATO;;;39,29;110
888392590060;MONTURAS;OAKLEY;;OY8025D;802501;50;15;131;NIÑO;Negro;;RECTANGULAR/CUADRADA;ACETATO;;;39,29;110
888392590053;MONTURAS;OAKLEY;;OY8025D;802501;52;15;131;NIÑO;Negro;;RECTANGULAR/CUADRADA;ACETATO;;;39,29;110
888392590084;MONTURAS;OAKLEY;;OY8025D;802502;50;15;131;NIÑO;Gris;;RECTANGULAR/CUADRADA;ACETATO;;;39,29;110
888392590077;MONTURAS;OAKLEY;;OY8025D;802502;52;15;131;NIÑO;Gris;;RECTANGULAR/CUADRADA;ACETATO;;;39,29;110
888392590107;MONTURAS;OAKLEY;;OY8025D;802503;50;15;131;NIÑO;Azul;;RECTANGULAR/CUADRADA;ACETATO;;;39,29;110
888392590091;MONTURAS;OAKLEY;;OY8025D;802503;52;15;131;NIÑO;Azul;;RECTANGULAR/CUADRADA;ACETATO;;;39,29;110
888392590121;MONTURAS;OAKLEY;;OY8025D;802504;50;15;131;NIÑO;Negro;;RECTANGULAR/CUADRADA;ACETATO;;;39,29;110
888392590114;MONTURAS;OAKLEY;;OY8025D;802504;52;15;131;NIÑO;Negro;;RECTANGULAR/CUADRADA;ACETATO;;;39,29;110
888392666703;MONTURAS;OAKLEY;;OY8025D;802505;50;15;131;NIÑO;Negro;;RECTANGULAR/CUADRADA;ACETATO;;;39,29;110
888392666697;MONTURAS;OAKLEY;;OY8025D;802505;52;15;131;NIÑO;Negro;;RECTANGULAR/CUADRADA;ACETATO;;;39,29;110
888392604651;MONTURAS;OAKLEY;;OY8026;802601;48;15;129;NIÑO;Negro;;RECTANGULAR/CUADRADA;ACETATO;;;37,14;104
888392604675;MONTURAS;OAKLEY;;OY8026;802601;50;15;129;NIÑO;Negro;;RECTANGULAR/CUADRADA;ACETATO;;;37,14;104
888392604699;MONTURAS;OAKLEY;;OY8026;802602;46;14;129;NIÑO;Gris;;RECTANGULAR/CUADRADA;ACETATO;;;35,71;100
888392604705;MONTURAS;OAKLEY;;OY8026;802602;50;15;129;NIÑO;Gris;;RECTANGULAR/CUADRADA;ACETATO;;;37,14;104
888392604606;MONTURAS;OAKLEY;;OY8026;802603;46;14;129;NIÑO;Gris;;RECTANGULAR/CUADRADA;ACETATO;;;35,71;100
888392604590;MONTURAS;OAKLEY;;OY8026;802603;48;15;129;NIÑO;Gris;;RECTANGULAR/CUADRADA;ACETATO;;;37,14;104
888392604613;MONTURAS;OAKLEY;;OY8026;802603;50;15;129;NIÑO;Gris;;RECTANGULAR/CUADRADA;ACETATO;;;37,14;104
888392604620;MONTURAS;OAKLEY;;OY8026;802604;48;15;129;NIÑO;Azul;;RECTANGULAR/CUADRADA;ACETATO;;;35,71;100
888392611499;MONTURAS;OAKLEY;;OY8026;802605;48;15;129;NIÑO;Negro;;RECTANGULAR/CUADRADA;ACETATO;;;37,14;104
888392611512;MONTURAS;OAKLEY;;OY8026;802605;50;15;129;NIÑO;Negro;;RECTANGULAR/CUADRADA;ACETATO;;;37,14;104
888392611529;MONTURAS;OAKLEY;;OY8026;802606;48;15;129;NIÑO;Azul;;RECTANGULAR/CUADRADA;ACETATO;;;37,14;104
888392611543;MONTURAS;OAKLEY;;OY8026;802606;50;15;129;NIÑO;Azul;;RECTANGULAR/CUADRADA;ACETATO;;;37,14;104
888392666550;MONTURAS;OAKLEY;;OY8026;802607;46;14;129;NIÑO;Verde;;RECTANGULAR/CUADRADA;ACETATO;;;37,14;104
888392666543;MONTURAS;OAKLEY;;OY8026;802607;48;15;129;NIÑO;Verde;;RECTANGULAR/CUADRADA;ACETATO;;;37,14;104
888392666567;MONTURAS;OAKLEY;;OY8026;802607;50;15;129;NIÑO;Verde;;RECTANGULAR/CUADRADA;ACETATO;;;37,14;104
888392666772;MONTURAS;OAKLEY;;OY8026;802608;46;14;129;NIÑO;Negro;;RECTANGULAR/CUADRADA;ACETATO;;;37,14;104
888392666765;MONTURAS;OAKLEY;;OY8026;802608;48;15;129;NIÑO;Negro;;RECTANGULAR/CUADRADA;ACETATO;;;37,14;104
888392666789;MONTURAS;OAKLEY;;OY8026;802608;50;15;129;NIÑO;Negro;;RECTANGULAR/CUADRADA;ACETATO;;;37,14;104
888392678508;MONTURAS;OAKLEY;;OY8026;802609;46;14;129;NIÑO;Azul;;RECTANGULAR/CUADRADA;ACETATO;;;37,14;104
888392678492;MONTURAS;OAKLEY;;OY8026;802609;48;15;129;NIÑO;Azul;;RECTANGULAR/CUADRADA;ACETATO;;;37,14;104
888392678515;MONTURAS;OAKLEY;;OY8026;802609;50;15;129;NIÑO;Azul;;RECTANGULAR/CUADRADA;ACETATO;;;37,14;104
7895653350915;MONTURAS;OAKLEY;;OY8026;802610;46;14;129;NIÑO;Transparente;;RECTANGULAR/CUADRADA;ACETATO;;;37,14;104
7895653350908;MONTURAS;OAKLEY;;OY8026;802610;48;15;129;NIÑO;Transparente;;RECTANGULAR/CUADRADA;ACETATO;;;37,14;104
7895653350922;MONTURAS;OAKLEY;;OY8026;802610;50;15;129;NIÑO;Transparente;;RECTANGULAR/CUADRADA;ACETATO;;;37,14;104
7895653357150;MONTURAS;OAKLEY;;OY8026;802611;46;14;129;NIÑO;Transparente;;RECTANGULAR/CUADRADA;ACETATO;;;37,14;104
7895653357143;MONTURAS;OAKLEY;;OY8026;802611;48;15;129;NIÑO;Transparente;;RECTANGULAR/CUADRADA;ACETATO;;;37,14;104
7895653357167;MONTURAS;OAKLEY;;OY8026;802611;50;15;129;NIÑO;Transparente;;RECTANGULAR/CUADRADA;ACETATO;;;37,14;104
7895653357723;MONTURAS;OAKLEY;;OY8026;802612;46;14;129;NIÑO;Transparente;;RECTANGULAR/CUADRADA;ACETATO;;;37,14;104
7895653357716;MONTURAS;OAKLEY;;OY8026;802612;48;15;129;NIÑO;Transparente;;RECTANGULAR/CUADRADA;ACETATO;;;37,14;104
7895653357730;MONTURAS;OAKLEY;;OY8026;802612;50;15;129;NIÑO;Transparente;;RECTANGULAR/CUADRADA;ACETATO;;;37,14;104
888392613769;MONTURAS;OAKLEY;;OY8027D;802701;49;16;132;NIÑO;Negro;;REDONDA/OVALADA;ACETATO;;;39,29;110
888392613745;MONTURAS;OAKLEY;;OY8027D;802702;49;16;132;NIÑO;Marrón;;REDONDA/OVALADA;ACETATO;;;39,29;110
888392613752;MONTURAS;OAKLEY;;OY8027D;802702;51;16;132;NIÑO;Marrón;;REDONDA/OVALADA;ACETATO;;;39,29;110
888392613721;MONTURAS;OAKLEY;;OY8027D;802703;49;16;132;NIÑO;Transparente;;REDONDA/OVALADA;ACETATO;;;40,71;114
888392613738;MONTURAS;OAKLEY;;OY8027D;802703;51;16;132;NIÑO;Transparente;;REDONDA/OVALADA;ACETATO;;;40,71;114
888392613707;MONTURAS;OAKLEY;;OY8027D;802704;49;16;132;NIÑO;Violeta;;REDONDA/OVALADA;ACETATO;;;40,71;114
888392613714;MONTURAS;OAKLEY;;OY8027D;802704;51;16;132;NIÑO;Violeta;;REDONDA/OVALADA;ACETATO;;;40,71;114
888392647450;MONTURAS;OAKLEY;;OY8027D;802705;49;16;132;NIÑO;Verde;;REDONDA/OVALADA;ACETATO;;;39,29;110
888392647467;MONTURAS;OAKLEY;;OY8027D;802705;51;16;132;NIÑO;Verde;;REDONDA/OVALADA;ACETATO;;;39,29;110
888392666499;MONTURAS;OAKLEY;;OY8027D;802706;49;16;132;NIÑO;Verde;;REDONDA/OVALADA;ACETATO;;;40,71;114
888392666505;MONTURAS;OAKLEY;;OY8027D;802706;51;16;132;NIÑO;Verde;;REDONDA/OVALADA;ACETATO;;;40,71;114
888392613851;MONTURAS;OAKLEY;;OY8028D;802801;49;18;130;NIÑO;Negro;;REDONDA/OVALADA;ACETATO;;;39,29;110
888392613868;MONTURAS;OAKLEY;;OY8028D;802801;51;18;130;NIÑO;Negro;;REDONDA/OVALADA;ACETATO;;;39,29;110
888392613844;MONTURAS;OAKLEY;;OY8028D;802802;51;18;130;NIÑO;Gris;;REDONDA/OVALADA;ACETATO;;;39,29;110
888392613813;MONTURAS;OAKLEY;;OY8028D;802803;49;18;130;NIÑO;Azul;;REDONDA/OVALADA;ACETATO;;;39,29;110
888392613820;MONTURAS;OAKLEY;;OY8028D;802803;51;18;130;NIÑO;Azul;;REDONDA/OVALADA;ACETATO;;;39,29;110
888392613790;MONTURAS;OAKLEY;;OY8028D;802804;49;18;130;NIÑO;Negro;;REDONDA/OVALADA;ACETATO;;;39,29;110
888392613806;MONTURAS;OAKLEY;;OY8028D;802804;51;18;130;NIÑO;Negro;;REDONDA/OVALADA;ACETATO;;;39,29;110
888392647887;MONTURAS;OAKLEY;;OY8031;803101;48;14;127;NIÑO;Negro;;RECTANGULAR/CUADRADA;ACETATO;;;40,71;114
888392647894;MONTURAS;OAKLEY;;OY8031;803101;50;14;127;NIÑO;Negro;;RECTANGULAR/CUADRADA;ACETATO;;;40,71;114
888392647900;MONTURAS;OAKLEY;;OY8031;803102;48;14;127;NIÑO;Gris;;RECTANGULAR/CUADRADA;ACETATO;;;40,71;114
888392647917;MONTURAS;OAKLEY;;OY8031;803102;50;14;127;NIÑO;Gris;;RECTANGULAR/CUADRADA;ACETATO;;;40,71;114
888392647924;MONTURAS;OAKLEY;;OY8031;803103;48;14;127;NIÑO;Gris;;RECTANGULAR/CUADRADA;ACETATO;;;40,71;114
888392647931;MONTURAS;OAKLEY;;OY8031;803103;50;14;127;NIÑO;Gris;;RECTANGULAR/CUADRADA;ACETATO;;;40,71;114
888392647948;MONTURAS;OAKLEY;;OY8031;803104;48;14;127;NIÑO;Azul;;RECTANGULAR/CUADRADA;ACETATO;;;40,71;114
888392647955;MONTURAS;OAKLEY;;OY8031;803104;50;14;127;NIÑO;Azul;;RECTANGULAR/CUADRADA;ACETATO;;;40,71;114
888392647962;MONTURAS;OAKLEY;;OY8031;803105;48;14;127;NIÑO;Negro;;RECTANGULAR/CUADRADA;ACETATO;;;40,71;114
888392647979;MONTURAS;OAKLEY;;OY8031;803105;50;14;127;NIÑO;Negro;;RECTANGULAR/CUADRADA;ACETATO;;;40,71;114
888392662545;MONTURAS;OAKLEY;;OY8032D;803201;49;15;131;NIÑO;Negro;;RECTANGULAR/CUADRADA;ACETATO;;;40,71;114
888392662538;MONTURAS;OAKLEY;;OY8032D;803201;51;15;131;NIÑO;Negro;;RECTANGULAR/CUADRADA;ACETATO;;;40,71;114
888392662569;MONTURAS;OAKLEY;;OY8032D;803202;49;15;131;NIÑO;Gris;;RECTANGULAR/CUADRADA;ACETATO;;;40,71;114
888392662552;MONTURAS;OAKLEY;;OY8032D;803202;51;15;131;NIÑO;Gris;;RECTANGULAR/CUADRADA;ACETATO;;;40,71;114
888392662583;MONTURAS;OAKLEY;;OY8032D;803203;49;15;131;NIÑO;Negro;;RECTANGULAR/CUADRADA;ACETATO;;;40,71;114
888392662576;MONTURAS;OAKLEY;;OY8032D;803203;51;15;131;NIÑO;Negro;;RECTANGULAR/CUADRADA;ACETATO;;;40,71;114
888392662606;MONTURAS;OAKLEY;;OY8032D;803204;49;15;131;NIÑO;Azul;;RECTANGULAR/CUADRADA;ACETATO;;;40,71;114
888392662590;MONTURAS;OAKLEY;;OY8032D;803204;51;15;131;NIÑO;Azul;;RECTANGULAR/CUADRADA;ACETATO;;;40,71;114
888392690265;MONTURAS;OAKLEY;;OY8032D;803205;49;15;131;NIÑO;Transparente;;RECTANGULAR/CUADRADA;ACETATO;;;40,71;114
888392690258;MONTURAS;OAKLEY;;OY8032D;803205;51;15;131;NIÑO;Transparente;;RECTANGULAR/CUADRADA;ACETATO;;;40,71;114
888392699862;MONTURAS;OAKLEY;;OY8032D;803206;49;15;131;NIÑO;Transparente;;RECTANGULAR/CUADRADA;ACETATO;;;40,71;114
888392699831;MONTURAS;OAKLEY;;OY8032D;803206;51;15;131;NIÑO;Transparente;;RECTANGULAR/CUADRADA;ACETATO;;;40,71;114
888392702258;MONTURAS;OAKLEY;;OY8032D;803207;49;15;131;NIÑO;Violeta;;RECTANGULAR/CUADRADA;ACETATO;;;40,71;114
888392702241;MONTURAS;OAKLEY;;OY8032D;803207;51;15;131;NIÑO;Violeta;;RECTANGULAR/CUADRADA;ACETATO;;;40,71;114
888392676962;MONTURAS;OAKLEY;;OY8033;803301;49;15;130;NIÑO;Negro;;RECTANGULAR/CUADRADA;ACETATO;;;40,71;114
888392676955;MONTURAS;OAKLEY;;OY8033;803301;51;16;130;NIÑO;Negro;;RECTANGULAR/CUADRADA;ACETATO;;;40,71;114
888392676948;MONTURAS;OAKLEY;;OY8033;803302;49;15;130;NIÑO;Gris;;RECTANGULAR/CUADRADA;ACETATO;;;40,71;114
888392676931;MONTURAS;OAKLEY;;OY8033;803302;51;16;130;NIÑO;Gris;;RECTANGULAR/CUADRADA;ACETATO;;;40,71;114
888392676924;MONTURAS;OAKLEY;;OY8033;803303;49;15;130;NIÑO;Gris;;RECTANGULAR/CUADRADA;ACETATO;;;40,71;114
888392676917;MONTURAS;OAKLEY;;OY8033;803303;51;16;130;NIÑO;Gris;;RECTANGULAR/CUADRADA;ACETATO;;;40,71;114
888392676900;MONTURAS;OAKLEY;;OY8033;803304;49;15;130;NIÑO;Azul;;RECTANGULAR/CUADRADA;ACETATO;;;40,71;114
888392676894;MONTURAS;OAKLEY;;OY8033;803304;51;16;130;NIÑO;Azul;;RECTANGULAR/CUADRADA;ACETATO;;;40,71;114
888392699602;MONTURAS;OAKLEY;;OY8033;803305;49;15;130;NIÑO;Gris;;RECTANGULAR/CUADRADA;ACETATO;;;40,71;114
888392699596;MONTURAS;OAKLEY;;OY8033;803305;51;16;130;NIÑO;Gris;;RECTANGULAR/CUADRADA;ACETATO;;;40,71;114
