__row_excel,motivo_descarte,UPC,Nombre de la marca,Código de marca,Código del modelo,Colección,Nombre del modelo,Categoría,Tipo,Color,Descripción del color,Color del frontal,Color de las lentes,Punto de venta,Calibre,Guía de medidas,Género,Forma,Material del frente,Fotocromático,Polarizado,Largo de las lentes,Altura de las lentes,Largo de varilla,Dimensión del puente,PVP sugerido,PVO,Material de las lentes
1860,accesorio,8056597535250,EMPORIO ARMANI,,0EA4115C,Accesorios,,,Aro Completo,50426G,Negro Mate,,Gris Claro Espejado Negro,0001339566,54,,Hombre,Rectangular,Inyectado,,,54,41,,18,"29,00","12,61",
1861,accesorio,8056597535274,EMPORIO ARMANI,,0EA4115C,Accesorios,,,Aro Completo,504287,Negro Mate,,Gris Oscuro,0001339566,54,,Hombre,Rectangular,Inyectado,,,54,41,,18,"29,00","12,61",
1862,accesorio,8056597535281,EMPORIO ARMANI,,0EA4115C,Accesorios,,,Aro Completo,508855,Azul Mate,,Azul Espejado Azul,0001339566,54,,Hombre,Rectangular,Inyectado,,,54,41,,18,"64,00","27,83",
1882,accesorio,8056262717141,EMPORIO ARMANI,,0EA4152C,Accesorios,,,Aro Completo,500171,Negro Mate,,Verde Oscuro,0001339566,52,,Hombre,Phantos,Inyectado,,,52,47,,21,"29,00","12,61",
1883,accesorio,8056262717127,EMPORIO ARMANI,,0EA4152C,Accesorios,,,Aro Completo,500181,Negro Mate,,Polarized Gris,0001339566,52,,Hombre,Phantos,Inyectado,,X,52,47,,21,"64,00","27,83",
1884,accesorio,8056262717134,EMPORIO ARMANI,,0EA4152C,Accesorios,,,Aro Completo,566955,Azul Mate,,Azul Oscuro Espejado Azul,0001339566,52,,Hombre,Phantos,Inyectado,,,52,47,,21,"64,00","27,83",
1893,accesorio,8056597983051,EMPORIO ARMANI,,0EA4160C,Accesorios,,,Aro Completo,500171,Negro Mate,,Verde Oscuro,0001339566,55,,Hombre,Rectangular,Inyectado,,,55,36,145,18,"29,00","12,61",
1894,accesorio,8056597983075,EMPORIO ARMANI,,0EA4160C,Accesorios,,,Aro Completo,500187,Negro Mate,,Gris Oscuro,0001339566,55,,Hombre,Rectangular,Inyectado,,,55,36,145,18,"29,00","12,61",
1895,accesorio,8056597983129,EMPORIO ARMANI,,0EA4160C,Accesorios,,,Aro Completo,54376G,Barro mate,,Gris Claro Espejado Plata,0001339566,55,,Hombre,Rectangular,Inyectado,,,55,36,145,18,"58,00","25,22",
1911,accesorio,8056262894385,EMPORIO ARMANI,,0EA4189C,Accesorios,,,Aro Completo,500171,Negro Mate,,Verde Oscuro,0001339566,55,,Hombre,Rectangular,Inyectado,,,55,39,,18,"29,00","12,61",
1912,accesorio,8056262894392,EMPORIO ARMANI,,0EA4189C,Accesorios,,,Aro Completo,500187,Negro Mate,,Gris Oscuro,0001339566,55,,Hombre,Rectangular,Inyectado,,,55,39,,18,"29,00","12,61",
1913,accesorio,8056266213465,EMPORIO ARMANI,,0EA4189C,Accesorios,,,Aro Completo,508880,Azul Mate,,Azul Oscuro,0001339566,55,,Hombre,Rectangular,Inyectado,,,55,39,,18,"29,00","12,61",
2072,accesorio,8056262894606,EMPORIO ARMANI,,0EA4254C,Accesorios,,,Aro Completo,501787,Negro Brillante,,Gris Oscuro,0001339566,52,,Mujer,Ojo de Gato,Inyectado,,,52,44,,17,"29,00","12,61",
2073,accesorio,8056262894590,EMPORIO ARMANI,,0EA4254C,Accesorios,,,Aro Completo,501787,Negro Brillante,,Gris Oscuro,0001339566,54,,Mujer,Ojo de Gato,Inyectado,,,54,46,,16,"29,00","12,61",
2091,accesorio,8056266001918,EMPORIO ARMANI,,0EA4258C,Accesorios,,,Aro Completo,500181,Negro Mate,,Polarized Gris Oscuro,0001339566,54,,Hombre,Cuadrada,Inyectado,,X,54,41,0,17,"64,00","27,83",
2092,accesorio,8056266001925,EMPORIO ARMANI,,0EA4258C,Accesorios,,,Aro Completo,500181,Negro Mate,,Polarized Gris Oscuro,0001339566,56,,Hombre,Cuadrada,Inyectado,,X,56,43,0,17,"64,00","27,83",
2093,accesorio,8056266001932,EMPORIO ARMANI,,0EA4258C,Accesorios,,,Aro Completo,508819,Azul Mate,,Azul Degradado,0001339566,54,,Hombre,Cuadrada,Inyectado,,,54,41,0,17,"29,00","12,61",
2094,accesorio,8056266001949,EMPORIO ARMANI,,0EA4258C,Accesorios,,,Aro Completo,508819,Azul Mate,,Azul Degradado,0001339566,56,,Hombre,Cuadrada,Inyectado,,,56,43,0,17,"29,00","12,61",
2206,accesorio,8056262982051,EMPORIO ARMANI,,0EA4279C,Accesorios,,,Aro Completo,500187,Negro Mate,,Gris Oscuro,0001339566,51,,Unisex,Aviador,Inyectado,,,51,47,0,18,"29,00","12,61",
2207,accesorio,8056262982044,EMPORIO ARMANI,,0EA4279C,Accesorios,,,Aro Completo,500187,Negro Mate,,Gris Oscuro,0001339566,53,,Unisex,Aviador,Inyectado,,,53,49,0,18,"29,00","12,61",
2208,accesorio,8056262982075,EMPORIO ARMANI,,0EA4279C,Accesorios,,,Aro Completo,64508G,Azul Mate,,Gris Degradado,0001339566,51,,Unisex,Aviador,Inyectado,,,51,47,0,18,"29,00","12,61",
2209,accesorio,8056262982068,EMPORIO ARMANI,,0EA4279C,Accesorios,,,Aro Completo,64508G,Azul Mate,,Gris Degradado,0001339566,53,,Unisex,Aviador,Inyectado,,,53,49,0,18,"29,00","12,61",
2398,accesorio,8056262077085,Emporio Armani Kids,,0EK4001C,Accesorios,,,Aro Completo,5001T3,Negro Mate,,Polarized Gris,0001339566,47,,Unisex,Phantos,Inyectado,,X,,,0,17,"90,00","39,13",
2399,accesorio,8056262077092,Emporio Armani Kids,,0EK4001C,Accesorios,,,Aro Completo,508613,Rosa Brillante,,Marrón Degradado,0001339566,47,,Unisex,Phantos,Inyectado,,,,,0,17,"55,00","23,91",
2400,accesorio,8056262077108,Emporio Armani Kids,,0EK4001C,Accesorios,,,Aro Completo,50896G,Gris Mate,,Gris Espejado Negro,0001339566,47,,Unisex,Phantos,Inyectado,,,,,0,17,"55,00","23,91",
2401,accesorio,8056262077122,Emporio Armani Kids,,0EK4001C,Accesorios,,,Aro Completo,59326Q,Naranja Mate,,Violeta Oscuro Espejado Rojo,0001339566,47,,Unisex,Phantos,Inyectado,,,,,0,17,"83,00","36,09",
4235,accesorio,8056597903967,GENERICS,,ANB0004AT,Accesorios,,,,000001,,,,0001339566,00,,Unisex,,,,,,,,,"2,90","1,00",
4236,accesorio,8056597903974,GENERICS,,ANB0004AT,Accesorios,,,,000002,,,,0001339566,00,,Unisex,,,,,,,,,"2,90","1,00",
4237,accesorio,8056597903981,GENERICS,,ANB0004AT,Accesorios,,,,000003,,,,0001339566,00,,Unisex,,,,,,,,,"2,90","1,00",
4238,accesorio,8056597914161,GENERICS,,ANB0005AT,Accesorios,,,,000001,,,,0001339566,00,,Unisex,,,,,,,,,"7,00","2,33",
4239,accesorio,8056597914178,GENERICS,,ANB0005AT,Accesorios,,,,000002,,,,0001339566,00,,Unisex,,,,,,,,,"7,00","2,33",
4240,accesorio,8056597904001,GENERICS,,ANB0010ST,Accesorios,,,,000001,,,,0001339566,00,,Unisex,,,,,,,,,"2,00","0,67",
4241,accesorio,8056597904018,GENERICS,,ANB0010ST,Accesorios,,,,000002,,,,0001339566,00,,Unisex,,,,,,,,,"3,00","0,67",
4242,accesorio,8056597904025,GENERICS,,ANB0010ST,Accesorios,,,,000003,,,,0001339566,00,,Unisex,,,,,,,,,"2,00","0,67",
4243,accesorio,8056597904032,GENERICS,,ANB0010ST,Accesorios,,,,000004,,,,0001339566,00,,Unisex,,,,,,,,,"3,00","0,67",
4244,accesorio,8056597925082,GENERICS,,ANB0011ST,Accesorios,,,,000001,,,,0001339566,00,,,,,,,,,,,"15,00","3,97",
4245,accesorio,8056597925099,GENERICS,,ANB0011ST,Accesorios,,,,000002,,,,0001339566,00,,,,,,,,,,,"12,00","3,97",
4246,accesorio,8056597925105,GENERICS,,ANB0012ST,Accesorios,,,,000001,,,,0001339566,00,,,,,,,,,,,"20,00","4,97",
4247,accesorio,8056597925112,GENERICS,,ANB0013ST,Accesorios,,,,000001,,,,0001339566,00,,,,,,,,,,,"20,00","6,63",
4248,accesorio,8056597912976,GENERICS,,ANB0014CK,Accesorios,,,,000002,,,,0001339566,00,,,,,,,,,,,"6,00","2,00",
4249,accesorio,8056597914345,GENERICS,,ANB0015CK,Accesorios,,,,000002,,,,0001339566,00,,,,,,,,,,,"5,00","1,63",
4250,accesorio,8056597914222,GENERICS,,ANB0017CK,Accesorios,,,,000002,,,,0001339566,00,,,,,,,,,,,"6,00","2,00",
4251,accesorio,8056262813867,GENERICS,,ANB0020CK,Accesorios,,,,000001,,,,0001339566,00,,,,,,,,,,,"19,00","6,33",
4252,accesorio,8056262905890,GENERICS,,ANB0022CK,Accesorios,,,,000001,,,,0001339566,00,,,,,,,,,,,"19,00","6,33",
4253,accesorio,8056266263750,GENERICS,,ANB0023CK,Accesorios,,,,000001,,,,0001339566,00,,Unisex,,,,,,,,,,,
4254,accesorio,8056262326381,GENERICS,,ANB0028ST,Accesorios,,,,000001,,,,0001339566,00,,,,,,,,,,,"11,00","3,66",
4255,accesorio,8056262326398,GENERICS,,ANB0028ST,Accesorios,,,,000002,,,,0001339566,00,,,,,,,,,,,"11,00","3,66",
4256,accesorio,8056262326404,GENERICS,,ANB0028ST,Accesorios,,,,000003,,,,0001339566,00,,,,,,,,,,,"11,00","3,66",
4257,accesorio,8056262326428,GENERICS,,ANB0028ST,Accesorios,,,,000005,,,,0001339566,00,,,,,,,,,,,"11,00","3,66",
4258,accesorio,8056262326435,GENERICS,,ANB0028ST,Accesorios,,,,000006,,,,0001339566,00,,,,,,,,,,,"11,00","3,66",
4259,accesorio,8056262326442,GENERICS,,ANB0028ST,Accesorios,,,,000007,,,,0001339566,00,,,,,,,,,,,"11,00","3,66",
4260,accesorio,8056262326565,GENERICS,,ANB0031ST,Accesorios,,,,000003,,,,0001339566,00,,,,,,,,,,,"14,00","4,66",
4261,accesorio,8056262326589,GENERICS,,ANB0033ST,Accesorios,,,,000001,,,,0001339566,00,,,,,,,,,,,"13,00","4,33",
4262,accesorio,8056262326602,GENERICS,,ANB0033ST,Accesorios,,,,000003,,,,0001339566,00,,,,,,,,,,,"13,00","4,33",
4263,accesorio,8056262326664,GENERICS,,ANB0035ST,Accesorios,,,,000003,,,,0001339566,00,,,,,,,,,,,"10,00","3,33",
4264,accesorio,8056262326893,GENERICS,,ANB0036ST,Accesorios,,,,000003,,,,0001339566,00,,,,,,,,,,,"10,00","3,33",
5433,accesorio,700285421537,OAKLEY,,AOO0001CK,Accesorios,CLEANING KIT,,,000002,Negro,,,0001339566,00,,Unisex,,,,,,,,,"45,00","20,45",
5434,accesorio,700285070124,OAKLEY,,AOO0001CK,Accesorios,CLEANING KIT,,,000006,Negro,,,0001339566,00,,Unisex,,,,,,,,,"20,00","9,09",
5435,accesorio,888392095121,OAKLEY,,AOO0001CK,Accesorios,CLEANING KIT,,,000007,USA Flag,,,0001339566,00,,Unisex,,,,,,,,,"20,00","9,09",
5436,accesorio,888392249753,OAKLEY,,AOO0001GL,Accesorios,ICON KIT,,,000004,Gris Mate,,,0001339566,00,,Unisex,,,,,,,,,"11,00","5,00",
5437,accesorio,888392249784,OAKLEY,,AOO0001GL,Accesorios,ICON KIT,,,000008,Negro Mate,,,0001339566,00,,Unisex,,,,,,,,,"11,00","5,00",
5438,accesorio,888392249777,OAKLEY,,AOO0001GL,Accesorios,ICON KIT,,,000009,Negro Pulido,,,0001339566,00,,Unisex,,,,,,,,,"11,00","5,00",
5439,accesorio,888392249791,OAKLEY,,AOO0001GL,Accesorios,ICON KIT,,,000010,Cromo Pulido,,,0001339566,00,,Unisex,,,,,,,,,"11,00","5,00",
5440,accesorio,888392249821,OAKLEY,,AOO0001GL,Accesorios,ICON KIT,,,000011,Oro Pulido,,,0001339566,00,,Unisex,,,,,,,,,"11,00","5,00",
5441,accesorio,888392249883,OAKLEY,,AOO0001GL,Accesorios,ICON KIT,,,000012,,,,0001339566,00,,Unisex,,,,,,,,,"11,00","5,00",
5442,accesorio,888392249814,OAKLEY,,AOO0001GL,Accesorios,ICON KIT,,,000014,Team Blue,,,0001339566,00,,Unisex,,,,,,,,,"11,00","5,00",
5443,accesorio,888392249890,OAKLEY,,AOO0001GL,Accesorios,ICON KIT,,,000015,Gris,,,0001339566,00,,Unisex,,,,,,,,,"11,00","5,00",
5444,accesorio,888392249906,OAKLEY,,AOO0001GL,Accesorios,ICON KIT,,,000016,Gris,,,0001339566,00,,Unisex,,,,,,,,,"11,00","5,00",
5445,accesorio,700285519890,OAKLEY,,AOO0001NS,Accesorios,NOSEPAD KIT,,,000008,Negro,,,0001339566,00,,Hombre,,O_matter,,,,,,,"11,00","5,00",
5446,accesorio,700285168289,OAKLEY,,AOO0001ST,Accesorios,STRAP KIT,,,000001,Negro,,,0001339566,00,,Unisex,,,,,,,,,"11,00","5,00",
5447,accesorio,700285232607,OAKLEY,,AOO0002AT,Accesorios,LARGE CARBON CASE,,,000016,Carbon,,,0001339566,00,,Unisex,,,,,,,,,"27,00","12,27",
5448,accesorio,888392558299,OAKLEY,,AOO0002CK,Accesorios,ZERO FOG ANTI-FOG KIT,,,000001,Negro,,,0001339566,00,,Unisex,,,,,,,,,"17,00","7,73",
5449,accesorio,888392326478,OAKLEY,,AOO0002ET,Accesorios,STICKER KIT,,,000068,Camuflaje,,,0001339566,00,,Unisex,,O_matter,,,,,,,"10,00","4,55",
5450,accesorio,888392326461,OAKLEY,,AOO0002ET,Accesorios,STICKER KIT,,,000069,USA Flag,,,0001339566,00,,Unisex,,O_matter,,,,,,,"10,00","4,55",
5451,accesorio,888392315359,OAKLEY,,AOO0002ET,Accesorios,STICKER KIT,,,000070,Foundation Camo,,,0001339566,00,,Unisex,,O_matter,,,,,,,"15,00","6,82",
5452,accesorio,888392315342,OAKLEY,,AOO0002ET,Accesorios,STICKER KIT,,,000071,USA Flag,,,0001339566,00,,Unisex,,O_matter,,,,,,,"15,00","6,82",
5453,accesorio,888392288646,OAKLEY,,AOO0002ET,Accesorios,STICKER KIT,,,000072,Negro,,,0001339566,00,,Unisex,,O_matter,,,,,,,"15,00","6,82",
5454,accesorio,888392288639,OAKLEY,,AOO0002ET,Accesorios,STICKER KIT,,,000073,Negro,,,0001339566,00,,Unisex,,O_matter,,,,,,,"10,00","4,55",
5455,accesorio,888392315366,OAKLEY,,AOO0002ET,Accesorios,STICKER KIT,,,000074,USA Flag Camo,,,0001339566,00,,Unisex,,O_matter,,,,,,,"10,00","4,55",
5456,accesorio,888392589644,OAKLEY,,AOO0002LS,Accesorios,MOD7,,,000001,,,Prizm Torch Iridium,0001339566,00,,Unisex,Pantalla,O_matter,,,,,,,"93,00","42,27",
5457,accesorio,888392589651,OAKLEY,,AOO0002LS,Accesorios,MOD7,,,000002,,,Prizm Sapphire,0001339566,00,,Unisex,Pantalla,O_matter,,,,,,,"93,00","42,27",
5458,accesorio,888392589668,OAKLEY,,AOO0002LS,Accesorios,MOD7,,,000003,,,Prizm Rose Gold,0001339566,00,,Unisex,Pantalla,O_matter,,,,,,,"93,00","42,27",
5459,accesorio,888392589675,OAKLEY,,AOO0002LS,Accesorios,MOD7,,,000004,,,Transparente,0001339566,00,,Unisex,Pantalla,O_matter,,,,,,,"83,00","37,73",
5460,accesorio,888392604118,OAKLEY,,AOO0002LS,Accesorios,MOD7,,,000005,,,Prizm Verde salvia dorado iridio,0001339566,00,,Unisex,Pantalla,,,,,,,,"93,00","42,27",
5461,accesorio,888392604125,OAKLEY,,AOO0002LS,Accesorios,MOD7,,,000006,,,Prizm Nieve argón iridio,0001339566,00,,Unisex,Pantalla,,,,,,,,"93,00","42,27",
5462,accesorio,888392604132,OAKLEY,,AOO0002LS,Accesorios,MOD7,,,000007,,,Prizm Snow Black Iridium,0001339566,00,,Unisex,Pantalla,,,,,,,,"93,00","42,27",
5463,accesorio,888392589682,OAKLEY,,AOO0003LS,Accesorios,MOD7,,,000001,,,Prizm Torch Iridium,0001339566,00,,Unisex,Pantalla,O_matter,,,,,,,"93,00","42,27",
5464,accesorio,888392589705,OAKLEY,,AOO0003LS,Accesorios,MOD7,,,000002,,,Prizm Sapphire,0001339566,00,,Unisex,Pantalla,O_matter,,,,,,,"93,00","42,27",
5465,accesorio,888392589699,OAKLEY,,AOO0003LS,Accesorios,MOD7,,,000003,,,Prizm Rose Gold,0001339566,00,,Unisex,Pantalla,O_matter,,,,,,,"93,00","42,27",
5466,accesorio,888392589712,OAKLEY,,AOO0003LS,Accesorios,MOD7,,,000004,,,Transparente,0001339566,00,,Unisex,Pantalla,O_matter,,,,,,,"83,00","37,73",
5467,accesorio,888392604149,OAKLEY,,AOO0003LS,Accesorios,MOD7,,,000005,,,Prizm Verde salvia dorado iridio,0001339566,00,,Unisex,Pantalla,,,,,,,,"93,00","42,27",
5468,accesorio,888392604156,OAKLEY,,AOO0003LS,Accesorios,MOD7,,,000006,,,Prizm Nieve argón iridio,0001339566,00,,Unisex,Pantalla,,,,,,,,"93,00","42,27",
5469,accesorio,888392604163,OAKLEY,,AOO0003LS,Accesorios,MOD7,,,000007,,,Prizm Snow Black Iridium,0001339566,00,,Unisex,Pantalla,,,,,,,,"93,00","42,27",
5470,accesorio,888392621153,OAKLEY,,AOO0004LS,Accesorios,ARO7,,,000001,,,Prizm Road,0001339566,00,,Unisex,Pantalla,O_matter,,,,,,,"107,00","48,64",
5471,accesorio,888392621160,OAKLEY,,AOO0004LS,Accesorios,ARO7,,,000002,,,Prizm Low Light,0001339566,00,,Unisex,Pantalla,O_matter,,,,,,,"87,00","39,55",
5472,accesorio,888392621177,OAKLEY,,AOO0004LS,Accesorios,ARO7,,,000003,,,Prizm Road Jade,0001339566,00,,Unisex,Pantalla,O_matter,,,,,,,"107,00","48,64",
5473,accesorio,888392375049,OAKLEY,,AOO0004ST,Accesorios,ACCESSORY STRAP/LEASH,,,000001,Negro,,,0001339566,00,,Unisex,,,,,,,,,"11,00","5,00",
5474,accesorio,888392375056,OAKLEY,,AOO0004ST,Accesorios,ACCESSORY STRAP/LEASH,,,000002,Rojo,,,0001339566,00,,Unisex,,,,,,,,,"11,00","5,00",
5475,accesorio,888392375063,OAKLEY,,AOO0004ST,Accesorios,ACCESSORY STRAP/LEASH,,,000003,Azul,,,0001339566,00,,Unisex,,,,,,,,,"11,00","5,00",
5476,accesorio,888392375070,OAKLEY,,AOO0004ST,Accesorios,ACCESSORY STRAP/LEASH,,,000004,Negro,,,0001339566,00,,Unisex,,,,,,,,,"11,00","5,00",
5477,accesorio,888392375087,OAKLEY,,AOO0004ST,Accesorios,ACCESSORY STRAP/LEASH,,,000005,Rojo,,Rojo,0001339566,00,,Unisex,,,,,,,,,"11,00","5,00",
5478,accesorio,888392375094,OAKLEY,,AOO0004ST,Accesorios,ACCESSORY STRAP/LEASH,,,000006,Azul,,,0001339566,00,,Unisex,,,,,,,,,"11,00","5,00",
5481,accesorio,888392395214,OAKLEY,,AOO0017ST,Accesorios,SPLIT SHOT LEASH,,,000001,,,,0001339566,00,,Unisex,,,,,,,,,"11,00","5,00",
5482,accesorio,888392401977,OAKLEY,,AOO0018KT,Accesorios,HELMET,,,000001,,,,0001339566,00,,Hombre,,Otro material,,,,,,,"19,00","8,64",
5483,accesorio,888392401984,OAKLEY,,AOO0018KT,Accesorios,HELMET,,,000002,,,,0001339566,00,,Hombre,,Otro material,,,,,,,"19,00","8,64",
5484,accesorio,888392592170,OAKLEY,,AOO0018KT,Accesorios,HELMET,,,000004,Negro,,,0001339566,00,,Unisex,,Otro material,,,,,,,"69,00","31,36",
5485,accesorio,888392595898,OAKLEY,,AOO0018KT,Accesorios,HELMET,,,000005,Negro,,,0001339566,00,,Unisex,,Otro material,,,,,,,"99,00","45,00",
5486,accesorio,888392595904,OAKLEY,,AOO0018KT,Accesorios,HELMET,,,000006,Negro,,,0001339566,00,,Unisex,,Otro material,,,,,,,"99,00","45,00",
5487,accesorio,888392596994,OAKLEY,,AOO0018KT,Accesorios,HELMET,,,000007,Negro,,,0001339566,00,,Unisex,,Otro material,,,,,,,"69,00","31,36",
5488,accesorio,888392597007,OAKLEY,,AOO0018KT,Accesorios,HELMET,,,000008,Negro,,,0001339566,00,,Unisex,,Otro material,,,,,,,"69,00","31,36",
5489,accesorio,888392590466,OAKLEY,,AOO0020KT,Accesorios,ARO3,,,000001,Negro Mate,,,0001339566,00,,Hombre,,Otro material,,,,,,,"16,00","7,27",
5490,accesorio,888392618221,OAKLEY,,AOO0020KT,Accesorios,ARO3,,,000002,Negro Mate,,,0001339566,00,,Hombre,,Otro material,,,,,,,"16,00","7,27",
5491,accesorio,888392618238,OAKLEY,,AOO0020KT,Accesorios,ARO3,,,000003,Negro Mate,,,0001339566,00,,Hombre,,Otro material,,,,,,,"16,00","7,27",
5492,accesorio,888392485755,OAKLEY,,AOO0029KT,Accesorios,FOOTBALL HARDWARE KIT,,,000001,,,,0001339566,00,,Hombre,,Otro material,,,,,,,"16,00","7,27",
5493,accesorio,888392485762,OAKLEY,,AOO0029KT,Accesorios,FOOTBALL HARDWARE KIT,,,000002,,,,0001339566,00,,Hombre,,Otro material,,,,,,,"16,00","7,27",
5494,accesorio,888392485779,OAKLEY,,AOO0029KT,Accesorios,FOOTBALL HARDWARE KIT,,,000003,,,,0001339566,00,,Hombre,,Otro material,,,,,,,"16,00","7,27",
5495,accesorio,888392485786,OAKLEY,,AOO0029KT,Accesorios,FOOTBALL HARDWARE KIT,,,000004,,,,0001339566,00,,Hombre,,Otro material,,,,,,,"16,00","7,27",
5496,accesorio,888392485793,OAKLEY,,AOO0029KT,Accesorios,FOOTBALL HARDWARE KIT,,,000005,,,,0001339566,00,,Hombre,,Otro material,,,,,,,"16,00","7,27",
5497,accesorio,888392485809,OAKLEY,,AOO0029KT,Accesorios,FOOTBALL HARDWARE KIT,,,000006,,,,0001339566,00,,Hombre,,Otro material,,,,,,,"16,00","7,27",
5498,accesorio,888392485816,OAKLEY,,AOO0029KT,Accesorios,FOOTBALL HARDWARE KIT,,,000007,,,,0001339566,00,,Hombre,,Otro material,,,,,,,"16,00","7,27",
5499,accesorio,888392485823,OAKLEY,,AOO0029KT,Accesorios,FOOTBALL HARDWARE KIT,,,000008,,,,0001339566,00,,Hombre,,Otro material,,,,,,,"16,00","7,27",
5500,accesorio,888392485830,OAKLEY,,AOO0029KT,Accesorios,FOOTBALL HARDWARE KIT,,,000009,,,,0001339566,00,,Hombre,,Otro material,,,,,,,"16,00","7,27",
5501,accesorio,888392485861,OAKLEY,,AOO0029KT,Accesorios,FOOTBALL HARDWARE KIT,,,000011,,,,0001339566,00,,Hombre,,Otro material,,,,,,,"16,00","7,27",
5502,accesorio,888392485878,OAKLEY,,AOO0029KT,Accesorios,FOOTBALL HARDWARE KIT,,,000012,,,,0001339566,00,,Hombre,,Otro material,,,,,,,"16,00","7,27",
5503,accesorio,888392485885,OAKLEY,,AOO0029KT,Accesorios,FOOTBALL HARDWARE KIT,,,000013,,,,0001339566,00,,Hombre,,Otro material,,,,,,,"16,00","7,27",
5504,accesorio,888392485892,OAKLEY,,AOO0029KT,Accesorios,FOOTBALL HARDWARE KIT,,,000014,,,,0001339566,00,,Hombre,,Otro material,,,,,,,"16,00","7,27",
5505,accesorio,888392485908,OAKLEY,,AOO0029KT,Accesorios,FOOTBALL HARDWARE KIT,,,000015,,,,0001339566,00,,Hombre,,Otro material,,,,,,,"16,00","7,27",
5506,accesorio,888392485915,OAKLEY,,AOO0029KT,Accesorios,FOOTBALL HARDWARE KIT,,,000016,,,,0001339566,00,,Hombre,,Otro material,,,,,,,"16,00","7,27",
5507,accesorio,888392485922,OAKLEY,,AOO0029KT,Accesorios,FOOTBALL HARDWARE KIT,,,000017,,,,0001339566,00,,Hombre,,Otro material,,,,,,,"16,00","7,27",
5508,accesorio,888392485939,OAKLEY,,AOO0029KT,Accesorios,FOOTBALL HARDWARE KIT,,,000018,,,,0001339566,00,,Hombre,,Otro material,,,,,,,"16,00","7,27",
5509,accesorio,888392485946,OAKLEY,,AOO0029KT,Accesorios,FOOTBALL HARDWARE KIT,,,000019,,,,0001339566,00,,Hombre,,Otro material,,,,,,,"16,00","7,27",
5510,accesorio,888392485953,OAKLEY,,AOO0029KT,Accesorios,FOOTBALL HARDWARE KIT,,,000020,,,,0001339566,00,,Hombre,,Otro material,,,,,,,"16,00","7,27",
5511,accesorio,888392485960,OAKLEY,,AOO0029KT,Accesorios,FOOTBALL HARDWARE KIT,,,000021,,,,0001339566,00,,Hombre,,Otro material,,,,,,,"16,00","7,27",
5512,accesorio,888392485977,OAKLEY,,AOO0029KT,Accesorios,FOOTBALL HARDWARE KIT,,,000022,,,,0001339566,00,,Hombre,,Otro material,,,,,,,"16,00","7,27",
5513,accesorio,888392557544,OAKLEY,,AOO0035KT,Accesorios,RADAR LOW GASKET,,,000001,,,,0001339566,00,,Unisex,,O_matter,,,,,,,"17,00","7,73",
5514,accesorio,888392561640,OAKLEY,,AOO0053SH,Accesorios,HOCKEY,,,000001,,,Transparente,0001339566,00,,Hombre,Pantalla,O_matter,,,,,,,"73,00","33,18",
5515,accesorio,888392593399,OAKLEY,,AOO0053SH,Accesorios,HOCKEY,,,000003,,,Prizm Clear,0001339566,00,,Unisex,Pantalla,Inyectado,,,,,,,"83,00","37,73",
5516,accesorio,888392691934,OAKLEY,,AOO0064ST,Accesorios,STUNT DEVIL LEASH,,,000001,Negro,,,0001339566,AA,,,,O_matter,,,,,,,"13,00","5,91",
5517,accesorio,700285375670,OAKLEY,,AOO0203KT,Accesorios,ACCESSORY KIT,,,000001,,,,0001339566,00,,,,O_matter,,,,,,,"33,00","15,00",
5518,accesorio,888392154835,OAKLEY,,AOO0292MB,Accesorios,ACCESSORY MICROBAG,,,000003,American Heritage,,,0001339566,00,,Unisex,,Otro material,,,,,,,"11,00","5,00",
5519,accesorio,700285066103,OAKLEY,,AOO0483MB,Accesorios,ACCESSORY MICROBAG,,,000001,Negro,,,0001339566,00,,Unisex,,,,,,,,,"31,00","14,09",
5520,accesorio,888392152077,OAKLEY,,AOO0483MB,Accesorios,ACCESSORY MICROBAG,,,000009,Bandera de Australia,,,0001339566,00,,Unisex,,,,,,,,,"11,00","5,00",
5521,accesorio,700285297446,OAKLEY,,AOO0483MB,Accesorios,ACCESSORY MICROBAG,,,000011,Negro,,,0001339566,00,,Unisex,,,,,,,,,"11,00","5,00",
5522,accesorio,888392151995,OAKLEY,,AOO0483MB,Accesorios,ACCESSORY MICROBAG,,,000014,Bandera de Brasil,,,0001339566,00,,Unisex,,,,,,,,,"11,00","5,00",
5523,accesorio,888392154064,OAKLEY,,AOO0483MB,Accesorios,ACCESSORY MICROBAG,,,000016,,,,0001339566,00,,,,,,,,,,,"11,00","5,00",
5524,accesorio,888392230690,OAKLEY,,AOO0483MB,Accesorios,ACCESSORY MICROBAG,,,000017,Camuflaje,,,0001339566,00,,Unisex,,,,,,,,,"11,00","5,00",
5525,accesorio,888392152008,OAKLEY,,AOO0483MB,Accesorios,ACCESSORY MICROBAG,,,000019,Bandera de Canadá,,,0001339566,00,,Unisex,,,,,,,,,"11,00","5,00",
5526,accesorio,888392152947,OAKLEY,,AOO0483MB,Accesorios,ACCESSORY MICROBAG,,,000020,Fibra de Carbono,,,0001339566,00,,Unisex,,,,,,,,,"11,00","5,00",
5527,accesorio,888392150974,OAKLEY,,AOO0483MB,Accesorios,ACCESSORY MICROBAG,,,000025,Camuflaje,,,0001339566,00,,Unisex,,,,,,,,,"11,00","5,00",
5528,accesorio,888392151988,OAKLEY,,AOO0483MB,Accesorios,ACCESSORY MICROBAG,,,000026,Bandera de Inglaterra,,,0001339566,00,,Unisex,,,,,,,,,"11,00","5,00",
5529,accesorio,888392230676,OAKLEY,,AOO0483MB,Accesorios,ACCESSORY MICROBAG,,,000028,Factory Pilot Blue/White,,,0001339566,00,,Unisex,,,,,,,,,"11,00","5,00",
5530,accesorio,888392230652,OAKLEY,,AOO0483MB,Accesorios,ACCESSORY MICROBAG,,,000029,Factory Pilot Grey,,,0001339566,00,,Unisex,,,,,,,,,"11,00","5,00",
5531,accesorio,888392230669,OAKLEY,,AOO0483MB,Accesorios,ACCESSORY MICROBAG,,,000032,Factory Pilot White,,,0001339566,00,,Unisex,,,,,,,,,"11,00","5,00",
5532,accesorio,888392230768,OAKLEY,,AOO0483MB,Accesorios,ACCESSORY MICROBAG,,,000034,Factory Pilot Printed French Blue,,,0001339566,00,,Unisex,,,,,,,,,"11,00","5,00",
5533,accesorio,888392230775,OAKLEY,,AOO0483MB,Accesorios,ACCESSORY MICROBAG,,,000035,Factory Pilot Printed French Red,,,0001339566,00,,Unisex,,,,,,,,,"11,00","5,00",
5534,accesorio,888392152084,OAKLEY,,AOO0483MB,Accesorios,ACCESSORY MICROBAG,,,000036,Bandera de Francia,,,0001339566,00,,Unisex,,,,,,,,,"11,00","5,00",
5535,accesorio,888392152176,OAKLEY,,AOO0483MB,Accesorios,ACCESSORY MICROBAG,,,000043,Bandera de Holanda,,,0001339566,00,,Unisex,,,,,,,,,"11,00","5,00",
5536,accesorio,888392152015,OAKLEY,,AOO0483MB,Accesorios,ACCESSORY MICROBAG,,,000047,Bandera de Irlanda,,,0001339566,00,,Unisex,,,,,,,,,"11,00","5,00",
5537,accesorio,888392152114,OAKLEY,,AOO0483MB,Accesorios,ACCESSORY MICROBAG,,,000048,Bandera de Italia,,,0001339566,00,,Unisex,,,,,,,,,"11,00","5,00",
5538,accesorio,888392152022,OAKLEY,,AOO0483MB,Accesorios,ACCESSORY MICROBAG,,,000049,Bandera de Japón,,,0001339566,00,,Unisex,,,,,,,,,"11,00","5,00",
5539,accesorio,888392152039,OAKLEY,,AOO0483MB,Accesorios,ACCESSORY MICROBAG,,,000051,Bandera de México,,,0001339566,00,,Unisex,,,,,,,,,"11,00","5,00",
5540,accesorio,888392152190,OAKLEY,,AOO0483MB,Accesorios,ACCESSORY MICROBAG,,,000055,Bandera de Noruega,,,0001339566,00,,Unisex,,,,,,,,,"11,00","5,00",
5541,accesorio,888392153098,OAKLEY,,AOO0483MB,Accesorios,ACCESSORY MICROBAG,,,000056,,,,0001339566,00,,,,,,,,,,,"11,00","5,00",
5542,accesorio,700285559612,OAKLEY,,AOO0483MB,Accesorios,ACCESSORY MICROBAG,,,000059,Negro Liso,,,0001339566,00,,Unisex,,,,,,,,,"11,00","5,00",
5543,accesorio,888392231161,OAKLEY,,AOO0483MB,Accesorios,ACCESSORY MICROBAG,,,000064,Bandera de Puerto Rico,,,0001339566,00,,Unisex,,,,,,,,,"11,00","5,00",
5544,accesorio,888392152107,OAKLEY,,AOO0483MB,Accesorios,ACCESSORY MICROBAG,,,000091,Bandera de Suecia,,,0001339566,00,,Unisex,,,,,,,,,"11,00","5,00",
5545,accesorio,888392152046,OAKLEY,,AOO0483MB,Accesorios,ACCESSORY MICROBAG,,,000092,Bandera de Suiza,,,0001339566,00,,Unisex,,,,,,,,,"11,00","5,00",
5546,accesorio,888392152053,OAKLEY,,AOO0483MB,Accesorios,ACCESSORY MICROBAG,,,000097,UK Flag,,,0001339566,00,,Unisex,,,,,,,,,"11,00","5,00",
5547,accesorio,700285700236,OAKLEY,,AOO0483MB,Accesorios,ACCESSORY MICROBAG,,,000099,USA Flag,,,0001339566,00,,Unisex,,,,,,,,,"11,00","5,00",
5548,accesorio,888392363268,OAKLEY,,AOO0483MB,Accesorios,ACCESSORY MICROBAG,,,000105,Rayas Retro,,,0001339566,00,,Unisex,,,,,,,,,"11,00","5,00",
5549,accesorio,888392363275,OAKLEY,,AOO0483MB,Accesorios,ACCESSORY MICROBAG,,,000106,Rojo,,,0001339566,00,,Unisex,,,,,,,,,"11,00","5,00",
5550,accesorio,888392363282,OAKLEY,,AOO0483MB,Accesorios,ACCESSORY MICROBAG,,,000107,Azul,,,0001339566,00,,Unisex,,,,,,,,,"11,00","5,00",
5551,accesorio,888392363299,OAKLEY,,AOO0483MB,Accesorios,ACCESSORY MICROBAG,,,000108,Blanco,,,0001339566,00,,Unisex,,,,,,,,,"11,00","5,00",
5552,accesorio,888392363305,OAKLEY,,AOO0483MB,Accesorios,ACCESSORY MICROBAG,,,000109,Negro,,,0001339566,00,,Unisex,,,,,,,,,"11,00","5,00",
5553,accesorio,888392363367,OAKLEY,,AOO0483MB,Accesorios,ACCESSORY MICROBAG,,,000115,,,,0001339566,00,,Unisex,,,,,,,,,"11,00","5,00",
5554,accesorio,888392363374,OAKLEY,,AOO0483MB,Accesorios,ACCESSORY MICROBAG,,,000116,Prismatic Aero Flight,,,0001339566,00,,Unisex,,,,,,,,,"11,00","5,00",
5555,accesorio,888392363381,OAKLEY,,AOO0483MB,Accesorios,ACCESSORY MICROBAG,,,000117,,,,0001339566,00,,Unisex,,,,,,,,,"11,00","5,00",
5556,accesorio,888392363398,OAKLEY,,AOO0483MB,Accesorios,ACCESSORY MICROBAG,,,000118,Snow Vine Camo,,,0001339566,00,,Unisex,,,,,,,,,"11,00","5,00",
5557,accesorio,888392363404,OAKLEY,,AOO0483MB,Accesorios,ACCESSORY MICROBAG,,,000119,,,,0001339566,00,,Unisex,,,,,,,,,"11,00","5,00",
5558,accesorio,888392363411,OAKLEY,,AOO0483MB,Accesorios,ACCESSORY MICROBAG,,,000120,Negro,,,0001339566,00,,Unisex,,,,,,,,,"11,00","5,00",
5559,accesorio,888392363428,OAKLEY,,AOO0483MB,Accesorios,ACCESSORY MICROBAG,,,000121,Negro,,,0001339566,00,,Unisex,,,,,,,,,"11,00","5,00",
5560,accesorio,888392363572,OAKLEY,,AOO0483MB,Accesorios,ACCESSORY MICROBAG,,,000122,,,,0001339566,00,,Unisex,,,,,,,,,"11,00","5,00",
5561,accesorio,888392662170,OAKLEY,,AOO0483MB,Accesorios,ACCESSORY MICROBAG,,,000159,India Flag,,,0001339566,00,,,,,,,,,,,"11,00","5,00",
5562,accesorio,888392662187,OAKLEY,,AOO0483MB,Accesorios,ACCESSORY MICROBAG,,,000160,Philippines Flag,,,0001339566,00,,,,,,,,,,,"11,00","5,00",
5563,accesorio,888392662194,OAKLEY,,AOO0483MB,Accesorios,ACCESSORY MICROBAG,,,000161,Belgium Flag,,,0001339566,00,,,,,,,,,,,"11,00","5,00",
5564,accesorio,888392662200,OAKLEY,,AOO0483MB,Accesorios,ACCESSORY MICROBAG,,,000162,Poland Flag,,,0001339566,00,,,,,,,,,,,"11,00","5,00",
5565,accesorio,888392662217,OAKLEY,,AOO0483MB,Accesorios,ACCESSORY MICROBAG,,,000163,Portugal Flag,,,0001339566,00,,,,,,,,,,,"11,00","5,00",
5566,accesorio,888392662224,OAKLEY,,AOO0483MB,Accesorios,ACCESSORY MICROBAG,,,000164,Vietnam Flag,,,0001339566,00,,,,,,,,,,,"11,00","5,00",
5567,accesorio,700285065960,OAKLEY,,AOO1253KT,Accesorios,PRO M EARSOCK/NSPC KIT,,,000004,Negro,,,0001339566,00,,Unisex,,O_matter,,,,,,,"17,00","7,73",
5568,accesorio,700285389509,OAKLEY,,AOO1267KT,Accesorios,,,,000001,,,,0001339566,00,,,,,,,,,,,"10,00","4,55",
5569,accesorio,700285072555,OAKLEY,,AOO1531AT,Accesorios,ACCESSORY CASE,,,000001,Metal,,,0001339566,00,,Unisex,,,,,,,,,"27,00","12,27",
5570,accesorio,700285706887,OAKLEY,,AOO1590AT,Accesorios,ACCESSORY CASE,,,000003,Rojo,,,0001339566,00,,Unisex,,O_matter,,,,,,,"27,00","12,27",
5571,accesorio,888392279514,OAKLEY,,AOO1590AT,Accesorios,ACCESSORY CASE,,,000017,Azul,,,0001339566,00,,Unisex,,O_matter,,,,,,,"27,00","12,27",
5572,accesorio,888392278951,OAKLEY,,AOO1590AT,Accesorios,ACCESSORY CASE,,,000018,Negro,,,0001339566,00,,Unisex,,O_matter,,,,,,,"27,00","12,27",
5573,accesorio,888392278821,OAKLEY,,AOO1590AT,Accesorios,ACCESSORY CASE,,,000019,Negro,,,0001339566,00,,Unisex,,O_matter,,,,,,,"27,00","12,27",
5574,accesorio,888392279538,OAKLEY,,AOO1590AT,Accesorios,ACCESSORY CASE,,,000020,Azul,,,0001339566,00,,Unisex,,O_matter,,,,,,,"27,00","12,27",
5575,accesorio,888392279521,OAKLEY,,AOO1590AT,Accesorios,ACCESSORY CASE,,,000021,Fibra de Carbono,,,0001339566,00,,Unisex,,O_matter,,,,,,,"27,00","12,27",
5576,accesorio,888392155955,OAKLEY,,AOO1590AT,Accesorios,ACCESSORY CASE,,,000022,Camuflaje Verde,,,0001339566,00,,Unisex,,O_matter,,,,,,,"27,00","12,27",
5577,accesorio,888392278838,OAKLEY,,AOO1590AT,Accesorios,ACCESSORY CASE,,,000023,Gris,,,0001339566,00,,Unisex,,O_matter,,,,,,,"27,00","12,27",
5578,accesorio,888392284266,OAKLEY,,AOO1590AT,Accesorios,ACCESSORY CASE,,,000024,Gris/Negro,,,0001339566,00,,Unisex,,O_matter,,,,,,,"27,00","12,27",
5579,accesorio,888392284280,OAKLEY,,AOO1590AT,Accesorios,ACCESSORY CASE,,,000026,Subdued USA,,,0001339566,00,,Unisex,,O_matter,,,,,,,"27,00","12,27",
5580,accesorio,888392284273,OAKLEY,,AOO1590AT,Accesorios,ACCESSORY CASE,,,000027,USA Flag,,,0001339566,00,,Unisex,,O_matter,,,,,,,"27,00","12,27",
5581,accesorio,888392395160,OAKLEY,,AOO1590AT,Accesorios,ACCESSORY CASE,,,000051,Negro,,,0001339566,00,,Unisex,,O_matter,,,,,,,"32,00","14,55",
5582,accesorio,700285073460,OAKLEY,,AOO1670AT,Accesorios,SPORT CASES,,,000006,Negro,,,0001339566,00,,Unisex,,,,,,,,,"27,00","12,27",
5583,accesorio,700285070254,OAKLEY,,AOO1670AT,Accesorios,SPORT CASES,,,000013,Negro,,,0001339566,00,,Unisex,,,,,,,,,"27,00","12,27",
5584,accesorio,700285070056,OAKLEY,,AOO1670AT,Accesorios,SPORT CASES,,,000015,,,,0001339566,00,,Unisex,,,,,,,,,"27,00","12,27",
5585,accesorio,700285809809,OAKLEY,,AOO1670AT,Accesorios,SPORT CASES,,,000019,Negro,,,0001339566,00,,Unisex,,,,,,,,,"37,00","16,82",
5586,accesorio,888392153234,OAKLEY,,AOO1670AT,Accesorios,SPORT CASES,,,000026,Negro,,,0001339566,00,,Unisex,,,,,,,,,"27,00","12,27",
5587,accesorio,700285135380,OAKLEY,,AOO9006LS,Accesorios,FIVES 3.0,,,000002,,,Black Iridium,0001339566,54,,Hombre,Rectangular,,,,,,,,"68,00","30,91",
5588,accesorio,700285135403,OAKLEY,,AOO9006LS,Accesorios,FIVES 3.0,,,000003,,,Black Iridium Polarized,0001339566,54,,Hombre,Rectangular,,,X,,,,,"118,00","53,64",
5589,accesorio,700285135366,OAKLEY,,AOO9006LS,Accesorios,FIVES 3.0,,,000008,,,Gris,0001339566,54,,Hombre,Rectangular,,,,,,,,"58,00","26,36",
5590,accesorio,700285099903,OAKLEY,,AOO9006LS,Accesorios,FIVES 3.0,,,000009,,,Polarized Gris,0001339566,54,,Hombre,Rectangular,,,X,,,,,"108,00","49,09",
5591,accesorio,888392113221,OAKLEY,,AOO9008LS,Accesorios,FLAK JACKET,,,000006,,,Prizm Deep Water Polarized,0001339566,63,,Unisex,Rectangular,,,X,,,,,"118,00","53,64",
5592,accesorio,888392109354,OAKLEY,,AOO9008LS,Accesorios,FLAK JACKET,,,000007,,,Prizm Field,0001339566,63,,Unisex,Rectangular,,,,,,,,"78,00","35,45",
5593,accesorio,888392109361,OAKLEY,,AOO9008LS,Accesorios,FLAK JACKET,,,000008,,,Prizm Golf,0001339566,63,,Unisex,Rectangular,,,,,,,,"78,00","35,45",
5594,accesorio,888392109378,OAKLEY,,AOO9008LS,Accesorios,FLAK JACKET,,,000009,,,Prizm Road,0001339566,63,,Unisex,Rectangular,,,,,,,,"78,00","35,45",
5595,accesorio,888392113238,OAKLEY,,AOO9008LS,Accesorios,FLAK JACKET,,,000010,,,Prizm Shallow Water Polarized,0001339566,63,,Unisex,Rectangular,,,X,,,,,"118,00","53,64",
5596,accesorio,888392109385,OAKLEY,,AOO9008LS,Accesorios,FLAK JACKET,,,000011,,,Prizm Trail,0001339566,63,,Unisex,Rectangular,,,,,,,,"78,00","35,45",
5597,accesorio,700285136448,OAKLEY,,AOO9008LS,Accesorios,FLAK JACKET,,,000024,,,Black Iridium,0001339566,63,,Unisex,Rectangular,,,,,,,,"68,00","30,91",
5598,accesorio,700285136516,OAKLEY,,AOO9008LS,Accesorios,FLAK JACKET,,,000025,,,Black Iridium Polarized,0001339566,63,,Unisex,Rectangular,,,X,,,,,"118,00","53,64",
5599,accesorio,700285136424,OAKLEY,,AOO9008LS,Accesorios,FLAK JACKET,,,000027,,,Transparente,0001339566,63,,Unisex,Rectangular,,,,,,,,"58,00","26,36",
5600,accesorio,700285137278,OAKLEY,,AOO9008LS,Accesorios,FLAK JACKET,,,000031,,,Fire Iridium Polarized,0001339566,63,,Unisex,Rectangular,,,X,,,,,"118,00","53,64",
5601,accesorio,700285062105,OAKLEY,,AOO9009KT,Accesorios,FLAK JACKET EARSOCK/NOSEPAD KI,,,000001,Negro,,,0001339566,00,,Unisex,,O_matter,,,,,,,"17,00","7,73",
5602,accesorio,700285062143,OAKLEY,,AOO9009KT,Accesorios,FLAK JACKET EARSOCK/NOSEPAD KI,,,000002,Rojo,,,0001339566,00,,Unisex,,O_matter,,,,,,,"17,00","7,73",
5603,accesorio,700285062112,OAKLEY,,AOO9009KT,Accesorios,FLAK JACKET EARSOCK/NOSEPAD KI,,,000003,Rootbeer,,,0001339566,00,,Unisex,,O_matter,,,,,,,"17,00","7,73",
5604,accesorio,700285062136,OAKLEY,,AOO9009KT,Accesorios,FLAK JACKET EARSOCK/NOSEPAD KI,,,000004,Pizarra,,,0001339566,00,,Unisex,,O_matter,,,,,,,"17,00","7,73",
5605,accesorio,700285062129,OAKLEY,,AOO9009KT,Accesorios,FLAK JACKET EARSOCK/NOSEPAD KI,,,000005,Blanco,,,0001339566,00,,Unisex,,O_matter,,,,,,,"17,00","7,73",
5606,accesorio,700285519692,OAKLEY,,AOO9009KT,Accesorios,FLAK JACKET EARSOCK/NOSEPAD KI,,,000007,Azul,,,0001339566,00,,Unisex,,O_matter,,,,,,,"17,00","7,73",
5607,accesorio,700285005355,OAKLEY,,AOO9009LS,Accesorios,FLAK JACKET XLJ,,,000011,,,Black Iridium Polarized,0001339566,63,,Unisex,Rectangular,,,X,,,,,"118,00","53,64",
5608,accesorio,888392109415,OAKLEY,,AOO9009LS,Accesorios,FLAK JACKET XLJ,,,000049,,,Prizm Daily Polarized,0001339566,63,,Unisex,Rectangular,,,X,,,,,"128,00","58,18",
5609,accesorio,888392109446,OAKLEY,,AOO9009LS,Accesorios,FLAK JACKET XLJ,,,000050,,,Prizm Golf,0001339566,63,,Unisex,Rectangular,,,,,,,,"78,00","35,45",
5610,accesorio,888392109453,OAKLEY,,AOO9009LS,Accesorios,FLAK JACKET XLJ,,,000051,,,Prizm Road,0001339566,63,,Unisex,Rectangular,,,,,,,,"78,00","35,45",
5611,accesorio,888392109460,OAKLEY,,AOO9009LS,Accesorios,FLAK JACKET XLJ,,,000052,,,Prizm Trail,0001339566,63,,Unisex,Rectangular,,,,,,,,"78,00","35,45",
5612,accesorio,888392113245,OAKLEY,,AOO9009LS,Accesorios,FLAK JACKET XLJ,,,000064,,,Prizm Deep Water Polarized,0001339566,63,,Unisex,Rectangular,,,X,,,,,"128,00","58,18",
5613,accesorio,888392109439,OAKLEY,,AOO9009LS,Accesorios,FLAK JACKET XLJ,,,000065,,,Prizm Field,0001339566,63,,Unisex,Rectangular,,,,,,,,"78,00","35,45",
5614,accesorio,888392113252,OAKLEY,,AOO9009LS,Accesorios,FLAK JACKET XLJ,,,000066,,,Prizm Shallow Water Polarized,0001339566,63,,Unisex,Rectangular,,,X,,,,,"128,00","58,18",
5615,accesorio,700285136554,OAKLEY,,AOO9009LS,Accesorios,FLAK JACKET XLJ,,,000069,,,Black Iridium,0001339566,63,,Unisex,Rectangular,,,,,,,,"68,00","30,91",
5616,accesorio,700285136530,OAKLEY,,AOO9009LS,Accesorios,FLAK JACKET XLJ,,,000070,,,Transparente,0001339566,63,,Unisex,Rectangular,,,,,,,,"58,00","26,36",
5617,accesorio,700285137322,OAKLEY,,AOO9009LS,Accesorios,FLAK JACKET XLJ,,,000073,,,Fire Iridium Polarized,0001339566,63,,Unisex,Rectangular,,,X,,,,,"118,00","53,64",
5618,accesorio,700285137339,OAKLEY,,AOO9009LS,Accesorios,FLAK JACKET XLJ,,,000081,,,Ice Iridium Polarized,0001339566,63,,Unisex,Rectangular,,,X,,,,,"118,00","53,64",
5619,accesorio,700285136622,OAKLEY,,AOO9009LS,Accesorios,FLAK JACKET XLJ,,,000103,,,Black Iridium Polarized,0001339566,63,,Unisex,Rectangular,,,X,,,,,"118,00","53,64",
5620,accesorio,888392316264,OAKLEY,,AOO9013LS,Accesorios,FROGSKINS,,,000001,,,Prizm Black,0001339566,53,,Unisex,Cuadrada,,,,,,,,"78,00","35,45",
5621,accesorio,888392316271,OAKLEY,,AOO9013LS,Accesorios,FROGSKINS,,,000002,,,Prizm Black Polarized,0001339566,53,,Unisex,Cuadrada,,,X,,,,,"128,00","58,18",
5622,accesorio,888392426666,OAKLEY,,AOO9013LS,Accesorios,FROGSKINS,,,000003,,,Prizm Rose Gold Polarized,0001339566,53,,Unisex,Cuadrada,,,X,,,,,"128,00","58,18",
5623,accesorio,888392316288,OAKLEY,,AOO9013LS,Accesorios,FROGSKINS,,,000005,,,Prizm Grey,0001339566,53,,Unisex,Cuadrada,,,,,,,,"68,00","30,91",
5624,accesorio,888392316295,OAKLEY,,AOO9013LS,Accesorios,FROGSKINS,,,000006,,,Prizm Grey Polarized,0001339566,53,,Unisex,Cuadrada,,,X,,,,,"118,00","53,64",
5625,accesorio,888392316325,OAKLEY,,AOO9013LS,Accesorios,FROGSKINS,,,000007,,,Prizm Jade,0001339566,53,,Unisex,Cuadrada,,,,,,,,"78,00","35,45",
5626,accesorio,888392316332,OAKLEY,,AOO9013LS,Accesorios,FROGSKINS,,,000008,,,Prizm Jade Polarized,0001339566,53,,Unisex,Cuadrada,,,X,,,,,"128,00","58,18",
5627,accesorio,888392316363,OAKLEY,,AOO9013LS,Accesorios,FROGSKINS,,,000009,,,Prizm Ruby,0001339566,53,,Unisex,Cuadrada,,,,,,,,"78,00","35,45",
5628,accesorio,888392316370,OAKLEY,,AOO9013LS,Accesorios,FROGSKINS,,,000010,,,Prizm Ruby Polarized,0001339566,53,,Unisex,Cuadrada,,,X,,,,,"128,00","58,18",
5629,accesorio,888392316301,OAKLEY,,AOO9013LS,Accesorios,FROGSKINS,,,000011,,,Prizm Sapphire,0001339566,53,,Unisex,Cuadrada,,,,,,,,"78,00","35,45",
5630,accesorio,888392316318,OAKLEY,,AOO9013LS,Accesorios,FROGSKINS,,,000012,,,Prizm Sapphire Polarized,0001339566,53,,Unisex,Cuadrada,,,X,,,,,"128,00","58,18",
5631,accesorio,888392316349,OAKLEY,,AOO9013LS,Accesorios,FROGSKINS,,,000014,,,Prizm Tungsten,0001339566,53,,Unisex,Cuadrada,,,,,,,,"78,00","35,45",
5632,accesorio,888392316356,OAKLEY,,AOO9013LS,Accesorios,FROGSKINS,,,000015,,,Prizm Tungsten Polarized,0001339566,53,,Unisex,Cuadrada,,,X,,,,,"128,00","58,18",
5633,accesorio,700285843940,OAKLEY,,AOO9013LS,Accesorios,FROGSKINS,,,000016,,,24K Iridium Polarized,0001339566,53,,Unisex,Cuadrada,,,X,,,,,"118,00","53,64",
5634,accesorio,700285595429,OAKLEY,,AOO9013LS,Accesorios,FROGSKINS,,,000022,,,Black Iridium,0001339566,53,,Unisex,Cuadrada,,,,,,,,"68,00","30,91",
5635,accesorio,700285595436,OAKLEY,,AOO9013LS,Accesorios,FROGSKINS,,,000024,,,Black Iridium Polarized,0001339566,53,,Unisex,Cuadrada,,,X,,,,,"118,00","53,64",
5636,accesorio,700285595535,OAKLEY,,AOO9013LS,Accesorios,FROGSKINS,,,000042,,,Violet Iridium,0001339566,53,,Unisex,Cuadrada,,,,,,,,"68,00","30,91",
5637,accesorio,700285891538,OAKLEY,,AOO9013LS,Accesorios,FROGSKINS,,,000043,,,Violet Iridium Polarized,0001339566,53,,Unisex,Cuadrada,,,X,,,,,"118,00","53,64",
5638,accesorio,700285891545,OAKLEY,,AOO9013LS,Accesorios,FROGSKINS,,,000044,,,Chrome Iridium Polarized,0001339566,53,,Unisex,Cuadrada,,,X,,,,,"118,00","53,64",
5639,accesorio,888392457264,OAKLEY,,AOO9013LS,Accesorios,FROGSKINS,,,000051,,,Prizm Violet,0001339566,53,,Unisex,Cuadrada,,,,,,,,"78,00","35,45",
5640,accesorio,700285135038,OAKLEY,,AOO9014LS,Accesorios,GASCAN,,,000002,,,Black Iridium,0001339566,60,,Hombre,Rectangular,,,,60,36,128,15,"68,00","30,91",
5641,accesorio,700285135052,OAKLEY,,AOO9014LS,Accesorios,GASCAN,,,000003,,,Black Iridium Polarized,0001339566,60,,Hombre,Rectangular,,,X,60,36,128,15,"118,00","53,64",
5642,accesorio,700285134994,OAKLEY,,AOO9014LS,Accesorios,GASCAN,,,000010,,,Gris,0001339566,60,,Hombre,Rectangular,,,,60,36,128,15,"58,00","26,36",
5643,accesorio,700285122281,OAKLEY,,AOO9014LS,Accesorios,GASCAN,,,000011,,,Polarized Gris,0001339566,60,,Hombre,Rectangular,,,X,60,36,128,15,"108,00","49,09",
5644,accesorio,700285135236,OAKLEY,,AOO9014LS,Accesorios,GASCAN,,,000012,,,Ice Iridium,0001339566,60,,Hombre,Rectangular,,,,60,36,128,15,"68,00","30,91",
5645,accesorio,888392427571,OAKLEY,,AOO9014LS,Accesorios,GASCAN,,,000020,,,Prizm Sapphire,0001339566,60,,Hombre,Rectangular,,,,60,36,128,15,"78,00","35,45",
5646,accesorio,888392562876,OAKLEY,,AOO9018LS,Accesorios,OJECTOR,,,000001,,,Prizm Grey,0001339566,55,,Hombre,Rectangular,,,,,,,20,"68,00","30,91",
5647,accesorio,888392562883,OAKLEY,,AOO9018LS,Accesorios,OJECTOR,,,000002,,,Prizm Sapphire,0001339566,55,,Hombre,Rectangular,,,,,,,20,"78,00","35,45",
5648,accesorio,888392562890,OAKLEY,,AOO9018LS,Accesorios,OJECTOR,,,000003,,,Prizm Violet,0001339566,55,,Hombre,Rectangular,,,,,,,20,"78,00","35,45",
5649,accesorio,888392562906,OAKLEY,,AOO9018LS,Accesorios,OJECTOR,,,000004,,,Prizm Black Polarized,0001339566,55,,Hombre,Rectangular,,,X,,,,20,"128,00","58,18",
5650,accesorio,888392562913,OAKLEY,,AOO9018LS,Accesorios,OJECTOR,,,000005,,,Prizm Tungsten Polarized,0001339566,55,,Hombre,Rectangular,,,X,,,,20,"128,00","58,18",
5651,accesorio,888392562920,OAKLEY,,AOO9018LS,Accesorios,OJECTOR,,,000006,,,Prizm Rose Gold Polarized,0001339566,55,,Hombre,Rectangular,,,X,,,,20,"128,00","58,18",
5652,accesorio,888392558589,OAKLEY,,AOO9019LS,Accesorios,PLAZMA REPL LENS,,,000001,,,Prizm Grey,0001339566,59,,Hombre,Rectangular,,,,,,,18,"68,00","30,91",
5653,accesorio,888392558602,OAKLEY,,AOO9019LS,Accesorios,PLAZMA REPL LENS,,,000003,,,Prizm Road,0001339566,59,,Hombre,Rectangular,,,,,,,18,"78,00","35,45",
5654,accesorio,888392558626,OAKLEY,,AOO9019LS,Accesorios,PLAZMA REPL LENS,,,000005,,,Prizm Trail Torch,0001339566,59,,Hombre,Rectangular,,,,,,,18,"78,00","35,45",
5655,accesorio,888392558633,OAKLEY,,AOO9019LS,Accesorios,PLAZMA REPL LENS,,,000006,,,Clear To Black Iridium Photochromic,0001339566,59,,Hombre,Rectangular,,X,,,,,18,"118,00","53,64",
5656,accesorio,888392558640,OAKLEY,,AOO9019LS,Accesorios,PLAZMA REPL LENS,,,000007,,,Prizm Sapphire Polarized,0001339566,59,,Hombre,Rectangular,,,X,,,,18,"128,00","58,18",
5657,accesorio,700285081250,OAKLEY,,AOO9038LS,Accesorios,STRAIGHT JACKET (A),,,000006,,,Black Iridium Polarized,0001339566,59,,Hombre,Rectangular,,,X,,,,,"118,00","53,64",
5658,accesorio,888392016300,OAKLEY,,AOO9039KT,Accesorios,STRAIGHT JACKET,,,000001,Negro,,,0001339566,00,,Hombre,,O_matter,,,,,,,"17,00","7,73",
5659,accesorio,700285081236,OAKLEY,,AOO9039LS,Accesorios,STRAIGHT JACKET,,,000002,,,Black Iridium,0001339566,61,,Hombre,Rectangular,,,,,,,,"68,00","30,91",
5660,accesorio,700285151960,OAKLEY,,AOO9039LS,Accesorios,STRAIGHT JACKET,,,000007,,,Gris,0001339566,61,,Hombre,Rectangular,,,,,,,,"58,00","26,36",
5661,accesorio,700285151977,OAKLEY,,AOO9039LS,Accesorios,STRAIGHT JACKET,,,000008,,,Ice Iridium,0001339566,61,,Hombre,Rectangular,,,,,,,,"68,00","30,91",
5662,accesorio,700285112688,OAKLEY,,AOO9051LS,Accesorios,RADAR PATH,,,000026,,,Black Iridium,0001339566,33,,Unisex,Pantalla,,,,,,,,"78,00","35,45",
5663,accesorio,700285112718,OAKLEY,,AOO9051LS,Accesorios,RADAR PATH,,,000027,,,Black Iridium Polarized,0001339566,33,,Unisex,Pantalla,,,X,,,,,"128,00","58,18",
5664,accesorio,700285112565,OAKLEY,,AOO9052LS,Accesorios,RADAR PITCH,,,000024,,,Black Iridium Polarized,0001339566,35,,Unisex,Pantalla,,,X,,,,,"128,00","58,18",
5665,accesorio,700285067063,OAKLEY,,AOO9060LS,Accesorios,BALLISTIC M FRAME STRIKE,,,000021,,,Transparente,0001339566,34,,Unisex,Pantalla,,,,,,,,"68,00","30,91",
5666,accesorio,700285067469,OAKLEY,,AOO9060LS,Accesorios,BALLISTIC M FRAME STRIKE,,,000023,,,Gris,0001339566,34,,Unisex,Pantalla,,,,,,,,"68,00","30,91",
5667,accesorio,700285166308,OAKLEY,,AOO9070LS,Accesorios,OIL RIG,,,000001,,,Black Iridium Polarized,0001339566,26,,Hombre,Pantalla,,,X,,,,,"128,00","58,18",
5668,accesorio,700285166407,OAKLEY,,AOO9070LS,Accesorios,OIL RIG,,,000008,,,Ice Iridium,0001339566,26,,Hombre,Pantalla,,,,,,,,"78,00","35,45",
5669,accesorio,700285166292,OAKLEY,,AOO9081LS,Accesorios,OIL RIG,,,000002,,,Black Iridium,0001339566,28,,Hombre,Pantalla,,,,,,,,"68,00","30,91",
5670,accesorio,700285519777,OAKLEY,,AOO9089TE,Accesorios,RACING JACKET EARSOCK KIT,,,000001,Negro,,,0001339566,00,,Hombre,,O_matter,,,,,,,"17,00","7,73",
5671,accesorio,700285417530,OAKLEY,,AOO9096LS,Accesorios,FUEL CELL,,,000001,,,Black Iridium,0001339566,60,,Hombre,Rectangular,,,,,,,,"68,00","30,91",
5672,accesorio,700285417547,OAKLEY,,AOO9096LS,Accesorios,FUEL CELL,,,000003,,,Black Iridium Polarized,0001339566,60,,Hombre,Rectangular,,,X,,,,,"118,00","53,64",
5673,accesorio,700285891002,OAKLEY,,AOO9096LS,Accesorios,FUEL CELL,,,000005,,,Chrome Iridium Polarized,0001339566,60,,Hombre,Rectangular,,,X,,,,,"118,00","53,64",
5674,accesorio,700285417585,OAKLEY,,AOO9096LS,Accesorios,FUEL CELL,,,000008,,,Fire Iridium,0001339566,60,,Hombre,Rectangular,,,,,,,,"68,00","30,91",
5675,accesorio,700285417592,OAKLEY,,AOO9096LS,Accesorios,FUEL CELL,,,000011,,,Polarized Gris,0001339566,60,,Hombre,Rectangular,,,X,,,,,"108,00","49,09",
5676,accesorio,700285417608,OAKLEY,,AOO9096LS,Accesorios,FUEL CELL,,,000012,,,Ice Iridium,0001339566,60,,Hombre,Rectangular,,,,,,,,"68,00","30,91",
5677,accesorio,700285696966,OAKLEY,,AOO9096LS,Accesorios,FUEL CELL,,,000013,,,Jade Iridium,0001339566,60,,Hombre,Rectangular,,,,,,,,"68,00","30,91",
5678,accesorio,700285417646,OAKLEY,,AOO9096LS,Accesorios,FUEL CELL,,,000019,,,Gris Cálido,0001339566,60,,Hombre,Rectangular,,,,,,,,"58,00","26,36",
5679,accesorio,700285890999,OAKLEY,,AOO9096LS,Accesorios,FUEL CELL,,,000020,,,Violet Iridium Polarized,0001339566,60,,Hombre,Rectangular,,,X,,,,,"118,00","53,64",
5680,accesorio,700285417639,OAKLEY,,AOO9096LS,Accesorios,FUEL CELL,,,000022,,,Vr28 Black Iridium Polarized,0001339566,60,,Hombre,Rectangular,,,X,,,,,"118,00","53,64",
5681,accesorio,700285843841,OAKLEY,,AOO9096LS,Accesorios,FUEL CELL,,,000024,,,Ice Iridium Polarized,0001339566,60,,Hombre,Rectangular,,,X,,,,,"118,00","53,64",
5682,accesorio,700285843858,OAKLEY,,AOO9096LS,Accesorios,FUEL CELL,,,000025,,,Ruby Iridium Polarized,0001339566,60,,Hombre,Rectangular,,,X,,,,,"118,00","53,64",
5683,accesorio,888392389640,OAKLEY,,AOO9096LS,Accesorios,FUEL CELL,,,000027,,,Prizm Jade,0001339566,60,,Hombre,Rectangular,,,,,,,,"78,00","35,45",
5684,accesorio,888392389671,OAKLEY,,AOO9096LS,Accesorios,FUEL CELL,,,000028,,,Prizm Black,0001339566,60,,Hombre,Rectangular,,,,,,,,"78,00","35,45",
5685,accesorio,888392427618,OAKLEY,,AOO9096LS,Accesorios,FUEL CELL,,,000033,,,Prizm Ruby,0001339566,60,,Hombre,Rectangular,,,,,,,,"78,00","35,45",
5686,accesorio,888392581754,OAKLEY,,AOO9100LS,Accesorios,LEFFINGWELL,,,000001,,,Prizm Grey,0001339566,57,,Hombre,Rectangular,,,,57,45,134,17,"68,00","30,91",
5687,accesorio,888392581761,OAKLEY,,AOO9100LS,Accesorios,LEFFINGWELL,,,000002,,,Prizm Tungsten,0001339566,57,,Hombre,Rectangular,,,,57,45,134,17,"78,00","35,45",
5688,accesorio,888392581785,OAKLEY,,AOO9100LS,Accesorios,LEFFINGWELL,,,000004,,,Prizm Black Polarized,0001339566,57,,Hombre,Rectangular,,,X,57,45,134,17,"128,00","58,18",
5689,accesorio,888392581792,OAKLEY,,AOO9100LS,Accesorios,LEFFINGWELL,,,000005,,,Prizm 24k Polarized,0001339566,57,,Hombre,Rectangular,,,X,57,45,134,17,"128,00","58,18",
5690,accesorio,888392581808,OAKLEY,,AOO9100LS,Accesorios,LEFFINGWELL,,,000006,,,Prizm Deep Water Polarized,0001339566,57,,Hombre,Rectangular,,,X,57,45,134,17,"128,00","58,18",
5691,accesorio,700285675008,OAKLEY,,AOO9101GL,Accesorios,BATWOLF ICON KIT,,,000005,Azul,,,0001339566,00,,Hombre,,O_matter,,,,,,,"11,00","5,00",
5692,accesorio,700285674971,OAKLEY,,AOO9101GL,Accesorios,BATWOLF ICON KIT,,,000006,Verde,,,0001339566,00,,Hombre,,O_matter,,,,,,,"11,00","5,00",
5693,accesorio,700285674995,OAKLEY,,AOO9101GL,Accesorios,BATWOLF ICON KIT,,,000007,Naranja,,,0001339566,00,,Hombre,,O_matter,,,,,,,"11,00","5,00",
5694,accesorio,888392151384,OAKLEY,,AOO9101GL,Accesorios,BATWOLF ICON KIT,,,000009,Placa Diamante Cromo,,,0001339566,00,,Hombre,,O_matter,,,,,,,"11,00","5,00",
5695,accesorio,700285560724,OAKLEY,,AOO9101GL,Accesorios,BATWOLF ICON KIT,,,000019,Fibra de Carbono,,,0001339566,00,,Hombre,,O_matter,,,,,,,"11,00","5,00",
5696,accesorio,700285560700,OAKLEY,,AOO9101GL,Accesorios,BATWOLF ICON KIT,,,000021,Gunmetal,,,0001339566,00,,Hombre,,O_matter,,,,,,,"11,00","5,00",
5697,accesorio,700285560717,OAKLEY,,AOO9101GL,Accesorios,BATWOLF ICON KIT,,,000026,Negro Mate,,,0001339566,00,,Hombre,,O_matter,,,,,,,"11,00","5,00",
5698,accesorio,700285464176,OAKLEY,,AOO9101GL,Accesorios,BATWOLF ICON KIT,,,000028,Cromo Pulido,,,0001339566,00,,Hombre,,O_matter,,,,,,,"11,00","5,00",
5699,accesorio,700285464152,OAKLEY,,AOO9101GL,Accesorios,BATWOLF ICON KIT,,,000029,Oro Pulido,,,0001339566,00,,Hombre,,O_matter,,,,,,,"11,00","5,00",
5700,accesorio,700285464213,OAKLEY,,AOO9101GL,Accesorios,BATWOLF ICON KIT,,,000030,Rojo Anodizado,,,0001339566,00,,Hombre,,O_matter,,,,,,,"11,00","5,00",
5701,accesorio,888392153111,OAKLEY,,AOO9101GL,Accesorios,BATWOLF ICON KIT,,,000031,Bandera de Texas,,,0001339566,00,,Hombre,,O_matter,,,,,,,"11,00","5,00",
5702,accesorio,888392153128,OAKLEY,,AOO9101GL,Accesorios,BATWOLF ICON KIT,,,000032,USA Flag,,,0001339566,00,,Unisex,,O_matter,,,,,,,"11,00","5,00",
5703,accesorio,700285464121,OAKLEY,,AOO9101GL,Accesorios,BATWOLF ICON KIT,,,000039,Negro Pulido,,,0001339566,00,,Hombre,,O_matter,,,,,,,"11,00","5,00",
5704,accesorio,700285464138,OAKLEY,,AOO9101GL,Accesorios,BATWOLF ICON KIT,,,000040,Blanco Pulido,,,0001339566,00,,Hombre,,O_matter,,,,,,,"11,00","5,00",
5705,accesorio,700285890982,OAKLEY,,AOO9101LS,Accesorios,BATWOLF,,,000001,,,Chrome Iridium Polarized,0001339566,27,,Hombre,Pantalla,,,X,,,,,"128,00","58,18",
5706,accesorio,700285843827,OAKLEY,,AOO9101LS,Accesorios,BATWOLF,,,000003,,,24K Iridium Polarized,0001339566,27,,Hombre,Pantalla,,,X,,,,,"128,00","58,18",
5707,accesorio,700285524771,OAKLEY,,AOO9101LS,Accesorios,BATWOLF,,,000005,,,Black Iridium Polarized,0001339566,27,,Hombre,Pantalla,,,X,,,,,"128,00","58,18",
5708,accesorio,700285524764,OAKLEY,,AOO9101LS,Accesorios,BATWOLF,,,000006,,,Black Iridium,0001339566,27,,Hombre,Pantalla,,,,,,,,"78,00","35,45",
5709,accesorio,888392146090,OAKLEY,,AOO9101LS,Accesorios,BATWOLF,,,000008,,,Chrome Iridium,0001339566,27,,Hombre,Pantalla,,,,,,,,"78,00","35,45",
5710,accesorio,700285524818,OAKLEY,,AOO9101LS,Accesorios,BATWOLF,,,000012,,,Fire Iridium,0001339566,27,,Hombre,Pantalla,,,,,,,,"78,00","35,45",
5711,accesorio,700285843810,OAKLEY,,AOO9101LS,Accesorios,BATWOLF,,,000021,,,Ruby Iridium Polarized,0001339566,27,,Hombre,Pantalla,,,X,,,,,"128,00","58,18",
5712,accesorio,700285524849,OAKLEY,,AOO9101LS,Accesorios,BATWOLF,,,000022,,,Ruby Iridium,0001339566,27,,Hombre,Pantalla,,,,,,,,"78,00","35,45",
5713,accesorio,888392146113,OAKLEY,,AOO9101LS,Accesorios,BATWOLF,,,000023,,,Sapphire Iridium,0001339566,27,,Hombre,Pantalla,,,,,,,,"78,00","35,45",
5714,accesorio,888392146083,OAKLEY,,AOO9101LS,Accesorios,BATWOLF,,,000030,,,Jade Iridium Polarized,0001339566,27,,Hombre,Pantalla,,,X,,,,,"128,00","58,18",
5715,accesorio,888392247469,OAKLEY,,AOO9101LS,Accesorios,BATWOLF,,,000031,,,Prizm Daily Polarized,0001339566,27,,Hombre,Pantalla,,,X,,,,,"138,00","62,73",
5716,accesorio,888392146120,OAKLEY,,AOO9101LS,Accesorios,BATWOLF,,,000032,,,Sapphire Iridium Polarized,0001339566,27,,Hombre,Pantalla,,,X,,,,,"128,00","58,18",
5717,accesorio,888392389701,OAKLEY,,AOO9101LS,Accesorios,BATWOLF,,,000033,,,Prizm Black,0001339566,27,,Hombre,Pantalla,,,,,,,,"88,00","40,00",
5718,accesorio,888392389718,OAKLEY,,AOO9101LS,Accesorios,BATWOLF,,,000034,,,Prizm Sapphire,0001339566,27,,Hombre,Pantalla,,,,,,,,"88,00","40,00",
5719,accesorio,888392313201,OAKLEY,,AOO9102LS,Accesorios,HOLBROOK,,,000001,,,Prizm Black,0001339566,57,,Hombre,Cuadrada,,,,,,,,"78,00","35,45",
5720,accesorio,888392313218,OAKLEY,,AOO9102LS,Accesorios,HOLBROOK,,,000002,,,Prizm Black Polarized,0001339566,57,,Hombre,Cuadrada,,,X,,,,,"128,00","58,18",
5721,accesorio,888392313225,OAKLEY,,AOO9102LS,Accesorios,HOLBROOK,,,000006,,,Prizm Grey,0001339566,57,,Hombre,Cuadrada,,,,,,,,"68,00","30,91",
5722,accesorio,888392313232,OAKLEY,,AOO9102LS,Accesorios,HOLBROOK,,,000007,,,Prizm Grey Polarized,0001339566,57,,Hombre,Cuadrada,,,X,,,,,"118,00","53,64",
5723,accesorio,888392313294,OAKLEY,,AOO9102LS,Accesorios,HOLBROOK,,,000008,,,Prizm Jade,0001339566,57,,Hombre,Cuadrada,,,,,,,,"78,00","35,45",
5724,accesorio,888392313300,OAKLEY,,AOO9102LS,Accesorios,HOLBROOK,,,000009,,,Prizm Jade Polarized,0001339566,57,,Hombre,Cuadrada,,,X,,,,,"128,00","58,18",
5725,accesorio,888392313331,OAKLEY,,AOO9102LS,Accesorios,HOLBROOK,,,000010,,,Prizm Ruby,0001339566,57,,Hombre,Cuadrada,,,,,,,,"78,00","35,45",
5726,accesorio,888392313348,OAKLEY,,AOO9102LS,Accesorios,HOLBROOK,,,000011,,,Prizm Ruby Polarized,0001339566,57,,Hombre,Cuadrada,,,X,,,,,"128,00","58,18",
5727,accesorio,888392313249,OAKLEY,,AOO9102LS,Accesorios,HOLBROOK,,,000012,,,Prizm Sapphire,0001339566,57,,Hombre,Cuadrada,,,,,,,,"78,00","35,45",
5728,accesorio,888392313256,OAKLEY,,AOO9102LS,Accesorios,HOLBROOK,,,000013,,,Prizm Sapphire Polarized,0001339566,57,,Hombre,Cuadrada,,,X,,,,,"128,00","58,18",
5729,accesorio,888392313317,OAKLEY,,AOO9102LS,Accesorios,HOLBROOK,,,000016,,,Prizm Tungsten,0001339566,57,,Hombre,Cuadrada,,,,,,,,"78,00","35,45",
5730,accesorio,888392313324,OAKLEY,,AOO9102LS,Accesorios,HOLBROOK,,,000017,,,Prizm Tungsten Polarized,0001339566,57,,Hombre,Cuadrada,,,X,,,,,"128,00","58,18",
5731,accesorio,700285480077,OAKLEY,,AOO9102LS,Accesorios,HOLBROOK,,,000018,,,24K Iridium,0001339566,57,,Hombre,Cuadrada,,,,,,,,"68,00","30,91",
5732,accesorio,700285843902,OAKLEY,,AOO9102LS,Accesorios,HOLBROOK,,,000019,,,24K Iridium Polarized,0001339566,57,,Hombre,Cuadrada,,,X,,,,,"118,00","53,64",
5733,accesorio,700285677231,OAKLEY,,AOO9102LS,Accesorios,HOLBROOK,,,000020,,,Black Iridium,0001339566,57,,Hombre,Cuadrada,,,,,,,,"68,00","30,91",
5734,accesorio,700285677255,OAKLEY,,AOO9102LS,Accesorios,HOLBROOK,,,000022,,,Black Iridium Polarized,0001339566,57,,Hombre,Cuadrada,,,X,,,,,"118,00","53,64",
5735,accesorio,700285891521,OAKLEY,,AOO9102LS,Accesorios,HOLBROOK,,,000025,,,Chrome Iridium Polarized,0001339566,57,,Hombre,Cuadrada,,,X,,,,,"118,00","53,64",
5736,accesorio,700285480022,OAKLEY,,AOO9102LS,Accesorios,HOLBROOK,,,000026,,,Chrome Iridium,0001339566,57,,Hombre,Cuadrada,,,,,,,,"68,00","30,91",
5737,accesorio,888392262257,OAKLEY,,AOO9102LS,Accesorios,HOLBROOK,,,000036,,,Prizm Golf,0001339566,57,,Hombre,Cuadrada,,,,,,,,"78,00","35,45",
5738,accesorio,700285891255,OAKLEY,,AOO9102LS,Accesorios,HOLBROOK,,,000042,,,Violet Iridium Polarized,0001339566,57,,Hombre,Cuadrada,,,X,,,,,"118,00","53,64",
5739,accesorio,700285480053,OAKLEY,,AOO9102LS,Accesorios,HOLBROOK,,,000043,,,Violet Iridium,0001339566,57,,Hombre,Cuadrada,,,,,,,,"68,00","30,91",
5740,accesorio,888392262295,OAKLEY,,AOO9102LS,Accesorios,HOLBROOK,,,000048,,,Prizm Deep Water Polarized,0001339566,57,,Hombre,Cuadrada,,,X,,,,,"128,00","58,18",
5741,accesorio,888392581815,OAKLEY,,AOO9126LS,Accesorios,REEDMACE,,,000001,,,Prizm Grey,0001339566,54,,Hombre,Redonda,,,,54,44,137,18,"68,00","30,91",
5742,accesorio,888392581822,OAKLEY,,AOO9126LS,Accesorios,REEDMACE,,,000002,,,Prizm Black,0001339566,54,,Hombre,Redonda,,,,54,44,137,18,"78,00","35,45",
5743,accesorio,888392581839,OAKLEY,,AOO9126LS,Accesorios,REEDMACE,,,000003,,,Prizm Sapphire,0001339566,54,,Hombre,Redonda,,,,54,44,137,18,"78,00","35,45",
5744,accesorio,888392581846,OAKLEY,,AOO9126LS,Accesorios,REEDMACE,,,000004,,,Prizm Ruby Polarized,0001339566,54,,Hombre,Redonda,,,X,54,44,137,18,"128,00","58,18",
5745,accesorio,888392577559,OAKLEY,,AOO9129LS,Accesorios,CABLES,,,000001,,,Prizm Grey,0001339566,63,,Hombre,Rectangular,,,,63,39,131,14,"68,00","30,91",
5746,accesorio,888392577573,OAKLEY,,AOO9129LS,Accesorios,CABLES,,,000003,,,Prizm Black,0001339566,63,,Hombre,Rectangular,,,,63,39,131,14,"78,00","35,45",
5747,accesorio,888392577580,OAKLEY,,AOO9129LS,Accesorios,CABLES,,,000004,,,Prizm Ruby,0001339566,63,,Hombre,Rectangular,,,,63,39,131,14,"78,00","35,45",
5748,accesorio,888392577597,OAKLEY,,AOO9129LS,Accesorios,CABLES,,,000005,,,Prizm Deep Water Polarized,0001339566,63,,Hombre,Rectangular,,,X,63,39,131,14,"128,00","58,18",
5749,accesorio,888392577603,OAKLEY,,AOO9129LS,Accesorios,CABLES,,,000006,,,Prizm Tungsten Polarized,0001339566,63,,Hombre,Rectangular,,,X,63,39,131,14,"128,00","58,18",
5750,accesorio,888392577610,OAKLEY,,AOO9129LS,Accesorios,CABLES,,,000007,,,Prizm Sapphire,0001339566,63,,Hombre,Rectangular,,,,63,39,131,14,"78,00","35,45",
5751,accesorio,888392577627,OAKLEY,,AOO9129LS,Accesorios,CABLES,,,000008,,,Prizm Violet,0001339566,63,,Hombre,Rectangular,,,,63,39,131,14,"78,00","35,45",
5752,accesorio,700285782416,OAKLEY,,AOO9135LS,Accesorios,JUPITER SQUARED,,,000012,,,Black Iridium,0001339566,56,,Hombre,Rectangular,,,,,,,,"68,00","30,91",
5753,accesorio,700285602967,OAKLEY,,AOO9135LS,Accesorios,JUPITER SQUARED,,,000014,,,Black Iridium Polarized,0001339566,56,,Hombre,Rectangular,,,X,,,,,"118,00","53,64",
5754,accesorio,888392151940,OAKLEY,,AOO9135TE,Accesorios,JUPITER SQUARED ACCY KIT,,,000001,Negro,,,0001339566,00,,Hombre,,,,,,,,,"17,00","7,73",
5755,accesorio,888392151827,OAKLEY,,AOO9144KT,Accesorios,HALF JACKET 2.0 ACCY KIT,,,000007,Azul Marino,,,0001339566,00,,Unisex,,O_matter,,,,,,,"17,00","7,73",
5756,accesorio,700285062006,OAKLEY,,AOO9144KT,Accesorios,HALF JACKET 2.0 ACCY KIT,,,000009,Negro,,,0001339566,00,,Unisex,,O_matter,,,,,,,"17,00","7,73",
5757,accesorio,888392216779,OAKLEY,,AOO9144KT,Accesorios,HALF JACKET 2.0 ACCY KIT,,,000013,Pizarra,,,0001339566,00,,Unisex,,O_matter,,,,,,,"17,00","7,73",
5758,accesorio,888392155054,OAKLEY,,AOO9144KT,Accesorios,HALF JACKET 2.0 ACCY KIT,,,000014,Azul Eléctrico,,,0001339566,00,,Unisex,,O_matter,,,,,,,"17,00","7,73",
5759,accesorio,700285605463,OAKLEY,,AOO9144KT,Accesorios,HALF JACKET 2.0 ACCY KIT,,,000015,Negro,,,0001339566,00,,Unisex,,O_matter,,,,,,,"17,00","7,73",
5760,accesorio,700285605517,OAKLEY,,AOO9144KT,Accesorios,HALF JACKET 2.0 ACCY KIT,,,000016,Azul,,,0001339566,00,,Unisex,,O_matter,,,,,,,"17,00","7,73",
5761,accesorio,700285605470,OAKLEY,,AOO9144KT,Accesorios,HALF JACKET 2.0 ACCY KIT,,,000017,Blanco,,,0001339566,00,,Unisex,,O_matter,,,,,,,"17,00","7,73",
5762,accesorio,888392155153,OAKLEY,,AOO9144KT,Accesorios,HALF JACKET 2.0 ACCY KIT,,,000018,Naranja,,,0001339566,00,,Unisex,,O_matter,,,,,,,"17,00","7,73",
5763,accesorio,888392155160,OAKLEY,,AOO9144KT,Accesorios,HALF JACKET 2.0 ACCY KIT,,,000019,Redline,,,0001339566,00,,Unisex,,O_matter,,,,,,,"17,00","7,73",
5764,accesorio,888392155146,OAKLEY,,AOO9144KT,Accesorios,HALF JACKET 2.0 ACCY KIT,,,000020,Azul Cielo,,,0001339566,00,,Unisex,,O_matter,,,,,,,"17,00","7,73",
5765,accesorio,888392155061,OAKLEY,,AOO9144KT,Accesorios,HALF JACKET 2.0 ACCY KIT,,,000021,Amarillo,,,0001339566,00,,Unisex,,O_matter,,,,,,,"17,00","7,73",
5766,accesorio,888392109712,OAKLEY,,AOO9144LS,Accesorios,HALF JACKET 2.0,,,000001,,,Prizm Daily Polarized,0001339566,62,,Unisex,Rectangular,,,X,,,,,"128,00","58,18",
5767,accesorio,888392109750,OAKLEY,,AOO9144LS,Accesorios,HALF JACKET 2.0,,,000002,,,Prizm Golf,0001339566,62,,Unisex,Rectangular,,,,,,,,"78,00","35,45",
5768,accesorio,888392109781,OAKLEY,,AOO9144LS,Accesorios,HALF JACKET 2.0,,,000003,,,Prizm Road,0001339566,62,,Unisex,Rectangular,,,,,,,,"78,00","35,45",
5769,accesorio,888392109798,OAKLEY,,AOO9144LS,Accesorios,HALF JACKET 2.0,,,000004,,,Prizm Trail,0001339566,62,,Unisex,Rectangular,,,,,,,,"78,00","35,45",
5770,accesorio,888392109767,OAKLEY,,AOO9144LS,Accesorios,HALF JACKET 2.0,,,000006,,,Prizm Deep Water Polarized,0001339566,62,,Unisex,Rectangular,,,X,,,,,"128,00","58,18",
5771,accesorio,888392109743,OAKLEY,,AOO9144LS,Accesorios,HALF JACKET 2.0,,,000007,,,Prizm Field,0001339566,62,,Unisex,Rectangular,,,,,,,,"78,00","35,45",
5772,accesorio,888392109774,OAKLEY,,AOO9144LS,Accesorios,HALF JACKET 2.0,,,000008,,,Prizm Shallow Water Polarized,0001339566,62,,Unisex,Rectangular,,,X,,,,,"118,00","53,64",
5773,accesorio,700285604060,OAKLEY,,AOO9144LS,Accesorios,HALF JACKET 2.0,,,000010,,,Black Iridium,0001339566,62,,Unisex,Rectangular,,,,,,,,"68,00","30,91",
5774,accesorio,700285604077,OAKLEY,,AOO9144LS,Accesorios,HALF JACKET 2.0,,,000012,,,Black Iridium Polarized,0001339566,62,,Unisex,Rectangular,,,X,,,,,"118,00","53,64",
5775,accesorio,700285632148,OAKLEY,,AOO9144LS,Accesorios,HALF JACKET 2.0,,,000014,,,Transparente,0001339566,62,,Unisex,Rectangular,,,,,,,,"58,00","26,36",
5776,accesorio,888392144478,OAKLEY,,AOO9144LS,Accesorios,HALF JACKET 2.0,,,000042,,,Violet Iridium Polarized,0001339566,62,,Unisex,Rectangular,,,X,,,,,"118,00","53,64",
5777,accesorio,888392458667,OAKLEY,,AOO9144LS,Accesorios,HALF JACKET 2.0,,,000053,,,Prizm Dark Golf,0001339566,62,,Unisex,Rectangular,,,,,,,,"78,00","35,45",
5778,accesorio,888392362681,OAKLEY,,AOO9144LS,Accesorios,HALF JACKET 2.0,,,000089,,,Prizm Black,0001339566,62,,Unisex,Rectangular,,,,,,,,"78,00","35,45",
5779,accesorio,888392362698,OAKLEY,,AOO9144LS,Accesorios,HALF JACKET 2.0,,,000090,,,Prizm Black Polarized,0001339566,62,,Unisex,Rectangular,,,X,,,,,"128,00","58,18",
5780,accesorio,888392362704,OAKLEY,,AOO9144LS,Accesorios,HALF JACKET 2.0,,,000091,,,Prizm Grey,0001339566,62,,Unisex,Rectangular,,,,,,,,"68,00","30,91",
5781,accesorio,888392362711,OAKLEY,,AOO9144LS,Accesorios,HALF JACKET 2.0,,,000092,,,Prizm Grey Polarized,0001339566,62,,Unisex,Rectangular,,,X,,,,,"118,00","53,64",
5782,accesorio,888392362735,OAKLEY,,AOO9144LS,Accesorios,HALF JACKET 2.0,,,000094,,,Prizm Sapphire Polarized,0001339566,62,,Unisex,Rectangular,,,X,,,,,"128,00","58,18",
5783,accesorio,888392362759,OAKLEY,,AOO9144LS,Accesorios,HALF JACKET 2.0,,,000096,,,Prizm Jade Polarized,0001339566,62,,Unisex,Rectangular,,,X,,,,,"128,00","58,18",
5784,accesorio,888392362773,OAKLEY,,AOO9144LS,Accesorios,HALF JACKET 2.0,,,000099,,,Prizm Tungsten Polarized,0001339566,62,,Unisex,Rectangular,,,X,,,,,"128,00","58,18",
5785,accesorio,888392362797,OAKLEY,,AOO9144LS,Accesorios,HALF JACKET 2.0,,,000101,,,Prizm Ruby Polarized,0001339566,62,,Unisex,Rectangular,,,X,,,,,"128,00","58,18",
5786,accesorio,700285841755,OAKLEY,,AOO9146LS,Accesorios,SI BALLISTIC M FRAME 3.0,,,000007,,,Prizm Tr22,0001339566,32,,Unisex,Pantalla,,,,,,,,"78,00","35,45",
5787,accesorio,700285841762,OAKLEY,,AOO9146LS,Accesorios,SI BALLISTIC M FRAME 3.0,,,000008,,,Prizm Tr45,0001339566,32,,Unisex,Pantalla,,,,,,,,"78,00","35,45",
5788,accesorio,888392596505,OAKLEY,,AOO9147LS,Accesorios,CASTEL,,,000001,,,Prizm Grey,0001339566,63,,Hombre,Rectangular,,,,63,50,133,12,"68,00","30,91",
5789,accesorio,888392596512,OAKLEY,,AOO9147LS,Accesorios,CASTEL,,,000002,,,Prizm Ruby,0001339566,63,,Hombre,Rectangular,,,,63,50,133,12,"78,00","35,45",
5790,accesorio,888392596529,OAKLEY,,AOO9147LS,Accesorios,CASTEL,,,000003,,,Prizm Black Polarized,0001339566,63,,Hombre,Rectangular,,,X,63,50,133,12,"128,00","58,18",
5791,accesorio,888392596536,OAKLEY,,AOO9147LS,Accesorios,CASTEL,,,000004,,,Prizm Tungsten Polarized,0001339566,63,,Hombre,Rectangular,,,X,63,50,133,12,"128,00","58,18",
5792,accesorio,888392596543,OAKLEY,,AOO9147LS,Accesorios,CASTEL,,,000005,,,Prizm Black,0001339566,63,,Hombre,Rectangular,,,,63,50,133,12,"78,00","35,45",
5793,accesorio,888392109804,OAKLEY,,AOO9154LS,Accesorios,HALF JACKET 2.0 XL,,,000004,,,Prizm Daily Polarized,0001339566,62,,Unisex,Rectangular,,,X,,,,,"128,00","58,18",
5794,accesorio,888392109835,OAKLEY,,AOO9154LS,Accesorios,HALF JACKET 2.0 XL,,,000005,,,Prizm Golf,0001339566,62,,Unisex,Rectangular,,,,,,,,"78,00","35,45",
5795,accesorio,888392109866,OAKLEY,,AOO9154LS,Accesorios,HALF JACKET 2.0 XL,,,000006,,,Prizm Road,0001339566,62,,Unisex,Rectangular,,,,,,,,"78,00","35,45",
5796,accesorio,888392109873,OAKLEY,,AOO9154LS,Accesorios,HALF JACKET 2.0 XL,,,000007,,,Prizm Trail,0001339566,62,,Unisex,Rectangular,,,,,,,,"78,00","35,45",
5797,accesorio,888392109828,OAKLEY,,AOO9154LS,Accesorios,HALF JACKET 2.0 XL,,,000008,,,Prizm Field,0001339566,62,,Unisex,Rectangular,,,,,,,,"78,00","35,45",
5798,accesorio,888392109842,OAKLEY,,AOO9154LS,Accesorios,HALF JACKET 2.0 XL,,,000010,,,Prizm Deep Water Polarized,0001339566,62,,Unisex,Rectangular,,,X,,,,,"128,00","58,18",
5799,accesorio,700285604176,OAKLEY,,AOO9154LS,Accesorios,HALF JACKET 2.0 XL,,,000013,,,Black Iridium,0001339566,62,,Unisex,Rectangular,,,,,,,,"68,00","30,91",
5800,accesorio,700285632247,OAKLEY,,AOO9154LS,Accesorios,HALF JACKET 2.0 XL,,,000015,,,Black Iridium Polarized,0001339566,62,,Unisex,Rectangular,,,X,,,,,"118,00","53,64",
5801,accesorio,700285632254,OAKLEY,,AOO9154LS,Accesorios,HALF JACKET 2.0 XL,,,000016,,,Transparente,0001339566,62,,Unisex,Rectangular,,,,,,,,"58,00","26,36",
5802,accesorio,888392362810,OAKLEY,,AOO9154LS,Accesorios,HALF JACKET 2.0 XL,,,000043,,,Prizm Black,0001339566,62,,Unisex,Rectangular,,,,,,,,"78,00","35,45",
5803,accesorio,888392362827,OAKLEY,,AOO9154LS,Accesorios,HALF JACKET 2.0 XL,,,000044,,,Prizm Black Polarized,0001339566,62,,Unisex,Rectangular,,,X,,,,,"128,00","58,18",
5804,accesorio,888392362841,OAKLEY,,AOO9154LS,Accesorios,HALF JACKET 2.0 XL,,,000046,,,Prizm Grey Polarized,0001339566,62,,Unisex,Rectangular,,,X,,,,,"118,00","53,64",
5805,accesorio,888392362865,OAKLEY,,AOO9154LS,Accesorios,HALF JACKET 2.0 XL,,,000048,,,Prizm Sapphire Polarized,0001339566,62,,Unisex,Rectangular,,,X,,,,,"128,00","58,18",
5806,accesorio,888392362889,OAKLEY,,AOO9154LS,Accesorios,HALF JACKET 2.0 XL,,,000050,,,Prizm Jade Polarized,0001339566,62,,Unisex,Rectangular,,,X,,,,,"128,00","58,18",
5807,accesorio,888392362902,OAKLEY,,AOO9154LS,Accesorios,HALF JACKET 2.0 XL,,,000052,,,Prizm Tungsten Polarized,0001339566,62,,Unisex,Rectangular,,,X,,,,,"128,00","58,18",
5808,accesorio,888392362988,OAKLEY,,AOO9154LS,Accesorios,HALF JACKET 2.0 XL,,,000054,,,Prizm Ruby Polarized,0001339566,62,,Unisex,Rectangular,,,X,,,,,"128,00","58,18",
5809,accesorio,700285666983,OAKLEY,,AOO9171LS,Accesorios,RACING JACKET,,,000019,,,Black Iridium Polarized,0001339566,62,,Hombre,Rectangular,,,X,,,,,"118,00","53,64",
5810,accesorio,888392123473,OAKLEY,,AOO9171LS,Accesorios,RACING JACKET,,,000025,,,Prizm Road,0001339566,62,,Hombre,Rectangular,,,,,,,,"78,00","35,45",
5811,accesorio,888392123480,OAKLEY,,AOO9171LS,Accesorios,RACING JACKET,,,000026,,,Prizm Trail,0001339566,62,,Hombre,Rectangular,,,,,,,,"78,00","35,45",
5812,accesorio,888392151896,OAKLEY,,AOO9181KT,Accesorios,RADARLOCK REPL SOCK/NOSEPAD KI,,,000007,Azul Marino,,,0001339566,00,,Unisex,,O_matter,,,,,,,"17,00","7,73",
5813,accesorio,888392155085,OAKLEY,,AOO9181KT,Accesorios,RADARLOCK REPL SOCK/NOSEPAD KI,,,000008,Azul Eléctrico,,,0001339566,00,,Unisex,,O_matter,,,,,,,"17,00","7,73",
5814,accesorio,888392155092,OAKLEY,,AOO9181KT,Accesorios,RADARLOCK REPL SOCK/NOSEPAD KI,,,000011,Naranja,,,0001339566,00,,Unisex,,O_matter,,,,,,,"17,00","7,73",
5815,accesorio,700285605548,OAKLEY,,AOO9181KT,Accesorios,RADARLOCK REPL SOCK/NOSEPAD KI,,,000013,Rojo,,,0001339566,00,,Unisex,,O_matter,,,,,,,"17,00","7,73",
5816,accesorio,888392216786,OAKLEY,,AOO9181KT,Accesorios,RADARLOCK REPL SOCK/NOSEPAD KI,,,000014,Redline,,,0001339566,00,,Unisex,,O_matter,,,,,,,"17,00","7,73",
5817,accesorio,888392155108,OAKLEY,,AOO9181KT,Accesorios,RADARLOCK REPL SOCK/NOSEPAD KI,,,000015,Azul Cielo,,,0001339566,00,,Unisex,,O_matter,,,,,,,"17,00","7,73",
5818,accesorio,888392216793,OAKLEY,,AOO9181KT,Accesorios,RADARLOCK REPL SOCK/NOSEPAD KI,,,000016,Pizarra,,,0001339566,00,,Unisex,,O_matter,,,,,,,"17,00","7,73",
5819,accesorio,888392155078,OAKLEY,,AOO9181KT,Accesorios,RADARLOCK REPL SOCK/NOSEPAD KI,,,000017,Amarillo,,,0001339566,00,,Unisex,,O_matter,,,,,,,"17,00","7,73",
5820,accesorio,888392110428,OAKLEY,,AOO9181LS,Accesorios,RADARLOCK PATH,,,000001,,,Prizm Daily Polarized,0001339566,38,,Unisex,Pantalla,,,X,,,,,"138,00","62,73",
5821,accesorio,888392110459,OAKLEY,,AOO9181LS,Accesorios,RADARLOCK PATH,,,000002,,,Prizm Golf,0001339566,38,,Unisex,Pantalla,,,,,,,,"88,00","40,00",
5822,accesorio,888392110480,OAKLEY,,AOO9181LS,Accesorios,RADARLOCK PATH,,,000003,,,Prizm Road,0001339566,38,,Unisex,Pantalla,,,,,,,,"88,00","40,00",
5823,accesorio,888392110497,OAKLEY,,AOO9181LS,Accesorios,RADARLOCK PATH,,,000004,,,Prizm Trail,0001339566,38,,Unisex,Pantalla,,,,,,,,"88,00","40,00",
5824,accesorio,888392307507,OAKLEY,,AOO9181LS,Accesorios,RADARLOCK PATH,,,000016,,,Prizm Black,0001339566,38,,Unisex,Pantalla,,,,,,,,"88,00","40,00",
5825,accesorio,888392307514,OAKLEY,,AOO9181LS,Accesorios,RADARLOCK PATH,,,000017,,,Prizm Black Polarized,0001339566,38,,Unisex,Pantalla,,,X,,,,,"138,00","62,73",
5826,accesorio,888392110466,OAKLEY,,AOO9181LS,Accesorios,RADARLOCK PATH,,,000022,,,Prizm Deep Water Polarized,0001339566,38,,Unisex,Pantalla,,,X,,,,,"138,00","62,73",
5827,accesorio,888392110442,OAKLEY,,AOO9181LS,Accesorios,RADARLOCK PATH,,,000023,,,Prizm Field,0001339566,38,,Unisex,Pantalla,,,,,,,,"88,00","40,00",
5828,accesorio,888392307576,OAKLEY,,AOO9181LS,Accesorios,RADARLOCK PATH,,,000027,,,Prizm Jade,0001339566,38,,Unisex,Pantalla,,,,,,,,"88,00","40,00",
5829,accesorio,888392307590,OAKLEY,,AOO9181LS,Accesorios,RADARLOCK PATH,,,000028,,,Prizm Jade Polarized,0001339566,38,,Unisex,Pantalla,,,X,,,,,"138,00","62,73",
5830,accesorio,888392307736,OAKLEY,,AOO9181LS,Accesorios,RADARLOCK PATH,,,000030,,,Prizm Ruby,0001339566,38,,Unisex,Pantalla,,,,,,,,"88,00","40,00",
5831,accesorio,888392308177,OAKLEY,,AOO9181LS,Accesorios,RADARLOCK PATH,,,000031,,,Prizm Ruby Polarized,0001339566,38,,Unisex,Pantalla,,,X,,,,,"138,00","62,73",
5832,accesorio,888392307545,OAKLEY,,AOO9181LS,Accesorios,RADARLOCK PATH,,,000032,,,Prizm Sapphire,0001339566,38,,Unisex,Pantalla,,,,,,,,"88,00","40,00",
5833,accesorio,888392307552,OAKLEY,,AOO9181LS,Accesorios,RADARLOCK PATH,,,000033,,,Prizm Sapphire Polarized,0001339566,38,,Unisex,Pantalla,,,X,,,,,"138,00","62,73",
5834,accesorio,888392110473,OAKLEY,,AOO9181LS,Accesorios,RADARLOCK PATH,,,000035,,,Prizm Shallow Water Polarized,0001339566,38,,Unisex,Pantalla,,,X,,,,,"128,00","58,18",
5835,accesorio,700285605098,OAKLEY,,AOO9181LS,Accesorios,RADARLOCK PATH,,,000042,,,Black Iridium,0001339566,38,,Unisex,Pantalla,,,,,,,,"78,00","35,45",
5836,accesorio,700285605104,OAKLEY,,AOO9181LS,Accesorios,RADARLOCK PATH,,,000044,,,Black Iridium Polarized,0001339566,38,,Unisex,Pantalla,,,X,,,,,"128,00","58,18",
5837,accesorio,700285605111,OAKLEY,,AOO9181LS,Accesorios,RADARLOCK PATH,,,000046,,,Transparente,0001339566,38,,Unisex,Pantalla,,,,,,,,"68,00","30,91",
5838,accesorio,700285605128,OAKLEY,,AOO9181LS,Accesorios,RADARLOCK PATH,,,000047,,,Clear To Black Iridium Photochromic,0001339566,38,,Unisex,Pantalla,,X,,,,,,"128,00","58,18",
5839,accesorio,700285635101,OAKLEY,,AOO9181LS,Accesorios,RADARLOCK PATH,,,000048,,,Fire Iridium,0001339566,38,,Unisex,Pantalla,,,,,,,,"78,00","35,45",
5840,accesorio,888392145055,OAKLEY,,AOO9181LS,Accesorios,RADARLOCK PATH,,,000068,,,24K Iridium Polarized,0001339566,38,,Unisex,Pantalla,,,X,,,,,"128,00","58,18",
5841,accesorio,888392145017,OAKLEY,,AOO9181LS,Accesorios,RADARLOCK PATH,,,000069,,,Chrome Iridium Polarized,0001339566,38,,Unisex,Pantalla,,,X,,,,,"128,00","58,18",
5842,accesorio,700285605524,OAKLEY,,AOO9182KT,Accesorios,RADARLOCK REPL SOCK/NOSEPAD KI,,,000001,Negro,,,0001339566,00,,Unisex,,O_matter,,,,,,,"17,00","7,73",
5843,accesorio,700285605531,OAKLEY,,AOO9182KT,Accesorios,RADARLOCK REPL SOCK/NOSEPAD KI,,,000002,Blanco,,,0001339566,00,,Unisex,,O_matter,,,,,,,"17,00","7,73",
5844,accesorio,888392110503,OAKLEY,,AOO9182LS,Accesorios,RADARLOCK PITCH,,,000079,,,Prizm Daily Polarized,0001339566,38,,Unisex,Pantalla,O_matter,,X,,,,,"138,00","62,73",
5845,accesorio,888392110534,OAKLEY,,AOO9182LS,Accesorios,RADARLOCK PITCH,,,000080,,,Prizm Golf,0001339566,38,,Unisex,Pantalla,O_matter,,,,,,,"88,00","40,00",
5846,accesorio,888392110565,OAKLEY,,AOO9182LS,Accesorios,RADARLOCK PITCH,,,000081,,,Prizm Road,0001339566,38,,Unisex,Pantalla,O_matter,,,,,,,"88,00","40,00",
5847,accesorio,888392110572,OAKLEY,,AOO9182LS,Accesorios,RADARLOCK PITCH,,,000082,,,Prizm Trail,0001339566,38,,Unisex,Pantalla,O_matter,,,,,,,"88,00","40,00",
5848,accesorio,888392308252,OAKLEY,,AOO9182LS,Accesorios,RADARLOCK PITCH,,,000094,,,Prizm Black,0001339566,38,,Unisex,Pantalla,O_matter,,,,,,,"88,00","40,00",
5849,accesorio,888392110541,OAKLEY,,AOO9182LS,Accesorios,RADARLOCK PITCH,,,000099,,,Prizm Deep Water Polarized,0001339566,38,,Unisex,Pantalla,O_matter,,X,,,,,"128,00","58,18",
5850,accesorio,888392110527,OAKLEY,,AOO9182LS,Accesorios,RADARLOCK PITCH,,,000100,,,Prizm Field,0001339566,38,,Unisex,Pantalla,O_matter,,,,,,,"88,00","40,00",
5851,accesorio,888392110558,OAKLEY,,AOO9182LS,Accesorios,RADARLOCK PITCH,,,000103,,,Prizm Shallow Water Polarized,0001339566,38,,Unisex,Pantalla,O_matter,,X,,,,,"128,00","58,18",
5852,accesorio,700285605241,OAKLEY,,AOO9182LS,Accesorios,RADARLOCK PITCH,,,000109,,,Black Iridium,0001339566,38,,Unisex,Pantalla,O_matter,,,,,,,"78,00","35,45",
5853,accesorio,700285635156,OAKLEY,,AOO9182LS,Accesorios,RADARLOCK PITCH,,,000111,,,Black Iridium Polarized,0001339566,38,,Unisex,Pantalla,O_matter,,X,,,,,"128,00","58,18",
5854,accesorio,700285635170,OAKLEY,,AOO9182LS,Accesorios,RADARLOCK PITCH,,,000114,,,Clear To Black Iridium Photochromic,0001339566,38,,Unisex,Pantalla,O_matter,X,,,,,,"128,00","58,18",
5855,accesorio,700285605296,OAKLEY,,AOO9182LS,Accesorios,RADARLOCK PITCH,,,000117,,,Fire Iridium Polarized,0001339566,38,,Unisex,Pantalla,O_matter,,X,,,,,"128,00","58,18",
5856,accesorio,888392345226,OAKLEY,,AOO9188KT,Accesorios,FLAK 2.0 SOCK KIT,,,000001,Naranja,,,0001339566,00,,Unisex,,O_matter,,,,,,,"17,00","7,73",
5857,accesorio,888392150714,OAKLEY,,AOO9188KT,Accesorios,FLAK 2.0 SOCK KIT,,,000002,Negro,,,0001339566,00,,Unisex,,O_matter,,,,,,,"17,00","7,73",
5858,accesorio,888392345233,OAKLEY,,AOO9188KT,Accesorios,FLAK 2.0 SOCK KIT,,,000004,Celeste,,,0001339566,00,,Unisex,,O_matter,,,,,,,"17,00","7,73",
5859,accesorio,888392150745,OAKLEY,,AOO9188KT,Accesorios,FLAK 2.0 SOCK KIT,,,000005,Azul Eléctrico,,,0001339566,00,,Unisex,,O_matter,,,,,,,"17,00","7,73",
5860,accesorio,888392345240,OAKLEY,,AOO9188KT,Accesorios,FLAK 2.0 SOCK KIT,,,000006,Jazmín,,,0001339566,00,,Unisex,,O_matter,,,,,,,"17,00","7,73",
5861,accesorio,888392150752,OAKLEY,,AOO9188KT,Accesorios,FLAK 2.0 SOCK KIT,,,000008,Navy,,,0001339566,00,,Unisex,,O_matter,,,,,,,"17,00","7,73",
5862,accesorio,888392150806,OAKLEY,,AOO9188KT,Accesorios,FLAK 2.0 SOCK KIT,,,000009,Naranja,,,0001339566,00,,Unisex,,O_matter,,,,,,,"17,00","7,73",
5863,accesorio,888392150738,OAKLEY,,AOO9188KT,Accesorios,FLAK 2.0 SOCK KIT,,,000010,Redline,,,0001339566,00,,Unisex,,O_matter,,,,,,,"17,00","7,73",
5864,accesorio,888392150813,OAKLEY,,AOO9188KT,Accesorios,FLAK 2.0 SOCK KIT,,,000011,Azul Cielo,,,0001339566,00,,Unisex,,O_matter,,,,,,,"17,00","7,73",
5865,accesorio,888392150769,OAKLEY,,AOO9188KT,Accesorios,FLAK 2.0 SOCK KIT,,,000012,Pizarra,,,0001339566,00,,Unisex,,O_matter,,,,,,,"17,00","7,73",
5866,accesorio,888392150721,OAKLEY,,AOO9188KT,Accesorios,FLAK 2.0 SOCK KIT,,,000013,Blanco,,,0001339566,00,,Unisex,,O_matter,,,,,,,"17,00","7,73",
5867,accesorio,888392150790,OAKLEY,,AOO9188KT,Accesorios,FLAK 2.0 SOCK KIT,,,000014,Amarillo,,,0001339566,00,,Unisex,,O_matter,,,,,,,"17,00","7,73",
5868,accesorio,888392442246,OAKLEY,,AOO9188LS,Accesorios,FLAK 2.0 XL,,,000011,,,Prizm Trail Torch,0001339566,59,,Unisex,Rectangular,,,,,,,,"78,00","35,45",
5869,accesorio,888392461483,OAKLEY,,AOO9188LS,Accesorios,FLAK 2.0 XL,,,000012,,,Prizm Rose Gold Polarized,0001339566,59,,Unisex,Rectangular,,,X,,,,,"128,00","58,18",
5870,accesorio,888392109620,OAKLEY,,AOO9188LS,Accesorios,FLAK 2.0 XL,,,000047,,,Prizm Daily Polarized,0001339566,59,,Unisex,Rectangular,,,X,,,,,"128,00","58,18",
5871,accesorio,888392109675,OAKLEY,,AOO9188LS,Accesorios,FLAK 2.0 XL,,,000048,,,Prizm Deep Water Polarized,0001339566,59,,Unisex,Rectangular,,,X,,,,,"118,00","53,64",
5872,accesorio,888392109644,OAKLEY,,AOO9188LS,Accesorios,FLAK 2.0 XL,,,000049,,,Prizm Field,0001339566,59,,Unisex,Rectangular,,,,,,,,"78,00","35,45",
5873,accesorio,888392109668,OAKLEY,,AOO9188LS,Accesorios,FLAK 2.0 XL,,,000050,,,Prizm Golf,0001339566,59,,Unisex,Rectangular,,,,,,,,"78,00","35,45",
5874,accesorio,888392109699,OAKLEY,,AOO9188LS,Accesorios,FLAK 2.0 XL,,,000051,,,Prizm Road,0001339566,59,,Unisex,Rectangular,,,,,,,,"78,00","35,45",
5875,accesorio,888392109682,OAKLEY,,AOO9188LS,Accesorios,FLAK 2.0 XL,,,000052,,,Prizm Shallow Water Polarized,0001339566,59,,Unisex,Rectangular,,,X,,,,,"118,00","53,64",
5876,accesorio,888392109705,OAKLEY,,AOO9188LS,Accesorios,FLAK 2.0 XL,,,000053,,,Prizm Trail,0001339566,59,,Unisex,Rectangular,,,,,,,,"78,00","35,45",
5877,accesorio,888392306715,OAKLEY,,AOO9188LS,Accesorios,FLAK 2.0 XL,,,000055,,,Prizm Black,0001339566,59,,Unisex,Rectangular,,,,,,,,"78,00","35,45",
5878,accesorio,888392306777,OAKLEY,,AOO9188LS,Accesorios,FLAK 2.0 XL,,,000062,,,Prizm Grey Polarized,0001339566,59,,Unisex,Rectangular,,,X,,,,,"118,00","53,64",
5879,accesorio,888392306814,OAKLEY,,AOO9188LS,Accesorios,FLAK 2.0 XL,,,000063,,,Prizm Jade,0001339566,59,,Unisex,Rectangular,,,,,,,,"78,00","35,45",
5880,accesorio,888392306821,OAKLEY,,AOO9188LS,Accesorios,FLAK 2.0 XL,,,000064,,,Prizm Jade Polarized,0001339566,59,,Unisex,Rectangular,,,X,,,,,"128,00","58,18",
5881,accesorio,888392337115,OAKLEY,,AOO9188LS,Accesorios,FLAK 2.0 XL,,,000065,,,Prizm Low Light,0001339566,59,,Unisex,Rectangular,,,,,,,,"68,00","30,91",
5882,accesorio,888392306906,OAKLEY,,AOO9188LS,Accesorios,FLAK 2.0 XL,,,000067,,,Prizm Ruby,0001339566,59,,Unisex,Rectangular,,,,,,,,"78,00","35,45",
5883,accesorio,888392306937,OAKLEY,,AOO9188LS,Accesorios,FLAK 2.0 XL,,,000068,,,Prizm Ruby Polarized,0001339566,59,,Unisex,Rectangular,,,X,,,,,"128,00","58,18",
5884,accesorio,888392306791,OAKLEY,,AOO9188LS,Accesorios,FLAK 2.0 XL,,,000069,,,Prizm Sapphire,0001339566,59,,Unisex,Rectangular,,,,,,,,"78,00","35,45",
5885,accesorio,888392306807,OAKLEY,,AOO9188LS,Accesorios,FLAK 2.0 XL,,,000070,,,Prizm Sapphire Polarized,0001339566,59,,Unisex,Rectangular,,,X,,,,,"128,00","58,18",
5886,accesorio,888392306845,OAKLEY,,AOO9188LS,Accesorios,FLAK 2.0 XL,,,000074,,,Prizm Tungsten Polarized,0001339566,59,,Unisex,Rectangular,,,X,,,,,"128,00","58,18",
5887,accesorio,888392337245,OAKLEY,,AOO9188LS,Accesorios,FLAK 2.0 XL,,,000075,,,Clear To Black Iridium Photochromic,0001339566,59,,Unisex,Rectangular,,X,,,,,,"118,00","53,64",
5888,accesorio,888392132468,OAKLEY,,AOO9188LS,Accesorios,FLAK 2.0 XL,,,000076,,,Chrome Iridium Polarized,0001339566,59,,Unisex,Rectangular,,,X,,,,,"118,00","53,64",
5889,accesorio,888392126481,OAKLEY,,AOO9188LS,Accesorios,FLAK 2.0 XL,,,000080,,,Black Iridium,0001339566,59,,Unisex,Rectangular,,,,,,,,"68,00","30,91",
5890,accesorio,888392126511,OAKLEY,,AOO9188LS,Accesorios,FLAK 2.0 XL,,,000081,,,Black Iridium Polarized,0001339566,59,,Unisex,Rectangular,,,X,,,,,"118,00","53,64",
5891,accesorio,888392126542,OAKLEY,,AOO9188LS,Accesorios,FLAK 2.0 XL,,,000084,,,Transparente,0001339566,59,,Unisex,Rectangular,,,,,,,,"58,00","26,36",
5892,accesorio,888392163608,OAKLEY,,AOO9188LS,Accesorios,FLAK 2.0 XL,,,000098,,,Clear To Black Iridium Photochromic,0001339566,59,,Unisex,Rectangular,,X,,,,,,"118,00","53,64",
5893,accesorio,888392306722,OAKLEY,,AOO9188LS,Accesorios,FLAK 2.0 XL,,,000100,,,Prizm Black Polarized,0001339566,59,,Unisex,Rectangular,,,X,,,,,"128,00","58,18",
5894,accesorio,888392364838,OAKLEY,,AOO9188LS,Accesorios,FLAK 2.0 XL,,,000101,,,Prizm Dark Golf,0001339566,59,,Unisex,Rectangular,,,,,,,,"78,00","35,45",
5895,accesorio,888392110091,OAKLEY,,AOO9200LS,Accesorios,QUARTER JACKET,,,000002,,,Prizm Golf,0001339566,61,,Hombre,Rectangular,,,,,,,,"78,00","35,45",
5896,accesorio,888392110121,OAKLEY,,AOO9200LS,Accesorios,QUARTER JACKET,,,000003,,,Prizm Road,0001339566,61,,Hombre,Rectangular,,,,,,,,"78,00","35,45",
5897,accesorio,888392308689,OAKLEY,,AOO9200LS,Accesorios,QUARTER JACKET,,,000006,,,Prizm Black,0001339566,61,,Hombre,Rectangular,,,,,,,,"78,00","35,45",
5898,accesorio,888392308696,OAKLEY,,AOO9200LS,Accesorios,QUARTER JACKET,,,000007,,,Prizm Black Polarized,0001339566,61,,Hombre,Rectangular,,,X,,,,,"128,00","58,18",
5899,accesorio,888392110107,OAKLEY,,AOO9200LS,Accesorios,QUARTER JACKET,,,000011,,,Prizm Deep Water Polarized,0001339566,61,,Hombre,Rectangular,,,X,,,,,"128,00","58,18",
5900,accesorio,888392110084,OAKLEY,,AOO9200LS,Accesorios,QUARTER JACKET,,,000012,,,Prizm Field,0001339566,61,,Hombre,Rectangular,,,,,,,,"78,00","35,45",
5901,accesorio,888392308757,OAKLEY,,AOO9200LS,Accesorios,QUARTER JACKET,,,000022,,,Prizm Sapphire Polarized,0001339566,61,,Hombre,Rectangular,,,X,,,,,"128,00","58,18",
5902,accesorio,888392308795,OAKLEY,,AOO9200LS,Accesorios,QUARTER JACKET,,,000025,,,Prizm Tungsten,0001339566,61,,Hombre,Rectangular,,,,,,,,"70,00","31,82",
5903,accesorio,888392308801,OAKLEY,,AOO9200LS,Accesorios,QUARTER JACKET,,,000026,,,Prizm Tungsten Polarized,0001339566,61,,Hombre,Rectangular,,,X,,,,,"120,00","54,55",
5904,accesorio,888392011497,OAKLEY,,AOO9200LS,Accesorios,QUARTER JACKET,,,000028,,,Black Iridium,0001339566,61,,Hombre,Rectangular,,,,,,,,"68,00","30,91",
5905,accesorio,888392143372,OAKLEY,,AOO9200LS,Accesorios,QUARTER JACKET,,,000040,,,Black Iridium Polarized,0001339566,61,,Hombre,Rectangular,,,X,,,,,"118,00","53,64",
5906,accesorio,888392152633,OAKLEY,,AOO9200TE,Accesorios,QUARTER JACKET SOCK KIT,,,000003,Rojo,,,0001339566,00,,Unisex,,O_matter,,,,,,,"17,00","7,73",
5907,accesorio,700285912530,OAKLEY,,AOO9200TE,Accesorios,QUARTER JACKET SOCK KIT,,,000006,Negro,,,0001339566,00,,Unisex,,O_matter,,,,,,,"17,00","7,73",
5908,accesorio,888392155184,OAKLEY,,AOO9200TE,Accesorios,QUARTER JACKET SOCK KIT,,,000009,Pizarra,,,0001339566,00,,Unisex,,O_matter,,,,,,,"17,00","7,73",
5909,accesorio,700285519753,OAKLEY,,AOO9208KT,Accesorios,RADAR EV SOCK KIT,,,000001,Pizarra,,,0001339566,00,,Unisex,,O_matter,,,,,,,"17,00","7,73",
5910,accesorio,888392150820,OAKLEY,,AOO9208KT,Accesorios,RADAR EV SOCK KIT,,,000008,Negro,,,0001339566,00,,Unisex,,O_matter,,,,,,,"17,00","7,73",
5911,accesorio,888392345202,OAKLEY,,AOO9208KT,Accesorios,RADAR EV SOCK KIT,,,000010,Celeste,,,0001339566,00,,Unisex,,O_matter,,,,,,,"17,00","7,73",
5912,accesorio,888392150851,OAKLEY,,AOO9208KT,Accesorios,RADAR EV SOCK KIT,,,000011,Azul Eléctrico,,,0001339566,00,,Unisex,,O_matter,,,,,,,"17,00","7,73",
5913,accesorio,888392345219,OAKLEY,,AOO9208KT,Accesorios,RADAR EV SOCK KIT,,,000012,Jazmín,,,0001339566,00,,Unisex,,O_matter,,,,,,,"17,00","7,73",
5914,accesorio,888392150868,OAKLEY,,AOO9208KT,Accesorios,RADAR EV SOCK KIT,,,000014,Navy,,,0001339566,00,,Unisex,,O_matter,,,,,,,"17,00","7,73",
5915,accesorio,888392153791,OAKLEY,,AOO9208KT,Accesorios,RADAR EV SOCK KIT,,,000015,Naranja,,,0001339566,00,,Unisex,,O_matter,,,,,,,"17,00","7,73",
5916,accesorio,888392150844,OAKLEY,,AOO9208KT,Accesorios,RADAR EV SOCK KIT,,,000016,Redline,,,0001339566,00,,Unisex,,O_matter,,,,,,,"17,00","7,73",
5917,accesorio,888392345196,OAKLEY,,AOO9208KT,Accesorios,RADAR EV SOCK KIT,,,000017,Naranja,,,0001339566,00,,Unisex,,O_matter,,,,,,,"17,00","7,73",
5918,accesorio,888392153807,OAKLEY,,AOO9208KT,Accesorios,RADAR EV SOCK KIT,,,000018,Azul Cielo,,,0001339566,00,,Unisex,,O_matter,,,,,,,"17,00","7,73",
5919,accesorio,888392150875,OAKLEY,,AOO9208KT,Accesorios,RADAR EV SOCK KIT,,,000019,Pizarra,,,0001339566,00,,Unisex,,O_matter,,,,,,,"17,00","7,73",
5920,accesorio,888392150837,OAKLEY,,AOO9208KT,Accesorios,RADAR EV SOCK KIT,,,000020,Blanco,,,0001339566,00,,Unisex,,O_matter,,,,,,,"17,00","7,73",
5921,accesorio,888392153784,OAKLEY,,AOO9208KT,Accesorios,RADAR EV SOCK KIT,,,000021,Amarillo,,,0001339566,00,,Unisex,,O_matter,,,,,,,"17,00","7,73",
5922,accesorio,888392110268,OAKLEY,,AOO9208LS,Accesorios,RADAR EV PATH,,,000013,,,Prizm Daily Polarized,0001339566,38,,Unisex,Pantalla,,,X,,,,,"138,00","62,73",
5923,accesorio,888392110305,OAKLEY,,AOO9208LS,Accesorios,RADAR EV PATH,,,000014,,,Prizm Deep Water Polarized,0001339566,38,,Unisex,Pantalla,,,X,,,,,"128,00","58,18",
5924,accesorio,888392110299,OAKLEY,,AOO9208LS,Accesorios,RADAR EV PATH,,,000015,,,Prizm Golf,0001339566,38,,Unisex,Pantalla,,,,,,,,"88,00","40,00",
5925,accesorio,888392110329,OAKLEY,,AOO9208LS,Accesorios,RADAR EV PATH,,,000016,,,Prizm Road,0001339566,38,,Unisex,Pantalla,,,,,,,,"88,00","40,00",
5926,accesorio,888392110312,OAKLEY,,AOO9208LS,Accesorios,RADAR EV PATH,,,000017,,,Prizm Shallow Water Polarized,0001339566,38,,Unisex,Pantalla,,,X,,,,,"128,00","58,18",
5927,accesorio,888392110336,OAKLEY,,AOO9208LS,Accesorios,RADAR EV PATH,,,000018,,,Prizm Trail,0001339566,38,,Unisex,Pantalla,,,,,,,,"88,00","40,00",
5928,accesorio,888392110282,OAKLEY,,AOO9208LS,Accesorios,RADAR EV PATH,,,000019,,,Prizm Field,0001339566,38,,Unisex,Pantalla,,,,,,,,"88,00","40,00",
5929,accesorio,888392337283,OAKLEY,,AOO9208LS,Accesorios,RADAR EV PATH,,,000020,,,Clear To Black Iridium Photochromic,0001339566,38,,Unisex,Pantalla,,X,,,,,,"128,00","58,18",
5930,accesorio,888392306944,OAKLEY,,AOO9208LS,Accesorios,RADAR EV PATH,,,000021,,,Prizm Black,0001339566,38,,Unisex,Pantalla,,,,,,,,"88,00","40,00",
5931,accesorio,888392306951,OAKLEY,,AOO9208LS,Accesorios,RADAR EV PATH,,,000022,,,Prizm Black Polarized,0001339566,38,,Unisex,Pantalla,,,X,,,,,"138,00","62,73",
5932,accesorio,888392394125,OAKLEY,,AOO9208LS,Accesorios,RADAR EV PATH,,,000024,,,Prizm Snow Sapphire Iridium,0001339566,38,,Unisex,Pantalla,,,,,,,,"88,00","40,00",
5933,accesorio,888392307002,OAKLEY,,AOO9208LS,Accesorios,RADAR EV PATH,,,000029,,,Prizm Jade,0001339566,38,,Unisex,Pantalla,,,,,,,,"88,00","40,00",
5934,accesorio,888392307019,OAKLEY,,AOO9208LS,Accesorios,RADAR EV PATH,,,000030,,,Prizm Jade Polarized,0001339566,38,,Unisex,Pantalla,,,X,,,,,"138,00","62,73",
5935,accesorio,888392337153,OAKLEY,,AOO9208LS,Accesorios,RADAR EV PATH,,,000031,,,Prizm Low Light,0001339566,38,,Unisex,Pantalla,,,,,,,,"78,00","35,45",
5936,accesorio,888392307071,OAKLEY,,AOO9208LS,Accesorios,RADAR EV PATH,,,000032,,,Prizm Ruby,0001339566,38,,Unisex,Pantalla,,,,,,,,"88,00","40,00",
5937,accesorio,888392307095,OAKLEY,,AOO9208LS,Accesorios,RADAR EV PATH,,,000033,,,Prizm Ruby Polarized,0001339566,38,,Unisex,Pantalla,,,X,,,,,"138,00","62,73",
5938,accesorio,888392306982,OAKLEY,,AOO9208LS,Accesorios,RADAR EV PATH,,,000034,,,Prizm Sapphire,0001339566,38,,Unisex,Pantalla,,,,,,,,"88,00","40,00",
5939,accesorio,888392306999,OAKLEY,,AOO9208LS,Accesorios,RADAR EV PATH,,,000035,,,Prizm Sapphire Polarized,0001339566,38,,Unisex,Pantalla,,,X,,,,,"138,00","62,73",
5940,accesorio,888392126702,OAKLEY,,AOO9208LS,Accesorios,RADAR EV PATH,,,000046,,,Transparente,0001339566,38,,Unisex,Pantalla,,,,,,,,"68,00","30,91",
5941,accesorio,888392163615,OAKLEY,,AOO9208LS,Accesorios,RADAR EV PATH,,,000059,,,Clear To Black Iridium Photochromic,0001339566,38,,Unisex,Pantalla,,X,,,,,,"128,00","58,18",
5942,accesorio,888392442741,OAKLEY,,AOO9208LS,Accesorios,RADAR EV PATH,,,000074,,,Prizm Trail Torch,0001339566,38,,Unisex,Pantalla,,,,,,,,"88,00","40,00",
5943,accesorio,888392364845,OAKLEY,,AOO9208LS,Accesorios,RADAR EV PATH,,,000117,,,Prizm Dark Golf,0001339566,38,,Unisex,Pantalla,,,,,,,,"88,00","40,00",
5944,accesorio,888392364852,OAKLEY,,AOO9211LS,Accesorios,RADAR EV PITCH,,,000064,,,Prizm Dark Golf,0001339566,38,,Unisex,Pantalla,O_matter,,,,,,,"88,00","40,00",
5945,accesorio,888392110343,OAKLEY,,AOO9211LS,Accesorios,RADAR EV PITCH,,,000065,,,Prizm Daily Polarized,0001339566,38,,Unisex,Pantalla,O_matter,,X,,,,,"138,00","62,73",
5946,accesorio,888392110404,OAKLEY,,AOO9211LS,Accesorios,RADAR EV PITCH,,,000067,,,Prizm Road,0001339566,38,,Unisex,Pantalla,O_matter,,,,,,,"88,00","40,00",
5947,accesorio,888392110411,OAKLEY,,AOO9211LS,Accesorios,RADAR EV PITCH,,,000068,,,Prizm Trail,0001339566,38,,Unisex,Pantalla,O_matter,,,,,,,"88,00","40,00",
5948,accesorio,888392307064,OAKLEY,,AOO9211LS,Accesorios,RADAR EV PITCH,,,000072,,,Prizm Black,0001339566,38,,Unisex,Pantalla,O_matter,,,,,,,"88,00","40,00",
5949,accesorio,888392307088,OAKLEY,,AOO9211LS,Accesorios,RADAR EV PITCH,,,000073,,,Prizm Black Polarized,0001339566,38,,Unisex,Pantalla,O_matter,,X,,,,,"138,00","62,73",
5950,accesorio,888392110381,OAKLEY,,AOO9211LS,Accesorios,RADAR EV PITCH,,,000077,,,Prizm Deep Water Polarized,0001339566,38,,Unisex,Pantalla,O_matter,,X,,,,,"128,00","58,18",
5951,accesorio,888392110367,OAKLEY,,AOO9211LS,Accesorios,RADAR EV PITCH,,,000078,,,Prizm Field,0001339566,38,,Unisex,Pantalla,O_matter,,,,,,,"88,00","40,00",
5952,accesorio,888392307187,OAKLEY,,AOO9211LS,Accesorios,RADAR EV PITCH,,,000082,,,Prizm Jade,0001339566,38,,Unisex,Pantalla,O_matter,,,,,,,"88,00","40,00",
5953,accesorio,888392307200,OAKLEY,,AOO9211LS,Accesorios,RADAR EV PITCH,,,000083,,,Prizm Jade Polarized,0001339566,38,,Unisex,Pantalla,O_matter,,X,,,,,"138,00","62,73",
5954,accesorio,888392337146,OAKLEY,,AOO9211LS,Accesorios,RADAR EV PITCH,,,000084,,,Prizm Low Light,0001339566,38,,Unisex,Pantalla,O_matter,,,,,,,"78,00","35,45",
5955,accesorio,888392307293,OAKLEY,,AOO9211LS,Accesorios,RADAR EV PITCH,,,000086,,,Prizm Ruby,0001339566,38,,Unisex,Pantalla,O_matter,,,,,,,"88,00","40,00",
5956,accesorio,888392307316,OAKLEY,,AOO9211LS,Accesorios,RADAR EV PITCH,,,000087,,,Prizm Ruby Polarized,0001339566,38,,Unisex,Pantalla,O_matter,,X,,,,,"138,00","62,73",
5957,accesorio,888392307149,OAKLEY,,AOO9211LS,Accesorios,RADAR EV PITCH,,,000088,,,Prizm Sapphire,0001339566,38,,Unisex,Pantalla,O_matter,,,,,,,"88,00","40,00",
5958,accesorio,888392307163,OAKLEY,,AOO9211LS,Accesorios,RADAR EV PITCH,,,000089,,,Prizm Sapphire Polarized,0001339566,38,,Unisex,Pantalla,O_matter,,X,,,,,"138,00","62,73",
5959,accesorio,888392110398,OAKLEY,,AOO9211LS,Accesorios,RADAR EV PITCH,,,000091,,,Prizm Shallow Water Polarized,0001339566,38,,Unisex,Pantalla,O_matter,,X,,,,,"128,00","58,18",
5960,accesorio,888392250001,OAKLEY,,AOO9211LS,Accesorios,RADAR EV PITCH,,,000095,,,Prizm Cricket,0001339566,38,,Unisex,Pantalla,O_matter,,,,,,,"88,00","40,00",
5961,accesorio,888392140883,OAKLEY,,AOO9211LS,Accesorios,RADAR EV PITCH,,,000097,,,24K Iridium,0001339566,38,,Unisex,Pantalla,O_matter,,,,,,,"78,00","35,45",
5962,accesorio,888392126740,OAKLEY,,AOO9211LS,Accesorios,RADAR EV PITCH,,,000100,,,Black Iridium Polarized,0001339566,38,,Unisex,Pantalla,O_matter,,X,,,,,"128,00","58,18",
5963,accesorio,888392126764,OAKLEY,,AOO9211LS,Accesorios,RADAR EV PITCH,,,000102,,,Transparente,0001339566,38,,Unisex,Pantalla,O_matter,,,,,,,"68,00","30,91",
5964,accesorio,888392126757,OAKLEY,,AOO9211LS,Accesorios,RADAR EV PITCH,,,000104,,,Fire Iridium Polarized,0001339566,38,,Unisex,Pantalla,O_matter,,X,,,,,"128,00","58,18",
5965,accesorio,700285890845,OAKLEY,,AOO9212KT,Accesorios,M2 FRAME SOCK KIT,,,000003,Negro,,,0001339566,00,,Unisex,,O_matter,,,,,,,"17,00","7,73",
5966,accesorio,700285890876,OAKLEY,,AOO9212KT,Accesorios,M2 FRAME SOCK KIT,,,000006,Redline,,,0001339566,00,,Unisex,,O_matter,,,,,,,"17,00","7,73",
5967,accesorio,888392152756,OAKLEY,,AOO9212KT,Accesorios,M2 FRAME SOCK KIT,,,000007,Naranja,,,0001339566,00,,Unisex,,O_matter,,,,,,,"17,00","7,73",
5968,accesorio,888392152718,OAKLEY,,AOO9212KT,Accesorios,M2 FRAME SOCK KIT,,,000009,Azul marino intenso,,,0001339566,00,,Unisex,,O_matter,,,,,,,"17,00","7,73",
5969,accesorio,700285890906,OAKLEY,,AOO9212KT,Accesorios,M2 FRAME SOCK KIT,,,000010,Blanco,,,0001339566,00,,Unisex,,O_matter,,,,,,,"17,00","7,73",
5970,accesorio,888392152688,OAKLEY,,AOO9212KT,Accesorios,M2 FRAME SOCK KIT,,,000011,Pizarra,,,0001339566,00,,Unisex,,O_matter,,,,,,,"17,00","7,73",
5971,accesorio,888392109989,OAKLEY,,AOO9212LS,Accesorios,M2 FRAME,,,000002,,,Prizm Daily Polarized,0001339566,45,,Unisex,Pantalla,,,X,,,,,"138,00","62,73",
5972,accesorio,888392110022,OAKLEY,,AOO9212LS,Accesorios,M2 FRAME,,,000003,,,Prizm Deep Water Polarized,0001339566,45,,Unisex,Pantalla,,,X,,,,,"128,00","58,18",
5973,accesorio,888392110008,OAKLEY,,AOO9212LS,Accesorios,M2 FRAME,,,000004,,,Prizm Field,0001339566,45,,Unisex,Pantalla,,,,,,,,"88,00","40,00",
5974,accesorio,888392110046,OAKLEY,,AOO9212LS,Accesorios,M2 FRAME,,,000006,,,Prizm Road,0001339566,45,,Unisex,Pantalla,,,,,,,,"88,00","40,00",
5975,accesorio,888392110039,OAKLEY,,AOO9212LS,Accesorios,M2 FRAME,,,000007,,,Prizm Shallow Water Polarized,0001339566,45,,Unisex,Pantalla,,,X,,,,,"128,00","58,18",
5976,accesorio,888392110053,OAKLEY,,AOO9212LS,Accesorios,M2 FRAME,,,000008,,,Prizm Trail,0001339566,45,,Unisex,Pantalla,,,,,,,,"88,00","40,00",
5977,accesorio,888392308306,OAKLEY,,AOO9212LS,Accesorios,M2 FRAME,,,000009,,,Prizm Black,0001339566,45,,Unisex,Pantalla,,,,,,,,"88,00","40,00",
5978,accesorio,888392308320,OAKLEY,,AOO9212LS,Accesorios,M2 FRAME,,,000010,,,Prizm Black Polarized,0001339566,45,,Unisex,Pantalla,,,X,,,,,"138,00","62,73",
5979,accesorio,888392308542,OAKLEY,,AOO9212LS,Accesorios,M2 FRAME,,,000020,,,Prizm Jade Polarized,0001339566,45,,Unisex,Pantalla,,,X,,,,,"138,00","62,73",
5980,accesorio,888392308597,OAKLEY,,AOO9212LS,Accesorios,M2 FRAME,,,000022,,,Prizm Ruby,0001339566,45,,Unisex,Pantalla,,,,,,,,"88,00","40,00",
5981,accesorio,888392308603,OAKLEY,,AOO9212LS,Accesorios,M2 FRAME,,,000023,,,Prizm Ruby Polarized,0001339566,45,,Unisex,Pantalla,,,X,,,,,"138,00","62,73",
5982,accesorio,888392308405,OAKLEY,,AOO9212LS,Accesorios,M2 FRAME,,,000024,,,Prizm Sapphire,0001339566,45,,Unisex,Pantalla,,,,,,,,"88,00","40,00",
5983,accesorio,888392308504,OAKLEY,,AOO9212LS,Accesorios,M2 FRAME,,,000025,,,Prizm Sapphire Polarized,0001339566,45,,Unisex,Pantalla,,,X,,,,,"138,00","62,73",
5984,accesorio,888392104458,OAKLEY,,AOO9212LS,Accesorios,M2 FRAME,,,000037,,,Transparente,0001339566,45,,Unisex,Pantalla,,,,,,,,"68,00","30,91",
5985,accesorio,700285158358,OAKLEY,,AOO9213KT,Accesorios,SI BALLISTIC M FRAME 2.0 ACCY,,,000001,Negro,,,0001339566,00,,Unisex,,,,,,,,,"16,00","7,27",
5986,accesorio,700285111728,OAKLEY,,AOO9213KT,Accesorios,SI BALLISTIC M FRAME 2.0 ACCY,,,000002,Negro,,,0001339566,00,,,,,,,,,,,"41,00","18,64",
5987,accesorio,888392208552,OAKLEY,,AOO9213LS,Accesorios,BALLISTIC M FRAME 2.0,,,000001,,,Transparente,0001339566,32,,Unisex,Pantalla,,,,,,,,"68,00","30,91",
5988,accesorio,888392208569,OAKLEY,,AOO9213LS,Accesorios,BALLISTIC M FRAME 2.0,,,000002,,,Gris,0001339566,32,,Unisex,Pantalla,,,,,,,,"68,00","30,91",
5989,accesorio,700285111339,OAKLEY,,AOO9213LS,Accesorios,BALLISTIC M FRAME 2.0,,,000005,,,Vr28,0001339566,32,,Unisex,Pantalla,,,,,,,,"68,00","30,91",
5990,accesorio,888392345578,OAKLEY,,AOO9213LS,Accesorios,BALLISTIC M FRAME 2.0,,,000006,,,Prizm Grey,0001339566,32,,Unisex,Pantalla,,,,,,,,"78,00","35,45",
5991,accesorio,888392345561,OAKLEY,,AOO9213LS,Accesorios,BALLISTIC M FRAME 2.0,,,000007,,,Prizm Tr22,0001339566,32,,Unisex,Pantalla,,,,,,,,"78,00","35,45",
5992,accesorio,888392345554,OAKLEY,,AOO9213LS,Accesorios,BALLISTIC M FRAME 2.0,,,000008,,,Prizm Tr45,0001339566,32,,Unisex,Pantalla,,,,,,,,"78,00","35,45",
5993,accesorio,888392577634,OAKLEY,,AOO9222LS,Accesorios,PASQUE,,,000001,,,Prizm Rose Gold Polarized,0001339566,60,,Mujer,Ovalada,,,X,60,43,131,15,"128,00","58,18",
5994,accesorio,888392577641,OAKLEY,,AOO9222LS,Accesorios,PASQUE,,,000002,,,Prizm Sapphire Polarized,0001339566,60,,Mujer,Ovalada,,,X,60,43,131,15,"128,00","58,18",
5995,accesorio,888392577658,OAKLEY,,AOO9222LS,Accesorios,PASQUE,,,000003,,,Prizm Tungsten Polarized,0001339566,60,,Mujer,Ovalada,,,X,60,43,131,15,"128,00","58,18",
5996,accesorio,888392577665,OAKLEY,,AOO9222LS,Accesorios,PASQUE,,,000004,,,Prizm Violet,0001339566,60,,Mujer,Ovalada,,,,60,43,131,15,"78,00","35,45",
5997,accesorio,888392577696,OAKLEY,,AOO9222LS,Accesorios,PASQUE,,,000005,,,Prizm gris degradado,0001339566,60,,Mujer,Ovalada,,,,60,43,131,15,"68,00","30,91",
5998,accesorio,888392577702,OAKLEY,,AOO9222LS,Accesorios,PASQUE,,,000006,,,Prizm bronce degradado,0001339566,60,,Mujer,Ovalada,,,,60,43,131,15,"68,00","30,91",
5999,accesorio,888392596420,OAKLEY,,AOO9227LS,Accesorios,KAAST,,,000001,,,Prizm Black,0001339566,73,,Hombre,Ovalada,,,,73,46,132,14,"100,00","45,45",
6000,accesorio,888392596437,OAKLEY,,AOO9227LS,Accesorios,KAAST,,,000002,,,Prizm 24K,0001339566,73,,Hombre,Ovalada,,,,73,46,132,14,"100,00","45,45",
6001,accesorio,888392596444,OAKLEY,,AOO9227LS,Accesorios,KAAST,,,000003,,,Prizm Ruby,0001339566,73,,Hombre,Ovalada,,,,73,46,132,14,"100,00","45,45",
6002,accesorio,888392596451,OAKLEY,,AOO9227LS,Accesorios,KAAST,,,000004,,,Prizm Sapphire,0001339566,73,,Hombre,Ovalada,,,,73,46,132,14,"100,00","45,45",
6003,accesorio,888392596468,OAKLEY,,AOO9229LS,Accesorios,HYDRA,,,000001,,,Prizm Black,0001339566,37,,Hombre,Pantalla,,,,37,,,137,"88,00","40,00",
6004,accesorio,888392596475,OAKLEY,,AOO9229LS,Accesorios,HYDRA,,,000002,,,Prizm Sapphire,0001339566,37,,Hombre,Pantalla,,,,37,,,137,"88,00","40,00",
6005,accesorio,888392596482,OAKLEY,,AOO9229LS,Accesorios,HYDRA,,,000003,,,Prizm Violet,0001339566,37,,Hombre,Pantalla,,,,37,,,137,"88,00","40,00",
6006,accesorio,888392596499,OAKLEY,,AOO9229LS,Accesorios,HYDRA,,,000004,,,Prizm Ruby,0001339566,37,,Hombre,Pantalla,,,,37,,,137,"88,00","40,00",
6007,accesorio,888392592545,OAKLEY,,AOO9230LS,Accesorios,WILDRYE,,,000001,,,Prizm Tungsten Polarized,0001339566,61,,Mujer,Cuadrada,,,X,61,45,134,16,"128,00","58,18",
6008,accesorio,888392592552,OAKLEY,,AOO9230LS,Accesorios,WILDRYE,,,000002,,,Prizm Rose Gold Polarized,0001339566,61,,Mujer,Cuadrada,,,X,61,45,134,16,"128,00","58,18",
6009,accesorio,888392592569,OAKLEY,,AOO9230LS,Accesorios,WILDRYE,,,000003,,,Prizm Sapphire Polarized,0001339566,61,,Mujer,Cuadrada,,,X,61,45,134,16,"128,00","58,18",
6010,accesorio,888392592576,OAKLEY,,AOO9230LS,Accesorios,WILDRYE,,,000004,,,Prizm bronce degradado,0001339566,61,,Mujer,Cuadrada,,,,61,45,134,16,"68,00","30,91",
6011,accesorio,888392592583,OAKLEY,,AOO9230LS,Accesorios,WILDRYE,,,000005,,,Prizm Black Polarized,0001339566,61,,Mujer,Cuadrada,,,X,61,45,134,16,"128,00","58,18",
6012,accesorio,888392592590,OAKLEY,,AOO9230LS,Accesorios,WILDRYE,,,000006,,,Prizm gris degradado,0001339566,61,,Mujer,Cuadrada,,,,61,45,134,16,"68,00","30,91",
6013,accesorio,888392605634,OAKLEY,,AOO9231LS,Accesorios,HELIOSTAT,,,000001,,,Prizm Grey,0001339566,61,,Unisex,Rectangular,,,,61,39,129,16,"68,00","30,91",
6014,accesorio,888392605641,OAKLEY,,AOO9231LS,Accesorios,HELIOSTAT,,,000002,,,Prizm Black Polarized,0001339566,61,,Unisex,Rectangular,,,X,61,39,129,16,"128,00","58,18",
6015,accesorio,888392605658,OAKLEY,,AOO9231LS,Accesorios,HELIOSTAT,,,000003,,,Prizm Black,0001339566,61,,Unisex,Rectangular,,,,61,39,129,16,"78,00","35,45",
6016,accesorio,888392605665,OAKLEY,,AOO9231LS,Accesorios,HELIOSTAT,,,000004,,,Prizm Tungsten Polarized,0001339566,61,,Unisex,Rectangular,,,X,61,39,129,16,"128,00","58,18",
6017,accesorio,888392605672,OAKLEY,,AOO9231LS,Accesorios,HELIOSTAT,,,000005,,,Prizm Deep Water Polarized,0001339566,61,,Unisex,Rectangular,,,X,61,39,129,16,"128,00","58,18",
6018,accesorio,888392605689,OAKLEY,,AOO9231LS,Accesorios,HELIOSTAT,,,000006,,,Prizm Ruby,0001339566,61,,Unisex,Rectangular,,,,61,39,129,16,"78,00","35,45",
6019,accesorio,888392605696,OAKLEY,,AOO9231LS,Accesorios,HELIOSTAT,,,000007,,,Prizm Sapphire Polarized,0001339566,61,,Unisex,Rectangular,,,X,61,39,129,16,"128,00","58,18",
6020,accesorio,888392080288,OAKLEY,,AOO9239LS,Accesorios,CRANKSHAFT,,,000001,,,Black Iridium,0001339566,60,,Hombre,Rectangular,,,,,,,,"68,00","30,91",
6021,accesorio,888392080349,OAKLEY,,AOO9239LS,Accesorios,CRANKSHAFT,,,000002,,,Black Iridium Polarized,0001339566,60,,Hombre,Rectangular,,,X,,,,,"118,00","53,64",
6022,accesorio,888392606426,OAKLEY,,AOO9242LS,Accesorios,HSTN,,,000001,,,Prizm Black,0001339566,52,,Unisex,Redonda,,,,52,48,143,21,"78,00","35,45",
6023,accesorio,888392606433,OAKLEY,,AOO9242LS,Accesorios,HSTN,,,000002,,,Prizm Ruby,0001339566,52,,Unisex,Redonda,,,,52,48,143,21,"78,00","35,45",
6024,accesorio,888392606440,OAKLEY,,AOO9242LS,Accesorios,HSTN,,,000003,,,Prizm Tungsten Polarized,0001339566,52,,Unisex,Redonda,,,X,52,48,143,21,"128,00","58,18",
6025,accesorio,888392606457,OAKLEY,,AOO9242LS,Accesorios,HSTN,,,000004,,,Prizm Sapphire,0001339566,52,,Unisex,Redonda,,,,52,48,143,21,"78,00","35,45",
6026,accesorio,888392606464,OAKLEY,,AOO9242LS,Accesorios,HSTN,,,000005,,,Prizm Black Polarized,0001339566,52,,Unisex,Redonda,,,X,52,48,143,21,"128,00","58,18",
6027,accesorio,888392606471,OAKLEY,,AOO9242LS,Accesorios,HSTN,,,000006,,,Prizm Tungsten,0001339566,52,,Unisex,Redonda,,,,52,48,143,21,"78,00","35,45",
6028,accesorio,888392606419,OAKLEY,,AOO9248LS,Accesorios,CORRIDOR,,,000001,,,Prizm Black,0001339566,42,,Unisex,Pantalla,,,,42,51,140,142,"78,00","35,45",
6029,accesorio,888392606488,OAKLEY,,AOO9248LS,Accesorios,CORRIDOR,,,000002,,,Prizm Road,0001339566,42,,Unisex,Pantalla,,,,42,51,140,142,"78,00","35,45",
6030,accesorio,888392606495,OAKLEY,,AOO9248LS,Accesorios,CORRIDOR,,,000003,,,Prizm Ruby,0001339566,42,,Unisex,Pantalla,,,,42,51,140,142,"78,00","35,45",
6031,accesorio,888392606792,OAKLEY,,AOO9248LS,Accesorios,CORRIDOR,,,000004,,,Prizm Sapphire,0001339566,42,,Unisex,Pantalla,,,,42,51,140,142,"78,00","35,45",
6032,accesorio,888392606808,OAKLEY,,AOO9248LS,Accesorios,CORRIDOR,,,000005,,,Prizm Low Light,0001339566,42,,Unisex,Pantalla,,,,42,51,140,142,"68,00","30,91",
6033,accesorio,888392606815,OAKLEY,,AOO9248LS,Accesorios,CORRIDOR,,,000006,,,Prizm Trail Torch,0001339566,42,,Unisex,Pantalla,,,,42,51,140,142,"78,00","35,45",
6034,accesorio,888392606822,OAKLEY,,AOO9250LS,Accesorios,ACTUATOR,,,000001,,,Prizm Grey,0001339566,57,,Unisex,Rectangular,,,,57,46,146,16,"68,00","30,91",
6035,accesorio,888392606839,OAKLEY,,AOO9250LS,Accesorios,ACTUATOR,,,000002,,,Prizm Black Polarized,0001339566,57,,Unisex,Rectangular,,,X,57,46,146,16,"128,00","58,18",
6036,accesorio,888392606846,OAKLEY,,AOO9250LS,Accesorios,ACTUATOR,,,000003,,,Prizm Tungsten,0001339566,57,,Unisex,Rectangular,,,,57,46,146,16,"78,00","35,45",
6037,accesorio,888392606853,OAKLEY,,AOO9250LS,Accesorios,ACTUATOR,,,000004,,,Prizm Sapphire Polarized,0001339566,57,,Unisex,Rectangular,,,X,57,46,146,16,"128,00","58,18",
6038,accesorio,888392606860,OAKLEY,,AOO9250LS,Accesorios,ACTUATOR,,,000005,,,Prizm Ruby Polarized,0001339566,57,,Unisex,Rectangular,,,X,57,46,146,16,"128,00","58,18",
6039,accesorio,888392606877,OAKLEY,,AOO9250LS,Accesorios,ACTUATOR,,,000006,,,Prizm Sapphire,0001339566,57,,Unisex,Rectangular,,,,57,46,146,16,"78,00","35,45",
6040,accesorio,888392606884,OAKLEY,,AOO9250LS,Accesorios,ACTUATOR,,,000007,,,Prizm Road,0001339566,57,,Unisex,Rectangular,,,,57,46,146,16,"78,00","35,45",
6041,accesorio,888392314390,OAKLEY,,AOO9262LS,Accesorios,SLIVER,,,000001,,,Prizm Black,0001339566,57,,Hombre,Rectangular,,,,,,,,"78,00","35,45",
6042,accesorio,888392314406,OAKLEY,,AOO9262LS,Accesorios,SLIVER,,,000002,,,Prizm Black Polarized,0001339566,57,,Hombre,Rectangular,,,X,,,,,"128,00","58,18",
6043,accesorio,888392314413,OAKLEY,,AOO9262LS,Accesorios,SLIVER,,,000006,,,Prizm Grey,0001339566,57,,Hombre,Rectangular,,,,,,,,"68,00","30,91",
6044,accesorio,888392314451,OAKLEY,,AOO9262LS,Accesorios,SLIVER,,,000008,,,Prizm Jade,0001339566,57,,Hombre,Rectangular,,,,,,,,"78,00","35,45",
6045,accesorio,888392314499,OAKLEY,,AOO9262LS,Accesorios,SLIVER,,,000010,,,Prizm Ruby,0001339566,57,,Hombre,Rectangular,,,,,,,,"78,00","35,45",
6046,accesorio,888392314505,OAKLEY,,AOO9262LS,Accesorios,SLIVER,,,000011,,,Prizm Ruby Polarized,0001339566,57,,Hombre,Rectangular,,,X,,,,,"128,00","58,18",
6047,accesorio,888392314437,OAKLEY,,AOO9262LS,Accesorios,SLIVER,,,000012,,,Prizm Sapphire,0001339566,57,,Hombre,Rectangular,,,,,,,,"78,00","35,45",
6048,accesorio,888392314444,OAKLEY,,AOO9262LS,Accesorios,SLIVER,,,000013,,,Prizm Sapphire Polarized,0001339566,57,,Hombre,Rectangular,,,X,,,,,"128,00","58,18",
6049,accesorio,888392163257,OAKLEY,,AOO9262LS,Accesorios,SLIVER,,,000023,,,Chrome Iridium Polarized,0001339566,57,,Hombre,Rectangular,,,X,,,,,"118,00","53,64",
6050,accesorio,888392123312,OAKLEY,,AOO9262LS,Accesorios,SLIVER,,,000041,,,Violet Iridium Polarized,0001339566,57,,Hombre,Rectangular,,,X,,,,,"118,00","53,64",
6051,accesorio,888392312815,OAKLEY,,AOO9263LS,Accesorios,TURBINE,,,000001,,,Prizm Black,0001339566,65,,Hombre,Rectangular,,,,,,,,"78,00","35,45",
6052,accesorio,888392312822,OAKLEY,,AOO9263LS,Accesorios,TURBINE,,,000002,,,Prizm Black Polarized,0001339566,65,,Hombre,Rectangular,,,X,,,,,"128,00","58,18",
6053,accesorio,888392312846,OAKLEY,,AOO9263LS,Accesorios,TURBINE,,,000008,,,Prizm Grey Polarized,0001339566,65,,Hombre,Rectangular,,,X,,,,,"118,00","53,64",
6054,accesorio,888392312877,OAKLEY,,AOO9263LS,Accesorios,TURBINE,,,000009,,,Prizm Jade,0001339566,65,,Hombre,Rectangular,,,,,,,,"78,00","35,45",
6055,accesorio,888392312884,OAKLEY,,AOO9263LS,Accesorios,TURBINE,,,000010,,,Prizm Jade Polarized,0001339566,65,,Hombre,Rectangular,,,X,,,,,"128,00","58,18",
6056,accesorio,888392312914,OAKLEY,,AOO9263LS,Accesorios,TURBINE,,,000012,,,Prizm Ruby,0001339566,65,,Hombre,Rectangular,,,,,,,,"78,00","35,45",
6057,accesorio,888392312921,OAKLEY,,AOO9263LS,Accesorios,TURBINE,,,000013,,,Prizm Ruby Polarized,0001339566,65,,Hombre,Rectangular,,,X,,,,,"128,00","58,18",
6058,accesorio,888392312853,OAKLEY,,AOO9263LS,Accesorios,TURBINE,,,000014,,,Prizm Sapphire,0001339566,65,,Hombre,Rectangular,,,,,,,,"78,00","35,45",
6059,accesorio,888392312860,OAKLEY,,AOO9263LS,Accesorios,TURBINE,,,000015,,,Prizm Sapphire Polarized,0001339566,65,,Hombre,Rectangular,,,X,,,,,"128,00","58,18",
6060,accesorio,888392312907,OAKLEY,,AOO9263LS,Accesorios,TURBINE,,,000019,,,Prizm Tungsten Polarized,0001339566,65,,Hombre,Rectangular,,,X,,,,,"128,00","58,18",
6061,accesorio,888392126849,OAKLEY,,AOO9263LS,Accesorios,TURBINE,,,000032,,,Prizm Deep Water Polarized,0001339566,65,,Hombre,Rectangular,,,X,,,,,"128,00","58,18",
6062,accesorio,888392261717,OAKLEY,,AOO9263LS,Accesorios,TURBINE,,,000034,,,Prizm Golf,0001339566,65,,Hombre,Rectangular,,,,,,,,"78,00","35,45",
6063,accesorio,888392126856,OAKLEY,,AOO9263LS,Accesorios,TURBINE,,,000036,,,Prizm Shallow Water Polarized,0001339566,65,,Hombre,Rectangular,,,X,,,,,"128,00","58,18",
6064,accesorio,888392314017,OAKLEY,,AOO9264LS,Accesorios,MAINLINK,,,000001,,,Prizm Black,0001339566,57,,Hombre,Rectangular,,,,,,,,"78,00","35,45",
6065,accesorio,888392314024,OAKLEY,,AOO9264LS,Accesorios,MAINLINK,,,000002,,,Prizm Black Polarized,0001339566,57,,Hombre,Rectangular,,,X,,,,,"128,00","58,18",
6066,accesorio,888392429902,OAKLEY,,AOO9264LS,Accesorios,MAINLINK,,,000004,,,Prizm Sapphire,0001339566,61,,Hombre,Rectangular,,,,61,63,138,17,"78,00","35,45",
6067,accesorio,888392429926,OAKLEY,,AOO9264LS,Accesorios,MAINLINK,,,000005,,,Prizm Black,0001339566,61,,Hombre,Rectangular,,,,61,63,138,17,"78,00","35,45",
6068,accesorio,888392314086,OAKLEY,,AOO9264LS,Accesorios,MAINLINK,,,000009,,,Prizm Jade Polarized,0001339566,57,,Hombre,Rectangular,,,X,,,,,"128,00","58,18",
6069,accesorio,888392314123,OAKLEY,,AOO9264LS,Accesorios,MAINLINK,,,000011,,,Prizm Ruby Polarized,0001339566,57,,Hombre,Rectangular,,,X,,,,,"128,00","58,18",
6070,accesorio,888392314055,OAKLEY,,AOO9264LS,Accesorios,MAINLINK,,,000012,,,Prizm Sapphire,0001339566,57,,Hombre,Rectangular,,,,,,,,"78,00","35,45",
6071,accesorio,888392314062,OAKLEY,,AOO9264LS,Accesorios,MAINLINK,,,000013,,,Prizm Sapphire Polarized,0001339566,57,,Hombre,Rectangular,,,X,,,,,"128,00","58,18",
6072,accesorio,888392429964,OAKLEY,,AOO9264LS,Accesorios,MAINLINK,,,000015,,,Prizm Black Polarized,0001339566,61,,Hombre,Rectangular,,,X,61,63,138,17,"128,00","58,18",
6073,accesorio,888392314093,OAKLEY,,AOO9264LS,Accesorios,MAINLINK,,,000016,,,Prizm Tungsten,0001339566,57,,Hombre,Rectangular,,,,,,,,"70,00","31,82",
6074,accesorio,888392141392,OAKLEY,,AOO9264LS,Accesorios,MAINLINK,,,000031,,,Prizm Daily Polarized,0001339566,57,,Hombre,Rectangular,,,X,,,,,"128,00","58,18",
6075,accesorio,888392262691,OAKLEY,,AOO9264LS,Accesorios,MAINLINK,,,000032,,,Prizm Deep Water Polarized,0001339566,57,,Hombre,Rectangular,,,X,,,,,"128,00","58,18",
6076,accesorio,888392262646,OAKLEY,,AOO9264LS,Accesorios,MAINLINK,,,000034,,,Prizm Golf,0001339566,57,,Hombre,Rectangular,,,,,,,,"78,00","35,45",
6077,accesorio,888392262639,OAKLEY,,AOO9264LS,Accesorios,MAINLINK,,,000035,,,Prizm Road,0001339566,57,,Hombre,Rectangular,,,,,,,,"78,00","35,45",
6078,accesorio,888392429988,OAKLEY,,AOO9264LS,Accesorios,MAINLINK,,,000046,,,Prizm Ruby Polarized,0001339566,61,,Hombre,Rectangular,,,X,61,63,138,17,"128,00","58,18",
6079,accesorio,888392430007,OAKLEY,,AOO9264LS,Accesorios,MAINLINK,,,000047,,,Prizm Deep Water Polarized,0001339566,61,,Hombre,Rectangular,,,X,61,63,138,17,"128,00","58,18",
6080,accesorio,888392316561,OAKLEY,,AOO9265LS,Accesorios,LATCH,,,000001,,,Prizm Black,0001339566,53,,Unisex,Redonda,,,,,,,,"78,00","35,45",
6081,accesorio,888392316578,OAKLEY,,AOO9265LS,Accesorios,LATCH,,,000002,,,Prizm Black Polarized,0001339566,53,,Unisex,Redonda,,,X,,,,,"128,00","58,18",
6082,accesorio,888392316585,OAKLEY,,AOO9265LS,Accesorios,LATCH,,,000003,,,Prizm Grey,0001339566,53,,Unisex,Redonda,,,,,,,,"68,00","30,91",
6083,accesorio,888392316592,OAKLEY,,AOO9265LS,Accesorios,LATCH,,,000004,,,Prizm Grey Polarized,0001339566,53,,Unisex,Redonda,,,X,,,,,"118,00","53,64",
6084,accesorio,888392316622,OAKLEY,,AOO9265LS,Accesorios,LATCH,,,000005,,,Prizm Jade,0001339566,53,,Unisex,Redonda,,,,,,,,"78,00","35,45",
6085,accesorio,888392316639,OAKLEY,,AOO9265LS,Accesorios,LATCH,,,000006,,,Prizm Jade Polarized,0001339566,53,,Unisex,Redonda,,,X,,,,,"128,00","58,18",
6086,accesorio,888392316660,OAKLEY,,AOO9265LS,Accesorios,LATCH,,,000007,,,Prizm Ruby,0001339566,53,,Unisex,Redonda,,,,,,,,"78,00","35,45",
6087,accesorio,888392316677,OAKLEY,,AOO9265LS,Accesorios,LATCH,,,000008,,,Prizm Ruby Polarized,0001339566,53,,Unisex,Redonda,,,X,,,,,"128,00","58,18",
6088,accesorio,888392316608,OAKLEY,,AOO9265LS,Accesorios,LATCH,,,000009,,,Prizm Sapphire,0001339566,53,,Unisex,Redonda,,,,,,,,"78,00","35,45",
6089,accesorio,888392316615,OAKLEY,,AOO9265LS,Accesorios,LATCH,,,000010,,,Prizm Sapphire Polarized,0001339566,53,,Unisex,Redonda,,,X,,,,,"128,00","58,18",
6090,accesorio,888392316646,OAKLEY,,AOO9265LS,Accesorios,LATCH,,,000011,,,Prizm Tungsten,0001339566,53,,Unisex,Redonda,,,,,,,,"78,00","35,45",
6091,accesorio,888392316653,OAKLEY,,AOO9265LS,Accesorios,LATCH,,,000012,,,Prizm Tungsten Polarized,0001339566,53,,Unisex,Redonda,,,X,,,,,"128,00","58,18",
6092,accesorio,888392426154,OAKLEY,,AOO9265LS,Accesorios,LATCH,,,000037,,,Prizm Rose Gold Polarized,0001339566,53,,Unisex,Redonda,,,X,,,,,"128,00","58,18",
6093,accesorio,888392141514,OAKLEY,,AOO9266LS,Accesorios,TRIGGERMAN,,,000005,,,Prizm Daily Polarized,0001339566,59,,Hombre,Rectangular,,,X,,,,,"128,00","58,18",
6094,accesorio,888392154972,OAKLEY,,AOO9270KT,Accesorios,JAWBREAKER ACCESSORY SOCK KIT,,,000001,Negro,,,0001339566,00,,Unisex,,O_matter,,,,,,,"17,00","7,73",
6095,accesorio,888392155009,OAKLEY,,AOO9270KT,Accesorios,JAWBREAKER ACCESSORY SOCK KIT,,,000002,Naranja,,,0001339566,00,,Unisex,,O_matter,,,,,,,"17,00","7,73",
6096,accesorio,888392155016,OAKLEY,,AOO9270KT,Accesorios,JAWBREAKER ACCESSORY SOCK KIT,,,000003,Rojo,,,0001339566,00,,Unisex,,O_matter,,,,,,,"17,00","7,73",
6097,accesorio,888392154996,OAKLEY,,AOO9270KT,Accesorios,JAWBREAKER ACCESSORY SOCK KIT,,,000004,Amarillo,,,0001339566,00,,Unisex,,O_matter,,,,,,,"17,00","7,73",
6098,accesorio,888392154989,OAKLEY,,AOO9270KT,Accesorios,JAWBREAKER ACCESSORY SOCK KIT,,,000005,Azul,,,0001339566,00,,Unisex,,O_matter,,,,,,,"17,00","7,73",
6099,accesorio,888392155023,OAKLEY,,AOO9270KT,Accesorios,JAWBREAKER ACCESSORY SOCK KIT,,,000006,Blanco,,,0001339566,00,,Unisex,,O_matter,,,,,,,"17,00","7,73",
6100,accesorio,888392310989,OAKLEY,,AOO9271LS,Accesorios,FLAK 2.0 (A),,,000001,,,Prizm Black,0001339566,61,,Unisex,Rectangular,,,,,,,,"78,00","35,45",
6101,accesorio,888392310996,OAKLEY,,AOO9271LS,Accesorios,FLAK 2.0 (A),,,000002,,,Prizm Black Polarized,0001339566,61,,Unisex,Rectangular,,,X,,,,,"128,00","58,18",
6102,accesorio,888392311009,OAKLEY,,AOO9271LS,Accesorios,FLAK 2.0 (A),,,000003,,,Prizm Grey,0001339566,61,,Unisex,Rectangular,,,,,,,,"68,00","30,91",
6103,accesorio,888392311016,OAKLEY,,AOO9271LS,Accesorios,FLAK 2.0 (A),,,000004,,,Prizm Grey Polarized,0001339566,61,,Unisex,Rectangular,,,X,,,,,"116,00","52,73",
6104,accesorio,888392311047,OAKLEY,,AOO9271LS,Accesorios,FLAK 2.0 (A),,,000005,,,Prizm Jade,0001339566,61,,Unisex,Rectangular,,,,,,,,"78,00","35,45",
6105,accesorio,888392311054,OAKLEY,,AOO9271LS,Accesorios,FLAK 2.0 (A),,,000006,,,Prizm Jade Polarized,0001339566,61,,Unisex,Rectangular,,,X,,,,,"128,00","58,18",
6106,accesorio,888392311085,OAKLEY,,AOO9271LS,Accesorios,FLAK 2.0 (A),,,000007,,,Prizm Ruby,0001339566,61,,Unisex,Rectangular,,,,,,,,"78,00","35,45",
6107,accesorio,888392311092,OAKLEY,,AOO9271LS,Accesorios,FLAK 2.0 (A),,,000008,,,Prizm Ruby Polarized,0001339566,61,,Unisex,Rectangular,,,X,,,,,"128,00","58,18",
6108,accesorio,888392311023,OAKLEY,,AOO9271LS,Accesorios,FLAK 2.0 (A),,,000009,,,Prizm Sapphire,0001339566,61,,Unisex,Rectangular,,,,,,,,"78,00","35,45",
6109,accesorio,888392311030,OAKLEY,,AOO9271LS,Accesorios,FLAK 2.0 (A),,,000010,,,Prizm Sapphire Polarized,0001339566,61,,Unisex,Rectangular,,,X,,,,,"128,00","58,18",
6110,accesorio,888392311061,OAKLEY,,AOO9271LS,Accesorios,FLAK 2.0 (A),,,000011,,,Prizm Tungsten,0001339566,61,,Unisex,Rectangular,,,,,,,,"70,00","31,82",
6111,accesorio,888392140487,OAKLEY,,AOO9271LS,Accesorios,FLAK 2.0 (A),,,000017,,,Transparente,0001339566,61,,Unisex,Rectangular,,,,,,,,"58,00","26,36",
6112,accesorio,888392140449,OAKLEY,,AOO9271LS,Accesorios,FLAK 2.0 (A),,,000019,,,Gris,0001339566,61,,Unisex,Rectangular,,,,,,,,"50,00","22,70",
6113,accesorio,888392181268,OAKLEY,,AOO9271LS,Accesorios,FLAK 2.0 (A),,,000021,,,Prizm Golf,0001339566,61,,Unisex,Rectangular,,,,,,,,"78,00","35,45",
6114,accesorio,888392181275,OAKLEY,,AOO9271LS,Accesorios,FLAK 2.0 (A),,,000022,,,Prizm Road,0001339566,61,,Unisex,Rectangular,,,,,,,,"78,00","35,45",
6115,accesorio,888392140470,OAKLEY,,AOO9271LS,Accesorios,FLAK 2.0 (A),,,000025,,,Slate Iridium,0001339566,61,,Unisex,Rectangular,,,,,,,,"68,00","30,91",
6116,accesorio,888392181299,OAKLEY,,AOO9271LS,Accesorios,FLAK 2.0 (A),,,000026,,,Clear To Black Iridium Photochromic,0001339566,61,,Unisex,Rectangular,,X,,,,,,"118,00","53,64",
6117,accesorio,888392217004,OAKLEY,,AOO9271LS,Accesorios,FLAK 2.0 (A),,,000031,,,Sapphire Iridium Polarized,0001339566,61,,Unisex,Rectangular,,,X,,,,,"110,00","50,00",
6118,accesorio,888392140548,OAKLEY,,AOO9275LS,Accesorios,RADAR EV PATH (A),,,000020,,,Transparente,0001339566,35,,Unisex,Pantalla,,,,,,,,"68,00","30,91",
6119,accesorio,888392140517,OAKLEY,,AOO9275LS,Accesorios,RADAR EV PATH (A),,,000021,,,Fire Iridium,0001339566,35,,Unisex,Pantalla,,,,,,,,"78,00","35,45",
6120,accesorio,888392140531,OAKLEY,,AOO9275LS,Accesorios,RADAR EV PATH (A),,,000022,,,Slate Iridium,0001339566,35,,Unisex,Pantalla,,,,,,,,"76,00","34,55",
6121,accesorio,888392181343,OAKLEY,,AOO9275LS,Accesorios,RADAR EV PATH (A),,,000024,,,Clear To Black Iridium Photochromic,0001339566,35,,Unisex,Pantalla,,X,,,,,,"128,00","58,18",
6122,accesorio,888392181305,OAKLEY,,AOO9275LS,Accesorios,RADAR EV PATH (A),,,000031,,,Prizm Field,0001339566,35,,Unisex,Pantalla,,,,,,,,"88,00","40,00",
6123,accesorio,888392181312,OAKLEY,,AOO9275LS,Accesorios,RADAR EV PATH (A),,,000032,,,Prizm Golf,0001339566,35,,Unisex,Pantalla,,,,,,,,"88,00","40,00",
6124,accesorio,888392181329,OAKLEY,,AOO9275LS,Accesorios,RADAR EV PATH (A),,,000033,,,Prizm Road,0001339566,35,,Unisex,Pantalla,,,,,,,,"88,00","40,00",
6125,accesorio,888392605719,OAKLEY,,AOO9280LS,Accesorios,BXTR,,,000001,,,Prizm Road,0001339566,39,,Unisex,Pantalla,,,,39,55,140,139,"78,00","35,45",
6126,accesorio,888392605733,OAKLEY,,AOO9280LS,Accesorios,BXTR,,,000002,,,Prizm Sapphire,0001339566,39,,Unisex,Pantalla,,,,39,55,140,139,"78,00","35,45",
6127,accesorio,888392605757,OAKLEY,,AOO9280LS,Accesorios,BXTR,,,000004,,,Prizm Black,0001339566,39,,Unisex,Pantalla,,,,39,55,140,139,"78,00","35,45",
6128,accesorio,888392606402,OAKLEY,,AOO9280LS,Accesorios,BXTR,,,000006,,,Prizm Ruby,0001339566,39,,Unisex,Pantalla,,,,39,55,140,139,"78,00","35,45",
6129,accesorio,888392611130,OAKLEY,,AOO9284LS,Accesorios,FROGMOD SP,,,000001,,,Prizm Ruby Polarized,0001339566,55,,Unisex,,,,X,55,44,136,17,"128,00","58,18",
6130,accesorio,888392611147,OAKLEY,,AOO9284LS,Accesorios,FROGMOD SP,,,000002,,,Prizm 24k Polarized,0001339566,55,,Unisex,,,,X,55,44,136,17,"128,00","58,18",
6131,accesorio,888392611154,OAKLEY,,AOO9284LS,Accesorios,FROGMOD SP,,,000003,,,Prizm Black,0001339566,55,,Unisex,,,,,55,44,136,17,"78,00","35,45",
6132,accesorio,888392611161,OAKLEY,,AOO9284LS,Accesorios,FROGMOD SP,,,000004,,,Prizm Sapphire,0001339566,55,,Unisex,,,,,55,44,136,17,"78,00","35,45",
6133,accesorio,888392611178,OAKLEY,,AOO9284LS,Accesorios,FROGMOD SP,,,000005,,,Prizm Ruby,0001339566,55,,Unisex,,,,,55,44,136,17,"78,00","35,45",
6134,accesorio,888392611185,OAKLEY,,AOO9284LS,Accesorios,FROGMOD SP,,,000006,,,Prizm Jade,0001339566,55,,Unisex,,,,,55,44,136,17,"78,00","35,45",
6135,accesorio,888392612281,OAKLEY,,AOO9284LS,Accesorios,FROGMOD SP,,,000007,,,Prizm Tungsten Polarized,0001339566,55,,Unisex,,,,X,55,44,136,17,"128,00","58,18",
6136,accesorio,888392612298,OAKLEY,,AOO9284LS,Accesorios,FROGMOD SP,,,000008,,,Prizm Deep Water Polarized,0001339566,55,,Unisex,,,,X,55,44,136,17,"128,00","58,18",
6137,accesorio,888392611215,OAKLEY,,AOO9285LS,Accesorios,HELUX,,,000001,,,Prizm Gaming™ 2.0,0001339566,61,,Hombre,Rectangular,,,,61,45,146,9,"78,00","35,45",
6138,accesorio,888392662033,OAKLEY,,AOO9285LS,Accesorios,HELUX,,,000002,,,Prizm gris degradado,0001339566,61,,Hombre,Rectangular,,,,61,45,146,9,"68,00","30,91",
6139,accesorio,888392662774,OAKLEY,,AOO9285LS,Accesorios,HELUX,,,000004,,,Prizm Black,0001339566,61,,Hombre,Rectangular,,,,61,45,146,9,"78,00","35,45",
6140,accesorio,888392662781,OAKLEY,,AOO9285LS,Accesorios,HELUX,,,000005,,,Prizm Sapphire,0001339566,61,,Hombre,Rectangular,,,,61,45,146,9,"78,00","35,45",
6141,accesorio,888392662798,OAKLEY,,AOO9285LS,Accesorios,HELUX,,,000006,,,Prizm Jade,0001339566,61,,Hombre,Rectangular,,,,61,45,146,9,"78,00","35,45",
6142,accesorio,888392611062,OAKLEY,,AOO9286LS,Accesorios,THURSO,,,000001,,,Prizm Black,0001339566,54,,Unisex,,,,,54,45,145,19,"78,00","35,45",
6143,accesorio,888392611079,OAKLEY,,AOO9286LS,Accesorios,THURSO,,,000002,,,Prizm Black Polarized,0001339566,54,,Unisex,,,,X,54,45,145,19,"128,00","58,18",
6144,accesorio,888392611086,OAKLEY,,AOO9286LS,Accesorios,THURSO,,,000003,,,Prizm Tungsten,0001339566,54,,Unisex,,,,,54,45,145,19,"78,00","35,45",
6145,accesorio,888392611093,OAKLEY,,AOO9286LS,Accesorios,THURSO,,,000004,,,Prizm Dark Golf,0001339566,54,,Unisex,,,,,54,45,145,19,"78,00","35,45",
6146,accesorio,888392611109,OAKLEY,,AOO9286LS,Accesorios,THURSO,,,000005,,,Prizm Deep Water Polarized,0001339566,54,,Unisex,,,,X,54,45,145,19,"128,00","58,18",
6147,accesorio,888392611116,OAKLEY,,AOO9286LS,Accesorios,THURSO,,,000006,,,Prizm bronce degradado,0001339566,54,,Unisex,,,,,54,45,145,19,"68,00","30,91",
6148,accesorio,888392611123,OAKLEY,,AOO9286LS,Accesorios,THURSO,,,000007,,,Prizm Sapphire,0001339566,54,,Unisex,,,,,54,45,145,19,"78,00","35,45",
6149,accesorio,888392611192,OAKLEY,,AOO9289LS,Accesorios,FROGMOD TR,,,000001,,,Prizm Violet,0001339566,55,,Hombre,,,,,55,44,140,17,"78,00","35,45",
6150,accesorio,888392611208,OAKLEY,,AOO9289LS,Accesorios,FROGMOD TR,,,000002,,,Prizm Black Polarized,0001339566,55,,Hombre,,,,X,55,44,140,17,"128,00","58,18",
6151,accesorio,888392611772,OAKLEY,,AOO9289LS,Accesorios,FROGMOD TR,,,000003,,,Prizm Sapphire Polarized,0001339566,55,,Hombre,,,,X,55,44,140,17,"128,00","58,18",
6152,accesorio,888392612366,OAKLEY,,AOO9289LS,Accesorios,FROGMOD TR,,,000004,,,Prizm Ruby,0001339566,55,,Hombre,,,,,55,44,140,17,"78,00","35,45",
6153,accesorio,888392109897,OAKLEY,,AOO9290LS,Accesorios,JAWBREAKER,,,000003,,,Prizm Daily Polarized,0001339566,31,,Unisex,Pantalla,,,X,,,,,"138,00","62,73",
6154,accesorio,888392109965,OAKLEY,,AOO9290LS,Accesorios,JAWBREAKER,,,000006,,,Prizm Road,0001339566,31,,Unisex,Pantalla,,,,,,,,"88,00","40,00",
6155,accesorio,888392109972,OAKLEY,,AOO9290LS,Accesorios,JAWBREAKER,,,000008,,,Prizm Trail,0001339566,31,,Unisex,Pantalla,,,,,,,,"88,00","40,00",
6156,accesorio,888392337252,OAKLEY,,AOO9290LS,Accesorios,JAWBREAKER,,,000009,,,Clear To Black Iridium Photochromic,0001339566,31,,Unisex,Pantalla,,X,,,,,,"128,00","58,18",
6157,accesorio,888392308061,OAKLEY,,AOO9290LS,Accesorios,JAWBREAKER,,,000010,,,Prizm Jade Polarized,0001339566,31,,Unisex,Pantalla,,,X,,,,,"138,00","62,73",
6158,accesorio,888392308047,OAKLEY,,AOO9290LS,Accesorios,JAWBREAKER,,,000011,,,Prizm Sapphire Polarized,0001339566,31,,Unisex,Pantalla,,,X,,,,,"138,00","62,73",
6159,accesorio,888392307996,OAKLEY,,AOO9290LS,Accesorios,JAWBREAKER,,,000012,,,Prizm Black,0001339566,31,,Unisex,Pantalla,,,,,,,,"88,00","40,00",
6160,accesorio,888392308009,OAKLEY,,AOO9290LS,Accesorios,JAWBREAKER,,,000013,,,Prizm Black Polarized,0001339566,31,,Unisex,Pantalla,,,X,,,,,"138,00","62,73",
6161,accesorio,888392442840,OAKLEY,,AOO9290LS,Accesorios,JAWBREAKER,,,000015,,,Prizm Trail Torch,0001339566,31,,Unisex,Pantalla,,,,,,,,"88,00","40,00",
6162,accesorio,888392308016,OAKLEY,,AOO9290LS,Accesorios,JAWBREAKER,,,000017,,,Prizm Grey,0001339566,31,,Unisex,Pantalla,,,,,,,,"78,00","35,45",
6163,accesorio,888392308023,OAKLEY,,AOO9290LS,Accesorios,JAWBREAKER,,,000018,,,Prizm Grey Polarized,0001339566,31,,Unisex,Pantalla,,,X,,,,,"128,00","58,18",
6164,accesorio,888392308054,OAKLEY,,AOO9290LS,Accesorios,JAWBREAKER,,,000019,,,Prizm Jade,0001339566,31,,Unisex,Pantalla,,,,,,,,"88,00","40,00",
6165,accesorio,888392337122,OAKLEY,,AOO9290LS,Accesorios,JAWBREAKER,,,000020,,,Prizm Low Light,0001339566,31,,Unisex,Pantalla,,,,,,,,"78,00","35,45",
6166,accesorio,888392308115,OAKLEY,,AOO9290LS,Accesorios,JAWBREAKER,,,000022,,,Prizm Ruby,0001339566,31,,Unisex,Pantalla,,,,,,,,"88,00","40,00",
6167,accesorio,888392308122,OAKLEY,,AOO9290LS,Accesorios,JAWBREAKER,,,000023,,,Prizm Ruby Polarized,0001339566,31,,Unisex,Pantalla,,,X,,,,,"138,00","62,73",
6168,accesorio,888392308030,OAKLEY,,AOO9290LS,Accesorios,JAWBREAKER,,,000024,,,Prizm Sapphire,0001339566,31,,Unisex,Pantalla,,,,,,,,"88,00","40,00",
6169,accesorio,888392308160,OAKLEY,,AOO9290LS,Accesorios,JAWBREAKER,,,000025,,,Prizm Snow Sapphire,0001339566,31,,Unisex,Pantalla,,,,,,,,"88,00","40,00",
6170,accesorio,888392126566,OAKLEY,,AOO9290LS,Accesorios,JAWBREAKER,,,000030,,,Black Iridium,0001339566,31,,Unisex,Pantalla,,,,,,,,"78,00","35,45",
6171,accesorio,888392126634,OAKLEY,,AOO9290LS,Accesorios,JAWBREAKER,,,000033,,,Transparente,0001339566,31,,Unisex,Pantalla,,,,,,,,"68,00","30,91",
6172,accesorio,888392180186,OAKLEY,,AOO9290LS,Accesorios,JAWBREAKER,,,000042,,,Violet Iridium,0001339566,31,,Unisex,Pantalla,,,,,,,,"78,00","35,45",
6173,accesorio,888392163592,OAKLEY,,AOO9290LS,Accesorios,JAWBREAKER,,,000045,,,Clear To Black Iridium Photochromic,0001339566,31,,Unisex,Pantalla,,X,,,,,,"128,00","58,18",
6174,accesorio,888392109491,OAKLEY,,AOO9295LS,Accesorios,FLAK 2.0,,,000002,,,Prizm Daily Polarized,0001339566,59,,Unisex,Rectangular,,,X,,,,,"128,00","58,18",
6175,accesorio,888392109569,OAKLEY,,AOO9295LS,Accesorios,FLAK 2.0,,,000003,,,Prizm Deep Water Polarized,0001339566,59,,Unisex,Rectangular,,,X,,,,,"128,00","58,18",
6176,accesorio,888392109521,OAKLEY,,AOO9295LS,Accesorios,FLAK 2.0,,,000004,,,Prizm Field,0001339566,59,,Unisex,Rectangular,,,,,,,,"78,00","35,45",
6177,accesorio,888392109538,OAKLEY,,AOO9295LS,Accesorios,FLAK 2.0,,,000005,,,Prizm Golf,0001339566,59,,Unisex,Rectangular,,,,,,,,"78,00","35,45",
6178,accesorio,888392109583,OAKLEY,,AOO9295LS,Accesorios,FLAK 2.0,,,000006,,,Prizm Road,0001339566,59,,Unisex,Rectangular,,,,,,,,"78,00","35,45",
6179,accesorio,888392109576,OAKLEY,,AOO9295LS,Accesorios,FLAK 2.0,,,000007,,,Prizm Shallow Water Polarized,0001339566,59,,Unisex,Rectangular,,,X,,,,,"118,00","53,64",
6180,accesorio,888392109590,OAKLEY,,AOO9295LS,Accesorios,FLAK 2.0,,,000008,,,Prizm Trail,0001339566,59,,Unisex,Rectangular,,,,,,,,"78,00","35,45",
6181,accesorio,888392306654,OAKLEY,,AOO9295LS,Accesorios,FLAK 2.0,,,000009,,,Prizm Black,0001339566,59,,Unisex,Rectangular,,,,,,,,"78,00","35,45",
6182,accesorio,888392306661,OAKLEY,,AOO9295LS,Accesorios,FLAK 2.0,,,000010,,,Prizm Black Polarized,0001339566,59,,Unisex,Rectangular,,,X,,,,,"128,00","58,18",
6183,accesorio,888392306739,OAKLEY,,AOO9295LS,Accesorios,FLAK 2.0,,,000016,,,Prizm Jade,0001339566,59,,Unisex,Rectangular,,,,,,,,"78,00","35,45",
6184,accesorio,888392306746,OAKLEY,,AOO9295LS,Accesorios,FLAK 2.0,,,000017,,,Prizm Jade Polarized,0001339566,59,,Unisex,Rectangular,,,X,,,,,"128,00","58,18",
6185,accesorio,888392306890,OAKLEY,,AOO9295LS,Accesorios,FLAK 2.0,,,000018,,,Prizm Ruby,0001339566,59,,Unisex,Rectangular,,,,,,,,"78,00","35,45",
6186,accesorio,888392306913,OAKLEY,,AOO9295LS,Accesorios,FLAK 2.0,,,000019,,,Prizm Ruby Polarized,0001339566,59,,Unisex,Rectangular,,,X,,,,,"128,00","58,18",
6187,accesorio,888392306692,OAKLEY,,AOO9295LS,Accesorios,FLAK 2.0,,,000020,,,Prizm Sapphire,0001339566,59,,Unisex,Rectangular,,,,,,,,"78,00","35,45",
6188,accesorio,888392306708,OAKLEY,,AOO9295LS,Accesorios,FLAK 2.0,,,000021,,,Prizm Sapphire Polarized,0001339566,59,,Unisex,Rectangular,,,X,,,,,"128,00","58,18",
6189,accesorio,888392126771,OAKLEY,,AOO9295LS,Accesorios,FLAK 2.0,,,000027,,,Black Iridium,0001339566,59,,Unisex,Rectangular,,,,,,,,"68,00","30,91",
6190,accesorio,888392126818,OAKLEY,,AOO9295LS,Accesorios,FLAK 2.0,,,000028,,,Black Iridium Polarized,0001339566,59,,Unisex,Rectangular,,,X,,,,,"118,00","53,64",
6191,accesorio,888392173997,OAKLEY,,AOO9295LS,Accesorios,FLAK 2.0,,,000030,,,Chrome Iridium Polarized,0001339566,59,,Unisex,Rectangular,,,X,,,,,"118,00","53,64",
6192,accesorio,888392126832,OAKLEY,,AOO9295LS,Accesorios,FLAK 2.0,,,000031,,,Transparente,0001339566,59,,Unisex,Rectangular,,,,,,,,"58,00","26,36",
6193,accesorio,888392174062,OAKLEY,,AOO9295LS,Accesorios,FLAK 2.0,,,000042,,,Sapphire Iridium Polarized,0001339566,59,,Unisex,Rectangular,,,X,,,,,"118,00","53,64",
6194,accesorio,888392313010,OAKLEY,,AOO9307LS,Accesorios,TURBINE ROTOR,,,000001,,,Prizm Black,0001339566,32,,Hombre,Pantalla,,,,,,,,"88,00","40,00",
6195,accesorio,888392313027,OAKLEY,,AOO9307LS,Accesorios,TURBINE ROTOR,,,000002,,,Prizm Black Polarized,0001339566,32,,Hombre,Pantalla,,,X,,,,,"138,00","62,73",
6196,accesorio,888392313072,OAKLEY,,AOO9307LS,Accesorios,TURBINE ROTOR,,,000009,,,Prizm Jade,0001339566,32,,Hombre,Pantalla,,,,,,,,"88,00","40,00",
6197,accesorio,888392313089,OAKLEY,,AOO9307LS,Accesorios,TURBINE ROTOR,,,000010,,,Prizm Jade Polarized,0001339566,32,,Hombre,Pantalla,,,X,,,,,"138,00","62,73",
6198,accesorio,888392313119,OAKLEY,,AOO9307LS,Accesorios,TURBINE ROTOR,,,000012,,,Prizm Ruby,0001339566,32,,Hombre,Pantalla,,,,,,,,"88,00","40,00",
6199,accesorio,888392313126,OAKLEY,,AOO9307LS,Accesorios,TURBINE ROTOR,,,000013,,,Prizm Ruby Polarized,0001339566,32,,Hombre,Pantalla,,,X,,,,,"138,00","62,73",
6200,accesorio,888392313058,OAKLEY,,AOO9307LS,Accesorios,TURBINE ROTOR,,,000014,,,Prizm Sapphire,0001339566,32,,Hombre,Pantalla,,,,,,,,"88,00","40,00",
6201,accesorio,888392313065,OAKLEY,,AOO9307LS,Accesorios,TURBINE ROTOR,,,000015,,,Prizm Sapphire Polarized,0001339566,32,,Hombre,Pantalla,,,X,,,,,"138,00","62,73",
6202,accesorio,888392235183,OAKLEY,,AOO9307LS,Accesorios,TURBINE ROTOR,,,000020,,,24K Iridium,0001339566,32,,Hombre,Pantalla,,,,,,,,"78,00","35,45",
6203,accesorio,888392235268,OAKLEY,,AOO9307LS,Accesorios,TURBINE ROTOR,,,000038,,,Prizm Daily Polarized,0001339566,32,,Hombre,Pantalla,,,X,,,,,"138,00","62,73",
6204,accesorio,888392261892,OAKLEY,,AOO9307LS,Accesorios,TURBINE ROTOR,,,000039,,,Prizm Deep Water Polarized,0001339566,32,,Hombre,Pantalla,,,X,,,,,"138,00","62,73",
6205,accesorio,888392288691,OAKLEY,,AOO9308KT,Accesorios,EVZERO PATH,,,000001,,,,0001339566,00,,Unisex,,O_matter,,,,,,,"17,00","7,73",
6206,accesorio,888392314208,OAKLEY,,AOO9331LS,Accesorios,STRAIGHTLINK,,,000001,,,Prizm Black,0001339566,61,,Hombre,Rectangular,,,,,,,,"78,00","35,45",
6207,accesorio,888392314215,OAKLEY,,AOO9331LS,Accesorios,STRAIGHTLINK,,,000002,,,Prizm Black Polarized,0001339566,61,,Hombre,Rectangular,,,X,,,,,"128,00","58,18",
6208,accesorio,888392314260,OAKLEY,,AOO9331LS,Accesorios,STRAIGHTLINK,,,000009,,,Prizm Jade,0001339566,61,,Hombre,Rectangular,,,,,,,,"78,00","35,45",
6209,accesorio,888392314277,OAKLEY,,AOO9331LS,Accesorios,STRAIGHTLINK,,,000010,,,Prizm Jade Polarized,0001339566,61,,Hombre,Rectangular,,,X,,,,,"128,00","58,18",
6210,accesorio,888392314314,OAKLEY,,AOO9331LS,Accesorios,STRAIGHTLINK,,,000013,,,Prizm Ruby Polarized,0001339566,61,,Hombre,Rectangular,,,X,,,,,"128,00","58,18",
6211,accesorio,888392314246,OAKLEY,,AOO9331LS,Accesorios,STRAIGHTLINK,,,000014,,,Prizm Sapphire,0001339566,61,,Hombre,Rectangular,,,,,,,,"78,00","35,45",
6212,accesorio,888392262813,OAKLEY,,AOO9331LS,Accesorios,STRAIGHTLINK,,,000021,,,24K Iridium Polarized,0001339566,61,,Hombre,Rectangular,,,X,,,,,"110,00","50,00",
6213,accesorio,888392262745,OAKLEY,,AOO9331LS,Accesorios,STRAIGHTLINK,,,000029,,,Gris,0001339566,61,,Hombre,Rectangular,,,,,,,,"58,00","26,36",
6214,accesorio,888392263087,OAKLEY,,AOO9331LS,Accesorios,STRAIGHTLINK,,,000034,,,Prizm Golf,0001339566,61,,Hombre,Rectangular,,,,,,,,"78,00","35,45",
6215,accesorio,888392263070,OAKLEY,,AOO9331LS,Accesorios,STRAIGHTLINK,,,000035,,,Prizm Road,0001339566,61,,Hombre,Rectangular,,,,,,,,"78,00","35,45",
6216,accesorio,888392263131,OAKLEY,,AOO9331LS,Accesorios,STRAIGHTLINK,,,000043,,,Prizm Daily Polarized,0001339566,61,,Hombre,Rectangular,,,X,,,,,"128,00","58,18",
6217,accesorio,888392263124,OAKLEY,,AOO9331LS,Accesorios,STRAIGHTLINK,,,000044,,,Prizm Deep Water Polarized,0001339566,61,,Hombre,Rectangular,,,X,,,,,"128,00","58,18",
6218,accesorio,888392348944,OAKLEY,,AOO9334LS,Accesorios,HOLSTON,,,000002,,,Prizm Black Polarized,0001339566,58,,Hombre,Cuadrada,,,X,,,,,"128,00","58,18",
6219,accesorio,888392348999,OAKLEY,,AOO9334LS,Accesorios,HOLSTON,,,000009,,,Prizm Sapphire,0001339566,58,,Hombre,Cuadrada,,,,,,,,"78,00","35,45",
6220,accesorio,888392349064,OAKLEY,,AOO9334LS,Accesorios,HOLSTON,,,000010,,,Prizm Sapphire Polarized,0001339566,58,,Hombre,Cuadrada,,,X,,,,,"128,00","58,18",
6221,accesorio,888392220639,OAKLEY,,AOO9341LS,Accesorios,SLIVER XL,,,000018,,,24K Iridium,0001339566,57,,Hombre,Rectangular,,,,,,,,"68,00","30,91",
6222,accesorio,888392181350,OAKLEY,,AOO9343LS,Accesorios,M2 FRAME XL,,,000002,,,Prizm Daily Polarized,0001339566,45,,Unisex,Pantalla,,,X,,,,,"138,00","62,73",
6223,accesorio,888392181398,OAKLEY,,AOO9343LS,Accesorios,M2 FRAME XL,,,000003,,,Prizm Deep Water Polarized,0001339566,45,,Unisex,Pantalla,,,X,,,,,"138,00","62,73",
6224,accesorio,888392181374,OAKLEY,,AOO9343LS,Accesorios,M2 FRAME XL,,,000004,,,Prizm Field,0001339566,45,,Unisex,Pantalla,,,,,,,,"88,00","40,00",
6225,accesorio,888392181381,OAKLEY,,AOO9343LS,Accesorios,M2 FRAME XL,,,000005,,,Prizm Golf,0001339566,45,,Unisex,Pantalla,,,,,,,,"88,00","40,00",
6226,accesorio,888392181411,OAKLEY,,AOO9343LS,Accesorios,M2 FRAME XL,,,000006,,,Prizm Road,0001339566,45,,Unisex,Pantalla,,,,,,,,"88,00","40,00",
6227,accesorio,888392181404,OAKLEY,,AOO9343LS,Accesorios,M2 FRAME XL,,,000007,,,Prizm Shallow Water Polarized,0001339566,45,,Unisex,Pantalla,,,X,,,,,"138,00","62,73",
6228,accesorio,888392181428,OAKLEY,,AOO9343LS,Accesorios,M2 FRAME XL,,,000008,,,Prizm Trail,0001339566,45,,Unisex,Pantalla,,,,,,,,"88,00","40,00",
6229,accesorio,888392307569,OAKLEY,,AOO9343LS,Accesorios,M2 FRAME XL,,,000009,,,Prizm Black,0001339566,45,,Unisex,Pantalla,,,,,,,,"88,00","40,00",
6230,accesorio,888392307583,OAKLEY,,AOO9343LS,Accesorios,M2 FRAME XL,,,000010,,,Prizm Black Polarized,0001339566,45,,Unisex,Pantalla,,,X,,,,,"138,00","62,73",
6231,accesorio,888392307750,OAKLEY,,AOO9343LS,Accesorios,M2 FRAME XL,,,000019,,,Prizm Jade,0001339566,45,,Unisex,Pantalla,,,,,,,,"88,00","40,00",
6232,accesorio,888392307767,OAKLEY,,AOO9343LS,Accesorios,M2 FRAME XL,,,000020,,,Prizm Jade Polarized,0001339566,45,,Unisex,Pantalla,,,X,,,,,"138,00","62,73",
6233,accesorio,888392307873,OAKLEY,,AOO9343LS,Accesorios,M2 FRAME XL,,,000022,,,Prizm Ruby,0001339566,45,,Unisex,Pantalla,,,,,,,,"88,00","40,00",
6234,accesorio,888392307880,OAKLEY,,AOO9343LS,Accesorios,M2 FRAME XL,,,000023,,,Prizm Ruby Polarized,0001339566,45,,Unisex,Pantalla,,,X,,,,,"138,00","62,73",
6235,accesorio,888392307651,OAKLEY,,AOO9343LS,Accesorios,M2 FRAME XL,,,000024,,,Prizm Sapphire,0001339566,45,,Unisex,Pantalla,,,,,,,,"88,00","40,00",
6236,accesorio,888392307743,OAKLEY,,AOO9343LS,Accesorios,M2 FRAME XL,,,000025,,,Prizm Sapphire Polarized,0001339566,45,,Unisex,Pantalla,,,X,,,,,"138,00","62,73",
6237,accesorio,888392181497,OAKLEY,,AOO9343LS,Accesorios,M2 FRAME XL,,,000038,,,Transparente,0001339566,45,,Unisex,Pantalla,,,,,,,,"68,00","30,91",
6238,accesorio,888392181725,OAKLEY,,AOO9343LS,Accesorios,M2 FRAME XL,,,000039,,,Fire Iridium Polarized,0001339566,45,,Unisex,Pantalla,,,X,,,,,"128,00","58,18",
6239,accesorio,888392221100,OAKLEY,,AOO9346LS,Accesorios,SLIVER XL (A),,,000006,,,Violet Iridium,0001339566,57,,Hombre,Cuadrada,,,,,,,,"60,00","27,30",
6240,accesorio,888392224378,OAKLEY,,AOO9353LS,Accesorios,LATCH SQUARED,,,000015,,,Black Iridium Polarized,0001339566,52,,Unisex,Cuadrada,,,X,,,,,"118,00","53,64",
6241,accesorio,888392316042,OAKLEY,,AOO9359LS,Accesorios,CROSSRANGE R,,,000011,,,Prizm Ruby Polarized,0001339566,57,,Hombre,Cuadrada,,,X,,,,,"120,00","54,55",
6242,accesorio,888392267405,OAKLEY,,AOO9361LS,Accesorios,CROSSRANGE,,,000040,,,Prizm Black Polarized,0001339566,57,,Hombre,Cuadrada,,,X,,,,,"128,00","58,18",
6243,accesorio,888392339645,OAKLEY,,AOO9363LS,Accesorios,FLAK BETA,,,000001,,,Black Iridium,0001339566,64,,Unisex,Rectangular,,,,,,,,"68,00","30,91",
6244,accesorio,888392288196,OAKLEY,,AOO9364KT,Accesorios,FLAK DRAFT SOCK KIT,,,000001,Negro,,,0001339566,00,,Unisex,,O_matter,,,,,,,"17,00","7,73",
6245,accesorio,888392285331,OAKLEY,,AOO9364LS,Accesorios,FLAK DRAFT,,,000002,,,Prizm Daily Polarized,0001339566,67,,Unisex,Rectangular,,,X,,,,,"128,00","58,18",
6246,accesorio,888392285324,OAKLEY,,AOO9364LS,Accesorios,FLAK DRAFT,,,000003,,,Prizm Deep Water Polarized,0001339566,67,,Unisex,Rectangular,,,X,,,,,"128,00","58,18",
6247,accesorio,888392284983,OAKLEY,,AOO9364LS,Accesorios,FLAK DRAFT,,,000004,,,Prizm Road,0001339566,67,,Unisex,Rectangular,,,,,,,,"78,00","35,45",
6248,accesorio,888392306104,OAKLEY,,AOO9364LS,Accesorios,FLAK DRAFT,,,000008,,,Black Iridium Polarized,0001339566,67,,Unisex,Rectangular,,,X,,,,,"118,00","53,64",
6249,accesorio,888392322883,OAKLEY,,AOO9367LS,Accesorios,DROP POINT,,,000015,,,Prizm Golf,0001339566,61,,Hombre,Rectangular,,,,,,,,"78,00","35,45",
6250,accesorio,888392322777,OAKLEY,,AOO9367LS,Accesorios,DROP POINT,,,000016,,,Prizm Grey,0001339566,61,,Hombre,Rectangular,,,,,,,,"68,00","30,91",
6251,accesorio,888392322876,OAKLEY,,AOO9367LS,Accesorios,DROP POINT,,,000020,,,Prizm Road,0001339566,61,,Hombre,Rectangular,,,,,,,,"78,00","35,45",
6252,accesorio,888392322913,OAKLEY,,AOO9367LS,Accesorios,DROP POINT,,,000025,,,Prizm Shallow Water Polarized,0001339566,61,,Hombre,Rectangular,,,X,,,,,"128,00","58,18",
6253,accesorio,888392322807,OAKLEY,,AOO9367LS,Accesorios,DROP POINT,,,000028,,,Prizm Tungsten Polarized,0001339566,61,,Hombre,Rectangular,,,X,,,,,"128,00","58,18",
6254,accesorio,888392306180,OAKLEY,,AOO9373LS,Accesorios,FLAK DRAFT (A),,,000002,,,Black Iridium Polarized,0001339566,70,,Unisex,Rectangular,,,X,,,,,"110,00","50,00",
6255,accesorio,888392306203,OAKLEY,,AOO9373LS,Accesorios,FLAK DRAFT (A),,,000003,,,Sapphire Iridium Polarized,0001339566,70,,Unisex,Rectangular,,,X,,,,,"110,00","50,00",
6256,accesorio,888392339126,OAKLEY,,AOO9374LS,Accesorios,FROGSKINS LITE,,,000001,,,Prizm Black,0001339566,63,,Unisex,Cuadrada,,,,,,,,"78,00","35,45",
6257,accesorio,888392339102,OAKLEY,,AOO9374LS,Accesorios,FROGSKINS LITE,,,000003,,,Prizm Grey,0001339566,63,,Unisex,Cuadrada,,,,,,,,"68,00","30,91",
6258,accesorio,888392339027,OAKLEY,,AOO9374LS,Accesorios,FROGSKINS LITE,,,000005,,,Prizm Jade,0001339566,63,,Unisex,Cuadrada,,,,,,,,"78,00","35,45",
6259,accesorio,888392339041,OAKLEY,,AOO9374LS,Accesorios,FROGSKINS LITE,,,000007,,,Prizm Ruby,0001339566,63,,Unisex,Cuadrada,,,,,,,,"78,00","35,45",
6260,accesorio,888392339065,OAKLEY,,AOO9374LS,Accesorios,FROGSKINS LITE,,,000010,,,Prizm Sapphire,0001339566,63,,Unisex,Cuadrada,,,,,,,,"78,00","35,45",
6261,accesorio,888392339089,OAKLEY,,AOO9374LS,Accesorios,FROGSKINS LITE,,,000011,,,Prizm Tungsten,0001339566,63,,Unisex,Cuadrada,,,,,,,,"78,00","35,45",
6262,accesorio,888392339003,OAKLEY,,AOO9374LS,Accesorios,FROGSKINS LITE,,,000013,,,Violet Iridium,0001339566,63,,Unisex,Cuadrada,,,,,,,,"68,00","30,91",
6263,accesorio,888392426680,OAKLEY,,AOO9374LS,Accesorios,FROGSKINS LITE,,,000014,,,Prizm Rose Gold,0001339566,63,,Unisex,Cuadrada,,,,,,,,"78,00","35,45",
6264,accesorio,888392322944,OAKLEY,,AOO9377LS,Accesorios,HOLBROOK R,,,000001,,,Prizm Black,0001339566,55,,Hombre,Cuadrada,,,,,,,,"78,00","35,45",
6265,accesorio,888392322951,OAKLEY,,AOO9377LS,Accesorios,HOLBROOK R,,,000002,,,Prizm Black Polarized,0001339566,55,,Hombre,Cuadrada,,,X,,,,,"128,00","58,18",
6266,accesorio,888392427632,OAKLEY,,AOO9380LS,Accesorios,DOUBLE EDGE,,,000001,,,Torch Iridium Polarized,0001339566,66,,Hombre,Rectangular,,,X,,,,,"118,00","53,64",
6267,accesorio,888392322654,OAKLEY,,AOO9380LS,Accesorios,DOUBLE EDGE,,,000031,,,Prizm Road,0001339566,66,,Hombre,Rectangular,,,,,,,,"78,00","35,45",
6268,accesorio,888392322609,OAKLEY,,AOO9380LS,Accesorios,DOUBLE EDGE,,,000035,,,Prizm Sapphire Polarized,0001339566,66,,Hombre,Rectangular,,,X,,,,,"128,00","58,18",
6269,accesorio,888392339515,OAKLEY,,AOO9397LS,Accesorios,TARGETLINE,,,000004,,,Prizm Golf,0001339566,58,,Hombre,Cuadrada,,,,,,,,"78,00","35,45",
6270,accesorio,888392339539,OAKLEY,,AOO9397LS,Accesorios,TARGETLINE,,,000007,,,Prizm Jade,0001339566,58,,Hombre,Cuadrada,,,,,,,,"78,00","35,45",
6271,accesorio,888392621900,OAKLEY,,AOO9400LS,Accesorios,BISPHAERA,,,000001,,,Prizm Black Polarized,0001339566,68,,Unisex,Rectangular,,,X,68,41,136,6,"128,00","58,18",
6272,accesorio,888392621962,OAKLEY,,AOO9400LS,Accesorios,BISPHAERA,,,000002,,,Clear To Black Iridium Photochromic,0001339566,68,,Unisex,Rectangular,,X,,68,41,136,6,"108,00","49,09",
6273,accesorio,888392621986,OAKLEY,,AOO9400LS,Accesorios,BISPHAERA,,,000003,,,Prizm Deep Water Polarized,0001339566,68,,Unisex,Rectangular,,,X,68,41,136,6,"128,00","58,18",
6274,accesorio,888392622006,OAKLEY,,AOO9400LS,Accesorios,BISPHAERA,,,000004,,,Prizm Golf,0001339566,68,,Unisex,Rectangular,,,,68,41,136,6,"78,00","35,45",
6275,accesorio,888392622020,OAKLEY,,AOO9400LS,Accesorios,BISPHAERA,,,000005,,,Prizm Road,0001339566,68,,Unisex,Rectangular,,,,68,41,136,6,"78,00","35,45",
6276,accesorio,888392622044,OAKLEY,,AOO9400LS,Accesorios,BISPHAERA,,,000006,,,Prizm Black,0001339566,68,,Unisex,Rectangular,,,,68,41,136,6,"78,00","35,45",
6277,accesorio,888392622068,OAKLEY,,AOO9400LS,Accesorios,BISPHAERA,,,000007,,,Prizm Dark Golf,0001339566,68,,Unisex,Rectangular,,,,68,41,136,6,"78,00","35,45",
6278,accesorio,888392622082,OAKLEY,,AOO9400LS,Accesorios,BISPHAERA,,,000008,,,Prizm Tungsten Polarized,0001339566,68,,Unisex,Rectangular,,,X,68,41,136,6,"128,00","58,18",
6279,accesorio,888392622105,OAKLEY,,AOO9400LS,Accesorios,BISPHAERA,,,000009,,,Prizm Sapphire Polarized,0001339566,68,,Unisex,Rectangular,,,X,68,41,136,6,"128,00","58,18",
6280,accesorio,888392622129,OAKLEY,,AOO9400LS,Accesorios,BISPHAERA,,,000010,,,Prizm Field,0001339566,68,,Unisex,Rectangular,,,,68,41,136,6,"78,00","35,45",
6281,accesorio,888392622143,OAKLEY,,AOO9400LS,Accesorios,BISPHAERA,,,000011,,,Prizm Ruby,0001339566,68,,Unisex,Rectangular,,,,68,41,136,6,"78,00","35,45",
6282,accesorio,888392622167,OAKLEY,,AOO9400LS,Accesorios,BISPHAERA,,,000012,,,Prizm Bronze,0001339566,68,,Unisex,Rectangular,,,,68,41,136,6,"68,00","30,91",
6283,accesorio,888392348081,OAKLEY,,AOO9401LS,Accesorios,FLIGHT JACKET,,,000001,,,Transparente,0001339566,37,,Unisex,Pantalla,,,,,,,,"68,00","30,91",
6284,accesorio,888392348074,OAKLEY,,AOO9401LS,Accesorios,FLIGHT JACKET,,,000002,,,Clear To Black Iridium Photochromic,0001339566,37,,Unisex,Pantalla,,X,,,,,,"128,00","58,18",
6285,accesorio,888392348067,OAKLEY,,AOO9401LS,Accesorios,FLIGHT JACKET,,,000011,,,Prizm Low Light,0001339566,37,,Unisex,Pantalla,,,,,,,,"78,00","35,45",
6286,accesorio,888392348029,OAKLEY,,AOO9401LS,Accesorios,FLIGHT JACKET,,,000012,,,Prizm Road,0001339566,37,,Unisex,Pantalla,,,,,,,,"88,00","40,00",
6287,accesorio,888392347954,OAKLEY,,AOO9401LS,Accesorios,FLIGHT JACKET,,,000016,,,Prizm Sapphire,0001339566,37,,Unisex,Pantalla,,,,,,,,"88,00","40,00",
6288,accesorio,888392348036,OAKLEY,,AOO9401LS,Accesorios,FLIGHT JACKET,,,000018,,,Prizm Trail,0001339566,37,,Unisex,Pantalla,,,,,,,,"88,00","40,00",
6289,accesorio,888392442833,OAKLEY,,AOO9401LS,Accesorios,FLIGHT JACKET,,,000021,,,Prizm Trail Torch,0001339566,37,,Unisex,Pantalla,,,,,,,,"88,00","40,00",
6290,accesorio,888392621917,OAKLEY,,AOO9403LS,Accesorios,LFG,,,000001,,,Prizm Black Polarized,0001339566,36,,Unisex,Pantalla,,,X,36,50,130,136,"138,00","62,73",
6291,accesorio,888392622297,OAKLEY,,AOO9403LS,Accesorios,LFG,,,000002,,,Prizm Road Jade,0001339566,36,,Unisex,Pantalla,,,,36,50,130,136,"88,00","40,00",
6292,accesorio,888392622310,OAKLEY,,AOO9403LS,Accesorios,LFG,,,000003,,,Prizm Dark Golf,0001339566,36,,Unisex,Pantalla,,,,36,50,130,136,"88,00","40,00",
6293,accesorio,888392622334,OAKLEY,,AOO9403LS,Accesorios,LFG,,,000004,,,Prizm Deep Water Polarized,0001339566,36,,Unisex,Pantalla,,,X,36,50,130,136,"138,00","62,73",
6294,accesorio,888392622358,OAKLEY,,AOO9403LS,Accesorios,LFG,,,000005,,,Prizm Road,0001339566,36,,Unisex,Pantalla,,,,36,50,130,136,"88,00","40,00",
6295,accesorio,888392622372,OAKLEY,,AOO9403LS,Accesorios,LFG,,,000006,,,Prizm 24k Polarized,0001339566,36,,Unisex,Pantalla,,,X,36,50,130,136,"138,00","62,73",
6296,accesorio,888392622402,OAKLEY,,AOO9403LS,Accesorios,LFG,,,000007,,,Clear To Black Iridium Photochromic,0001339566,36,,Unisex,Pantalla,,X,,36,50,130,136,"118,00","53,64",
6297,accesorio,888392622426,OAKLEY,,AOO9403LS,Accesorios,LFG,,,000008,,,Prizm Trail Torch,0001339566,36,,Unisex,Pantalla,,,,36,50,130,136,"88,00","40,00",
6298,accesorio,888392622440,OAKLEY,,AOO9403LS,Accesorios,LFG,,,000009,,,Prizm Black,0001339566,36,,Unisex,Pantalla,,,,36,50,130,136,"88,00","40,00",
6299,accesorio,888392622464,OAKLEY,,AOO9403LS,Accesorios,LFG,,,000010,,,Prizm Sapphire,0001339566,36,,Unisex,Pantalla,,,,36,50,130,136,"88,00","40,00",
6300,accesorio,888392622488,OAKLEY,,AOO9403LS,Accesorios,LFG,,,000011,,,Prizm Field,0001339566,36,,Unisex,Pantalla,,,,36,50,130,136,"88,00","40,00",
6301,accesorio,888392621948,OAKLEY,,AOO9404LS,Accesorios,LATCH PANEL,,,000001,,,Prizm Black Polarized,0001339566,35,,Unisex,Pantalla,,,X,36,57,126,0,"138,00","62,73",
6302,accesorio,888392622228,OAKLEY,,AOO9404LS,Accesorios,LATCH PANEL,,,000002,,,Prizm 24K,0001339566,35,,Unisex,Pantalla,,,,36,57,126,0,"88,00","40,00",
6303,accesorio,888392622242,OAKLEY,,AOO9404LS,Accesorios,LATCH PANEL,,,000003,,,Prizm Ruby,0001339566,35,,Unisex,Pantalla,,,,36,57,126,0,"88,00","40,00",
6304,accesorio,888392622266,OAKLEY,,AOO9404LS,Accesorios,LATCH PANEL,,,000004,,,Prizm Sapphire,0001339566,35,,Unisex,Pantalla,,,,36,57,126,0,"88,00","40,00",
6305,accesorio,888392404848,OAKLEY,,AOO9406LS,Accesorios,SUTRO,,,000001,,,Prizm Black,0001339566,37,,Unisex,Pantalla,,,,60,57,140,137,"88,00","40,00",
6306,accesorio,888392404916,OAKLEY,,AOO9406LS,Accesorios,SUTRO,,,000002,,,Prizm Grey,0001339566,37,,Unisex,Pantalla,,,,60,57,140,137,"78,00","35,45",
6307,accesorio,888392404923,OAKLEY,,AOO9406LS,Accesorios,SUTRO,,,000003,,,Prizm Tungsten,0001339566,37,,Unisex,Pantalla,,,,60,57,140,137,"88,00","40,00",
6308,accesorio,888392404930,OAKLEY,,AOO9406LS,Accesorios,SUTRO,,,000004,,,Prizm Road,0001339566,37,,Unisex,Pantalla,,,,60,57,140,137,"88,00","40,00",
6309,accesorio,888392404947,OAKLEY,,AOO9406LS,Accesorios,SUTRO,,,000005,,,Prizm Ruby,0001339566,37,,Unisex,Pantalla,,,,60,57,140,137,"88,00","40,00",
6310,accesorio,888392404954,OAKLEY,,AOO9406LS,Accesorios,SUTRO,,,000006,,,Prizm Bronze,0001339566,37,,Unisex,Pantalla,,,,60,57,140,137,"78,00","35,45",
6311,accesorio,888392404961,OAKLEY,,AOO9406LS,Accesorios,SUTRO,,,000007,,,Prizm Jade,0001339566,37,,Unisex,Pantalla,,,,60,57,140,137,"88,00","40,00",
6312,accesorio,888392404978,OAKLEY,,AOO9406LS,Accesorios,SUTRO,,,000008,,,Prizm Trail,0001339566,37,,Unisex,Pantalla,,,,60,57,140,137,"88,00","40,00",
6313,accesorio,888392404985,OAKLEY,,AOO9406LS,Accesorios,SUTRO,,,000009,,,Prizm Sapphire,0001339566,37,,Unisex,Pantalla,,,,60,57,140,137,"88,00","40,00",
6314,accesorio,888392404992,OAKLEY,,AOO9406LS,Accesorios,SUTRO,,,000010,,,Prizm Low Light,0001339566,37,,Unisex,Pantalla,,,,60,57,140,137,"78,00","35,45",
6315,accesorio,888392405302,OAKLEY,,AOO9406LS,Accesorios,SUTRO,,,000011,,,Prizm 24K,0001339566,37,,Unisex,Pantalla,,,,60,57,140,137,"88,00","40,00",
6316,accesorio,888392410054,OAKLEY,,AOO9406LS,Accesorios,SUTRO,,,000012,,,Transparente,0001339566,37,,Unisex,Pantalla,,,,60,57,140,137,"68,00","30,91",
6317,accesorio,888392622570,OAKLEY,,AOO9406LS,Accesorios,SUTRO,,,000013,,,Clear To Black Iridium Photochromic,0001339566,37,,Hombre,Pantalla,,X,,60,57,140,137,"118,00","53,64",
6318,accesorio,888392622587,OAKLEY,,AOO9406LS,Accesorios,SUTRO,,,000014,,,Prizm Field,0001339566,37,,Hombre,Pantalla,,,,60,57,140,137,"88,00","40,00",
6319,accesorio,888392622594,OAKLEY,,AOO9406LS,Accesorios,SUTRO,,,000015,,,Prizm Carretera negro iridio,0001339566,37,,Hombre,Pantalla,,,,60,57,140,137,"88,00","40,00",
6320,accesorio,888392622600,OAKLEY,,AOO9406LS,Accesorios,SUTRO,,,000016,,,Prizm Road Jade,0001339566,37,,Hombre,Pantalla,,,,60,57,140,137,"88,00","40,00",
6321,accesorio,888392622617,OAKLEY,,AOO9406LS,Accesorios,SUTRO,,,000017,,,Prizm Snow Black Iridium,0001339566,37,,Hombre,Pantalla,,,,60,57,140,137,"88,00","40,00",
6322,accesorio,888392622624,OAKLEY,,AOO9406LS,Accesorios,SUTRO,,,000018,,,Prizm Snow Sapphire Iridium,0001339566,37,,Hombre,Pantalla,,,,60,57,140,137,"88,00","40,00",
6323,accesorio,888392622631,OAKLEY,,AOO9406LS,Accesorios,SUTRO,,,000019,,,Prizm Snow Torch Iridium,0001339566,37,,Hombre,Pantalla,,,,60,57,140,137,"88,00","40,00",
6324,accesorio,888392349330,OAKLEY,,AOO9413LS,Accesorios,SLIVER EDGE,,,000011,,,Prizm Sapphire Polarized,0001339566,65,,Hombre,Cuadrada,,,X,,,,,"128,00","58,18",
6325,accesorio,888392662897,OAKLEY,,AOO9415LS,Accesorios,CORRIDOR SQ,,,000001,,,Prizm Black,0001339566,42,,Hombre,,,,,42,52,140,142,"88,00","40,00",
6326,accesorio,888392662903,OAKLEY,,AOO9415LS,Accesorios,CORRIDOR SQ,,,000002,,,Prizm Sapphire,0001339566,42,,Hombre,,,,,42,52,140,142,"88,00","40,00",
6327,accesorio,888392662927,OAKLEY,,AOO9415LS,Accesorios,CORRIDOR SQ,,,000004,,,Prizm 24K,0001339566,42,,Hombre,,,,,42,52,140,142,"88,00","40,00",
6328,accesorio,888392662941,OAKLEY,,AOO9415LS,Accesorios,CORRIDOR SQ,,,000006,,,Prizm pizarra,0001339566,42,,Hombre,,,,,42,52,140,142,"78,00","35,45",
6329,accesorio,888392662958,OAKLEY,,AOO9415LS,Accesorios,CORRIDOR SQ,,,000007,,,Prizm Ruby,0001339566,42,,Hombre,,,,,42,52,140,142,"88,00","40,00",
6330,accesorio,888392358738,OAKLEY,,AOO9416LS,Accesorios,SPLIT SHOT,,,000002,,,Prizm Black Polarized,0001339566,64,,Hombre,Rectangular,,,X,,,,,"128,00","58,18",
6331,accesorio,888392358776,OAKLEY,,AOO9416LS,Accesorios,SPLIT SHOT,,,000006,,,Prizm Tungsten Polarized,0001339566,64,,Hombre,Rectangular,,,X,,,,,"128,00","58,18",
6332,accesorio,888392358790,OAKLEY,,AOO9416LS,Accesorios,SPLIT SHOT,,,000008,,,Prizm Sapphire Polarized,0001339566,64,,Hombre,Rectangular,,,X,,,,,"128,00","58,18",
6333,accesorio,888392358813,OAKLEY,,AOO9416LS,Accesorios,SPLIT SHOT,,,000010,,,Prizm Ruby Polarized,0001339566,64,,Hombre,Rectangular,,,X,,,,,"128,00","58,18",
6334,accesorio,888392358837,OAKLEY,,AOO9416LS,Accesorios,SPLIT SHOT,,,000012,,,Prizm Jade Polarized,0001339566,64,,Hombre,Rectangular,,,X,,,,,"128,00","58,18",
6335,accesorio,888392358851,OAKLEY,,AOO9416LS,Accesorios,SPLIT SHOT,,,000014,,,Prizm 24k Polarized,0001339566,64,,Hombre,Rectangular,,,X,,,,,"128,00","58,18",
6336,accesorio,888392358868,OAKLEY,,AOO9416LS,Accesorios,SPLIT SHOT,,,000015,,,Prizm Shallow Water Polarized,0001339566,64,,Hombre,Rectangular,,,X,,,,,"128,00","58,18",
6337,accesorio,888392358875,OAKLEY,,AOO9416LS,Accesorios,SPLIT SHOT,,,000016,,,Prizm Deep Water Polarized,0001339566,64,,Hombre,Rectangular,,,X,,,,,"128,00","58,18",
6338,accesorio,888392339386,OAKLEY,,AOO9417LS,Accesorios,HOLBROOK XL,,,000001,,,Prizm Sapphire Polarized,0001339566,59,,Hombre,Cuadrada,,,X,,,,,"128,00","58,18",
6339,accesorio,888392339393,OAKLEY,,AOO9417LS,Accesorios,HOLBROOK XL,,,000002,,,Prizm Sapphire,0001339566,59,,Hombre,Cuadrada,,,,,,,,"78,00","35,45",
6340,accesorio,888392339461,OAKLEY,,AOO9417LS,Accesorios,HOLBROOK XL,,,000003,,,Prizm Black,0001339566,59,,Hombre,Cuadrada,,,,,,,,"78,00","35,45",
6341,accesorio,888392339447,OAKLEY,,AOO9417LS,Accesorios,HOLBROOK XL,,,000004,,,Prizm Black Polarized,0001339566,59,,Hombre,Cuadrada,,,X,,,,,"128,00","58,18",
6342,accesorio,888392339294,OAKLEY,,AOO9417LS,Accesorios,HOLBROOK XL,,,000005,,,Prizm Deep Water Polarized,0001339566,59,,Hombre,Cuadrada,,,X,,,,,"128,00","58,18",
6343,accesorio,888392339331,OAKLEY,,AOO9417LS,Accesorios,HOLBROOK XL,,,000006,,,Prizm Golf,0001339566,59,,Hombre,Cuadrada,,,,,,,,"78,00","35,45",
6344,accesorio,888392339430,OAKLEY,,AOO9417LS,Accesorios,HOLBROOK XL,,,000007,,,Prizm Grey,0001339566,59,,Hombre,Cuadrada,,,,,,,,"68,00","30,91",
6345,accesorio,888392339423,OAKLEY,,AOO9417LS,Accesorios,HOLBROOK XL,,,000008,,,Prizm Grey Polarized,0001339566,59,,Hombre,Cuadrada,,,X,,,,,"118,00","53,64",
6346,accesorio,888392339355,OAKLEY,,AOO9417LS,Accesorios,HOLBROOK XL,,,000009,,,Prizm Jade,0001339566,59,,Hombre,Cuadrada,,,,,,,,"78,00","35,45",
6347,accesorio,888392339348,OAKLEY,,AOO9417LS,Accesorios,HOLBROOK XL,,,000010,,,Prizm Jade Polarized,0001339566,59,,Hombre,Cuadrada,,,X,,,,,"128,00","58,18",
6348,accesorio,888392339324,OAKLEY,,AOO9417LS,Accesorios,HOLBROOK XL,,,000011,,,Prizm Road,0001339566,59,,Hombre,Cuadrada,,,,,,,,"78,00","35,45",
6349,accesorio,888392339379,OAKLEY,,AOO9417LS,Accesorios,HOLBROOK XL,,,000012,,,Prizm Ruby,0001339566,59,,Hombre,Cuadrada,,,,,,,,"78,00","35,45",
6350,accesorio,888392339362,OAKLEY,,AOO9417LS,Accesorios,HOLBROOK XL,,,000013,,,Prizm Ruby Polarized,0001339566,59,,Hombre,Cuadrada,,,X,,,,,"128,00","58,18",
6351,accesorio,888392339300,OAKLEY,,AOO9417LS,Accesorios,HOLBROOK XL,,,000014,,,Prizm Shallow Water Polarized,0001339566,59,,Hombre,Cuadrada,,,X,,,,,"128,00","58,18",
6352,accesorio,888392339317,OAKLEY,,AOO9417LS,Accesorios,HOLBROOK XL,,,000015,,,Prizm Trail,0001339566,59,,Hombre,Cuadrada,,,,,,,,"78,00","35,45",
6353,accesorio,888392339416,OAKLEY,,AOO9417LS,Accesorios,HOLBROOK XL,,,000016,,,Prizm Tungsten,0001339566,59,,Hombre,Cuadrada,,,,,,,,"78,00","35,45",
6354,accesorio,888392339409,OAKLEY,,AOO9417LS,Accesorios,HOLBROOK XL,,,000017,,,Prizm Tungsten Polarized,0001339566,59,,Hombre,Cuadrada,,,X,,,,,"128,00","58,18",
6355,accesorio,888392259899,OAKLEY,,AOO9418LS,Accesorios,WIND JACKET 2.0,,,000001,,,Prizm Snow Black Iridium,0001339566,00,,Unisex,Pantalla,,,,,,,,"88,00","40,00",
6356,accesorio,888392259875,OAKLEY,,AOO9418LS,Accesorios,WIND JACKET 2.0,,,000004,,,Prizm Snow Sapphire,0001339566,00,,Unisex,Pantalla,,,,,,,,"88,00","40,00",
6357,accesorio,888392409782,OAKLEY,,AOO9424LS,Accesorios,MERCENARY,,,000007,,,Prizm Dark Golf,0001339566,70,,Hombre,Rectangular,O_matter,,,70,46,124,9,"78,00","35,45",
6358,accesorio,888392409829,OAKLEY,,AOO9424LS,Accesorios,MERCENARY,,,000011,,,Prizm Sapphire Polarized,0001339566,70,,Hombre,Rectangular,O_matter,,X,70,46,124,9,"128,00","58,18",
6359,accesorio,888392409843,OAKLEY,,AOO9424LS,Accesorios,MERCENARY,,,000013,,,Prizm Black Polarized,0001339566,70,,Hombre,Rectangular,O_matter,,X,70,46,124,9,"128,00","58,18",
6360,accesorio,888392662828,OAKLEY,,AOO9430LS,Accesorios,ACTUATOR SQ,,,000001,,,Prizm Black,0001339566,57,,Unisex,,,,,57,46,146,16,"78,00","35,45",
6361,accesorio,888392662835,OAKLEY,,AOO9430LS,Accesorios,ACTUATOR SQ,,,000002,,,Prizm Jade,0001339566,57,,Unisex,,,,,57,46,146,16,"78,00","35,45",
6362,accesorio,888392662842,OAKLEY,,AOO9430LS,Accesorios,ACTUATOR SQ,,,000003,,,Prizm Sapphire,0001339566,57,,Unisex,,,,,57,46,146,16,"78,00","35,45",
6363,accesorio,888392662859,OAKLEY,,AOO9430LS,Accesorios,ACTUATOR SQ,,,000004,,,Tungsteno polarizado,0001339566,57,,Unisex,,,,X,57,46,146,16,"128,00","58,18",
6364,accesorio,888392662866,OAKLEY,,AOO9430LS,Accesorios,ACTUATOR SQ,,,000005,,,Prizm pizarra,0001339566,57,,Unisex,,,,,57,46,146,16,"68,00","30,91",
6365,accesorio,888392662873,OAKLEY,,AOO9430LS,Accesorios,ACTUATOR SQ,,,000006,,,Prizm 24k Polarized,0001339566,57,,Unisex,,,,X,57,46,146,16,"128,00","58,18",
6366,accesorio,888392662880,OAKLEY,,AOO9430LS,Accesorios,ACTUATOR SQ,,,000007,,,Prizm Rose Gold Polarized,0001339566,57,,Unisex,,,,X,57,46,146,16,"128,00","58,18",
6367,accesorio,888392661753,OAKLEY,,AOO9431LS,Accesorios,LATERALIS,,,000001,,,Prizm Black Polarized,0001339566,60,,Hombre,Rectangular,,,X,60,41,125,19,"128,00","58,18",
6368,accesorio,888392661883,OAKLEY,,AOO9431LS,Accesorios,LATERALIS,,,000002,,,Prizm Grey,0001339566,60,,Hombre,Rectangular,,,,60,41,125,19,"68,00","30,91",
6369,accesorio,888392661890,OAKLEY,,AOO9431LS,Accesorios,LATERALIS,,,000003,,,Prizm Deep Water Polarized,0001339566,60,,Hombre,Rectangular,,,X,60,41,125,19,"128,00","58,18",
6370,accesorio,888392661906,OAKLEY,,AOO9431LS,Accesorios,LATERALIS,,,000004,,,Prizm Ruby,0001339566,60,,Hombre,Rectangular,,,,60,41,125,19,"78,00","35,45",
6371,accesorio,888392661913,OAKLEY,,AOO9431LS,Accesorios,LATERALIS,,,000005,,,Prizm Tungsten Polarized,0001339566,60,,Hombre,Rectangular,,,X,60,41,125,19,"128,00","58,18",
6372,accesorio,888392661920,OAKLEY,,AOO9431LS,Accesorios,LATERALIS,,,000006,,,Prizm Sapphire,0001339566,60,,Hombre,Rectangular,,,,60,41,125,19,"78,00","35,45",
6373,accesorio,888392661937,OAKLEY,,AOO9431LS,Accesorios,LATERALIS,,,000007,,,Prizm Shallow Water Polarized,0001339566,60,,Hombre,Rectangular,,,X,60,41,125,19,"128,00","58,18",
6374,accesorio,888392661944,OAKLEY,,AOO9431LS,Accesorios,LATERALIS,,,000008,,,Prizm Black,0001339566,60,,Hombre,Rectangular,,,,60,41,125,19,"78,00","35,45",
6375,accesorio,888392661951,OAKLEY,,AOO9431LS,Accesorios,LATERALIS,,,000009,,,Prizm Snow Sapphire Iridium,0001339566,60,,Hombre,Rectangular,,,,60,41,125,19,"78,00","35,45",
6376,accesorio,888392426086,OAKLEY,,AOO9433LS,Accesorios,LOW KEY,,,000005,,,Prizm Rose Gold Polarized,0001339566,54,,Mujer,Redonda,O_matter,,X,54,50,140,19,"128,00","58,18",
6377,accesorio,888392426161,OAKLEY,,AOO9436LS,Accesorios,LATCH BETA,,,000008,,,Prizm Rose Gold,0001339566,54,,Unisex,Cuadrada,O_matter,,,54,45,140,18,"78,00","35,45",
6378,accesorio,888392668172,OAKLEY,,AOO9437LS,Accesorios,PLANTARIS,,,000001,,,Prizm Grey,0001339566,63,,Hombre,,,,,63,39,126,19,"62,00","28,18",
6379,accesorio,888392668189,OAKLEY,,AOO9437LS,Accesorios,PLANTARIS,,,000002,,,Prizm Bronze,0001339566,63,,Hombre,,,,,63,39,126,19,"62,00","28,18",
6380,accesorio,888392668196,OAKLEY,,AOO9437LS,Accesorios,PLANTARIS,,,000003,,,Prizm bronce degradado,0001339566,63,,Hombre,,,,,63,39,126,19,"62,00","28,18",
6381,accesorio,888392668202,OAKLEY,,AOO9437LS,Accesorios,PLANTARIS,,,000004,,,Prizm Black,0001339566,63,,Hombre,,,,,63,39,126,19,"72,00","32,73",
6382,accesorio,888392668219,OAKLEY,,AOO9437LS,Accesorios,PLANTARIS,,,000005,,,Prizm Tungsten,0001339566,63,,Hombre,,,,,63,39,126,19,"72,00","32,73",
6383,accesorio,888392668226,OAKLEY,,AOO9437LS,Accesorios,PLANTARIS,,,000006,,,Prizm Deep Water Polarized,0001339566,63,,Hombre,,,,X,63,39,126,19,"122,00","55,45",
6384,accesorio,888392436054,OAKLEY,,AOO9442LS,Accesorios,RADAR EV ADVANCER,,,000001,,,Prizm Road,0001339566,38,,Unisex,Pantalla,O_matter,,,,52,128,138,"88,00","40,00",
6385,accesorio,888392436061,OAKLEY,,AOO9442LS,Accesorios,RADAR EV ADVANCER,,,000002,,,Prizm Sapphire,0001339566,38,,Unisex,Pantalla,O_matter,,,,52,128,138,"88,00","40,00",
6386,accesorio,888392436078,OAKLEY,,AOO9442LS,Accesorios,RADAR EV ADVANCER,,,000003,,,Prizm Road Jade,0001339566,38,,Unisex,Pantalla,Inyectado,,,,52,128,138,"88,00","40,00",
6387,accesorio,888392436085,OAKLEY,,AOO9442LS,Accesorios,RADAR EV ADVANCER,,,000004,,,Prizm Road Black,0001339566,38,,Unisex,Pantalla,O_matter,,,,52,128,138,"88,00","40,00",
6388,accesorio,888392436092,OAKLEY,,AOO9442LS,Accesorios,RADAR EV ADVANCER,,,000005,,,Clear To Black Iridium Photochromic,0001339566,38,,Unisex,Pantalla,O_matter,X,,,52,128,138,"118,00","53,64",
6389,accesorio,888392436108,OAKLEY,,AOO9442LS,Accesorios,RADAR EV ADVANCER,,,000006,,,Prizm Golf,0001339566,38,,Unisex,Pantalla,O_matter,,,,52,128,138,"88,00","40,00",
6390,accesorio,888392436115,OAKLEY,,AOO9442LS,Accesorios,RADAR EV ADVANCER,,,000007,,,Prizm Black Polarized,0001339566,38,,Unisex,Pantalla,O_matter,,X,,52,128,138,"138,00","62,73",
6391,accesorio,888392436160,OAKLEY,,AOO9442LS,Accesorios,RADAR EV ADVANCER,,,000008,,,Prizm Low Light,0001339566,38,,Unisex,Pantalla,O_matter,,,,52,128,138,"78,00","35,45",
6392,accesorio,888392436177,OAKLEY,,AOO9442LS,Accesorios,RADAR EV ADVANCER,,,000009,,,Transparente,0001339566,38,,Unisex,Pantalla,O_matter,,,,52,128,138,"68,00","30,91",
6393,accesorio,888392441522,OAKLEY,,AOO9442LS,Accesorios,RADAR EV ADVANCER,,,000010,,,Prizm Trail Torch,0001339566,38,,Unisex,Pantalla,O_matter,,,,52,128,138,"88,00","40,00",
6394,accesorio,888392592699,OAKLEY,,AOO9448LS,Accesorios,SYLAS,,,000007,,,Prizm Sapphire Polarized,0001339566,60,,Hombre,Rectangular,,,X,60,45,140,17,"128,00","58,18",
6395,accesorio,888392592798,OAKLEY,,AOO9448LS,Accesorios,SYLAS,,,000008,,,Prizm Ruby Polarized,0001339566,60,,Hombre,Rectangular,,,X,60,45,140,17,"128,00","58,18",
6396,accesorio,888392592859,OAKLEY,,AOO9448LS,Accesorios,SYLAS,,,000010,,,Prizm Tungsten,0001339566,60,,Hombre,Rectangular,,,,60,45,140,17,"78,00","35,45",
6397,accesorio,888392592873,OAKLEY,,AOO9448LS,Accesorios,SYLAS,,,000011,,,Prizm Jade,0001339566,60,,Hombre,Rectangular,,,,60,45,140,17,"78,00","35,45",
6398,accesorio,888392592897,OAKLEY,,AOO9448LS,Accesorios,SYLAS,,,000012,,,Prizm Deep Water Polarized,0001339566,60,,Hombre,Rectangular,,,X,60,45,140,17,"128,00","58,18",
6399,accesorio,888392473981,OAKLEY,,AOO9460LS,Accesorios,PORTAL X,,,000004,,,Prizm Deep Water Polarized,0001339566,59,,Hombre,Rectangular,,,X,59,44,135,15,"128,00","58,18",
6400,accesorio,888392534378,OAKLEY,,AOO9462LS,Accesorios,SUTRO S,,,000001,,,Prizm Road,0001339566,28,,Unisex,Pantalla,,,,,55,134,128,"88,00","40,00",
6401,accesorio,888392534408,OAKLEY,,AOO9462LS,Accesorios,SUTRO S,,,000003,,,Prizm 24K,0001339566,28,,Unisex,Pantalla,,,,,55,134,128,"88,00","40,00",
6402,accesorio,888392534415,OAKLEY,,AOO9462LS,Accesorios,SUTRO S,,,000004,,,Prizm Trail Torch,0001339566,28,,Unisex,Pantalla,,,,,55,134,128,"88,00","40,00",
6403,accesorio,888392534422,OAKLEY,,AOO9462LS,Accesorios,SUTRO S,,,000005,,,Prizm Road Jade,0001339566,28,,Unisex,Pantalla,,,,,55,134,128,"88,00","40,00",
6404,accesorio,888392622761,OAKLEY,,AOO9462LS,Accesorios,SUTRO S,,,000006,,,Prizm Black,0001339566,28,,Hombre,Pantalla,,,,,55,134,128,"88,00","40,00",
6405,accesorio,888392622778,OAKLEY,,AOO9462LS,Accesorios,SUTRO S,,,000007,,,Prizm Bronze,0001339566,28,,Hombre,Pantalla,,,,,55,134,128,"78,00","35,45",
6406,accesorio,888392622785,OAKLEY,,AOO9462LS,Accesorios,SUTRO S,,,000008,,,Prizm Grey,0001339566,28,,Hombre,Pantalla,,,,,55,134,128,"78,00","35,45",
6407,accesorio,888392622792,OAKLEY,,AOO9462LS,Accesorios,SUTRO S,,,000009,,,Prizm Jade,0001339566,28,,Hombre,Pantalla,,,,,55,134,128,"88,00","40,00",
6408,accesorio,888392622808,OAKLEY,,AOO9462LS,Accesorios,SUTRO S,,,000010,,,Prizm Ruby,0001339566,28,,Hombre,Pantalla,,,,,55,134,128,"88,00","40,00",
6409,accesorio,888392622815,OAKLEY,,AOO9462LS,Accesorios,SUTRO S,,,000011,,,Prizm Carretera negro iridio,0001339566,28,,Hombre,Pantalla,,,,,55,134,128,"88,00","40,00",
6410,accesorio,888392622822,OAKLEY,,AOO9462LS,Accesorios,SUTRO S,,,000012,,,Prizm Sapphire,0001339566,28,,Hombre,Pantalla,,,,,55,134,128,"88,00","40,00",
6411,accesorio,888392532695,OAKLEY,,AOO9463LS,Accesorios,SUTRO LITE,,,000001,,,Prizm Road,0001339566,39,,Unisex,Pantalla,,,,38,58,138,139,"88,00","40,00",
6412,accesorio,888392532701,OAKLEY,,AOO9463LS,Accesorios,SUTRO LITE,,,000002,,,Prizm Black,0001339566,39,,Unisex,Pantalla,,,,38,58,138,139,"88,00","40,00",
6413,accesorio,888392532718,OAKLEY,,AOO9463LS,Accesorios,SUTRO LITE,,,000003,,,Prizm Sapphire,0001339566,39,,Unisex,Pantalla,,,,38,58,138,139,"88,00","40,00",
6414,accesorio,888392532725,OAKLEY,,AOO9463LS,Accesorios,SUTRO LITE,,,000004,,,Prizm Trail Torch,0001339566,39,,Unisex,Pantalla,,,,38,58,138,139,"88,00","40,00",
6415,accesorio,888392532732,OAKLEY,,AOO9463LS,Accesorios,SUTRO LITE,,,000005,,,Prizm Road Jade,0001339566,39,,Unisex,Pantalla,,,,38,58,138,139,"88,00","40,00",
6416,accesorio,888392532749,OAKLEY,,AOO9463LS,Accesorios,SUTRO LITE,,,000006,,,Prizm Ruby,0001339566,39,,Unisex,Pantalla,,,,38,58,138,139,"88,00","40,00",
6417,accesorio,888392622648,OAKLEY,,AOO9463LS,Accesorios,SUTRO LITE,,,000007,,,Clear To Black Iridium Photochromic,0001339566,39,,Hombre,Pantalla,,X,,38,58,138,139,"118,00","53,64",
6418,accesorio,888392622655,OAKLEY,,AOO9463LS,Accesorios,SUTRO LITE,,,000008,,,Prizm 24K,0001339566,39,,Hombre,Pantalla,,,,38,58,138,139,"88,00","40,00",
6419,accesorio,888392622662,OAKLEY,,AOO9463LS,Accesorios,SUTRO LITE,,,000009,,,Prizm Field,0001339566,39,,Hombre,Pantalla,,,,38,58,138,139,"88,00","40,00",
6420,accesorio,888392622679,OAKLEY,,AOO9463LS,Accesorios,SUTRO LITE,,,000010,,,Prizm Carretera negro iridio,0001339566,39,,Hombre,Pantalla,,,,38,58,138,139,"88,00","40,00",
6421,accesorio,888392622686,OAKLEY,,AOO9463LS,Accesorios,SUTRO LITE,,,000011,,,Prizm Low Light,0001339566,39,,Hombre,Pantalla,,,,38,58,138,139,"78,00","35,45",
6422,accesorio,888392622693,OAKLEY,,AOO9463LS,Accesorios,SUTRO LITE,,,000012,,,Prizm Snow Sapphire Iridium,0001339566,39,,Hombre,Pantalla,,,,38,58,138,139,"88,00","40,00",
6423,accesorio,888392622709,OAKLEY,,AOO9463LS,Accesorios,SUTRO LITE,,,000013,,,Prizm Tungsten,0001339566,39,,Hombre,Pantalla,,,,38,58,138,139,"88,00","40,00",
6424,accesorio,888392564740,OAKLEY,,AOO9464LS,Accesorios,HSTN,,,000001,,,Prizm Grey,0001339566,50,,Unisex,Redonda,,,,50,46,140,21,"68,00","30,91",
6425,accesorio,888392564733,OAKLEY,,AOO9464LS,Accesorios,HSTN,,,000001,,,Prizm Grey,0001339566,52,,Unisex,Redonda,,,,52,48,140,21,"68,00","30,91",
6426,accesorio,888392564887,OAKLEY,,AOO9464LS,Accesorios,HSTN,,,000002,,,Prizm Violet,0001339566,50,,Unisex,Redonda,,,,50,46,140,21,"78,00","35,45",
6427,accesorio,888392564870,OAKLEY,,AOO9464LS,Accesorios,HSTN,,,000002,,,Prizm Violet,0001339566,52,,Unisex,Redonda,,,,52,48,140,21,"78,00","35,45",
6428,accesorio,888392564900,OAKLEY,,AOO9464LS,Accesorios,HSTN,,,000003,,,Prizm Tungsten Polarized,0001339566,50,,Unisex,Redonda,,,X,50,46,140,21,"128,00","58,18",
6429,accesorio,888392564894,OAKLEY,,AOO9464LS,Accesorios,HSTN,,,000003,,,Prizm Tungsten Polarized,0001339566,52,,Unisex,Redonda,,,X,52,48,140,21,"128,00","58,18",
6430,accesorio,888392564924,OAKLEY,,AOO9464LS,Accesorios,HSTN,,,000004,,,Prizm Black Polarized,0001339566,50,,Unisex,Redonda,,,X,50,46,140,21,"128,00","58,18",
6431,accesorio,888392564917,OAKLEY,,AOO9464LS,Accesorios,HSTN,,,000004,,,Prizm Black Polarized,0001339566,52,,Unisex,Redonda,,,X,52,48,140,21,"128,00","58,18",
6432,accesorio,888392564931,OAKLEY,,AOO9464LS,Accesorios,HSTN,,,000005,,,Prizm Black,0001339566,52,,Unisex,Redonda,,,,52,48,140,21,"78,00","35,45",
6433,accesorio,888392564962,OAKLEY,,AOO9464LS,Accesorios,HSTN,,,000006,,,Prizm Sapphire,0001339566,50,,Unisex,Redonda,,,,50,46,140,21,"78,00","35,45",
6434,accesorio,888392564955,OAKLEY,,AOO9464LS,Accesorios,HSTN,,,000006,,,Prizm Sapphire,0001339566,52,,Unisex,Redonda,,,,52,48,140,21,"78,00","35,45",
6435,accesorio,888392564986,OAKLEY,,AOO9464LS,Accesorios,HSTN,,,000007,,,Prizm Ruby,0001339566,50,,Unisex,Redonda,,,,50,46,140,21,"78,00","35,45",
6436,accesorio,888392564979,OAKLEY,,AOO9464LS,Accesorios,HSTN,,,000007,,,Prizm Ruby,0001339566,52,,Unisex,Redonda,,,,52,48,140,21,"78,00","35,45",
6437,accesorio,888392552877,OAKLEY,,AOO9465LS,Accesorios,SUTRO LITE SWEEP,,,000001,,,Prizm Road,0001339566,39,,Hombre,Pantalla,,,,,58,138,139,"88,00","40,00",
6438,accesorio,888392552884,OAKLEY,,AOO9465LS,Accesorios,SUTRO LITE SWEEP,,,000002,,,Prizm Trail Torch,0001339566,39,,Hombre,Pantalla,,,,,58,138,139,"88,00","40,00",
6439,accesorio,888392552891,OAKLEY,,AOO9465LS,Accesorios,SUTRO LITE SWEEP,,,000003,,,Prizm Black,0001339566,39,,Hombre,Pantalla,,,,,58,138,139,"88,00","40,00",
6440,accesorio,888392552907,OAKLEY,,AOO9465LS,Accesorios,SUTRO LITE SWEEP,,,000004,,,Prizm Sapphire,0001339566,39,,Hombre,Pantalla,,,,,58,138,139,"88,00","40,00",
6441,accesorio,888392575166,OAKLEY,,AOO9465LS,Accesorios,SUTRO LITE SWEEP,,,000005,,,Prizm Road Jade,0001339566,39,,Hombre,Pantalla,,,,,58,138,139,"88,00","40,00",
6442,accesorio,888392622716,OAKLEY,,AOO9465LS,Accesorios,SUTRO LITE SWEEP,,,000006,,,Prizm 24K,0001339566,39,,Hombre,Pantalla,,,,,58,138,139,"88,00","40,00",
6443,accesorio,888392622723,OAKLEY,,AOO9465LS,Accesorios,SUTRO LITE SWEEP,,,000007,,,Prizm Low Light,0001339566,39,,Hombre,Pantalla,,,,,58,138,139,"78,00","35,45",
6444,accesorio,888392622730,OAKLEY,,AOO9465LS,Accesorios,SUTRO LITE SWEEP,,,000008,,,Prizm Carretera negro iridio,0001339566,39,,Hombre,Pantalla,,,,,58,138,139,"88,00","40,00",
6445,accesorio,888392622747,OAKLEY,,AOO9465LS,Accesorios,SUTRO LITE SWEEP,,,000009,,,Prizm Ruby,0001339566,39,,Hombre,Pantalla,,,,,58,138,139,"88,00","40,00",
6446,accesorio,888392622754,OAKLEY,,AOO9465LS,Accesorios,SUTRO LITE SWEEP,,,000010,,,Prizm Tungsten,0001339566,39,,Hombre,Pantalla,,,,,58,138,139,"88,00","40,00",
6447,accesorio,888392623034,OAKLEY,,AOO9465LS,Accesorios,SUTRO LITE SWEEP,,,000011,,,Clear To Black Iridium Photochromic,0001339566,39,,Hombre,Pantalla,,X,,,58,138,139,"118,00","53,64",
6448,accesorio,888392623041,OAKLEY,,AOO9465LS,Accesorios,SUTRO LITE SWEEP,,,000012,,,Prizm Field,0001339566,39,,Hombre,Pantalla,,,,,58,138,139,"88,00","40,00",
6449,accesorio,888392565662,OAKLEY,,AOO9467LS,Accesorios,CMDN,,,000001,,,Prizm Grey,0001339566,33,,Hombre,Pantalla,,,,,,,133,"68,00","30,91",
6450,accesorio,888392565679,OAKLEY,,AOO9467LS,Accesorios,CMDN,,,000002,,,Prizm Road,0001339566,33,,Hombre,Pantalla,,,,,,,133,"78,00","35,45",
6451,accesorio,888392565686,OAKLEY,,AOO9467LS,Accesorios,CMDN,,,000003,,,Prizm Black,0001339566,33,,Hombre,Pantalla,,,,,,,133,"78,00","35,45",
6452,accesorio,888392565693,OAKLEY,,AOO9467LS,Accesorios,CMDN,,,000004,,,Prizm Road Jade,0001339566,33,,Hombre,Pantalla,,,,,,,133,"78,00","35,45",
6453,accesorio,888392565709,OAKLEY,,AOO9467LS,Accesorios,CMDN,,,000005,,,Prizm Violet,0001339566,33,,Hombre,Pantalla,,,,,,,133,"78,00","35,45",
6454,accesorio,888392565716,OAKLEY,,AOO9467LS,Accesorios,CMDN,,,000006,,,Prizm Sapphire,0001339566,33,,Hombre,Pantalla,,,,,,,133,"78,00","35,45",
6455,accesorio,888392661968,OAKLEY,,AOO9470LS,Accesorios,GIBSTON XL,,,000001,,,Prizm Black,0001339566,62,,Hombre,Rectangular,,,,61,40,133,17,"78,00","35,45",
6456,accesorio,888392661975,OAKLEY,,AOO9470LS,Accesorios,GIBSTON XL,,,000002,,,Prizm Black Polarized,0001339566,62,,Hombre,Rectangular,,,X,61,40,133,17,"128,00","58,18",
6457,accesorio,888392661982,OAKLEY,,AOO9470LS,Accesorios,GIBSTON XL,,,000003,,,Prizm Sapphire,0001339566,62,,Hombre,Rectangular,,,,61,40,133,17,"78,00","35,45",
6458,accesorio,888392661999,OAKLEY,,AOO9470LS,Accesorios,GIBSTON XL,,,000004,,,Prizm Deep Water Polarized,0001339566,62,,Hombre,Rectangular,,,X,61,40,133,17,"128,00","58,18",
6459,accesorio,888392662002,OAKLEY,,AOO9470LS,Accesorios,GIBSTON XL,,,000005,,,Prizm Sapphire Polarized,0001339566,62,,Hombre,Rectangular,,,X,61,40,133,17,"128,00","58,18",
6460,accesorio,888392662019,OAKLEY,,AOO9470LS,Accesorios,GIBSTON XL,,,000006,,,Prizm Ruby Polarized,0001339566,62,,Hombre,Rectangular,,,X,61,40,133,17,"128,00","58,18",
6461,accesorio,888392662026,OAKLEY,,AOO9470LS,Accesorios,GIBSTON XL,,,000007,,,Prizm Jade,0001339566,62,,Hombre,Rectangular,,,,61,40,133,17,"78,00","35,45",
6462,accesorio,888392558466,OAKLEY,,AOO9473LS,Accesorios,LEADLINE,,,000001,,,Prizm Grey,0001339566,56,,Mujer,Cuadrada,,,,56,44,139,17,"68,00","30,91",
6463,accesorio,888392558473,OAKLEY,,AOO9473LS,Accesorios,LEADLINE,,,000002,,,Prizm Rose Gold Polarized,0001339566,56,,Mujer,Cuadrada,,,X,56,44,139,17,"128,00","58,18",
6464,accesorio,888392558527,OAKLEY,,AOO9473LS,Accesorios,LEADLINE,,,000005,,,Prizm Deep Water Polarized,0001339566,56,,Mujer,Cuadrada,,,X,56,44,139,17,"128,00","58,18",
6465,accesorio,888392558824,OAKLEY,,AOO9473LS,Accesorios,LEADLINE,,,000006,,,Prizm Black,0001339566,56,,Mujer,Cuadrada,,,,56,44,139,17,"78,00","35,45",
6466,accesorio,888392558770,OAKLEY,,AOO9474LS,Accesorios,SPINDRIFT,,,000001,,,Prizm Rose Gold Polarized,0001339566,52,,Mujer,Redonda,,,X,,,,20,"128,00","58,18",
6467,accesorio,888392558794,OAKLEY,,AOO9474LS,Accesorios,SPINDRIFT,,,000003,,,Prizm Violet,0001339566,52,,Mujer,Redonda,,,,,,,20,"78,00","35,45",
6468,accesorio,888392558800,OAKLEY,,AOO9474LS,Accesorios,SPINDRIFT,,,000004,,,Prizm Sapphire,0001339566,52,,Mujer,Redonda,,,,,,,20,"78,00","35,45",
6469,accesorio,888392558817,OAKLEY,,AOO9474LS,Accesorios,SPINDRIFT,,,000005,,,Prizm Black,0001339566,52,,Mujer,Redonda,,,,,,,20,"78,00","35,45",
6470,accesorio,888392555502,OAKLEY,,AOO9479LS,Accesorios,MANORBURN,,,000001,,,Prizm Grey,0001339566,56,,Hombre,Cuadrada,,,,,,,17,"68,00","30,91",
6471,accesorio,888392555519,OAKLEY,,AOO9479LS,Accesorios,MANORBURN,,,000002,,,Prizm Black,0001339566,56,,Hombre,Cuadrada,,,,,,,17,"78,00","35,45",
6472,accesorio,888392555526,OAKLEY,,AOO9479LS,Accesorios,MANORBURN,,,000003,,,Prizm Violet,0001339566,56,,Hombre,Cuadrada,,,,,,,17,"78,00","35,45",
6473,accesorio,888392555540,OAKLEY,,AOO9479LS,Accesorios,MANORBURN,,,000005,,,Prizm Rose Gold,0001339566,56,,Hombre,Cuadrada,,,,,,,17,"78,00","35,45",
6474,accesorio,888392663030,OAKLEY,,AOO9484DLS,Accesorios,RSLV,,,000001,,,Prizm Black,0001339566,49,,Unisex,,,,,,,,149,"88,00","40,00",
6475,accesorio,888392663054,OAKLEY,,AOO9484DLS,Accesorios,RSLV,,,000002,,,Prizm Road Cylindrical,0001339566,49,,Unisex,,,,,,,,149,"88,00","40,00",
6476,accesorio,888392663078,OAKLEY,,AOO9484DLS,Accesorios,RSLV,,,000003,,,Prizm Sapphire,0001339566,49,,Unisex,,,,,,,,149,"88,00","40,00",
6477,accesorio,888392663092,OAKLEY,,AOO9484DLS,Accesorios,RSLV,,,000004,,,Prizm 24K,0001339566,49,,Unisex,,,,,,,,149,"88,00","40,00",
6478,accesorio,888392663115,OAKLEY,,AOO9484DLS,Accesorios,RSLV,,,000005,,,Prizm Ruby,0001339566,49,,Unisex,,,,,,,,149,"88,00","40,00",
6479,accesorio,888392663139,OAKLEY,,AOO9484DLS,Accesorios,RSLV,,,000006,,,Clear To Black Iridium Photochromic,0001339566,49,,Unisex,,,X,,,,,149,"118,00","53,64",
6480,accesorio,888392663153,OAKLEY,,AOO9484DLS,Accesorios,RSLV,,,000007,,,Prizm Snow Sapphire Iridium,0001339566,49,,Unisex,,,,,,,,149,"88,00","40,00",
6481,accesorio,888392665386,OAKLEY,,AOO9486LS,Accesorios,MASSETER,,,000001,,,Prizm Black,0001339566,60,,Hombre,,,,,60,40,131,19,"78,00","35,45",
6482,accesorio,888392665393,OAKLEY,,AOO9486LS,Accesorios,MASSETER,,,000002,,,Prizm Grey,0001339566,60,,Hombre,,,,,60,40,131,19,"68,00","30,91",
6483,accesorio,888392665416,OAKLEY,,AOO9486LS,Accesorios,MASSETER,,,000004,,,Prizm Sapphire Polarized,0001339566,60,,Hombre,,,,X,60,40,131,19,"128,00","58,18",
6484,accesorio,888392665423,OAKLEY,,AOO9486LS,Accesorios,MASSETER,,,000005,,,Prizm Black Polarized,0001339566,60,,Hombre,,,,X,60,40,131,19,"128,00","58,18",
6485,accesorio,888392665706,OAKLEY,,AOO9486LS,Accesorios,MASSETER,,,000006,,,Prizm Deep Water Polarized,0001339566,60,,Hombre,,,,X,60,40,131,19,"128,00","58,18",
6486,accesorio,888392665713,OAKLEY,,AOO9486LS,Accesorios,MASSETER,,,000007,,,Prizm Tungsten,0001339566,60,,Hombre,,,,,60,40,131,19,"78,00","35,45",
6487,accesorio,888392664822,OAKLEY,,AOO9487LS,Accesorios,HOLBROOK XXL,,,000001,,,Prizm Grey,0001339566,61,,Unisex,,,,,61,47,143,18,"68,00","30,91",
6488,accesorio,888392664839,OAKLEY,,AOO9487LS,Accesorios,HOLBROOK XXL,,,000002,,,Prizm Black,0001339566,61,,Unisex,,,,,61,47,143,18,"78,00","35,45",
6489,accesorio,888392664846,OAKLEY,,AOO9487LS,Accesorios,HOLBROOK XXL,,,000003,,,Prizm Black Polarized,0001339566,61,,Unisex,,,,X,61,47,143,18,"128,00","58,18",
6490,accesorio,888392664853,OAKLEY,,AOO9487LS,Accesorios,HOLBROOK XXL,,,000004,,,Prizm Deep Water Polarized,0001339566,61,,Unisex,,,,X,61,47,143,18,"128,00","58,18",
6491,accesorio,888392664860,OAKLEY,,AOO9487LS,Accesorios,HOLBROOK XXL,,,000005,,,Prizm Sapphire,0001339566,61,,Unisex,,,,,61,47,143,18,"78,00","35,45",
6492,accesorio,888392664877,OAKLEY,,AOO9487LS,Accesorios,HOLBROOK XXL,,,000006,,,Prizm Ruby,0001339566,61,,Unisex,,,,,61,47,143,18,"78,00","35,45",
6493,accesorio,888392664884,OAKLEY,,AOO9487LS,Accesorios,HOLBROOK XXL,,,000007,,,Prizm Sapphire Polarized,0001339566,61,,Unisex,,,,X,61,47,143,18,"128,00","58,18",
6494,accesorio,888392664891,OAKLEY,,AOO9487LS,Accesorios,HOLBROOK XXL,,,000008,,,Prizm Tungsten Polarized,0001339566,61,,Unisex,,,,X,61,47,143,18,"128,00","58,18",
6495,accesorio,888392671271,OAKLEY,,AOO9488LS,Accesorios,FLAK 2.0 XXL,,,000001,,,Prizm Golf,0001339566,63,,Hombre,,,,,64,42,131,10,"78,00","35,45",
6496,accesorio,888392671288,OAKLEY,,AOO9488LS,Accesorios,FLAK 2.0 XXL,,,000002,,,Prizm Sapphire,0001339566,63,,Hombre,,,,,64,42,131,10,"78,00","35,45",
6497,accesorio,888392671295,OAKLEY,,AOO9488LS,Accesorios,FLAK 2.0 XXL,,,000003,,,Prizm Field,0001339566,63,,Hombre,,,,,64,42,131,10,"78,00","35,45",
6498,accesorio,888392671301,OAKLEY,,AOO9488LS,Accesorios,FLAK 2.0 XXL,,,000004,,,Prizm Black,0001339566,63,,Hombre,,,,,64,42,131,10,"78,00","35,45",
6499,accesorio,888392671318,OAKLEY,,AOO9488LS,Accesorios,FLAK 2.0 XXL,,,000005,,,Prizm Black Polarized,0001339566,63,,Hombre,,,,X,64,42,131,10,"128,00","58,18",
6500,accesorio,888392671325,OAKLEY,,AOO9488LS,Accesorios,FLAK 2.0 XXL,,,000006,,,Prizm Deep Water Polarized,0001339566,63,,Hombre,,,,X,64,42,131,10,"128,00","58,18",
6501,accesorio,888392671332,OAKLEY,,AOO9488LS,Accesorios,FLAK 2.0 XXL,,,000007,,,Prizm Grey,0001339566,63,,Hombre,,,,,64,42,131,10,"68,00","30,91",
6502,accesorio,888392671349,OAKLEY,,AOO9488LS,Accesorios,FLAK 2.0 XXL,,,000008,,,Clear To Black Iridium Photochromic,0001339566,63,,Hombre,,,X,,64,42,131,10,"118,00","53,64",
6503,accesorio,888392671356,OAKLEY,,AOO9488LS,Accesorios,FLAK 2.0 XXL,,,000009,,,Prizm Dark Golf,0001339566,63,,Hombre,,,,,64,42,131,10,"78,00","35,45",
6504,accesorio,888392671363,OAKLEY,,AOO9488LS,Accesorios,FLAK 2.0 XXL,,,000010,,,Prizm 24k Polarized,0001339566,63,,Hombre,,,,X,64,42,131,10,"128,00","58,18",
6505,accesorio,888392671370,OAKLEY,,AOO9495DLS,Accesorios,RADAR PLATE,,,000001,,,Clear To Black Iridium Photochromic,0001339566,36,,Unisex,,,X,,136,45,133,136,"126,00","57,27",
6506,accesorio,888392671394,OAKLEY,,AOO9495DLS,Accesorios,RADAR PLATE,,,000003,,,Prizm Black,0001339566,36,,Unisex,,,,,136,45,133,136,"86,00","39,09",
6507,accesorio,888392671417,OAKLEY,,AOO9495DLS,Accesorios,RADAR PLATE,,,000005,,,Prizm 24k Polarized,0001339566,36,,Unisex,,,,X,136,45,133,136,"136,00","61,82",
6508,accesorio,888392671424,OAKLEY,,AOO9495DLS,Accesorios,RADAR PLATE,,,000006,,,Prizm Grey,0001339566,36,,Unisex,,,,,136,45,133,136,"76,00","34,55",
6509,accesorio,888392671431,OAKLEY,,AOO9495DLS,Accesorios,RADAR PLATE,,,000007,,,Prizm Grey Polarized,0001339566,36,,Unisex,,,,X,136,45,133,136,"126,00","57,27",
6510,accesorio,888392671448,OAKLEY,,AOO9495DLS,Accesorios,RADAR PLATE,,,000008,,,Prizm pizarra,0001339566,36,,Unisex,,,,,136,45,133,136,"76,00","34,55",
6511,accesorio,888392671455,OAKLEY,,AOO9495DLS,Accesorios,RADAR PLATE,,,000009,,,Prizm Sapphire,0001339566,36,,Unisex,,,,,136,45,133,136,"86,00","39,09",
6512,accesorio,888392672018,OAKLEY,,AOO9495DLS,Accesorios,RADAR PLATE,,,000010,,,Prizm Sapphire Polarized,0001339566,36,,Unisex,,,,X,136,45,133,136,"136,00","61,82",
6513,accesorio,888392672025,OAKLEY,,AOO9495DLS,Accesorios,RADAR PLATE,,,000011,,,Prizm Road,0001339566,36,,Unisex,,,,,136,45,133,136,"86,00","39,09",
6514,accesorio,888392671462,OAKLEY,,AOO9496LS,Accesorios,SUTRO LITE S,,,000001,,,Prizm Black,0001339566,34,,Unisex,,,,,34,57,138,134,"88,00","40,00",
6515,accesorio,888392671479,OAKLEY,,AOO9496LS,Accesorios,SUTRO LITE S,,,000002,,,Prizm Ruby,0001339566,34,,Unisex,,,,,34,57,138,134,"88,00","40,00",
6516,accesorio,888392671486,OAKLEY,,AOO9496LS,Accesorios,SUTRO LITE S,,,000003,,,Prizm Sapphire,0001339566,34,,Unisex,,,,,34,57,138,134,"88,00","40,00",
6517,accesorio,888392671493,OAKLEY,,AOO9496LS,Accesorios,SUTRO LITE S,,,000004,,,Prizm Jade,0001339566,34,,Unisex,,,,,34,57,138,134,"88,00","40,00",
6518,accesorio,888392671516,OAKLEY,,AOO9496LS,Accesorios,SUTRO LITE S,,,000005,,,Prizm Grey,0001339566,34,,Unisex,,,,,34,57,138,134,"78,00","35,45",
6519,accesorio,888392671523,OAKLEY,,AOO9496LS,Accesorios,SUTRO LITE S,,,000006,,,Prizm Road,0001339566,34,,Unisex,,,,,34,57,138,134,"88,00","40,00",
6520,accesorio,888392671530,OAKLEY,,AOO9496LS,Accesorios,SUTRO LITE S,,,000007,,,Clear To Black Iridium Photochromic,0001339566,34,,Unisex,,,X,,34,57,138,134,"118,00","53,64",
6521,accesorio,888392671554,OAKLEY,,AOO9496LS,Accesorios,SUTRO LITE S,,,000008,,,Prizm Low Light,0001339566,34,,Unisex,,,,,34,57,138,134,"78,00","35,45",
6522,accesorio,888392671561,OAKLEY,,AOO9496LS,Accesorios,SUTRO LITE S,,,000009,,,Prizm 24K,0001339566,34,,Unisex,,,,,34,57,138,134,"88,00","40,00",
6523,accesorio,888392671578,OAKLEY,,AOO9496LS,Accesorios,SUTRO LITE S,,,000010,,,Prizm Dark Golf,0001339566,34,,Unisex,,,,,34,57,138,134,"88,00","40,00",
6524,accesorio,888392671585,OAKLEY,,AOO9496LS,Accesorios,SUTRO LITE S,,,000011,,,Prizm Field,0001339566,34,,Unisex,,,,,34,57,138,134,"88,00","40,00",
6525,accesorio,888392691545,OAKLEY,,AOO9497LS,Accesorios,BRIZA,,,000001,,,Prizm Grey,0001339566,58,,Hombre,,,,,58,46,140,16,"68,00","30,91",
6526,accesorio,888392691552,OAKLEY,,AOO9497LS,Accesorios,BRIZA,,,000002,,,Prizm Bronze,0001339566,58,,Hombre,,,,,58,46,140,16,"68,00","30,91",
6527,accesorio,888392691569,OAKLEY,,AOO9497LS,Accesorios,BRIZA,,,000003,,,Prizm Black,0001339566,58,,Hombre,,,,,58,46,140,16,"78,00","35,45",
6528,accesorio,888392691583,OAKLEY,,AOO9497LS,Accesorios,BRIZA,,,000004,,,Prizm Rose Gold,0001339566,58,,Hombre,,,,,58,46,140,16,"78,00","35,45",
6529,accesorio,888392691590,OAKLEY,,AOO9497LS,Accesorios,BRIZA,,,000005,,,Prizm Black Polarized,0001339566,58,,Hombre,,,,X,58,46,140,16,"128,00","58,18",
6530,accesorio,888392691606,OAKLEY,,AOO9497LS,Accesorios,BRIZA,,,000006,,,Prizm Deep Water Polarized,0001339566,58,,Hombre,,,,X,58,46,140,16,"128,00","58,18",
6531,accesorio,888392691613,OAKLEY,,AOO9497LS,Accesorios,BRIZA,,,000007,,,Prizm Tungsten Polarized,0001339566,58,,Hombre,,,,X,58,46,140,16,"128,00","58,18",
6532,accesorio,888392667137,OAKLEY,,AOO9499LS,Accesorios,SPHAERA SLASH,,,000001,,,,0001339566,36,,,,,,X,36,50,130,136,"138,00","62,73",
6533,accesorio,888392671615,OAKLEY,,AOO9499LS,Accesorios,SPHAERA SLASH,,,000002,,,Prizm Grey,0001339566,36,,Unisex,,,,,36,50,130,136,"78,00","35,45",
6534,accesorio,888392671622,OAKLEY,,AOO9499LS,Accesorios,SPHAERA SLASH,,,000003,,,Prizm Field,0001339566,36,,Unisex,,,,,36,50,130,136,"88,00","40,00",
6535,accesorio,888392671639,OAKLEY,,AOO9499LS,Accesorios,SPHAERA SLASH,,,000004,,,Prizm Sapphire Polarized,0001339566,36,,Unisex,,,,X,36,50,130,136,"138,00","62,73",
6536,accesorio,888392671646,OAKLEY,,AOO9499LS,Accesorios,SPHAERA SLASH,,,000005,,,Prizm Road Jade,0001339566,36,,Unisex,,,,,36,50,130,136,"88,00","40,00",
6537,accesorio,888392671653,OAKLEY,,AOO9499LS,Accesorios,SPHAERA SLASH,,,000006,,,Prizm 24k Polarized,0001339566,36,,Unisex,,,,X,36,50,130,136,"138,00","62,73",
6538,accesorio,888392671660,OAKLEY,,AOO9499LS,Accesorios,SPHAERA SLASH,,,000007,,,Prizm Road,0001339566,36,,Unisex,,,,,36,50,130,136,"88,00","40,00",
6539,accesorio,888392671677,OAKLEY,,AOO9499LS,Accesorios,SPHAERA SLASH,,,000008,,,Prizm Low Light,0001339566,36,,Unisex,,,,,36,50,130,136,"78,00","35,45",
6540,accesorio,888392673329,OAKLEY,,AOO9506DLS,Accesorios,PARACORD,,,000002,,,Prizm Sapphire,0001339566,57,,Unisex,,,,,57,45,137,17,"78,00","35,45",
6541,accesorio,888392673336,OAKLEY,,AOO9506DLS,Accesorios,PARACORD,,,000003,,,Prizm Jade,0001339566,57,,Unisex,,,,,57,45,137,17,"78,00","35,45",
6542,accesorio,888392673343,OAKLEY,,AOO9506DLS,Accesorios,PARACORD,,,000004,,,Prizm Tungsten,0001339566,57,,Unisex,,,,,57,45,137,17,"78,00","35,45",
6543,accesorio,888392673350,OAKLEY,,AOO9506DLS,Accesorios,PARACORD,,,000005,,,Prizm pizarra,0001339566,57,,Unisex,,,,,57,45,137,17,"68,00","30,91",
6544,accesorio,888392673367,OAKLEY,,AOO9506DLS,Accesorios,PARACORD,,,000006,,,Prizm Grey,0001339566,57,,Unisex,,,,,57,45,137,17,"68,00","30,91",
6545,accesorio,888392673398,OAKLEY,,AOO9506DLS,Accesorios,PARACORD,,,000009,,,Prizm Black,0001339566,57,,Unisex,,,,,57,45,137,17,"78,00","35,45",
6546,accesorio,888392673404,OAKLEY,,AOO9507DLS,Accesorios,SHACKLE,,,000001,,,Prizm Sapphire,0001339566,52,,Unisex,,,,,52,46,137,18,"78,00","35,45",
6547,accesorio,888392673428,OAKLEY,,AOO9507DLS,Accesorios,SHACKLE,,,000003,,,Prizm Jade,0001339566,52,,Unisex,,,,,52,46,137,18,"78,00","35,45",
6548,accesorio,888392673435,OAKLEY,,AOO9507DLS,Accesorios,SHACKLE,,,000004,,,Prizm Tungsten,0001339566,52,,Unisex,,,,,52,46,137,18,"78,00","35,45",
6549,accesorio,888392673442,OAKLEY,,AOO9507DLS,Accesorios,SHACKLE,,,000005,,,Prizm pizarra,0001339566,52,,Unisex,,,,,52,46,137,18,"68,00","30,91",
6550,accesorio,888392673459,OAKLEY,,AOO9507DLS,Accesorios,SHACKLE,,,000006,,,Prizm Black,0001339566,52,,Unisex,,,,,52,46,137,18,"78,00","35,45",
6551,accesorio,888392673466,OAKLEY,,AOO9507DLS,Accesorios,SHACKLE,,,000007,,,Prizm Grey,0001339566,52,,Unisex,,,,,52,46,137,18,"68,00","30,91",
6552,accesorio,888392694492,OAKLEY,,AOO9510KT,Accesorios,RADAR EV S,,,000001,Negro,,,0001339566,00,,Hombre,,O_matter,,,,,,,"17,00","7,73",
6553,accesorio,888392694508,OAKLEY,,AOO9510KT,Accesorios,RADAR EV S,,,000002,Jazmín,,,0001339566,00,,Hombre,,O_matter,,,,,,,"17,00","7,73",
6554,accesorio,888392694515,OAKLEY,,AOO9510KT,Accesorios,RADAR EV S,,,000003,Azul Marino,,,0001339566,00,,Hombre,,O_matter,,,,,,,"17,00","7,73",
6555,accesorio,888392694522,OAKLEY,,AOO9510KT,Accesorios,RADAR EV S,,,000004,Redline,,,0001339566,00,,Hombre,,O_matter,,,,,,,"17,00","7,73",
6556,accesorio,888392694539,OAKLEY,,AOO9510KT,Accesorios,RADAR EV S,,,000005,Retina Burn,,,0001339566,00,,Hombre,,O_matter,,,,,,,"17,00","7,73",
6557,accesorio,888392694546,OAKLEY,,AOO9510KT,Accesorios,RADAR EV S,,,000006,Safety Orange,,,0001339566,00,,Hombre,,O_matter,,,,,,,"17,00","7,73",
6558,accesorio,888392694553,OAKLEY,,AOO9510KT,Accesorios,RADAR EV S,,,000007,Celeste,,,0001339566,00,,Hombre,,O_matter,,,,,,,"17,00","7,73",
6559,accesorio,888392694560,OAKLEY,,AOO9510KT,Accesorios,RADAR EV S,,,000008,Pizarra,,,0001339566,00,,Hombre,,O_matter,,,,,,,"17,00","7,73",
6560,accesorio,888392694577,OAKLEY,,AOO9510KT,Accesorios,RADAR EV S,,,000009,Blanco,,,0001339566,00,,Hombre,,O_matter,,,,,,,"17,00","7,73",
6561,accesorio,888392694584,OAKLEY,,AOO9510KT,Accesorios,RADAR EV S,,,000010,Amarillo,,,0001339566,00,,Hombre,,O_matter,,,,,,,"17,00","7,73",
6562,accesorio,888392671769,OAKLEY,,AOO9510LS,Accesorios,RADAR EV S PATH,,,000001,,,Prizm Sapphire,0001339566,31,,Hombre,,,,,58,46,122,131,"88,00","40,00",
6563,accesorio,888392671776,OAKLEY,,AOO9510LS,Accesorios,RADAR EV S PATH,,,000002,,,Prizm Field,0001339566,31,,Hombre,,,,,58,46,122,131,"88,00","40,00",
6564,accesorio,888392671783,OAKLEY,,AOO9510LS,Accesorios,RADAR EV S PATH,,,000003,,,Prizm Road,0001339566,31,,Hombre,,,,,58,46,122,131,"88,00","40,00",
6565,accesorio,888392671790,OAKLEY,,AOO9510LS,Accesorios,RADAR EV S PATH,,,000004,,,Prizm 24k Polarized,0001339566,31,,Hombre,,,,X,58,46,122,131,"138,00","62,73",
6566,accesorio,888392671806,OAKLEY,,AOO9510LS,Accesorios,RADAR EV S PATH,,,000005,,,Prizm Black Polarized,0001339566,31,,Hombre,,,,X,58,46,122,131,"138,00","62,73",
6567,accesorio,888392671813,OAKLEY,,AOO9510LS,Accesorios,RADAR EV S PATH,,,000006,,,Prizm Black,0001339566,31,,Hombre,,,,,58,46,122,131,"88,00","40,00",
6568,accesorio,888392671820,OAKLEY,,AOO9510LS,Accesorios,RADAR EV S PATH,,,000007,,,Prizm Grey,0001339566,31,,Hombre,,,,,58,46,122,131,"78,00","35,45",
6569,accesorio,888392671844,OAKLEY,,AOO9510LS,Accesorios,RADAR EV S PATH,,,000008,,,Prizm Grey Polarized,0001339566,31,,Hombre,,,,X,58,46,122,131,"128,00","58,18",
6570,accesorio,888392671851,OAKLEY,,AOO9510LS,Accesorios,RADAR EV S PATH,,,000009,,,Prizm Deep Water Polarized,0001339566,31,,Hombre,,,,X,58,46,122,131,"138,00","62,73",
6571,accesorio,888392671875,OAKLEY,,AOO9510LS,Accesorios,RADAR EV S PATH,,,000011,,,Clear To Black Iridium Photochromic,0001339566,31,,Hombre,,,X,,58,46,122,131,"128,00","58,18",
6572,accesorio,888392671882,OAKLEY,,AOO9511LS,Accesorios,FLAK 2.0 S,,,000001,,,Prizm Golf,0001339566,59,,Unisex,,,,,59,37,123,16,"78,00","35,45",
6573,accesorio,888392671899,OAKLEY,,AOO9511LS,Accesorios,FLAK 2.0 S,,,000002,,,Prizm Sapphire,0001339566,59,,Unisex,,,,,59,37,123,16,"78,00","35,45",
6574,accesorio,888392671912,OAKLEY,,AOO9511LS,Accesorios,FLAK 2.0 S,,,000003,,,Prizm Field,0001339566,59,,Unisex,,,,,59,37,123,16,"78,00","35,45",
6575,accesorio,888392671929,OAKLEY,,AOO9511LS,Accesorios,FLAK 2.0 S,,,000004,,,Prizm Black,0001339566,59,,Unisex,,,,,59,37,123,16,"78,00","35,45",
6576,accesorio,888392671936,OAKLEY,,AOO9511LS,Accesorios,FLAK 2.0 S,,,000005,,,Prizm Black Polarized,0001339566,59,,Unisex,,,,X,59,37,123,16,"128,00","58,18",
6577,accesorio,888392671943,OAKLEY,,AOO9511LS,Accesorios,FLAK 2.0 S,,,000006,,,Prizm Deep Water Polarized,0001339566,59,,Unisex,,,,X,59,37,123,16,"128,00","58,18",
6578,accesorio,888392671950,OAKLEY,,AOO9511LS,Accesorios,FLAK 2.0 S,,,000007,,,Prizm Grey,0001339566,59,,Unisex,,,,,59,37,123,16,"68,00","30,91",
6579,accesorio,888392671967,OAKLEY,,AOO9511LS,Accesorios,FLAK 2.0 S,,,000008,,,Clear To Black Iridium Photochromic,0001339566,59,,Unisex,,,X,,59,37,123,16,"118,00","53,64",
6580,accesorio,888392671974,OAKLEY,,AOO9511LS,Accesorios,FLAK 2.0 S,,,000009,,,Prizm Dark Golf,0001339566,59,,Unisex,,,,,59,37,123,16,"78,00","35,45",
6581,accesorio,888392671981,OAKLEY,,AOO9511LS,Accesorios,FLAK 2.0 S,,,000010,,,Prizm 24k Polarized,0001339566,59,,Unisex,,,,X,59,37,123,16,"128,00","58,18",
6582,accesorio,888392691620,OAKLEY,,AOO9514LS,Accesorios,INSTAGATOR,,,000001,,,Prizm Grey,0001339566,58,,Hombre,,,,,58,41,142,18,"68,00","30,91",
6583,accesorio,888392691637,OAKLEY,,AOO9514LS,Accesorios,INSTAGATOR,,,000002,,,Prizm Bronze,0001339566,58,,Hombre,,,,,58,41,142,18,"68,00","30,91",
6584,accesorio,888392691644,OAKLEY,,AOO9514LS,Accesorios,INSTAGATOR,,,000003,,,Prizm Black,0001339566,58,,Hombre,,,,,58,41,142,18,"78,00","35,45",
6585,accesorio,888392691651,OAKLEY,,AOO9514LS,Accesorios,INSTAGATOR,,,000004,,,Prizm Violet,0001339566,58,,Hombre,,,,,58,41,142,18,"78,00","35,45",
6586,accesorio,888392691668,OAKLEY,,AOO9514LS,Accesorios,INSTAGATOR,,,000005,,,Prizm Black Polarized,0001339566,58,,Hombre,,,,X,58,41,142,18,"128,00","58,18",
6587,accesorio,888392691675,OAKLEY,,AOO9514LS,Accesorios,INSTAGATOR,,,000006,,,Prizm Tungsten Polarized,0001339566,58,,Hombre,,,,X,58,41,142,18,"128,00","58,18",
6588,accesorio,888392685049,OAKLEY,,AOO9517LS,Accesorios,STUNT DEVIL,,,000001,,,Prizm Field,0001339566,39,,Unisex,,,,,39,58,137,139,"88,00","40,00",
6589,accesorio,888392685056,OAKLEY,,AOO9517LS,Accesorios,STUNT DEVIL,,,000002,,,Prizm Road Jade,0001339566,39,,Unisex,,,,,39,58,137,139,"88,00","40,00",
6590,accesorio,888392685063,OAKLEY,,AOO9517LS,Accesorios,STUNT DEVIL,,,000003,,,Clear To Black Iridium Photochromic,0001339566,39,,Unisex,,,X,,39,58,137,139,"118,00","53,64",
6591,accesorio,888392685070,OAKLEY,,AOO9517LS,Accesorios,STUNT DEVIL,,,000004,,,Prizm Low Light,0001339566,39,,Unisex,,,,,39,58,137,139,"78,00","35,45",
6592,accesorio,888392685087,OAKLEY,,AOO9517LS,Accesorios,STUNT DEVIL,,,000005,,,Prizm Tungsten,0001339566,39,,Unisex,,,,,39,58,137,139,"88,00","40,00",
6593,accesorio,888392685094,OAKLEY,,AOO9517LS,Accesorios,STUNT DEVIL,,,000006,,,Prizm 24K,0001339566,39,,Unisex,,,,,39,58,137,139,"88,00","40,00",
6594,accesorio,888392685100,OAKLEY,,AOO9517LS,Accesorios,STUNT DEVIL,,,000007,,,Prizm Sapphire,0001339566,39,,Unisex,,,,,39,58,137,139,"88,00","40,00",
6595,accesorio,888392685117,OAKLEY,,AOO9517LS,Accesorios,STUNT DEVIL,,,000008,,,Prizm Ruby,0001339566,39,,Unisex,,,,,39,58,137,139,"88,00","40,00",
6596,accesorio,888392685124,OAKLEY,,AOO9517LS,Accesorios,STUNT DEVIL,,,000009,,,Prizm Road,0001339566,39,,Unisex,,,,,39,58,137,139,"88,00","40,00",
6597,accesorio,888392685131,OAKLEY,,AOO9517LS,Accesorios,STUNT DEVIL,,,000010,,,Prizm Black,0001339566,39,,Unisex,,,,,39,58,137,139,"88,00","40,00",
6598,accesorio,888392685148,OAKLEY,,AOO9518LS,Accesorios,STUNT DEVIL S,,,000001,,,Prizm Field,0001339566,36,,Unisex,,,,,136,58,137,136,"88,00","40,00",
6599,accesorio,888392685155,OAKLEY,,AOO9518LS,Accesorios,STUNT DEVIL S,,,000002,,,Prizm Road Jade,0001339566,36,,Unisex,,,,,136,58,137,136,"88,00","40,00",
6600,accesorio,888392685162,OAKLEY,,AOO9518LS,Accesorios,STUNT DEVIL S,,,000003,,,Clear To Black Iridium Photochromic,0001339566,36,,Unisex,,,X,,136,58,137,136,"118,00","53,64",
6601,accesorio,888392685179,OAKLEY,,AOO9518LS,Accesorios,STUNT DEVIL S,,,000004,,,Prizm Low Light,0001339566,36,,Unisex,,,,,136,58,137,136,"78,00","35,45",
6602,accesorio,888392685186,OAKLEY,,AOO9518LS,Accesorios,STUNT DEVIL S,,,000005,,,Prizm Tungsten,0001339566,36,,Unisex,,,,,136,58,137,136,"88,00","40,00",
6603,accesorio,888392685193,OAKLEY,,AOO9518LS,Accesorios,STUNT DEVIL S,,,000006,,,Prizm 24K,0001339566,36,,Unisex,,,,,136,58,137,136,"88,00","40,00",
6604,accesorio,888392685209,OAKLEY,,AOO9518LS,Accesorios,STUNT DEVIL S,,,000007,,,Prizm Sapphire,0001339566,36,,Unisex,,,,,136,58,137,136,"88,00","40,00",
6605,accesorio,888392685216,OAKLEY,,AOO9518LS,Accesorios,STUNT DEVIL S,,,000008,,,Prizm Ruby,0001339566,36,,Unisex,,,,,136,58,137,136,"88,00","40,00",
6606,accesorio,888392685223,OAKLEY,,AOO9518LS,Accesorios,STUNT DEVIL S,,,000009,,,Prizm Road,0001339566,36,,Unisex,,,,,136,58,137,136,"88,00","40,00",
6607,accesorio,888392685230,OAKLEY,,AOO9518LS,Accesorios,STUNT DEVIL S,,,000010,,,Prizm Black,0001339566,36,,Unisex,,,,,136,58,137,136,"88,00","40,00",
6608,accesorio,888392684394,OAKLEY,,AOO9519LS,Accesorios,STUNT WING,,,000001,,,Prizm Road,0001339566,41,,Unisex,,,,,41,63,129,141,"88,00","40,00",
6609,accesorio,888392685254,OAKLEY,,AOO9519LS,Accesorios,STUNT WING,,,000002,,,Clear To Black Iridium Photochromic,0001339566,41,,Unisex,,,X,,41,63,129,141,"118,00","53,64",
6610,accesorio,888392685438,OAKLEY,,AOO9519LS,Accesorios,STUNT WING,,,000003,,,Prizm Low Light,0001339566,41,,Unisex,,,,,41,63,129,141,"78,00","35,45",
6611,accesorio,888392685452,OAKLEY,,AOO9519LS,Accesorios,STUNT WING,,,000004,,,Prizm Trail Torch,0001339566,41,,Unisex,,,,,41,63,129,141,"88,00","40,00",
6612,accesorio,888392685476,OAKLEY,,AOO9519LS,Accesorios,STUNT WING,,,000005,,,Prizm Black,0001339566,41,,Unisex,,,,,41,63,129,141,"88,00","40,00",
6613,accesorio,888392685490,OAKLEY,,AOO9519LS,Accesorios,STUNT WING,,,000006,,,Prizm 24K,0001339566,41,,Unisex,,,,,41,63,129,141,"88,00","40,00",
6614,accesorio,888392691392,OAKLEY,,AOO9520LS,Accesorios,PERMIAN,,,000001,,,Prizm Bronze,0001339566,59,,Unisex,,,,,59,33,140,15,"68,00","30,91",
6615,accesorio,888392691408,OAKLEY,,AOO9520LS,Accesorios,PERMIAN,,,000002,,,Prizm Black,0001339566,59,,Unisex,,,,,59,33,140,15,"78,00","35,45",
6616,accesorio,888392691415,OAKLEY,,AOO9520LS,Accesorios,PERMIAN,,,000003,,,Prizm Rose Gold,0001339566,59,,Unisex,,,,,59,33,140,15,"78,00","35,45",
6617,accesorio,888392691422,OAKLEY,,AOO9520LS,Accesorios,PERMIAN,,,000004,,,Prizm Jade,0001339566,59,,Unisex,,,,,59,33,140,15,"78,00","35,45",
6618,accesorio,888392691439,OAKLEY,,AOO9522LS,Accesorios,HIGHLAND,,,000001,,,Prizm Peach,0001339566,62,,Unisex,,,,,62,33,134,16,"68,00","30,91",
6619,accesorio,888392691446,OAKLEY,,AOO9522LS,Accesorios,HIGHLAND,,,000002,,,Prizm Black,0001339566,62,,Unisex,,,,,62,33,134,16,"78,00","35,45",
6620,accesorio,888392691453,OAKLEY,,AOO9522LS,Accesorios,HIGHLAND,,,000003,,,Prizm Ruby,0001339566,62,,Unisex,,,,,62,33,134,16,"78,00","35,45",
6621,accesorio,888392691460,OAKLEY,,AOO9522LS,Accesorios,HIGHLAND,,,000004,,,Prizm Deep Water Polarized,0001339566,62,,Unisex,,,,X,62,33,134,16,"128,00","58,18",
6622,accesorio,888392689634,OAKLEY,,AOO9524DLS,Accesorios,RSLV 141,,,000001,,,Prizm Road,0001339566,41,,Unisex,,,,,41,54,136,141,"88,00","40,00",
6623,accesorio,888392689641,OAKLEY,,AOO9524DLS,Accesorios,RSLV 141,,,000002,,,Prizm Road Black,0001339566,41,,Unisex,,,,,41,54,136,141,"88,00","40,00",
6624,accesorio,888392689658,OAKLEY,,AOO9524DLS,Accesorios,RSLV 141,,,000003,,,Prizm 24K,0001339566,41,,Unisex,,,,,41,54,136,141,"88,00","40,00",
6625,accesorio,888392689665,OAKLEY,,AOO9524DLS,Accesorios,RSLV 141,,,000004,,,Prizm Sapphire,0001339566,41,,Unisex,,,,,41,54,136,141,"88,00","40,00",
6626,accesorio,888392689672,OAKLEY,,AOO9524DLS,Accesorios,RSLV 141,,,000005,,,Prizm Trail Torch,0001339566,41,,Unisex,,,,,41,54,136,141,"88,00","40,00",
6627,accesorio,888392689689,OAKLEY,,AOO9524DLS,Accesorios,RSLV 141,,,000006,,,Clear To Black Iridium Photochromic,0001339566,41,,Unisex,,,X,,41,54,136,141,"118,00","53,64",
6628,accesorio,888392689696,OAKLEY,,AOO9524DLS,Accesorios,RSLV 141,,,000007,,,Prizm Low Light,0001339566,41,,Unisex,,,,,41,54,136,141,"78,00","35,45",
6629,accesorio,888392689511,OAKLEY,,AOO9525LS,Accesorios,STUNT DEVIL A,,,000001,,,Prizm Black,0001339566,37,,Unisex,,,,,37,53,137,137,"88,00","40,00",
6630,accesorio,888392689535,OAKLEY,,AOO9525LS,Accesorios,STUNT DEVIL A,,,000002,,,Prizm Sapphire,0001339566,37,,Unisex,,,,,37,53,137,137,"88,00","40,00",
6631,accesorio,888392689542,OAKLEY,,AOO9525LS,Accesorios,STUNT DEVIL A,,,000003,,,Prizm Road,0001339566,37,,Unisex,,,,,37,53,137,137,"88,00","40,00",
6632,accesorio,888392689597,OAKLEY,,AOO9525LS,Accesorios,STUNT DEVIL A,,,000004,,,Clear To Black Iridium Photochromic,0001339566,37,,Unisex,,,X,,37,53,137,137,"118,00","53,64",
6633,accesorio,888392689603,OAKLEY,,AOO9525LS,Accesorios,STUNT DEVIL A,,,000005,,,Prizm Grey,0001339566,37,,Unisex,,,,,37,53,137,137,"78,00","35,45",
6634,accesorio,888392689610,OAKLEY,,AOO9525LS,Accesorios,STUNT DEVIL A,,,000006,,,Prizm Low Light,0001339566,37,,Unisex,,,,,37,53,137,137,"78,00","35,45",
6635,accesorio,888392689627,OAKLEY,,AOO9525LS,Accesorios,STUNT DEVIL A,,,000007,,,Prizm 24K,0001339566,37,,Unisex,,,,,37,53,137,137,"88,00","40,00",
6636,accesorio,888392689306,OAKLEY,,AOO9527DLS,Accesorios,RSLV LITE,,,000001,,,Prizm Black,0001339566,50,,Unisex,,,,,50,55,136,150,,,
6637,accesorio,888392689320,OAKLEY,,AOO9527DLS,Accesorios,RSLV LITE,,,000002,,,Prizm Road,0001339566,50,,Unisex,,,,,50,55,136,150,,,
6638,accesorio,888392689344,OAKLEY,,AOO9527DLS,Accesorios,RSLV LITE,,,000003,,,Prizm 24K,0001339566,50,,Unisex,,,,,50,55,136,150,,,
6639,accesorio,888392689368,OAKLEY,,AOO9527DLS,Accesorios,RSLV LITE,,,000004,,,Prizm Sapphire,0001339566,50,,Unisex,,,,,50,55,136,150,,,
6640,accesorio,888392689382,OAKLEY,,AOO9527DLS,Accesorios,RSLV LITE,,,000005,,,Prizm Field,0001339566,50,,Unisex,,,,,50,55,136,150,,,
6641,accesorio,888392689405,OAKLEY,,AOO9527DLS,Accesorios,RSLV LITE,,,000006,,,Prizm Trail Torch,0001339566,50,,Unisex,,,,,50,55,136,150,,,
6642,accesorio,888392689429,OAKLEY,,AOO9527DLS,Accesorios,RSLV LITE,,,000007,,,Prizm Road Black,0001339566,50,,Unisex,,,,,50,55,136,150,,,
6643,accesorio,888392689443,OAKLEY,,AOO9527DLS,Accesorios,RSLV LITE,,,000008,,,Prizm Low Light,0001339566,50,,Unisex,,,,,50,55,136,150,,,
6644,accesorio,888392689467,OAKLEY,,AOO9527DLS,Accesorios,RSLV LITE,,,000009,,,Clear To Black Iridium Photochromic,0001339566,50,,Unisex,,,X,,50,55,136,150,,,
6645,accesorio,888392691682,OAKLEY,,AOO9528LS,Accesorios,NEOFORMA,,,000001,,,Prizm Grey,0001339566,60,,Unisex,,,,,60,39,130,18,"68,00","30,91",
6646,accesorio,888392691699,OAKLEY,,AOO9528LS,Accesorios,NEOFORMA,,,000002,,,Prizm pizarra,0001339566,60,,Unisex,,,,,60,39,130,18,"68,00","30,91",
6647,accesorio,888392691705,OAKLEY,,AOO9528LS,Accesorios,NEOFORMA,,,000003,,,Prizm Ruby,0001339566,60,,Unisex,,,,,60,39,130,18,"78,00","35,45",
6648,accesorio,888392691712,OAKLEY,,AOO9528LS,Accesorios,NEOFORMA,,,000004,,,Prizm Black,0001339566,60,,Unisex,,,,,60,39,130,18,"78,00","35,45",
6649,accesorio,888392691729,OAKLEY,,AOO9528LS,Accesorios,NEOFORMA,,,000005,,,Prizm Black Polarized,0001339566,60,,Unisex,,,,X,60,39,130,18,"128,00","58,18",
6650,accesorio,888392691736,OAKLEY,,AOO9528LS,Accesorios,NEOFORMA,,,000006,,,Prizm 24k Polarized,0001339566,60,,Unisex,,,,X,60,39,130,18,"128,00","58,18",
6651,accesorio,888392691743,OAKLEY,,AOO9528LS,Accesorios,NEOFORMA,,,000007,,,Prizm Deep Water Polarized,0001339566,60,,Unisex,,,,X,60,39,130,18,"128,00","58,18",
6652,accesorio,888392691750,OAKLEY,,AOO9528LS,Accesorios,NEOFORMA,,,000008,,,Prizm Tungsten Polarized,0001339566,60,,Unisex,,,,X,60,39,130,18,"128,00","58,18",
6653,accesorio,888392691477,OAKLEY,,AOO9529LS,Accesorios,PLANTARIS SQ,,,000001,,,Prizm Grey,0001339566,61,,Unisex,,,,,61,36,126,18,"68,00","30,91",
6654,accesorio,888392691484,OAKLEY,,AOO9529LS,Accesorios,PLANTARIS SQ,,,000002,,,Prizm bronce degradado,0001339566,61,,Unisex,,,,,61,36,126,18,"68,00","30,91",
6655,accesorio,888392691491,OAKLEY,,AOO9529LS,Accesorios,PLANTARIS SQ,,,000003,,,Prizm Tungsten,0001339566,61,,Unisex,,,,,61,36,126,18,"78,00","35,45",
6656,accesorio,888392691507,OAKLEY,,AOO9529LS,Accesorios,PLANTARIS SQ,,,000004,,,Prizm Ruby,0001339566,61,,Unisex,,,,,61,36,126,18,"78,00","35,45",
6657,accesorio,888392691514,OAKLEY,,AOO9529LS,Accesorios,PLANTARIS SQ,,,000005,,,Prizm Black,0001339566,61,,Unisex,,,,,61,36,126,18,"78,00","35,45",
6658,accesorio,888392691521,OAKLEY,,AOO9529LS,Accesorios,PLANTARIS SQ,,,000006,,,Prizm 24k Polarized,0001339566,61,,Unisex,,,,X,61,36,126,18,"128,00","58,18",
6659,accesorio,888392691538,OAKLEY,,AOO9529LS,Accesorios,PLANTARIS SQ,,,000007,,,Prizm Deep Water Polarized,0001339566,61,,Unisex,,,,X,61,36,126,18,"128,00","58,18",
6660,accesorio,888392691767,OAKLEY,,AOO9530LS,Accesorios,TERRAFORMA,,,000001,,,Prizm Grey,0001339566,58,,Unisex,,,,,58,32,140,17,"68,00","30,91",
6661,accesorio,888392691774,OAKLEY,,AOO9530LS,Accesorios,TERRAFORMA,,,000002,,,Prizm Sapphire,0001339566,58,,Unisex,,,,,58,32,140,17,"78,00","35,45",
6662,accesorio,888392691781,OAKLEY,,AOO9530LS,Accesorios,TERRAFORMA,,,000003,,,Prizm Ruby,0001339566,58,,Unisex,,,,,58,32,140,17,"78,00","35,45",
6663,accesorio,888392691798,OAKLEY,,AOO9530LS,Accesorios,TERRAFORMA,,,000004,,,Prizm Black,0001339566,58,,Unisex,,,,,58,32,140,17,"78,00","35,45",
6664,accesorio,888392691804,OAKLEY,,AOO9530LS,Accesorios,TERRAFORMA,,,000005,,,Prizm Black Polarized,0001339566,58,,Unisex,,,,X,58,32,140,17,"128,00","58,18",
6665,accesorio,888392691811,OAKLEY,,AOO9530LS,Accesorios,TERRAFORMA,,,000006,,,Prizm Tungsten Polarized,0001339566,58,,Unisex,,,,X,58,32,140,17,"128,00","58,18",
6666,accesorio,888392689702,OAKLEY,,AOO9531LS,Accesorios,SPHAERA STRIKE,,,000001,,,Prizm Black,0001339566,37,,Unisex,,,,,37,48,130,137,"88,00","40,00",
6667,accesorio,888392689719,OAKLEY,,AOO9531LS,Accesorios,SPHAERA STRIKE,,,000002,,,Prizm Road,0001339566,37,,Unisex,,,,,37,48,130,137,"88,00","40,00",
6668,accesorio,888392689726,OAKLEY,,AOO9531LS,Accesorios,SPHAERA STRIKE,,,000003,,,Prizm 24K,0001339566,37,,Unisex,,,,X,37,48,130,137,"138,00","62,73",
6669,accesorio,888392689733,OAKLEY,,AOO9531LS,Accesorios,SPHAERA STRIKE,,,000004,,,Prizm Sapphire,0001339566,37,,Unisex,,,,,37,48,130,137,"88,00","40,00",
6670,accesorio,888392689740,OAKLEY,,AOO9531LS,Accesorios,SPHAERA STRIKE,,,000005,,,Prizm Road Jade,0001339566,37,,Unisex,,,,,37,48,130,137,"88,00","40,00",
6671,accesorio,888392689757,OAKLEY,,AOO9531LS,Accesorios,SPHAERA STRIKE,,,000006,,,Prizm Trail Torch,0001339566,37,,Unisex,,,,,37,48,130,137,"88,00","40,00",
6672,accesorio,888392689764,OAKLEY,,AOO9531LS,Accesorios,SPHAERA STRIKE,,,000007,,,Prizm Dark Golf,0001339566,37,,Unisex,,,,,37,48,130,137,"88,00","40,00",
6673,accesorio,888392689771,OAKLEY,,AOO9531LS,Accesorios,SPHAERA STRIKE,,,000008,,,Prizm Field,0001339566,37,,Unisex,,,,,37,48,130,137,"88,00","40,00",
6674,accesorio,888392689788,OAKLEY,,AOO9531LS,Accesorios,SPHAERA STRIKE,,,000009,,,Prizm Road Black,0001339566,37,,Unisex,,,,,37,48,130,137,"88,00","40,00",
6675,accesorio,888392689849,OAKLEY,,AOO9532LS,Accesorios,SUTURE JACKET,,,000001,,,Prizm Black,0001339566,64,,Unisex,,,,,73,44,138,12,"78,00","35,45",
6676,accesorio,888392689856,OAKLEY,,AOO9532LS,Accesorios,SUTURE JACKET,,,000002,,,Prizm Sapphire Polarized,0001339566,64,,Unisex,,,,X,73,44,138,12,"128,00","58,18",
6677,accesorio,888392689863,OAKLEY,,AOO9532LS,Accesorios,SUTURE JACKET,,,000003,,,Prizm 24K,0001339566,64,,Unisex,,,,X,73,44,138,12,"78,00","35,45",
6678,accesorio,888392689870,OAKLEY,,AOO9532LS,Accesorios,SUTURE JACKET,,,000004,,,Prizm Golf,0001339566,64,,Unisex,,,,,73,44,138,12,"78,00","35,45",
6679,accesorio,888392689887,OAKLEY,,AOO9532LS,Accesorios,SUTURE JACKET,,,000005,,,Prizm Road,0001339566,64,,Unisex,,,,,73,44,138,12,"78,00","35,45",
6680,accesorio,888392689931,OAKLEY,,AOO9532LS,Accesorios,SUTURE JACKET,,,000006,,,Prizm Ruby,0001339566,64,,Unisex,,,,,73,44,138,12,"78,00","35,45",
6681,accesorio,888392689986,OAKLEY,,AOO9532LS,Accesorios,SUTURE JACKET,,,000007,,,Clear To Black Iridium Photochromic,0001339566,64,,Unisex,,,X,,73,44,138,12,"108,00","49,09",
6682,accesorio,888392689993,OAKLEY,,AOO9532LS,Accesorios,SUTURE JACKET,,,000008,,,Prizm Trail Torch,0001339566,64,,Unisex,,,,,73,44,138,12,"78,00","35,45",
6683,accesorio,888392690098,OAKLEY,,AOO9532LS,Accesorios,SUTURE JACKET,,,000009,,,Prizm Black Polarized,0001339566,64,,Unisex,,,,X,73,44,138,12,"128,00","58,18",
6684,accesorio,888392691828,OAKLEY,,AOO9533LS,Accesorios,HSTN SQ,,,000001,,,Prizm Grey,0001339566,54,,Unisex,,,,,54,44,142,21,"68,00","30,91",
6685,accesorio,888392691835,OAKLEY,,AOO9533LS,Accesorios,HSTN SQ,,,000002,,,Prizm Bronze,0001339566,54,,Unisex,,,,,54,44,142,21,"68,00","30,91",
6686,accesorio,888392691842,OAKLEY,,AOO9533LS,Accesorios,HSTN SQ,,,000003,,,Prizm Ruby,0001339566,54,,Unisex,,,,,54,44,142,21,"78,00","35,45",
6687,accesorio,888392691859,OAKLEY,,AOO9533LS,Accesorios,HSTN SQ,,,000004,,,Prizm Tungsten,0001339566,54,,Unisex,,,,,54,44,142,21,"78,00","35,45",
6688,accesorio,888392691866,OAKLEY,,AOO9533LS,Accesorios,HSTN SQ,,,000005,,,Prizm Sapphire,0001339566,54,,Unisex,,,,,54,44,142,21,"78,00","35,45",
6689,accesorio,888392691873,OAKLEY,,AOO9533LS,Accesorios,HSTN SQ,,,000006,,,Prizm Gaming™ 2.0,0001339566,54,,Unisex,,,,,54,44,142,21,"78,00","35,45",
6690,accesorio,888392691880,OAKLEY,,AOO9533LS,Accesorios,HSTN SQ,,,000007,,,Prizm Ruby Polarized,0001339566,54,,Unisex,,,,X,54,44,142,21,"128,00","58,18",
6691,accesorio,888392691897,OAKLEY,,AOO9533LS,Accesorios,HSTN SQ,,,000008,,,Prizm Black Polarized,0001339566,54,,Unisex,,,,X,54,44,142,21,"128,00","58,18",
6692,accesorio,888392691903,OAKLEY,,AOO9533LS,Accesorios,HSTN SQ,,,000009,,,Prizm 24k Polarized,0001339566,54,,Unisex,,,,X,54,44,142,21,"128,00","58,18",
6693,accesorio,888392690005,OAKLEY,,AOO9534LS,Accesorios,BISPHAERA SPEED,,,000001,,,Prizm Black,0001339566,68,,Unisex,,,,,68,40,136,6,"78,00","35,45",
6694,accesorio,888392690029,OAKLEY,,AOO9534LS,Accesorios,BISPHAERA SPEED,,,000002,,,Prizm Road,0001339566,68,,Unisex,,,,,68,40,136,6,"78,00","35,45",
6695,accesorio,888392690036,OAKLEY,,AOO9534LS,Accesorios,BISPHAERA SPEED,,,000003,,,Prizm 24k Polarized,0001339566,68,,Unisex,,,,X,68,40,136,6,"128,00","58,18",
6696,accesorio,888392690043,OAKLEY,,AOO9534LS,Accesorios,BISPHAERA SPEED,,,000004,,,Prizm Sapphire,0001339566,68,,Unisex,,,,,68,40,136,6,"78,00","35,45",
6697,accesorio,888392690050,OAKLEY,,AOO9534LS,Accesorios,BISPHAERA SPEED,,,000005,,,Prizm Deep Water Polarized,0001339566,68,,Unisex,,,,X,68,40,136,6,"128,00","58,18",
6698,accesorio,888392690067,OAKLEY,,AOO9534LS,Accesorios,BISPHAERA SPEED,,,000006,,,Clear To Black Iridium Photochromic,0001339566,68,,Unisex,,,X,,68,40,136,6,"118,00","53,64",
6699,accesorio,888392690074,OAKLEY,,AOO9534LS,Accesorios,BISPHAERA SPEED,,,000007,,,Prizm Golf,0001339566,68,,Unisex,,,,,68,40,136,6,"78,00","35,45",
6700,accesorio,888392690081,OAKLEY,,AOO9534LS,Accesorios,BISPHAERA SPEED,,,000008,,,Prizm Dark Golf,0001339566,68,,Unisex,,,,,68,40,136,6,"78,00","35,45",
6701,accesorio,888392691187,OAKLEY,,AOO9534LS,Accesorios,BISPHAERA SPEED,,,000009,,,Prizm Black Polarized,0001339566,68,,Unisex,,,,X,68,40,136,6,"128,00","58,18",
6702,accesorio,888392698711,OAKLEY,,AOO9536LS,Accesorios,PORTAL JACKET,,,000001,,,Prizm Grey,0001339566,61,,Unisex,,,,,,,113,19,"66,00","30,00",
6703,accesorio,888392698728,OAKLEY,,AOO9536LS,Accesorios,PORTAL JACKET,,,000002,,,Prizm Black,0001339566,61,,Unisex,,,,,,,113,19,"78,00","35,45",
6704,accesorio,888392698735,OAKLEY,,AOO9536LS,Accesorios,PORTAL JACKET,,,000003,,,Prizm Tungsten Polarized,0001339566,61,,Unisex,,,,X,,,113,19,"128,00","58,18",
6705,accesorio,888392698742,OAKLEY,,AOO9536LS,Accesorios,PORTAL JACKET,,,000004,,,Prizm Road Black,0001339566,61,,Unisex,,,,,,,113,19,"78,00","35,45",
6706,accesorio,888392698759,OAKLEY,,AOO9536LS,Accesorios,PORTAL JACKET,,,000005,,,Prizm Sapphire,0001339566,61,,Unisex,,,,,,,113,19,"78,00","35,45",
6707,accesorio,888392698766,OAKLEY,,AOO9536LS,Accesorios,PORTAL JACKET,,,000006,,,Prizm Black Polarized,0001339566,61,,Unisex,,,,X,,,113,19,"128,00","58,18",
6708,accesorio,888392698773,OAKLEY,,AOO9537LS,Accesorios,CAGE JACKET,,,000001,,,Prizm Grey,0001339566,61,,Unisex,,,,,61,39,128,19,"66,00","30,00",
6709,accesorio,888392698780,OAKLEY,,AOO9537LS,Accesorios,CAGE JACKET,,,000002,,,Prizm Deep Water Polarized,0001339566,61,,Unisex,,,,X,61,39,128,19,"128,00","58,18",
6710,accesorio,888392698797,OAKLEY,,AOO9537LS,Accesorios,CAGE JACKET,,,000003,,,Prizm Black,0001339566,61,,Unisex,,,,,61,39,128,19,"78,00","35,45",
6711,accesorio,888392698803,OAKLEY,,AOO9537LS,Accesorios,CAGE JACKET,,,000004,,,Prizm Ruby,0001339566,61,,Unisex,,,,,61,39,128,19,"78,00","35,45",
6712,accesorio,888392698810,OAKLEY,,AOO9537LS,Accesorios,CAGE JACKET,,,000005,,,Prizm Road Black,0001339566,61,,Unisex,,,,,61,39,128,19,"78,00","35,45",
6713,accesorio,888392698827,OAKLEY,,AOO9537LS,Accesorios,CAGE JACKET,,,000006,,,Prizm Black Polarized,0001339566,61,,Unisex,,,,X,61,39,128,19,"128,00","58,18",
6714,accesorio,888392702449,OAKLEY,,AOO9539LS,Accesorios,SUTURE COAT,,,000001,,,Prizm 24K,0001339566,63,,Unisex,,,,X,63,35,138,21,"128,00","58,18",
6715,accesorio,888392702456,OAKLEY,,AOO9539LS,Accesorios,SUTURE COAT,,,000002,,,Prizm Sapphire Polarized,0001339566,63,,Unisex,,,,X,63,35,138,21,"128,00","58,18",
6716,accesorio,888392702463,OAKLEY,,AOO9539LS,Accesorios,SUTURE COAT,,,000003,,,Prizm Dark Golf,0001339566,63,,Unisex,,,,,63,35,138,21,"78,00","35,45",
6717,accesorio,888392702470,OAKLEY,,AOO9539LS,Accesorios,SUTURE COAT,,,000004,,,Prizm Ruby Polarized,0001339566,63,,Unisex,,,,X,63,35,138,21,"128,00","58,18",
6718,accesorio,888392702487,OAKLEY,,AOO9539LS,Accesorios,SUTURE COAT,,,000005,,,Prizm Black,0001339566,63,,Unisex,,,,,63,35,138,21,"78,00","35,45",
6719,accesorio,888392702494,OAKLEY,,AOO9539LS,Accesorios,SUTURE COAT,,,000006,,,Prizm Road,0001339566,63,,Unisex,,,,,63,35,138,21,"78,00","35,45",
6720,accesorio,888392702500,OAKLEY,,AOO9539LS,Accesorios,SUTURE COAT,,,000007,,,Clear to Grey Photochromic,0001339566,63,,Unisex,,,X,,63,35,138,21,"106,00","48,18",
6721,accesorio,888392702517,OAKLEY,,AOO9539LS,Accesorios,SUTURE COAT,,,000008,,,Prizm Grey,0001339566,63,,Unisex,,,,,63,35,138,21,"66,00","30,00",
6722,accesorio,888392702524,OAKLEY,,AOO9539LS,Accesorios,SUTURE COAT,,,000009,,,Prizm Black Polarized,0001339566,63,,Unisex,,,,X,63,35,138,21,"128,00","58,18",
6723,accesorio,888392703293,OAKLEY,,AOO9541LS,Accesorios,RADAR EV HEATER,,,000001,,,Prizm Black,0001339566,37,,Unisex,,,,,37,55,128,137,"78,00","35,45",
6724,accesorio,888392703309,OAKLEY,,AOO9541LS,Accesorios,RADAR EV HEATER,,,000002,,,Prizm Black Polarized,0001339566,37,,Unisex,,,,X,37,55,128,137,"128,00","58,18",
6725,accesorio,888392703316,OAKLEY,,AOO9541LS,Accesorios,RADAR EV HEATER,,,000003,,,Prizm Road,0001339566,37,,Unisex,,,,,37,55,128,137,"78,00","35,45",
6726,accesorio,888392703323,OAKLEY,,AOO9541LS,Accesorios,RADAR EV HEATER,,,000004,,,Prizm Sapphire,0001339566,37,,Unisex,,,,,37,55,128,137,"78,00","35,45",
6727,accesorio,888392703330,OAKLEY,,AOO9541LS,Accesorios,RADAR EV HEATER,,,000005,,,Prizm Snow Sapphire Iridium,0001339566,37,,Unisex,,,,,37,55,128,137,"78,00","35,45",
6728,accesorio,888392703347,OAKLEY,,AOO9541LS,Accesorios,RADAR EV HEATER,,,000006,,,Prizm Field,0001339566,37,,Unisex,,,,,37,55,128,137,"78,00","35,45",
6729,accesorio,888392703354,OAKLEY,,AOO9541LS,Accesorios,RADAR EV HEATER,,,000007,,,Prizm Ruby,0001339566,37,,Unisex,,,,,37,55,128,137,"78,00","35,45",
6730,accesorio,888392703361,OAKLEY,,AOO9541LS,Accesorios,RADAR EV HEATER,,,000008,,,Prizm Sapphire Polarized,0001339566,37,,Unisex,,,,X,37,55,128,137,"128,00","58,18",
6752,accesorio,827934438781,OLIVER PEOPLES,,0OV1186C,Accesorios,COLERIDGE CLIP,,Aro Completo,503571,Oro,,Verde,0001339566,47,,Hombre,Phantos,Metal,,,48,43,0,22,"115,00","44,23",
6753,accesorio,827934439818,OLIVER PEOPLES,,0OV1186C,Accesorios,COLERIDGE CLIP,,Aro Completo,503571,Oro,,Verde,0001339566,50,,Hombre,Phantos,Metal,,,51,46,0,22,"115,00","44,23",
6754,accesorio,827934526730,OLIVER PEOPLES,,0OV1186C,Accesorios,COLERIDGE CLIP,,Aro Completo,503571,Oro,,Verde,0001339566,52,,Hombre,Phantos,Metal,,,52,47,0,22,"115,00","44,23",
6755,accesorio,827934438804,OLIVER PEOPLES,,0OV1186C,Accesorios,COLERIDGE CLIP,,Aro Completo,503680,Plateado,,Azul,0001339566,47,,Hombre,Phantos,Metal,,,48,43,0,22,"115,00","44,23",
6756,accesorio,827934439825,OLIVER PEOPLES,,0OV1186C,Accesorios,COLERIDGE CLIP,,Aro Completo,503680,Plateado,,Azul,0001339566,50,,Hombre,Phantos,Metal,,,51,46,0,22,"115,00","44,23",
6757,accesorio,827934526747,OLIVER PEOPLES,,0OV1186C,Accesorios,COLERIDGE CLIP,,Aro Completo,503680,Plateado,,Azul,0001339566,52,,Hombre,Phantos,Metal,,,52,47,0,22,"115,00","44,23",
7052,accesorio,827934482593,OLIVER PEOPLES,,0OV5004C,Accesorios,RILEY-R FLIP-UP CLIP,,Medio Aro,524481,Estaño Envejecido,,Polarized Gris,0001339566,49,,Hombre,Redonda,Metal,,X,53,44,150,20,"190,00","73,08",
7053,accesorio,827934482647,OLIVER PEOPLES,,0OV5004C,Accesorios,RILEY-R FLIP-UP CLIP,,Medio Aro,53119A,Oro Cepillado,,Lentes G-15 polarizadas,0001339566,45,,Hombre,Redonda,Metal,,X,49,40,145,20,"195,00","75,00",
7054,accesorio,827934482630,OLIVER PEOPLES,,0OV5004C,Accesorios,RILEY-R FLIP-UP CLIP,,Medio Aro,53119A,Oro Cepillado,,Lentes G-15 polarizadas,0001339566,47,,Hombre,Redonda,Metal,,X,51,42,145,20,"195,00","75,00",
7055,accesorio,827934482623,OLIVER PEOPLES,,0OV5004C,Accesorios,RILEY-R FLIP-UP CLIP,,Medio Aro,53119A,Oro Cepillado,,Lentes G-15 polarizadas,0001339566,49,,Hombre,Redonda,Metal,,X,53,44,150,20,"195,00","75,00",
7096,accesorio,827934482562,OLIVER PEOPLES,,0OV5036C,Accesorios,SHELDRAKE FLIP-UP CLIP,,Medio Aro,532881,Plata Cepillado,,Polarized Gris,0001339566,47,,Unisex,Cuadrada,Metal,,X,53,45,0,22,"195,00","75,00",
7097,accesorio,827934482555,OLIVER PEOPLES,,0OV5036C,Accesorios,SHELDRAKE FLIP-UP CLIP,,Medio Aro,532881,Plata Cepillado,,Polarized Gris,0001339566,49,,Unisex,Cuadrada,Metal,,X,55,47,,22,"195,00","75,00",
7098,accesorio,827934482586,OLIVER PEOPLES,,0OV5036C,Accesorios,SHELDRAKE FLIP-UP CLIP,,Medio Aro,53299A,Oro Envejecido,,Lentes G-15 polarizadas,0001339566,47,,Unisex,Cuadrada,Metal,,X,53,45,0,22,"195,00","75,00",
7099,accesorio,827934482579,OLIVER PEOPLES,,0OV5036C,Accesorios,SHELDRAKE FLIP-UP CLIP,,Medio Aro,53299A,Oro Envejecido,,Lentes G-15 polarizadas,0001339566,49,,Unisex,Cuadrada,Metal,,X,55,47,,22,"195,00","75,00",
7135,accesorio,827934453708,OLIVER PEOPLES,,0OV5183CM,Accesorios,O'MALLEY,,Aro Completo,503687,Plateado,,Gris,0001339566,45,,Hombre,Phantos,Metal,,,46,42,0,22,"115,00","44,23",
7136,accesorio,827934453715,OLIVER PEOPLES,,0OV5183CM,Accesorios,O'MALLEY,,Aro Completo,503687,Plateado,,Gris,0001339566,47,,Hombre,Phantos,Metal,,,48,44,0,22,"115,00","44,23",
7137,accesorio,827934453890,OLIVER PEOPLES,,0OV5183CM,Accesorios,O'MALLEY,,Aro Completo,514573,Oro,,Marrón,0001339566,45,,Hombre,Phantos,Metal,,,46,42,0,22,"115,00","44,23",
7138,accesorio,827934453906,OLIVER PEOPLES,,0OV5183CM,Accesorios,O'MALLEY,,Aro Completo,514573,Oro,,Marrón,0001339566,47,,Hombre,Phantos,Metal,,,48,44,0,22,"115,00","44,23",
7139,accesorio,827934453685,OLIVER PEOPLES,,0OV5183CM,Accesorios,O'MALLEY,,Aro Completo,528482,Oro Envejecido,,G-15,0001339566,45,,Hombre,Phantos,Metal,,,46,42,0,22,"115,00","44,23",
7140,accesorio,827934453692,OLIVER PEOPLES,,0OV5183CM,Accesorios,O'MALLEY,,Aro Completo,528482,Oro Envejecido,,G-15,0001339566,47,,Hombre,Phantos,Metal,,,48,44,0,22,"115,00","44,23",
7186,accesorio,827934466494,OLIVER PEOPLES,,0OV5186CM,Accesorios,GREGORY PECK CLIP,,Aro Completo,50359A,Oro,,Lentes G-15 polarizadas,0001339566,45,,Unisex,Redonda,Metal,,X,45,41,0,23,"160,00","61,54",
7187,accesorio,827934466654,OLIVER PEOPLES,,0OV5186CM,Accesorios,GREGORY PECK CLIP,,Aro Completo,50359A,Oro,,Lentes G-15 polarizadas,0001339566,47,,Unisex,Redonda,Metal,,X,47,43,0,23,"160,00","61,54",
7188,accesorio,827934466661,OLIVER PEOPLES,,0OV5186CM,Accesorios,GREGORY PECK CLIP,,Aro Completo,50359A,Oro,,Lentes G-15 polarizadas,0001339566,50,,Unisex,Redonda,Metal,,X,50,46,0,23,"160,00","61,54",
7189,accesorio,827934466463,OLIVER PEOPLES,,0OV5186CM,Accesorios,GREGORY PECK CLIP,,Aro Completo,503680,Plateado,,Azul,0001339566,45,,Unisex,Redonda,Metal,,,45,41,0,23,"115,00","44,23",
7190,accesorio,827934466470,OLIVER PEOPLES,,0OV5186CM,Accesorios,GREGORY PECK CLIP,,Aro Completo,503680,Plateado,,Azul,0001339566,47,,Unisex,Redonda,Metal,,,47,43,0,23,"115,00","44,23",
7191,accesorio,827934466487,OLIVER PEOPLES,,0OV5186CM,Accesorios,GREGORY PECK CLIP,,Aro Completo,503680,Plateado,,Azul,0001339566,50,,Unisex,Redonda,Metal,,,50,46,0,23,"115,00","44,23",
7565,accesorio,827934479692,OLIVER PEOPLES,,0OV5491C,Accesorios,FINLEY 1993 CLIP,,Montura al aire,50359A,Oro,,Lentes G-15 polarizadas,0001339566,48,,Unisex,Cuadrada,Metal,,X,49,42,0,20,"195,00","75,00",
7566,accesorio,827934479708,OLIVER PEOPLES,,0OV5491C,Accesorios,FINLEY 1993 CLIP,,Montura al aire,50359A,Oro,,Lentes G-15 polarizadas,0001339566,50,,Unisex,Cuadrada,Metal,,X,51,44,0,20,"195,00","75,00",
7607,accesorio,827934482340,OLIVER PEOPLES,,0OV5504C,Accesorios,OP-13 CLIP,,Aro Completo,503571,Oro,,G-15,0001339566,45,,Unisex,Redonda,Metal,,,45,41,0,20,"115,00","44,23",
7608,accesorio,827934505438,OLIVER PEOPLES,,0OV5504C,Accesorios,OP-13 CLIP,,Aro Completo,503571,Oro,,G-15,0001339566,49,,Unisex,Redonda,Metal,,,49,45,0,20,"115,00","44,23",
7609,accesorio,827934482357,OLIVER PEOPLES,,0OV5504C,Accesorios,OP-13 CLIP,,Aro Completo,5035Q1,Oro,,Marrón Oscuro Espejado Degradado,0001339566,45,,Unisex,Redonda,Metal,,,45,41,0,20,"115,00","44,23",
7610,accesorio,827934498310,OLIVER PEOPLES,,0OV5504C,Accesorios,OP-13 CLIP,,Aro Completo,5035Q1,Oro,,Marrón Oscuro Espejado Degradado,0001339566,47,,Unisex,Redonda,Metal,,,47,43,0,20,"115,00","44,23",
7611,accesorio,827934505452,OLIVER PEOPLES,,0OV5504C,Accesorios,OP-13 CLIP,,Aro Completo,5035Q1,Oro,,Marrón Oscuro Espejado Degradado,0001339566,49,,Unisex,Redonda,Metal,,,49,45,0,20,"115,00","44,23",
8195,accesorio,827934481411,OLIVER PEOPLES,,AOV0001CK,Accesorios,,,,000002,,,,0001339566,00,,Unisex,,Poliuretano,,,,,,,"26,00","13,00",
8196,accesorio,827934460225,OLIVER PEOPLES,,AOV0002AT,Accesorios,,,,000001,Negro,,,0001339566,00,,Unisex,,Cuero Auténtico,,,,,,,"62,00","42,00",
8197,accesorio,827934460386,OLIVER PEOPLES,,AOV0002AT,Accesorios,,,,000002,Marrón,,,0001339566,00,,Unisex,,Cuero Auténtico,,,,,,,"62,00","42,00",
8198,accesorio,827934460232,OLIVER PEOPLES,,AOV0003AT,Accesorios,,,,000001,Negro,,,0001339566,00,,Unisex,,Cuero Auténtico,,,,,,,"77,00","52,50",
8199,accesorio,827934460416,OLIVER PEOPLES,,AOV0003AT,Accesorios,,,,000003,Coñac,,,0001339566,00,,Unisex,,Cuero Auténtico,,,,,,,"77,00","52,50",
8200,accesorio,827934469556,OLIVER PEOPLES,,AOV0006AT,Accesorios,,,,000001,Negro,,,0001339566,00,,Unisex,,Cuero Auténtico,,,,,,,"137,00","68,50",
8201,accesorio,827934469563,OLIVER PEOPLES,,AOV0006AT,Accesorios,,,,000002,Marrón/Chocolate,,,0001339566,00,,Unisex,,Cuero Auténtico,,,,,,,"137,00","68,50",
8202,accesorio,827934477650,OLIVER PEOPLES,,AOV0007AT,Accesorios,,,,000001,Negro,,,0001339566,00,,Unisex,,Cuero Auténtico,,,,,,,"263,00","131,50",
8203,accesorio,827934477674,OLIVER PEOPLES,,AOV0007AT,Accesorios,,,,000003,Coñac,,,0001339566,00,,Unisex,,Cuero Auténtico,,,,,,,"263,00","131,50",
