row_excel,upc,brand_name,brand_exists_in_odoo,brand_id,model_code,odoo_barcode_matches,duplicate_barcode_in_file,dry_run_action
2,8056597127424,Dolce Gabbana,SI,208,0DG1322,0,NO,create
3,8056597127349,Dolce Gabbana,SI,208,0DG1322,0,NO,create
4,8056597129770,Dolce Gabbana,SI,208,0DG1323,1,NO,update
5,8056262675533,Dolce Gabbana,SI,208,0DG1323,0,NO,create
6,8056597129831,Dolce Gabbana,SI,208,0DG1323,1,NO,update
7,8056597757690,Dolce Gabbana,SI,208,0DG1346,0,NO,create
8,8056597757737,Dolce Gabbana,SI,208,0DG1346,0,NO,create
9,8056597842136,Dolce Gabbana,SI,208,0DG1349,0,NO,create
10,8056597842099,Dolce Gabbana,SI,208,0DG1349,1,NO,update
11,8056597946179,Dolce Gabbana,SI,208,0DG1351,1,NO,update
12,8056597946285,Dolce Gabbana,SI,208,0DG1351,1,NO,update
13,8056262064061,Dolce Gabbana,SI,208,0DG1355,1,NO,update
14,8056262064078,Dolce Gabbana,SI,208,0DG1355,1,NO,update
15,8056262064092,Dolce Gabbana,SI,208,0DG1355,0,NO,create
16,8056262256824,Dolce Gabbana,SI,208,0DG1356,0,NO,create
17,8056262256862,Dolce Gabbana,SI,208,0DG1356,1,NO,update
18,8056262256886,Dolce Gabbana,SI,208,0DG1356,0,NO,create
19,8056262474464,Dolce Gabbana,SI,208,0DG1359,0,NO,create
20,8056262474471,Dolce Gabbana,SI,208,0DG1359,0,NO,create
21,8056262474488,Dolce Gabbana,SI,208,0DG1359,0,NO,create
22,8056262474518,Dolce Gabbana,SI,208,0DG1359,0,NO,create
23,8056262474525,Dolce Gabbana,SI,208,0DG1359,0,NO,create
24,8056262474532,Dolce Gabbana,SI,208,0DG1359,0,NO,create
25,8056262475294,Dolce Gabbana,SI,208,0DG1360,1,NO,update
26,8056262475317,Dolce Gabbana,SI,208,0DG1360,1,NO,update
27,8056262474143,Dolce Gabbana,SI,208,0DG1361,1,NO,update
28,8056262474150,Dolce Gabbana,SI,208,0DG1361,1,NO,update
29,8056262474037,Dolce Gabbana,SI,208,0DG1362,0,NO,create
30,8056262474051,Dolce Gabbana,SI,208,0DG1362,1,NO,update
31,8056262475041,Dolce Gabbana,SI,208,0DG1362,0,NO,create
32,8056262474952,Dolce Gabbana,SI,208,0DG1362,0,NO,create
33,8056262623053,Dolce Gabbana,SI,208,0DG1363,0,NO,create
34,8056262623060,Dolce Gabbana,SI,208,0DG1363,0,NO,create
35,8056262623077,Dolce Gabbana,SI,208,0DG1363,0,NO,create
36,8056262581933,Dolce Gabbana,SI,208,0DG1364,0,NO,create
37,8056262581940,Dolce Gabbana,SI,208,0DG1364,1,NO,update
38,8056262581995,Dolce Gabbana,SI,208,0DG1364,0,NO,create
39,8056262582008,Dolce Gabbana,SI,208,0DG1364,0,NO,create
40,8056262581957,Dolce Gabbana,SI,208,0DG1364,0,NO,create
41,8056262581964,Dolce Gabbana,SI,208,0DG1364,0,NO,create
42,8056262582084,Dolce Gabbana,SI,208,0DG1364,0,NO,create
43,8056262663332,Dolce Gabbana,SI,208,0DG1365,0,NO,create
44,8056262663356,Dolce Gabbana,SI,208,0DG1365,0,NO,create
45,8056262663349,Dolce Gabbana,SI,208,0DG1365,0,NO,create
46,8056262663363,Dolce Gabbana,SI,208,0DG1365,0,NO,create
47,8056262835982,Dolce Gabbana,SI,208,0DG1366,0,NO,create
48,8056262835999,Dolce Gabbana,SI,208,0DG1366,0,NO,create
49,8056262836002,Dolce Gabbana,SI,208,0DG1366,0,NO,create
50,8056262836019,Dolce Gabbana,SI,208,0DG1366,0,NO,create
51,8056262835968,Dolce Gabbana,SI,208,0DG1366,0,NO,create
52,8056262835975,Dolce Gabbana,SI,208,0DG1366,0,NO,create
53,8056262836026,Dolce Gabbana,SI,208,0DG1366,1,NO,update
54,8056262836033,Dolce Gabbana,SI,208,0DG1366,0,NO,create
55,8056262843406,Dolce Gabbana,SI,208,0DG1367B,0,NO,create
56,8056262843413,Dolce Gabbana,SI,208,0DG1367B,0,NO,create
57,8056262843420,Dolce Gabbana,SI,208,0DG1367B,0,NO,create
58,8056262843437,Dolce Gabbana,SI,208,0DG1367B,0,NO,create
59,8056262843444,Dolce Gabbana,SI,208,0DG1367B,0,NO,create
60,8056262843451,Dolce Gabbana,SI,208,0DG1367B,0,NO,create
61,8056262838150,Dolce Gabbana,SI,208,0DG1368,0,NO,create
62,8056262838167,Dolce Gabbana,SI,208,0DG1368,0,NO,create
63,8056262838174,Dolce Gabbana,SI,208,0DG1368,0,NO,create
64,8056262838181,Dolce Gabbana,SI,208,0DG1368,0,NO,create
65,8056262838198,Dolce Gabbana,SI,208,0DG1368,0,NO,create
66,8056262838204,Dolce Gabbana,SI,208,0DG1368,0,NO,create
67,8056266002533,Dolce Gabbana,SI,208,0DG1369,0,NO,create
68,8056266002540,Dolce Gabbana,SI,208,0DG1369,0,NO,create
69,8056266002557,Dolce Gabbana,SI,208,0DG1369,0,NO,create
70,8056597018012,Dolce Gabbana,SI,208,0DG2220,1,NO,update
71,8056597048903,Dolce Gabbana,SI,208,0DG2233,1,NO,update
72,8056597133203,Dolce Gabbana,SI,208,0DG2242,1,NO,update
73,8056597133227,Dolce Gabbana,SI,208,0DG2242,1,NO,update
74,8056597528979,Dolce Gabbana,SI,208,0DG2279,1,NO,update
75,8056597528993,Dolce Gabbana,SI,208,0DG2279,1,NO,update
76,8056597656054,Dolce Gabbana,SI,208,0DG2285,1,NO,update
77,8056597926249,Dolce Gabbana,SI,208,0DG2298B,1,NO,update
78,8056597860628,Dolce Gabbana,SI,208,0DG2298B,1,NO,update
79,8056262065532,Dolce Gabbana,SI,208,0DG2302,0,NO,create
80,8056262098615,Dolce Gabbana,SI,208,0DG2302,1,NO,update
81,8056262065549,Dolce Gabbana,SI,208,0DG2302,0,NO,create
82,8056262065907,Dolce Gabbana,SI,208,0DG2305,1,NO,update
83,8056262065914,Dolce Gabbana,SI,208,0DG2305,0,NO,create
84,8056262247648,Dolce Gabbana,SI,208,0DG2309,0,NO,create
85,8056262247662,Dolce Gabbana,SI,208,0DG2309,0,NO,create
86,8056262473863,Dolce Gabbana,SI,208,0DG2315,0,NO,create
87,8056262473870,Dolce Gabbana,SI,208,0DG2315,0,NO,create
88,8056262473894,Dolce Gabbana,SI,208,0DG2315,0,NO,create
89,8056262473900,Dolce Gabbana,SI,208,0DG2316,1,NO,update
90,8056262473917,Dolce Gabbana,SI,208,0DG2316,1,NO,update
91,8056262469644,Dolce Gabbana,SI,208,0DG2319,1,NO,update
92,8056262469620,Dolce Gabbana,SI,208,0DG2319,1,NO,update
93,8056262469668,Dolce Gabbana,SI,208,0DG2319,1,NO,update
94,8056262490297,Dolce Gabbana,SI,208,0DG2320,0,NO,create
95,8056262490280,Dolce Gabbana,SI,208,0DG2320,0,NO,create
96,8056262490303,Dolce Gabbana,SI,208,0DG2320,0,NO,create
97,8056262577172,Dolce Gabbana,SI,208,0DG2321,1,NO,update
98,8056262577189,Dolce Gabbana,SI,208,0DG2321,0,NO,create
99,8056262577196,Dolce Gabbana,SI,208,0DG2321,0,NO,create
100,8056262577165,Dolce Gabbana,SI,208,0DG2321,0,NO,create
101,8056262660492,Dolce Gabbana,SI,208,0DG2324,0,NO,create
102,8056262660508,Dolce Gabbana,SI,208,0DG2324,0,NO,create
103,8056262660515,Dolce Gabbana,SI,208,0DG2324,0,NO,create
104,8056262660522,Dolce Gabbana,SI,208,0DG2324,0,NO,create
105,8056262580400,Dolce Gabbana,SI,208,0DG2326,0,NO,create
106,8056262580462,Dolce Gabbana,SI,208,0DG2326,0,NO,create
107,8056262580448,Dolce Gabbana,SI,208,0DG2326,0,NO,create
108,8056262580424,Dolce Gabbana,SI,208,0DG2326,0,NO,create
109,8056262581827,Dolce Gabbana,SI,208,0DG2327,0,NO,create
110,8056262581834,Dolce Gabbana,SI,208,0DG2327,0,NO,create
111,8056262581841,Dolce Gabbana,SI,208,0DG2327,0,NO,create
112,8056262581902,Dolce Gabbana,SI,208,0DG2328,0,NO,create
113,8056262581896,Dolce Gabbana,SI,208,0DG2328,1,NO,update
114,8056262581919,Dolce Gabbana,SI,208,0DG2328,0,NO,create
115,8056262581926,Dolce Gabbana,SI,208,0DG2328,0,NO,create
116,8056262855447,Dolce Gabbana,SI,208,0DG2332B,1,NO,update
117,8056262855416,Dolce Gabbana,SI,208,0DG2332B,0,NO,create
118,8056262855423,Dolce Gabbana,SI,208,0DG2332B,0,NO,create
119,8056262855430,Dolce Gabbana,SI,208,0DG2332B,0,NO,create
120,8056262855409,Dolce Gabbana,SI,208,0DG2332B,0,NO,create
121,8056262855485,Dolce Gabbana,SI,208,0DG2333B,0,NO,create
122,8056262855461,Dolce Gabbana,SI,208,0DG2333B,0,NO,create
123,8056262855478,Dolce Gabbana,SI,208,0DG2333B,1,NO,update
124,8056262855492,Dolce Gabbana,SI,208,0DG2333B,0,NO,create
125,8056262847312,Dolce Gabbana,SI,208,0DG2335,0,NO,create
126,8056262847305,Dolce Gabbana,SI,208,0DG2335,0,NO,create
127,8056262847282,Dolce Gabbana,SI,208,0DG2335,0,NO,create
128,8056262847299,Dolce Gabbana,SI,208,0DG2335,0,NO,create
129,8056262855621,Dolce Gabbana,SI,208,0DG2336,0,NO,create
130,8056262855614,Dolce Gabbana,SI,208,0DG2336,0,NO,create
131,8056262855638,Dolce Gabbana,SI,208,0DG2336,0,NO,create
132,8056262855607,Dolce Gabbana,SI,208,0DG2336,0,NO,create
133,8056266002465,Dolce Gabbana,SI,208,0DG2338,0,NO,create
134,8056266002458,Dolce Gabbana,SI,208,0DG2338,0,NO,create
135,8056266002472,Dolce Gabbana,SI,208,0DG2338,0,NO,create
136,8056266002489,Dolce Gabbana,SI,208,0DG2338,0,NO,create
137,8056266005831,Dolce Gabbana,SI,208,0DG2338,0,NO,create
138,8053672622560,Dolce Gabbana,SI,208,0DG3258,0,NO,create
139,8053672778601,Dolce Gabbana,SI,208,0DG3258,0,NO,create
140,8056262675397,Dolce Gabbana,SI,208,0DG3352,0,NO,create
141,8056597657785,Dolce Gabbana,SI,208,0DG3352,0,NO,create
142,8056597756860,Dolce Gabbana,SI,208,0DG3363,0,NO,create
143,8056262478813,Dolce Gabbana,SI,208,0DG3363,0,NO,create
144,8056597756921,Dolce Gabbana,SI,208,0DG3363,0,NO,create
145,8056597756938,Dolce Gabbana,SI,208,0DG3363,1,NO,update
146,8056597756945,Dolce Gabbana,SI,208,0DG3363,0,NO,create
147,8056597756952,Dolce Gabbana,SI,208,0DG3363,0,NO,create
148,8056597757058,Dolce Gabbana,SI,208,0DG3364,0,NO,create
149,8056597757072,Dolce Gabbana,SI,208,0DG3364,0,NO,create
150,8056262054857,Dolce Gabbana,SI,208,0DG3383,0,NO,create
151,8056262054796,Dolce Gabbana,SI,208,0DG3383,1,NO,update
152,8056262062494,Dolce Gabbana,SI,208,0DG3387,0,NO,create
153,8056262062432,Dolce Gabbana,SI,208,0DG3387,1,NO,update
154,8056262051801,Dolce Gabbana,SI,208,0DG3389,1,NO,update
155,8056262051818,Dolce Gabbana,SI,208,0DG3389,0,NO,create
156,8056262302576,Dolce Gabbana,SI,208,0DG3393,0,NO,create
157,8056262057247,Dolce Gabbana,SI,208,0DG3393,0,NO,create
158,8056262057254,Dolce Gabbana,SI,208,0DG3393,0,NO,create
159,8056262056813,Dolce Gabbana,SI,208,0DG3395,0,NO,create
160,8056262056868,Dolce Gabbana,SI,208,0DG3395,1,NO,update
161,8056262674048,Dolce Gabbana,SI,208,0DG3395,0,NO,create
162,8056262674031,Dolce Gabbana,SI,208,0DG3395,0,NO,create
163,8056262056769,Dolce Gabbana,SI,208,0DG3395,1,NO,update
164,8056262256305,Dolce Gabbana,SI,208,0DG3396,1,NO,update
165,8056262256312,Dolce Gabbana,SI,208,0DG3396,1,NO,update
166,8056262256329,Dolce Gabbana,SI,208,0DG3396,1,NO,update
167,8056262256725,Dolce Gabbana,SI,208,0DG3397,1,NO,update
168,8056262256732,Dolce Gabbana,SI,208,0DG3397,1,NO,update
169,8056262256787,Dolce Gabbana,SI,208,0DG3397,1,NO,update
170,8056262256794,Dolce Gabbana,SI,208,0DG3397,0,NO,create
171,8056262256800,Dolce Gabbana,SI,208,0DG3397,1,NO,update
172,8056262247389,Dolce Gabbana,SI,208,0DG3398,0,NO,create
173,8056262247402,Dolce Gabbana,SI,208,0DG3398,1,NO,update
174,8056262247433,Dolce Gabbana,SI,208,0DG3398,0,NO,create
175,8056262247440,Dolce Gabbana,SI,208,0DG3398,0,NO,create
176,8056262247617,Dolce Gabbana,SI,208,0DG3399,0,NO,create
177,8056262247631,Dolce Gabbana,SI,208,0DG3399,0,NO,create
178,8056262242988,Dolce Gabbana,SI,208,0DG3404,1,NO,update
179,8056262875292,Dolce Gabbana,SI,208,0DG3407,0,NO,create
180,8056262875179,Dolce Gabbana,SI,208,0DG3407,0,NO,create
181,8056262875148,Dolce Gabbana,SI,208,0DG3407,0,NO,create
182,8056262267455,Dolce Gabbana,SI,208,0DG3407,0,NO,create
183,8056262267462,Dolce Gabbana,SI,208,0DG3407,0,NO,create
184,8056262267783,Dolce Gabbana,SI,208,0DG3408,0,NO,create
185,8056262474365,Dolce Gabbana,SI,208,0DG3410,0,NO,create
186,8056262474372,Dolce Gabbana,SI,208,0DG3410,0,NO,create
187,8056262474389,Dolce Gabbana,SI,208,0DG3410,0,NO,create
188,8056262474396,Dolce Gabbana,SI,208,0DG3410,0,NO,create
189,8056262474419,Dolce Gabbana,SI,208,0DG3410,0,NO,create
190,8056262473474,Dolce Gabbana,SI,208,0DG3411,1,NO,update
191,8056262473498,Dolce Gabbana,SI,208,0DG3411,1,NO,update
192,8056262473559,Dolce Gabbana,SI,208,0DG3411,1,NO,update
193,8056262473627,Dolce Gabbana,SI,208,0DG3412,1,NO,update
194,8056262473689,Dolce Gabbana,SI,208,0DG3412,0,NO,create
195,8056262473702,Dolce Gabbana,SI,208,0DG3412,1,NO,update
196,8056262467039,Dolce Gabbana,SI,208,0DG3413,0,NO,create
197,8056262467053,Dolce Gabbana,SI,208,0DG3413,0,NO,create
198,8056262467077,Dolce Gabbana,SI,208,0DG3413,0,NO,create
199,8056262467091,Dolce Gabbana,SI,208,0DG3413,0,NO,create
200,8056262467114,Dolce Gabbana,SI,208,0DG3414,0,NO,create
201,8056262467138,Dolce Gabbana,SI,208,0DG3414,0,NO,create
202,8056262467152,Dolce Gabbana,SI,208,0DG3414,0,NO,create
203,8056262467176,Dolce Gabbana,SI,208,0DG3414,0,NO,create
204,8056262467541,Dolce Gabbana,SI,208,0DG3415,1,NO,update
205,8056262467565,Dolce Gabbana,SI,208,0DG3415,1,NO,update
206,8056262467572,Dolce Gabbana,SI,208,0DG3415,1,NO,update
207,8056262467664,Dolce Gabbana,SI,208,0DG3416,1,NO,update
208,8056262467688,Dolce Gabbana,SI,208,0DG3416,1,NO,update
209,8056262467701,Dolce Gabbana,SI,208,0DG3416,1,NO,update
210,8056262467190,Dolce Gabbana,SI,208,0DG3417,0,NO,create
211,8056262467206,Dolce Gabbana,SI,208,0DG3417,0,NO,create
212,8056262467213,Dolce Gabbana,SI,208,0DG3417,0,NO,create
213,8056262464281,Dolce Gabbana,SI,208,0DG3418,1,NO,update
214,8056262464298,Dolce Gabbana,SI,208,0DG3418,1,NO,update
215,8056262875100,Dolce Gabbana,SI,208,0DG3418,0,NO,create
216,8056262464328,Dolce Gabbana,SI,208,0DG3418,1,NO,update
217,8056262464335,Dolce Gabbana,SI,208,0DG3418,1,NO,update
218,8056262464342,Dolce Gabbana,SI,208,0DG3418,1,NO,update
219,8056262464359,Dolce Gabbana,SI,208,0DG3418,1,NO,update
220,8056262464366,Dolce Gabbana,SI,208,0DG3419,1,NO,update
221,8056262464373,Dolce Gabbana,SI,208,0DG3419,1,NO,update
222,8056262875087,Dolce Gabbana,SI,208,0DG3419,0,NO,create
223,8056262464427,Dolce Gabbana,SI,208,0DG3419,1,NO,update
224,8056262464434,Dolce Gabbana,SI,208,0DG3419,1,NO,update
225,8056262464465,Dolce Gabbana,SI,208,0DG3419,1,NO,update
226,8056262464472,Dolce Gabbana,SI,208,0DG3419,1,NO,update
227,8056262880654,Dolce Gabbana,SI,208,0DG3421,0,NO,create
228,8056262466957,Dolce Gabbana,SI,208,0DG3421,0,NO,create
229,8056262466988,Dolce Gabbana,SI,208,0DG3421,0,NO,create
230,8056262466995,Dolce Gabbana,SI,208,0DG3421,0,NO,create
231,8056262467008,Dolce Gabbana,SI,208,0DG3421,0,NO,create
232,8056262880500,Dolce Gabbana,SI,208,0DG3422,0,NO,create
233,8056262468494,Dolce Gabbana,SI,208,0DG3422,0,NO,create
234,8056262468531,Dolce Gabbana,SI,208,0DG3422,1,NO,update
235,8056262468555,Dolce Gabbana,SI,208,0DG3422,1,NO,update
236,8056266007767,Dolce Gabbana,SI,208,0DG3424,0,NO,create
237,8056266007774,Dolce Gabbana,SI,208,0DG3424,0,NO,create
238,8056262450413,Dolce Gabbana,SI,208,0DG3424,0,NO,create
239,8056262450420,Dolce Gabbana,SI,208,0DG3424,0,NO,create
240,8056262450437,Dolce Gabbana,SI,208,0DG3424,1,NO,update
241,8056262450444,Dolce Gabbana,SI,208,0DG3424,0,NO,create
242,8056262673973,Dolce Gabbana,SI,208,0DG3424,0,NO,create
243,8056262673966,Dolce Gabbana,SI,208,0DG3424,0,NO,create
244,8056262450451,Dolce Gabbana,SI,208,0DG3424,0,NO,create
245,8056262450468,Dolce Gabbana,SI,208,0DG3424,0,NO,create
246,8056262450475,Dolce Gabbana,SI,208,0DG3424,0,NO,create
247,8056262450482,Dolce Gabbana,SI,208,0DG3424,0,NO,create
248,8056266007712,Dolce Gabbana,SI,208,0DG3425,0,NO,create
249,8056266007729,Dolce Gabbana,SI,208,0DG3425,0,NO,create
250,8056266007743,Dolce Gabbana,SI,208,0DG3425,0,NO,create
251,8056266007750,Dolce Gabbana,SI,208,0DG3425,0,NO,create
252,8056262450499,Dolce Gabbana,SI,208,0DG3425,1,NO,update
253,8056262450505,Dolce Gabbana,SI,208,0DG3425,0,NO,create
254,8056262450512,Dolce Gabbana,SI,208,0DG3425,0,NO,create
255,8056262450529,Dolce Gabbana,SI,208,0DG3425,0,NO,create
256,8056262674307,Dolce Gabbana,SI,208,0DG3425,0,NO,create
257,8056262674338,Dolce Gabbana,SI,208,0DG3425,0,NO,create
258,8056262450536,Dolce Gabbana,SI,208,0DG3425,0,NO,create
259,8056262450543,Dolce Gabbana,SI,208,0DG3425,0,NO,create
260,8056262450550,Dolce Gabbana,SI,208,0DG3425,0,NO,create
261,8056262450567,Dolce Gabbana,SI,208,0DG3425,0,NO,create
262,8056262450604,Dolce Gabbana,SI,208,0DG3426,0,NO,create
263,8056262450611,Dolce Gabbana,SI,208,0DG3426,1,NO,update
264,8056262450680,Dolce Gabbana,SI,208,0DG3426,0,NO,create
265,8056262450703,Dolce Gabbana,SI,208,0DG3426,0,NO,create
266,8056262450727,Dolce Gabbana,SI,208,0DG3427,0,NO,create
267,8056262450734,Dolce Gabbana,SI,208,0DG3427,0,NO,create
268,8056262450758,Dolce Gabbana,SI,208,0DG3427,0,NO,create
269,8056262450765,Dolce Gabbana,SI,208,0DG3427,0,NO,create
270,8056262450772,Dolce Gabbana,SI,208,0DG3427,1,NO,update
271,8056262450789,Dolce Gabbana,SI,208,0DG3427,0,NO,create
272,8056262450796,Dolce Gabbana,SI,208,0DG3427,0,NO,create
273,8056262577127,Dolce Gabbana,SI,208,0DG3428,0,NO,create
274,8056262577134,Dolce Gabbana,SI,208,0DG3428,1,NO,update
275,8056262577141,Dolce Gabbana,SI,208,0DG3428,0,NO,create
276,8056262577158,Dolce Gabbana,SI,208,0DG3428,0,NO,create
277,8056262577103,Dolce Gabbana,SI,208,0DG3428,0,NO,create
278,8056262577110,Dolce Gabbana,SI,208,0DG3428,0,NO,create
279,8056262577080,Dolce Gabbana,SI,208,0DG3428,0,NO,create
280,8056262577097,Dolce Gabbana,SI,208,0DG3428,0,NO,create
281,8056262579091,Dolce Gabbana,SI,208,0DG3429,0,NO,create
282,8056262579107,Dolce Gabbana,SI,208,0DG3429,0,NO,create
283,8056262579114,Dolce Gabbana,SI,208,0DG3429,0,NO,create
284,8056262579121,Dolce Gabbana,SI,208,0DG3429,0,NO,create
285,8056262579053,Dolce Gabbana,SI,208,0DG3429,0,NO,create
286,8056262579060,Dolce Gabbana,SI,208,0DG3429,0,NO,create
287,8056262579077,Dolce Gabbana,SI,208,0DG3429,0,NO,create
288,8056262579084,Dolce Gabbana,SI,208,0DG3429,0,NO,create
289,8056266007781,Dolce Gabbana,SI,208,0DG3430,0,NO,create
290,8056266007798,Dolce Gabbana,SI,208,0DG3430,0,NO,create
291,8056266007804,Dolce Gabbana,SI,208,0DG3430,0,NO,create
292,8056266007811,Dolce Gabbana,SI,208,0DG3430,0,NO,create
293,8056262579176,Dolce Gabbana,SI,208,0DG3430,0,NO,create
294,8056262579183,Dolce Gabbana,SI,208,0DG3430,0,NO,create
295,8056262579206,Dolce Gabbana,SI,208,0DG3430,0,NO,create
296,8056262579213,Dolce Gabbana,SI,208,0DG3430,0,NO,create
297,8056262579138,Dolce Gabbana,SI,208,0DG3430,0,NO,create
298,8056262579145,Dolce Gabbana,SI,208,0DG3430,1,NO,update
299,8056262579152,Dolce Gabbana,SI,208,0DG3430,0,NO,create
300,8056262579169,Dolce Gabbana,SI,208,0DG3430,0,NO,create
301,8056262581988,Dolce Gabbana,SI,208,0DG3431,0,NO,create
302,8056262581971,Dolce Gabbana,SI,208,0DG3431,1,NO,update
303,8056262582060,Dolce Gabbana,SI,208,0DG3431,0,NO,create
304,8056262582053,Dolce Gabbana,SI,208,0DG3431,0,NO,create
305,8056262582107,Dolce Gabbana,SI,208,0DG3431,0,NO,create
306,8056262582091,Dolce Gabbana,SI,208,0DG3431,0,NO,create
307,8056262663271,Dolce Gabbana,SI,208,0DG3432,0,NO,create
308,8056262663158,Dolce Gabbana,SI,208,0DG3432,0,NO,create
309,8056262663295,Dolce Gabbana,SI,208,0DG3432,0,NO,create
310,8056262663172,Dolce Gabbana,SI,208,0DG3432,1,NO,update
311,8056262663288,Dolce Gabbana,SI,208,0DG3432,0,NO,create
312,8056262663165,Dolce Gabbana,SI,208,0DG3432,0,NO,create
313,8056262575215,Dolce Gabbana,SI,208,0DG3433,0,NO,create
314,8056262575222,Dolce Gabbana,SI,208,0DG3433,0,NO,create
315,8056262576908,Dolce Gabbana,SI,208,0DG3433,0,NO,create
316,8056262576915,Dolce Gabbana,SI,208,0DG3433,0,NO,create
317,8056262576922,Dolce Gabbana,SI,208,0DG3433,0,NO,create
318,8056262576939,Dolce Gabbana,SI,208,0DG3433,0,NO,create
319,8056262575253,Dolce Gabbana,SI,208,0DG3433,0,NO,create
320,8056262575260,Dolce Gabbana,SI,208,0DG3433,0,NO,create
321,8056262575734,Dolce Gabbana,SI,208,0DG3433,0,NO,create
322,8056262575727,Dolce Gabbana,SI,208,0DG3433,0,NO,create
323,8056262581773,Dolce Gabbana,SI,208,0DG3434,0,NO,create
324,8056262581797,Dolce Gabbana,SI,208,0DG3434,0,NO,create
325,8056262581810,Dolce Gabbana,SI,208,0DG3434,0,NO,create
326,8056262577417,Dolce Gabbana,SI,208,0DG3435B,0,NO,create
327,8056262577424,Dolce Gabbana,SI,208,0DG3435B,1,NO,update
328,8056262577370,Dolce Gabbana,SI,208,0DG3435B,0,NO,create
329,8056262577387,Dolce Gabbana,SI,208,0DG3435B,0,NO,create
330,8056262577394,Dolce Gabbana,SI,208,0DG3435B,0,NO,create
331,8056262577400,Dolce Gabbana,SI,208,0DG3435B,0,NO,create
332,8056262832110,Dolce Gabbana,SI,208,0DG3436,0,NO,create
333,8056262832103,Dolce Gabbana,SI,208,0DG3436,0,NO,create
334,8056262882498,Dolce Gabbana,SI,208,0DG3436,0,NO,create
335,8056262882481,Dolce Gabbana,SI,208,0DG3436,0,NO,create
336,8056262832134,Dolce Gabbana,SI,208,0DG3436,0,NO,create
337,8056262832127,Dolce Gabbana,SI,208,0DG3436,0,NO,create
338,8056262832042,Dolce Gabbana,SI,208,0DG3436,0,NO,create
339,8056262832035,Dolce Gabbana,SI,208,0DG3436,0,NO,create
340,8056262832370,Dolce Gabbana,SI,208,0DG3437,0,NO,create
341,8056262832394,Dolce Gabbana,SI,208,0DG3437,0,NO,create
342,8056262832295,Dolce Gabbana,SI,208,0DG3437,0,NO,create
343,8056262832301,Dolce Gabbana,SI,208,0DG3437,0,NO,create
344,8056262832332,Dolce Gabbana,SI,208,0DG3437,0,NO,create
345,8056262832349,Dolce Gabbana,SI,208,0DG3437,0,NO,create
346,8056262832257,Dolce Gabbana,SI,208,0DG3437,0,NO,create
347,8056262832264,Dolce Gabbana,SI,208,0DG3437,0,NO,create
348,8056262835579,Dolce Gabbana,SI,208,0DG3438,0,NO,create
349,8056262835586,Dolce Gabbana,SI,208,0DG3438,0,NO,create
350,8056262835531,Dolce Gabbana,SI,208,0DG3438,0,NO,create
351,8056262835548,Dolce Gabbana,SI,208,0DG3438,0,NO,create
352,8056262835555,Dolce Gabbana,SI,208,0DG3438,0,NO,create
353,8056262835562,Dolce Gabbana,SI,208,0DG3438,0,NO,create
354,8056262835494,Dolce Gabbana,SI,208,0DG3438,1,NO,update
355,8056262835500,Dolce Gabbana,SI,208,0DG3438,1,NO,update
356,8056262835517,Dolce Gabbana,SI,208,0DG3438,1,NO,update
357,8056262835524,Dolce Gabbana,SI,208,0DG3438,1,NO,update
358,8056262835470,Dolce Gabbana,SI,208,0DG3439,0,NO,create
359,8056262835487,Dolce Gabbana,SI,208,0DG3439,0,NO,create
360,8056262835456,Dolce Gabbana,SI,208,0DG3439,0,NO,create
361,8056262835463,Dolce Gabbana,SI,208,0DG3439,0,NO,create
362,8056262835432,Dolce Gabbana,SI,208,0DG3439,0,NO,create
363,8056262835449,Dolce Gabbana,SI,208,0DG3439,0,NO,create
364,8056262835395,Dolce Gabbana,SI,208,0DG3439,1,NO,update
365,8056262835401,Dolce Gabbana,SI,208,0DG3439,1,NO,update
366,8056262835418,Dolce Gabbana,SI,208,0DG3439,1,NO,update
367,8056262835425,Dolce Gabbana,SI,208,0DG3439,1,NO,update
368,8056266026836,Dolce Gabbana,SI,208,0DG3440,0,NO,create
369,8056262834619,Dolce Gabbana,SI,208,0DG3440,0,NO,create
370,8056262834626,Dolce Gabbana,SI,208,0DG3440,0,NO,create
371,8056266026850,Dolce Gabbana,SI,208,0DG3440,0,NO,create
372,8056262834596,Dolce Gabbana,SI,208,0DG3440,0,NO,create
373,8056262834602,Dolce Gabbana,SI,208,0DG3440,1,NO,update
374,8056266026874,Dolce Gabbana,SI,208,0DG3440,0,NO,create
375,8056266026898,Dolce Gabbana,SI,208,0DG3440,0,NO,create
376,8056262834534,Dolce Gabbana,SI,208,0DG3440,1,NO,update
377,8056262834541,Dolce Gabbana,SI,208,0DG3440,0,NO,create
378,8056262834558,Dolce Gabbana,SI,208,0DG3440,0,NO,create
379,8056262834565,Dolce Gabbana,SI,208,0DG3440,1,NO,update
380,8056262834572,Dolce Gabbana,SI,208,0DG3440,0,NO,create
381,8056262834589,Dolce Gabbana,SI,208,0DG3440,0,NO,create
382,8056266026935,Dolce Gabbana,SI,208,0DG3441,0,NO,create
383,8056266026959,Dolce Gabbana,SI,208,0DG3441,0,NO,create
384,8056262834893,Dolce Gabbana,SI,208,0DG3441,0,NO,create
385,8056262834909,Dolce Gabbana,SI,208,0DG3441,0,NO,create
386,8056266026973,Dolce Gabbana,SI,208,0DG3441,0,NO,create
387,8056266026997,Dolce Gabbana,SI,208,0DG3441,0,NO,create
388,8056262834732,Dolce Gabbana,SI,208,0DG3441,0,NO,create
389,8056262834749,Dolce Gabbana,SI,208,0DG3441,1,NO,update
390,8056262834930,Dolce Gabbana,SI,208,0DG3441,1,NO,update
391,8056262834947,Dolce Gabbana,SI,208,0DG3441,0,NO,create
392,8056262834794,Dolce Gabbana,SI,208,0DG3441,1,NO,update
393,8056262834800,Dolce Gabbana,SI,208,0DG3441,1,NO,update
394,8056262834848,Dolce Gabbana,SI,208,0DG3441,0,NO,create
395,8056262834862,Dolce Gabbana,SI,208,0DG3441,0,NO,create
396,8056262841785,Dolce Gabbana,SI,208,0DG3442,0,NO,create
397,8056262841839,Dolce Gabbana,SI,208,0DG3442,0,NO,create
398,8056262841761,Dolce Gabbana,SI,208,0DG3442,0,NO,create
399,8056262841815,Dolce Gabbana,SI,208,0DG3442,0,NO,create
400,8056262841747,Dolce Gabbana,SI,208,0DG3442,0,NO,create
401,8056262841792,Dolce Gabbana,SI,208,0DG3442,1,NO,update
402,8056262841754,Dolce Gabbana,SI,208,0DG3442,0,NO,create
403,8056262841808,Dolce Gabbana,SI,208,0DG3442,1,NO,update
404,8056262841778,Dolce Gabbana,SI,208,0DG3442,0,NO,create
405,8056262841822,Dolce Gabbana,SI,208,0DG3442,0,NO,create
406,8056262841068,Dolce Gabbana,SI,208,0DG3443,1,NO,update
407,8056262841112,Dolce Gabbana,SI,208,0DG3443,1,NO,update
408,8056262841099,Dolce Gabbana,SI,208,0DG3443,0,NO,create
409,8056262841143,Dolce Gabbana,SI,208,0DG3443,1,NO,update
410,8056262841082,Dolce Gabbana,SI,208,0DG3443,0,NO,create
411,8056262841136,Dolce Gabbana,SI,208,0DG3443,0,NO,create
412,8056262841051,Dolce Gabbana,SI,208,0DG3443,0,NO,create
413,8056262841105,Dolce Gabbana,SI,208,0DG3443,1,NO,update
414,8056262841075,Dolce Gabbana,SI,208,0DG3443,1,NO,update
415,8056262841129,Dolce Gabbana,SI,208,0DG3443,1,NO,update
416,8056262838082,Dolce Gabbana,SI,208,0DG3444,0,NO,create
417,8056262838099,Dolce Gabbana,SI,208,0DG3444,0,NO,create
418,8056262838044,Dolce Gabbana,SI,208,0DG3444,0,NO,create
419,8056262838051,Dolce Gabbana,SI,208,0DG3444,0,NO,create
420,8056262838068,Dolce Gabbana,SI,208,0DG3444,0,NO,create
421,8056262838075,Dolce Gabbana,SI,208,0DG3444,0,NO,create
422,8056262838006,Dolce Gabbana,SI,208,0DG3444,1,NO,update
423,8056262838013,Dolce Gabbana,SI,208,0DG3444,0,NO,create
424,8056262838020,Dolce Gabbana,SI,208,0DG3444,0,NO,create
425,8056262838037,Dolce Gabbana,SI,208,0DG3444,0,NO,create
426,8056262840597,Dolce Gabbana,SI,208,0DG3445,0,NO,create
427,8056262840658,Dolce Gabbana,SI,208,0DG3445,0,NO,create
428,8056262840627,Dolce Gabbana,SI,208,0DG3445,0,NO,create
429,8056262840689,Dolce Gabbana,SI,208,0DG3445,1,NO,update
430,8056262840610,Dolce Gabbana,SI,208,0DG3445,0,NO,create
431,8056262840672,Dolce Gabbana,SI,208,0DG3445,0,NO,create
432,8056262840580,Dolce Gabbana,SI,208,0DG3445,0,NO,create
433,8056262840641,Dolce Gabbana,SI,208,0DG3445,0,NO,create
434,8056262840603,Dolce Gabbana,SI,208,0DG3445,0,NO,create
435,8056262840665,Dolce Gabbana,SI,208,0DG3445,0,NO,create
436,8056262885321,Dolce Gabbana,SI,208,0DG3446,0,NO,create
437,8056262885369,Dolce Gabbana,SI,208,0DG3446,0,NO,create
438,8056262885338,Dolce Gabbana,SI,208,0DG3446,0,NO,create
439,8056262885376,Dolce Gabbana,SI,208,0DG3446,0,NO,create
440,8056262885307,Dolce Gabbana,SI,208,0DG3446,0,NO,create
441,8056262885345,Dolce Gabbana,SI,208,0DG3446,1,NO,update
442,8056262885314,Dolce Gabbana,SI,208,0DG3446,0,NO,create
443,8056262885352,Dolce Gabbana,SI,208,0DG3446,0,NO,create
444,8056262836736,Dolce Gabbana,SI,208,0DG3447,1,NO,update
445,8056262836743,Dolce Gabbana,SI,208,0DG3447,0,NO,create
446,8056262836712,Dolce Gabbana,SI,208,0DG3447,1,NO,update
447,8056262836729,Dolce Gabbana,SI,208,0DG3447,1,NO,update
448,8056266006777,Dolce Gabbana,SI,208,0DG3448,0,NO,create
449,8056266006784,Dolce Gabbana,SI,208,0DG3448,0,NO,create
450,8056266006791,Dolce Gabbana,SI,208,0DG3448,0,NO,create
451,8056266006807,Dolce Gabbana,SI,208,0DG3448,0,NO,create
452,8056266006739,Dolce Gabbana,SI,208,0DG3448,0,NO,create
453,8056266006746,Dolce Gabbana,SI,208,0DG3448,0,NO,create
454,8056266006753,Dolce Gabbana,SI,208,0DG3448,0,NO,create
455,8056266006760,Dolce Gabbana,SI,208,0DG3448,0,NO,create
456,8056266007538,Dolce Gabbana,SI,208,0DG3449,0,NO,create
457,8056266007545,Dolce Gabbana,SI,208,0DG3449,0,NO,create
458,8056266007552,Dolce Gabbana,SI,208,0DG3449,0,NO,create
459,8056266007569,Dolce Gabbana,SI,208,0DG3449,0,NO,create
460,8056266007491,Dolce Gabbana,SI,208,0DG3449,0,NO,create
461,8056266007507,Dolce Gabbana,SI,208,0DG3449,0,NO,create
462,8056266007514,Dolce Gabbana,SI,208,0DG3449,0,NO,create
463,8056266007521,Dolce Gabbana,SI,208,0DG3449,0,NO,create
464,8056266003721,Dolce Gabbana,SI,208,0DG3450,0,NO,create
465,8056266003738,Dolce Gabbana,SI,208,0DG3450,0,NO,create
466,8056266003714,Dolce Gabbana,SI,208,0DG3450,0,NO,create
467,8056266003691,Dolce Gabbana,SI,208,0DG3450,0,NO,create
468,8056266003745,Dolce Gabbana,SI,208,0DG3450,0,NO,create
469,8056266003707,Dolce Gabbana,SI,208,0DG3450,0,NO,create
470,8056266003554,Dolce Gabbana,SI,208,0DG3451,0,NO,create
471,8056266003561,Dolce Gabbana,SI,208,0DG3451,0,NO,create
472,8056266003530,Dolce Gabbana,SI,208,0DG3451,0,NO,create
473,8056266003547,Dolce Gabbana,SI,208,0DG3451,0,NO,create
474,8056266003578,Dolce Gabbana,SI,208,0DG3451,0,NO,create
475,8056266003585,Dolce Gabbana,SI,208,0DG3451,0,NO,create
476,8056266003479,Dolce Gabbana,SI,208,0DG3451,0,NO,create
477,8056266003486,Dolce Gabbana,SI,208,0DG3451,0,NO,create
478,8056266003493,Dolce Gabbana,SI,208,0DG3451,0,NO,create
479,8056266003509,Dolce Gabbana,SI,208,0DG3451,0,NO,create
480,8056266003516,Dolce Gabbana,SI,208,0DG3451,0,NO,create
481,8056266003523,Dolce Gabbana,SI,208,0DG3451,0,NO,create
482,8056266004827,Dolce Gabbana,SI,208,0DG3452,0,NO,create
483,8056266004810,Dolce Gabbana,SI,208,0DG3452,0,NO,create
484,8056266004797,Dolce Gabbana,SI,208,0DG3452,0,NO,create
485,8056266004803,Dolce Gabbana,SI,208,0DG3452,0,NO,create
486,8056266004896,Dolce Gabbana,SI,208,0DG3453,0,NO,create
487,8056266004902,Dolce Gabbana,SI,208,0DG3453,0,NO,create
488,8056266004872,Dolce Gabbana,SI,208,0DG3453,0,NO,create
489,8056266004889,Dolce Gabbana,SI,208,0DG3453,0,NO,create
490,8056266004834,Dolce Gabbana,SI,208,0DG3453,0,NO,create
491,8056266004841,Dolce Gabbana,SI,208,0DG3453,0,NO,create
492,8056266004858,Dolce Gabbana,SI,208,0DG3453,0,NO,create
493,8056266004865,Dolce Gabbana,SI,208,0DG3453,0,NO,create
494,8056266005459,Dolce Gabbana,SI,208,0DG3454,0,NO,create
495,8056266005466,Dolce Gabbana,SI,208,0DG3454,0,NO,create
496,8056266005435,Dolce Gabbana,SI,208,0DG3454,0,NO,create
497,8056266005442,Dolce Gabbana,SI,208,0DG3454,0,NO,create
498,8056266005398,Dolce Gabbana,SI,208,0DG3454,0,NO,create
499,8056266005404,Dolce Gabbana,SI,208,0DG3454,0,NO,create
500,8056266005411,Dolce Gabbana,SI,208,0DG3454,0,NO,create
501,8056266005428,Dolce Gabbana,SI,208,0DG3454,0,NO,create
502,8056266005497,Dolce Gabbana,SI,208,0DG3455,0,NO,create
503,8056266005503,Dolce Gabbana,SI,208,0DG3455,0,NO,create
504,8056266005473,Dolce Gabbana,SI,208,0DG3455,0,NO,create
505,8056266005480,Dolce Gabbana,SI,208,0DG3455,0,NO,create
506,8056266005381,Dolce Gabbana,SI,208,0DG3456,0,NO,create
507,8056266005367,Dolce Gabbana,SI,208,0DG3456,0,NO,create
508,8056266005374,Dolce Gabbana,SI,208,0DG3456,0,NO,create
509,8056266004285,Dolce Gabbana,SI,208,0DG3457,0,NO,create
510,8056266004292,Dolce Gabbana,SI,208,0DG3457,0,NO,create
511,8056266004261,Dolce Gabbana,SI,208,0DG3457,0,NO,create
512,8056266004278,Dolce Gabbana,SI,208,0DG3457,0,NO,create
513,8056266005909,Dolce Gabbana,SI,208,0DG3458,0,NO,create
514,8056266005916,Dolce Gabbana,SI,208,0DG3458,0,NO,create
515,8056266005862,Dolce Gabbana,SI,208,0DG3458,0,NO,create
516,8056266005879,Dolce Gabbana,SI,208,0DG3458,0,NO,create
517,8056266005848,Dolce Gabbana,SI,208,0DG3458,0,NO,create
518,8056266005855,Dolce Gabbana,SI,208,0DG3458,0,NO,create
519,8056266005886,Dolce Gabbana,SI,208,0DG3458,0,NO,create
520,8056266005893,Dolce Gabbana,SI,208,0DG3458,0,NO,create
521,8053672498608,Dolce Gabbana,SI,208,0DG4268,1,NO,update
522,8053672498615,Dolce Gabbana,SI,208,0DG4268,1,NO,update
523,8056262480052,Dolce Gabbana,SI,208,0DG4338,0,NO,create
524,8056262480045,Dolce Gabbana,SI,208,0DG4338,0,NO,create
525,8053672910100,Dolce Gabbana,SI,208,0DG4338,1,NO,update
526,8056597174459,Dolce Gabbana,SI,208,0DG4354,1,NO,update
527,8056597019194,Dolce Gabbana,SI,208,0DG4354,1,NO,update
528,8056597019132,Dolce Gabbana,SI,208,0DG4354,0,NO,create
529,8056597185295,Dolce Gabbana,SI,208,0DG4373,1,NO,update
530,8056597185301,Dolce Gabbana,SI,208,0DG4373,1,NO,update
531,8056597371889,Dolce Gabbana,SI,208,0DG4384,1,NO,update
532,8056597371896,Dolce Gabbana,SI,208,0DG4384,0,NO,create
533,8056262675328,Dolce Gabbana,SI,208,0DG4403,0,NO,create
534,8056597657952,Dolce Gabbana,SI,208,0DG4403,1,NO,update
535,8056597646642,Dolce Gabbana,SI,208,0DG4405,1,NO,update
536,8056597646673,Dolce Gabbana,SI,208,0DG4405,1,NO,update
537,8056262480250,Dolce Gabbana,SI,208,0DG4413,0,NO,create
538,8056262480229,Dolce Gabbana,SI,208,0DG4413,0,NO,create
539,8056262480243,Dolce Gabbana,SI,208,0DG4413,0,NO,create
540,8056597713542,Dolce Gabbana,SI,208,0DG4413,0,NO,create
541,8056597757300,Dolce Gabbana,SI,208,0DG4414,1,NO,update
542,8056597880633,Dolce Gabbana,SI,208,0DG4414,1,NO,update
543,8056597715317,Dolce Gabbana,SI,208,0DG4414,1,NO,update
544,8056597715294,Dolce Gabbana,SI,208,0DG4414,1,NO,update
545,8056262195215,Dolce Gabbana,SI,208,0DG4416,1,NO,update
546,8056597875837,Dolce Gabbana,SI,208,0DG4416,0,NO,create
547,8056597757379,Dolce Gabbana,SI,208,0DG4417,1,NO,update
548,8056597757386,Dolce Gabbana,SI,208,0DG4417,1,NO,update
549,8056597880626,Dolce Gabbana,SI,208,0DG4417,0,NO,create
550,8056597842310,Dolce Gabbana,SI,208,0DG4431,1,NO,update
551,8056597844475,Dolce Gabbana,SI,208,0DG4437,1,NO,update
552,8056262675403,Dolce Gabbana,SI,208,0DG4438,0,NO,create
553,8056597952934,Dolce Gabbana,SI,208,0DG4438,1,NO,update
554,8056262675410,Dolce Gabbana,SI,208,0DG4438,1,NO,update
555,8056597844529,Dolce Gabbana,SI,208,0DG4438,1,NO,update
556,8056597844536,Dolce Gabbana,SI,208,0DG4438,1,NO,update
557,8056262721810,Dolce Gabbana,SI,208,0DG4439,0,NO,create
558,8056262721827,Dolce Gabbana,SI,208,0DG4439,0,NO,create
559,8056597844642,Dolce Gabbana,SI,208,0DG4439,1,NO,update
560,8056597844659,Dolce Gabbana,SI,208,0DG4439,1,NO,update
561,8056597946674,Dolce Gabbana,SI,208,0DG4446B,1,NO,update
562,8056262304662,Dolce Gabbana,SI,208,0DG4448,1,NO,update
563,8056597947626,Dolce Gabbana,SI,208,0DG4448,1,NO,update
564,8056597947824,Dolce Gabbana,SI,208,0DG4449,1,NO,update
565,8056262297032,Dolce Gabbana,SI,208,0DG4451,0,NO,create
566,8056262297001,Dolce Gabbana,SI,208,0DG4451,0,NO,create
567,8056262062067,Dolce Gabbana,SI,208,0DG4462,0,NO,create
568,8056262061879,Dolce Gabbana,SI,208,0DG4471,1,NO,update
569,8056262478271,Dolce Gabbana,SI,208,0DG4474,0,NO,create
570,8056262255124,Dolce Gabbana,SI,208,0DG4474,1,NO,update
571,8056262255131,Dolce Gabbana,SI,208,0DG4474,1,NO,update
572,8056262247488,Dolce Gabbana,SI,208,0DG4475,1,NO,update
573,8056262247518,Dolce Gabbana,SI,208,0DG4475,1,NO,update
574,8056262247525,Dolce Gabbana,SI,208,0DG4475,1,NO,update
575,8056262247020,Dolce Gabbana,SI,208,0DG4476,1,NO,update
576,8056262247037,Dolce Gabbana,SI,208,0DG4476,1,NO,update
577,8056262247792,Dolce Gabbana,SI,208,0DG4477,0,NO,create
578,8056262247815,Dolce Gabbana,SI,208,0DG4477,0,NO,create
579,8056262247822,Dolce Gabbana,SI,208,0DG4477,1,NO,update
580,8056262247839,Dolce Gabbana,SI,208,0DG4477,1,NO,update
581,8056262296851,Dolce Gabbana,SI,208,0DG4479,1,NO,update
582,8056262245026,Dolce Gabbana,SI,208,0DG4482,1,NO,update
583,8056262249727,Dolce Gabbana,SI,208,0DG4483,0,NO,create
584,8056262257012,Dolce Gabbana,SI,208,0DG4484,0,NO,create
585,8056262880081,Dolce Gabbana,SI,208,0DG4484,0,NO,create
586,8056262880104,Dolce Gabbana,SI,208,0DG4484,0,NO,create
587,8056262880098,Dolce Gabbana,SI,208,0DG4484,0,NO,create
588,8056262257005,Dolce Gabbana,SI,208,0DG4484,0,NO,create
589,8056262880555,Dolce Gabbana,SI,208,0DG4485,0,NO,create
590,8056262881231,Dolce Gabbana,SI,208,0DG4485,0,NO,create
591,8056262880562,Dolce Gabbana,SI,208,0DG4485,0,NO,create
592,8056262262504,Dolce Gabbana,SI,208,0DG4485,1,NO,update
593,8056262474648,Dolce Gabbana,SI,208,0DG4491,1,NO,update
594,8056262474655,Dolce Gabbana,SI,208,0DG4491,1,NO,update
595,8056262475263,Dolce Gabbana,SI,208,0DG4492,1,NO,update
596,8056262475270,Dolce Gabbana,SI,208,0DG4492,1,NO,update
597,8056262473276,Dolce Gabbana,SI,208,0DG4493,1,NO,update
598,8056262473283,Dolce Gabbana,SI,208,0DG4493,1,NO,update
599,8056262466889,Dolce Gabbana,SI,208,0DG4495,1,NO,update
600,8056262466933,Dolce Gabbana,SI,208,0DG4495,1,NO,update
601,8056262467466,Dolce Gabbana,SI,208,0DG4496,1,NO,update
602,8056262467473,Dolce Gabbana,SI,208,0DG4496,1,NO,update
603,8056262467480,Dolce Gabbana,SI,208,0DG4496,1,NO,update
604,8056262467497,Dolce Gabbana,SI,208,0DG4496,1,NO,update
605,8056262473566,Dolce Gabbana,SI,208,0DG4497,0,NO,create
606,8056262473580,Dolce Gabbana,SI,208,0DG4497,1,NO,update
607,8056262467435,Dolce Gabbana,SI,208,0DG4498,1,NO,update
608,8056262464564,Dolce Gabbana,SI,208,0DG4499,1,NO,update
609,8056262464571,Dolce Gabbana,SI,208,0DG4499,1,NO,update
610,8056262464588,Dolce Gabbana,SI,208,0DG4499,1,NO,update
611,8056262464595,Dolce Gabbana,SI,208,0DG4499,1,NO,update
612,8056262464601,Dolce Gabbana,SI,208,0DG4499,1,NO,update
613,8056262464618,Dolce Gabbana,SI,208,0DG4501,0,NO,create
614,8056262464625,Dolce Gabbana,SI,208,0DG4501,0,NO,create
615,8056262874530,Dolce Gabbana,SI,208,0DG4501,0,NO,create
616,8056262464632,Dolce Gabbana,SI,208,0DG4501,1,NO,update
617,8056262464649,Dolce Gabbana,SI,208,0DG4501,1,NO,update
618,8056262464694,Dolce Gabbana,SI,208,0DG4502,1,NO,update
619,8056262874677,Dolce Gabbana,SI,208,0DG4502,0,NO,create
620,8056262464700,Dolce Gabbana,SI,208,0DG4502,1,NO,update
621,8056262464717,Dolce Gabbana,SI,208,0DG4502,1,NO,update
622,8056262468432,Dolce Gabbana,SI,208,0DG4503,0,NO,create
623,8056262468449,Dolce Gabbana,SI,208,0DG4503,0,NO,create
624,8056262468456,Dolce Gabbana,SI,208,0DG4503,0,NO,create
625,8056262468463,Dolce Gabbana,SI,208,0DG4503,1,NO,update
626,8056262468470,Dolce Gabbana,SI,208,0DG4503,0,NO,create
627,8056262468302,Dolce Gabbana,SI,208,0DG4504,0,NO,create
628,8056262468326,Dolce Gabbana,SI,208,0DG4504,0,NO,create
629,8056262468340,Dolce Gabbana,SI,208,0DG4504,0,NO,create
630,8056262468371,Dolce Gabbana,SI,208,0DG4504,0,NO,create
631,8056262474341,Dolce Gabbana,SI,208,0DG4506,1,NO,update
632,8056262474358,Dolce Gabbana,SI,208,0DG4506,0,NO,create
633,8056262467503,Dolce Gabbana,SI,208,0DG4507,1,NO,update
634,8056262467510,Dolce Gabbana,SI,208,0DG4507,0,NO,create
635,8056262467527,Dolce Gabbana,SI,208,0DG4507,1,NO,update
636,8056262467534,Dolce Gabbana,SI,208,0DG4507,1,NO,update
637,8056262475935,Dolce Gabbana,SI,208,0DG4509,0,NO,create
638,8056262475942,Dolce Gabbana,SI,208,0DG4509,0,NO,create
639,8056262475997,Dolce Gabbana,SI,208,0DG4509,0,NO,create
640,8056262475928,Dolce Gabbana,SI,208,0DG4509,0,NO,create
641,8056262475973,Dolce Gabbana,SI,208,0DG4509,0,NO,create
642,8056262475904,Dolce Gabbana,SI,208,0DG4509,0,NO,create
643,8056262475959,Dolce Gabbana,SI,208,0DG4509,0,NO,create
644,8056262475911,Dolce Gabbana,SI,208,0DG4509,0,NO,create
645,8056262475966,Dolce Gabbana,SI,208,0DG4509,0,NO,create
646,8056262505304,Dolce Gabbana,SI,208,0DG4510,0,NO,create
647,8056262577066,Dolce Gabbana,SI,208,0DG4511,1,NO,update
648,8056262577073,Dolce Gabbana,SI,208,0DG4511,0,NO,create
649,8056262577042,Dolce Gabbana,SI,208,0DG4511,0,NO,create
650,8056262577059,Dolce Gabbana,SI,208,0DG4511,0,NO,create
651,8056262578933,Dolce Gabbana,SI,208,0DG4512,0,NO,create
652,8056262578919,Dolce Gabbana,SI,208,0DG4512,0,NO,create
653,8056262578926,Dolce Gabbana,SI,208,0DG4512,1,NO,update
654,8056262879894,Dolce Gabbana,SI,208,0DG4512,0,NO,create
655,8056262578889,Dolce Gabbana,SI,208,0DG4512,1,NO,update
656,8056262578902,Dolce Gabbana,SI,208,0DG4512,0,NO,create
657,8056262578476,Dolce Gabbana,SI,208,0DG4513,1,NO,update
658,8056262578490,Dolce Gabbana,SI,208,0DG4513,0,NO,create
659,8056262578483,Dolce Gabbana,SI,208,0DG4513,0,NO,create
660,8056262875117,Dolce Gabbana,SI,208,0DG4513,0,NO,create
661,8056262578452,Dolce Gabbana,SI,208,0DG4513,0,NO,create
662,8056262578469,Dolce Gabbana,SI,208,0DG4513,0,NO,create
663,8056262579039,Dolce Gabbana,SI,208,0DG4514,1,NO,update
664,8056262879900,Dolce Gabbana,SI,208,0DG4514,0,NO,create
665,8056262579046,Dolce Gabbana,SI,208,0DG4514,0,NO,create
666,8056262579015,Dolce Gabbana,SI,208,0DG4514,0,NO,create
667,8056262579022,Dolce Gabbana,SI,208,0DG4514,0,NO,create
668,8056262578285,Dolce Gabbana,SI,208,0DG4515,0,NO,create
669,8056262578308,Dolce Gabbana,SI,208,0DG4515,1,NO,update
670,8056262569139,Dolce Gabbana,SI,208,0DG4515,0,NO,create
671,8056262578322,Dolce Gabbana,SI,208,0DG4515,0,NO,create
672,8056262581865,Dolce Gabbana,SI,208,0DG4516,1,NO,update
673,8056262581872,Dolce Gabbana,SI,208,0DG4516,0,NO,create
674,8056262554487,Dolce Gabbana,SI,208,0DG4516,0,NO,create
675,8056262581889,Dolce Gabbana,SI,208,0DG4516,0,NO,create
676,8056262575437,Dolce Gabbana,SI,208,0DG4518,0,NO,create
677,8056262575420,Dolce Gabbana,SI,208,0DG4518,0,NO,create
678,8056262575406,Dolce Gabbana,SI,208,0DG4518,0,NO,create
679,8056262575413,Dolce Gabbana,SI,208,0DG4518,0,NO,create
680,8056262578391,Dolce Gabbana,SI,208,0DG4519,1,NO,update
681,8056262578384,Dolce Gabbana,SI,208,0DG4519,0,NO,create
682,8056262578407,Dolce Gabbana,SI,208,0DG4519,0,NO,create
683,8056262578360,Dolce Gabbana,SI,208,0DG4519,1,NO,update
684,8056262578377,Dolce Gabbana,SI,208,0DG4519,0,NO,create
685,8056262581506,Dolce Gabbana,SI,208,0DG4520,0,NO,create
686,8056262581520,Dolce Gabbana,SI,208,0DG4520,0,NO,create
687,8056262581490,Dolce Gabbana,SI,208,0DG4520,1,NO,update
688,8056262581513,Dolce Gabbana,SI,208,0DG4520,0,NO,create
689,8056262581681,Dolce Gabbana,SI,208,0DG4521,0,NO,create
690,8056262581674,Dolce Gabbana,SI,208,0DG4521,0,NO,create
691,8056262581667,Dolce Gabbana,SI,208,0DG4521,0,NO,create
692,8056262573839,Dolce Gabbana,SI,208,0DG4521,0,NO,create
693,8056262580813,Dolce Gabbana,SI,208,0DG4522,0,NO,create
694,8056262580790,Dolce Gabbana,SI,208,0DG4522,0,NO,create
695,8056262580820,Dolce Gabbana,SI,208,0DG4522,0,NO,create
696,8056262580806,Dolce Gabbana,SI,208,0DG4522,0,NO,create
697,8056262577363,Dolce Gabbana,SI,208,0DG4525B,0,NO,create
698,8056262577332,Dolce Gabbana,SI,208,0DG4525B,0,NO,create
699,8056262577349,Dolce Gabbana,SI,208,0DG4525B,0,NO,create
700,8056262577356,Dolce Gabbana,SI,208,0DG4525B,0,NO,create
701,8056262664360,Dolce Gabbana,SI,208,0DG4526B,0,NO,create
702,8056262664353,Dolce Gabbana,SI,208,0DG4526B,0,NO,create
703,8056262664377,Dolce Gabbana,SI,208,0DG4526B,0,NO,create
704,8056262831380,Dolce Gabbana,SI,208,0DG4532,0,NO,create
705,8056262831373,Dolce Gabbana,SI,208,0DG4532,0,NO,create
706,8056262831397,Dolce Gabbana,SI,208,0DG4532,0,NO,create
707,8056262831366,Dolce Gabbana,SI,208,0DG4532,1,NO,update
708,8056262831588,Dolce Gabbana,SI,208,0DG4533,1,NO,update
709,8056262831571,Dolce Gabbana,SI,208,0DG4533,0,NO,create
710,8056262831595,Dolce Gabbana,SI,208,0DG4533,0,NO,create
711,8056262831564,Dolce Gabbana,SI,208,0DG4533,0,NO,create
712,8056262835036,Dolce Gabbana,SI,208,0DG4534,0,NO,create
713,8056262835043,Dolce Gabbana,SI,208,0DG4534,0,NO,create
714,8056262835012,Dolce Gabbana,SI,208,0DG4534,1,NO,update
715,8056262835029,Dolce Gabbana,SI,208,0DG4534,1,NO,update
716,8056262835159,Dolce Gabbana,SI,208,0DG4535,0,NO,create
717,8056262835135,Dolce Gabbana,SI,208,0DG4535,0,NO,create
718,8056262835067,Dolce Gabbana,SI,208,0DG4535,1,NO,update
719,8056262835104,Dolce Gabbana,SI,208,0DG4535,1,NO,update
720,8056266008788,Dolce Gabbana,SI,208,0DG4536,0,NO,create
721,8056266008764,Dolce Gabbana,SI,208,0DG4536,0,NO,create
722,8056262834060,Dolce Gabbana,SI,208,0DG4536,1,NO,update
723,8056266008771,Dolce Gabbana,SI,208,0DG4536,0,NO,create
724,8056262835050,Dolce Gabbana,SI,208,0DG4536,0,NO,create
725,8056266008795,Dolce Gabbana,SI,208,0DG4536,0,NO,create
726,8056266008801,Dolce Gabbana,SI,208,0DG4536,0,NO,create
727,8056262834039,Dolce Gabbana,SI,208,0DG4536,1,NO,update
728,8056262834046,Dolce Gabbana,SI,208,0DG4536,1,NO,update
729,8056262834053,Dolce Gabbana,SI,208,0DG4536,1,NO,update
730,8056266026737,Dolce Gabbana,SI,208,0DG4537,0,NO,create
731,8056266026713,Dolce Gabbana,SI,208,0DG4537,0,NO,create
732,8056262851630,Dolce Gabbana,SI,208,0DG4537,1,NO,update
733,8056266026706,Dolce Gabbana,SI,208,0DG4537,0,NO,create
734,8056262851623,Dolce Gabbana,SI,208,0DG4537,0,NO,create
735,8056266026744,Dolce Gabbana,SI,208,0DG4537,0,NO,create
736,8056266026720,Dolce Gabbana,SI,208,0DG4537,0,NO,create
737,8056262851593,Dolce Gabbana,SI,208,0DG4537,1,NO,update
738,8056262851609,Dolce Gabbana,SI,208,0DG4537,1,NO,update
739,8056262851616,Dolce Gabbana,SI,208,0DG4537,0,NO,create
740,8056266026751,Dolce Gabbana,SI,208,0DG4538,0,NO,create
741,8056266026768,Dolce Gabbana,SI,208,0DG4538,0,NO,create
742,8056262866146,Dolce Gabbana,SI,208,0DG4538,0,NO,create
743,8056266026782,Dolce Gabbana,SI,208,0DG4538,0,NO,create
744,8056262866122,Dolce Gabbana,SI,208,0DG4538,0,NO,create
745,8056266026799,Dolce Gabbana,SI,208,0DG4538,0,NO,create
746,8056266026775,Dolce Gabbana,SI,208,0DG4538,0,NO,create
747,8056262866139,Dolce Gabbana,SI,208,0DG4538,1,NO,update
748,8056262866108,Dolce Gabbana,SI,208,0DG4538,1,NO,update
749,8056262866115,Dolce Gabbana,SI,208,0DG4538,1,NO,update
750,8056262837351,Dolce Gabbana,SI,208,0DG4539,0,NO,create
751,8056262837382,Dolce Gabbana,SI,208,0DG4539,0,NO,create
752,8056262837337,Dolce Gabbana,SI,208,0DG4539,1,NO,update
753,8056262837344,Dolce Gabbana,SI,208,0DG4539,1,NO,update
754,8056262837368,Dolce Gabbana,SI,208,0DG4539,0,NO,create
755,8056262837429,Dolce Gabbana,SI,208,0DG4540,0,NO,create
756,8056262837436,Dolce Gabbana,SI,208,0DG4540,0,NO,create
757,8056262837443,Dolce Gabbana,SI,208,0DG4540,1,NO,update
758,8056262837405,Dolce Gabbana,SI,208,0DG4540,1,NO,update
759,8056262837412,Dolce Gabbana,SI,208,0DG4540,1,NO,update
760,8056262837849,Dolce Gabbana,SI,208,0DG4541,0,NO,create
761,8056262837863,Dolce Gabbana,SI,208,0DG4541,0,NO,create
762,8056262837856,Dolce Gabbana,SI,208,0DG4541,0,NO,create
763,8056262837825,Dolce Gabbana,SI,208,0DG4541,1,NO,update
764,8056262837832,Dolce Gabbana,SI,208,0DG4541,1,NO,update
765,8056262837894,Dolce Gabbana,SI,208,0DG4542,0,NO,create
766,8056262837917,Dolce Gabbana,SI,208,0DG4542,0,NO,create
767,8056262837900,Dolce Gabbana,SI,208,0DG4542,0,NO,create
768,8056262837870,Dolce Gabbana,SI,208,0DG4542,1,NO,update
769,8056262837887,Dolce Gabbana,SI,208,0DG4542,1,NO,update
770,8056262837252,Dolce Gabbana,SI,208,0DG4544,0,NO,create
771,8056262837276,Dolce Gabbana,SI,208,0DG4544,0,NO,create
772,8056262837269,Dolce Gabbana,SI,208,0DG4544,0,NO,create
773,8056262837238,Dolce Gabbana,SI,208,0DG4544,1,NO,update
774,8056262837245,Dolce Gabbana,SI,208,0DG4544,1,NO,update
775,8056262866672,Dolce Gabbana,SI,208,0DG4545,0,NO,create
776,8056262866665,Dolce Gabbana,SI,208,0DG4545,0,NO,create
777,8056262922637,Dolce Gabbana,SI,208,0DG4545,0,NO,create
778,8056262922620,Dolce Gabbana,SI,208,0DG4545,0,NO,create
779,8056262922644,Dolce Gabbana,SI,208,0DG4545,0,NO,create
780,8056262866641,Dolce Gabbana,SI,208,0DG4545,1,NO,update
781,8056262866658,Dolce Gabbana,SI,208,0DG4545,0,NO,create
782,8056262838914,Dolce Gabbana,SI,208,0DG4546,0,NO,create
783,8056262838938,Dolce Gabbana,SI,208,0DG4546,0,NO,create
784,8056262838921,Dolce Gabbana,SI,208,0DG4546,0,NO,create
785,8056262838891,Dolce Gabbana,SI,208,0DG4546,0,NO,create
786,8056262838907,Dolce Gabbana,SI,208,0DG4546,0,NO,create
787,8056262879979,Dolce Gabbana,SI,208,0DG4552,0,NO,create
788,8056262879986,Dolce Gabbana,SI,208,0DG4552,0,NO,create
789,8056266007033,Dolce Gabbana,SI,208,0DG4557,0,NO,create
790,8056266007040,Dolce Gabbana,SI,208,0DG4557,0,NO,create
791,8056266007019,Dolce Gabbana,SI,208,0DG4557,0,NO,create
792,8056266007026,Dolce Gabbana,SI,208,0DG4557,0,NO,create
793,8056266007422,Dolce Gabbana,SI,208,0DG4558,0,NO,create
794,8056266007415,Dolce Gabbana,SI,208,0DG4558,0,NO,create
795,8056266007392,Dolce Gabbana,SI,208,0DG4558,0,NO,create
796,8056266007408,Dolce Gabbana,SI,208,0DG4558,0,NO,create
797,8056266007651,Dolce Gabbana,SI,208,0DG4559,0,NO,create
798,8056266007644,Dolce Gabbana,SI,208,0DG4559,0,NO,create
799,8056266007620,Dolce Gabbana,SI,208,0DG4559,0,NO,create
800,8056266007637,Dolce Gabbana,SI,208,0DG4559,0,NO,create
801,8056266006937,Dolce Gabbana,SI,208,0DG4560,0,NO,create
802,8056266006913,Dolce Gabbana,SI,208,0DG4560,0,NO,create
803,8056266006906,Dolce Gabbana,SI,208,0DG4560,0,NO,create
804,8056266006920,Dolce Gabbana,SI,208,0DG4560,0,NO,create
805,8056266006708,Dolce Gabbana,SI,208,0DG4561,0,NO,create
806,8056266006661,Dolce Gabbana,SI,208,0DG4561,0,NO,create
807,8056266006630,Dolce Gabbana,SI,208,0DG4561,0,NO,create
808,8056266006678,Dolce Gabbana,SI,208,0DG4561,0,NO,create
809,8056266005091,Dolce Gabbana,SI,208,0DG4562,0,NO,create
810,8056266005107,Dolce Gabbana,SI,208,0DG4562,0,NO,create
811,8056266005114,Dolce Gabbana,SI,208,0DG4562,0,NO,create
812,8056266005077,Dolce Gabbana,SI,208,0DG4562,0,NO,create
813,8056266005084,Dolce Gabbana,SI,208,0DG4562,0,NO,create
814,8056266005701,Dolce Gabbana,SI,208,0DG4563,0,NO,create
815,8056266005718,Dolce Gabbana,SI,208,0DG4563,0,NO,create
816,8056266005725,Dolce Gabbana,SI,208,0DG4563,0,NO,create
817,8056266005671,Dolce Gabbana,SI,208,0DG4563,0,NO,create
818,8056266005688,Dolce Gabbana,SI,208,0DG4563,0,NO,create
819,8056266005824,Dolce Gabbana,SI,208,0DG4564,0,NO,create
820,8056266005817,Dolce Gabbana,SI,208,0DG4564,0,NO,create
821,8056266005800,Dolce Gabbana,SI,208,0DG4564,0,NO,create
822,8056266005787,Dolce Gabbana,SI,208,0DG4564,0,NO,create
823,8056266005794,Dolce Gabbana,SI,208,0DG4564,0,NO,create
824,8056266004940,Dolce Gabbana,SI,208,0DG4565,0,NO,create
825,8056266004926,Dolce Gabbana,SI,208,0DG4565,0,NO,create
826,8056266004919,Dolce Gabbana,SI,208,0DG4565,0,NO,create
827,8056266004933,Dolce Gabbana,SI,208,0DG4565,0,NO,create
828,8056266004001,Dolce Gabbana,SI,208,0DG4566,0,NO,create
829,8056266003998,Dolce Gabbana,SI,208,0DG4566,0,NO,create
830,8056266004018,Dolce Gabbana,SI,208,0DG4566,0,NO,create
831,8056266003967,Dolce Gabbana,SI,208,0DG4566,0,NO,create
832,8056266003974,Dolce Gabbana,SI,208,0DG4566,0,NO,create
833,8056266094033,Dolce Gabbana,SI,208,0DG4566,0,NO,create
834,8056266003981,Dolce Gabbana,SI,208,0DG4566,0,NO,create
835,8056266004070,Dolce Gabbana,SI,208,0DG4567,0,NO,create
836,8056266004063,Dolce Gabbana,SI,208,0DG4567,0,NO,create
837,8056266004087,Dolce Gabbana,SI,208,0DG4567,0,NO,create
838,8056266004049,Dolce Gabbana,SI,208,0DG4567,0,NO,create
839,8056266004056,Dolce Gabbana,SI,208,0DG4567,0,NO,create
840,8056266004353,Dolce Gabbana,SI,208,0DG4568,0,NO,create
841,8056266004339,Dolce Gabbana,SI,208,0DG4568,0,NO,create
842,8056266004346,Dolce Gabbana,SI,208,0DG4568,0,NO,create
843,8056266004315,Dolce Gabbana,SI,208,0DG4568,0,NO,create
844,8056266004322,Dolce Gabbana,SI,208,0DG4568,0,NO,create
845,8056266094026,Dolce Gabbana,SI,208,0DG4568,0,NO,create
846,8056266003448,Dolce Gabbana,SI,208,0DG4569,0,NO,create
847,8056266003455,Dolce Gabbana,SI,208,0DG4569,0,NO,create
848,8056266003462,Dolce Gabbana,SI,208,0DG4569,0,NO,create
849,8056266003417,Dolce Gabbana,SI,208,0DG4569,0,NO,create
850,8056266003424,Dolce Gabbana,SI,208,0DG4569,0,NO,create
851,8056266003431,Dolce Gabbana,SI,208,0DG4569,0,NO,create
852,8056266003660,Dolce Gabbana,SI,208,0DG4570,0,NO,create
853,8056266003684,Dolce Gabbana,SI,208,0DG4570,0,NO,create
854,8056266003677,Dolce Gabbana,SI,208,0DG4570,0,NO,create
855,8056266003639,Dolce Gabbana,SI,208,0DG4570,0,NO,create
856,8056266003646,Dolce Gabbana,SI,208,0DG4570,0,NO,create
857,8056266003653,Dolce Gabbana,SI,208,0DG4570,0,NO,create
858,8056266002144,Dolce Gabbana,SI,208,0DG4571,0,NO,create
859,8056266002151,Dolce Gabbana,SI,208,0DG4571,0,NO,create
860,8056266002168,Dolce Gabbana,SI,208,0DG4571,0,NO,create
861,8056266002113,Dolce Gabbana,SI,208,0DG4571,0,NO,create
862,8056266002120,Dolce Gabbana,SI,208,0DG4571,0,NO,create
863,8056266002137,Dolce Gabbana,SI,208,0DG4571,0,NO,create
864,8056262301371,Dolce Gabbana,SI,208,0DG5025,1,NO,update
865,8053672777864,Dolce Gabbana,SI,208,0DG5025,1,NO,update
866,8053672777895,Dolce Gabbana,SI,208,0DG5025,1,NO,update
867,8056262301388,Dolce Gabbana,SI,208,0DG5025,0,NO,create
868,8053672777857,Dolce Gabbana,SI,208,0DG5025,1,NO,update
869,8056597023191,Dolce Gabbana,SI,208,0DG5026,1,NO,update
870,8053672822182,Dolce Gabbana,SI,208,0DG5026,1,NO,update
871,8056597673969,Dolce Gabbana,SI,208,0DG5026,1,NO,update
872,8053672822120,Dolce Gabbana,SI,208,0DG5026,1,NO,update
873,8053672913866,Dolce Gabbana,SI,208,0DG5027,1,NO,update
874,8053672822908,Dolce Gabbana,SI,208,0DG5027,0,NO,create
875,8056597126649,Dolce Gabbana,SI,208,0DG5031,0,NO,create
876,8053672858396,Dolce Gabbana,SI,208,0DG5031,0,NO,create
877,8053672858433,Dolce Gabbana,SI,208,0DG5031,0,NO,create
878,8053672909456,Dolce Gabbana,SI,208,0DG5036,1,NO,update
879,8053672909470,Dolce Gabbana,SI,208,0DG5036,0,NO,create
880,8056597377683,Dolce Gabbana,SI,208,0DG5066,1,NO,update
881,8056597417235,Dolce Gabbana,SI,208,0DG5071,1,NO,update
882,8056597548823,Dolce Gabbana,SI,208,0DG5076,0,NO,create
883,8056597845311,Dolce Gabbana,SI,208,0DG5101,0,NO,create
884,8056597845328,Dolce Gabbana,SI,208,0DG5101,1,NO,update
885,8056597845366,Dolce Gabbana,SI,208,0DG5101,1,NO,update
886,8056597949408,Dolce Gabbana,SI,208,0DG5105U,1,NO,update
887,8056597949415,Dolce Gabbana,SI,208,0DG5105U,1,NO,update
888,8056597949422,Dolce Gabbana,SI,208,0DG5105U,1,NO,update
889,8056597949439,Dolce Gabbana,SI,208,0DG5105U,1,NO,update
890,8056262582800,Dolce Gabbana,SI,208,0DG5112,0,NO,create
891,8056262582817,Dolce Gabbana,SI,208,0DG5112,1,NO,update
892,8056262582855,Dolce Gabbana,SI,208,0DG5112,0,NO,create
893,8056262582862,Dolce Gabbana,SI,208,0DG5112,0,NO,create
894,8056262582848,Dolce Gabbana,SI,208,0DG5112,0,NO,create
895,8056262584583,Dolce Gabbana,SI,208,0DG5112,0,NO,create
896,8056262582879,Dolce Gabbana,SI,208,0DG5112,0,NO,create
897,8056262582893,Dolce Gabbana,SI,208,0DG5112,0,NO,create
898,8056262582824,Dolce Gabbana,SI,208,0DG5112,0,NO,create
899,8056262582831,Dolce Gabbana,SI,208,0DG5112,0,NO,create
900,8056262583005,Dolce Gabbana,SI,208,0DG5113,0,NO,create
901,8056262583012,Dolce Gabbana,SI,208,0DG5113,0,NO,create
902,8056262583067,Dolce Gabbana,SI,208,0DG5113,0,NO,create
903,8056262583074,Dolce Gabbana,SI,208,0DG5113,0,NO,create
904,8056262583029,Dolce Gabbana,SI,208,0DG5113,0,NO,create
905,8056262583036,Dolce Gabbana,SI,208,0DG5113,0,NO,create
906,8056262583043,Dolce Gabbana,SI,208,0DG5113,0,NO,create
907,8056262583050,Dolce Gabbana,SI,208,0DG5113,1,NO,update
908,8056262847039,Dolce Gabbana,SI,208,0DG5114,0,NO,create
909,8056262847046,Dolce Gabbana,SI,208,0DG5114,0,NO,create
910,8056262847077,Dolce Gabbana,SI,208,0DG5114,0,NO,create
911,8056262847084,Dolce Gabbana,SI,208,0DG5114,0,NO,create
912,8056262847053,Dolce Gabbana,SI,208,0DG5114,0,NO,create
913,8056262847060,Dolce Gabbana,SI,208,0DG5114,0,NO,create
914,8056262846995,Dolce Gabbana,SI,208,0DG5114,0,NO,create
915,8056262847008,Dolce Gabbana,SI,208,0DG5114,0,NO,create
916,8056262847015,Dolce Gabbana,SI,208,0DG5114,0,NO,create
917,8056262847022,Dolce Gabbana,SI,208,0DG5114,0,NO,create
918,8056262847152,Dolce Gabbana,SI,208,0DG5115,0,NO,create
919,8056262847169,Dolce Gabbana,SI,208,0DG5115,0,NO,create
920,8056262847091,Dolce Gabbana,SI,208,0DG5115,0,NO,create
921,8056262847107,Dolce Gabbana,SI,208,0DG5115,0,NO,create
922,8056262847114,Dolce Gabbana,SI,208,0DG5115,1,NO,update
923,8056262847121,Dolce Gabbana,SI,208,0DG5115,0,NO,create
924,8056262847138,Dolce Gabbana,SI,208,0DG5115,0,NO,create
925,8056262847145,Dolce Gabbana,SI,208,0DG5115,0,NO,create
926,8056262847183,Dolce Gabbana,SI,208,0DG5115,0,NO,create
927,8056262847190,Dolce Gabbana,SI,208,0DG5115,0,NO,create
928,8056266003059,Dolce Gabbana,SI,208,0DG5116,0,NO,create
929,8056266003066,Dolce Gabbana,SI,208,0DG5116,0,NO,create
930,8056266003073,Dolce Gabbana,SI,208,0DG5116,0,NO,create
931,8056266003080,Dolce Gabbana,SI,208,0DG5116,0,NO,create
932,8056266002991,Dolce Gabbana,SI,208,0DG5116,0,NO,create
933,8056266003004,Dolce Gabbana,SI,208,0DG5116,0,NO,create
934,8056266003011,Dolce Gabbana,SI,208,0DG5116,0,NO,create
935,8056266003028,Dolce Gabbana,SI,208,0DG5116,0,NO,create
936,8056266003035,Dolce Gabbana,SI,208,0DG5116,0,NO,create
937,8056266003042,Dolce Gabbana,SI,208,0DG5116,0,NO,create
938,8056266003103,Dolce Gabbana,SI,208,0DG5117,0,NO,create
939,8056266007668,Dolce Gabbana,SI,208,0DG5117,0,NO,create
940,8056266003127,Dolce Gabbana,SI,208,0DG5117,0,NO,create
941,8056266007675,Dolce Gabbana,SI,208,0DG5117,0,NO,create
942,8056266003189,Dolce Gabbana,SI,208,0DG5117,0,NO,create
943,8056266007705,Dolce Gabbana,SI,208,0DG5117,0,NO,create
944,8056266003141,Dolce Gabbana,SI,208,0DG5117,0,NO,create
945,8056266007682,Dolce Gabbana,SI,208,0DG5117,0,NO,create
946,8056266003165,Dolce Gabbana,SI,208,0DG5117,0,NO,create
947,8056266007699,Dolce Gabbana,SI,208,0DG5117,0,NO,create
948,8056597372060,Dolce Gabbana,SI,208,0DG6146,1,NO,update
949,8056597534390,Dolce Gabbana,SI,208,0DG6165,1,NO,update
950,8056597656559,Dolce Gabbana,SI,208,0DG6177,1,NO,update
951,8056597845380,Dolce Gabbana,SI,208,0DG6184,1,NO,update
952,8056597845830,Dolce Gabbana,SI,208,0DG6187,1,NO,update
953,8056597926478,Dolce Gabbana,SI,208,0DG6195,1,NO,update
954,8056262582978,Dolce Gabbana,SI,208,0DG6203,0,NO,create
955,8056262882382,Dolce Gabbana,SI,208,0DG6203,0,NO,create
956,8056262882368,Dolce Gabbana,SI,208,0DG6203,0,NO,create
957,8056262582992,Dolce Gabbana,SI,208,0DG6203,0,NO,create
958,8056262882375,Dolce Gabbana,SI,208,0DG6203,0,NO,create
959,8056262582947,Dolce Gabbana,SI,208,0DG6203,0,NO,create
960,8056262582985,Dolce Gabbana,SI,208,0DG6203,0,NO,create
961,8056262582954,Dolce Gabbana,SI,208,0DG6203,1,NO,update
962,8056262582404,Dolce Gabbana,SI,208,0DG6204,0,NO,create
963,8056262582435,Dolce Gabbana,SI,208,0DG6204,0,NO,create
964,8056262582428,Dolce Gabbana,SI,208,0DG6204,0,NO,create
965,8056262582411,Dolce Gabbana,SI,208,0DG6204,1,NO,update
966,8056262582398,Dolce Gabbana,SI,208,0DG6204,1,NO,update
967,8056262855270,Dolce Gabbana,SI,208,0DG6205,1,NO,update
968,8056262855287,Dolce Gabbana,SI,208,0DG6205,1,NO,update
969,8056262855294,Dolce Gabbana,SI,208,0DG6205,0,NO,create
970,8056262855256,Dolce Gabbana,SI,208,0DG6205,1,NO,update
971,8056262855263,Dolce Gabbana,SI,208,0DG6205,0,NO,create
972,8056262855300,Dolce Gabbana,SI,208,0DG6205,1,NO,update
973,8056262846964,Dolce Gabbana,SI,208,0DG6206,1,NO,update
974,8056262846971,Dolce Gabbana,SI,208,0DG6206,1,NO,update
975,8056262846988,Dolce Gabbana,SI,208,0DG6206,1,NO,update
976,8056262846940,Dolce Gabbana,SI,208,0DG6206,0,NO,create
977,8056262846957,Dolce Gabbana,SI,208,0DG6206,0,NO,create
978,8056262847251,Dolce Gabbana,SI,208,0DG6207,0,NO,create
979,8056262847268,Dolce Gabbana,SI,208,0DG6207,0,NO,create
980,8056262847275,Dolce Gabbana,SI,208,0DG6207,0,NO,create
981,8056262847237,Dolce Gabbana,SI,208,0DG6207,1,NO,update
982,8056262847244,Dolce Gabbana,SI,208,0DG6207,1,NO,update
983,8056262887226,Dolce Gabbana,SI,208,0DG6208,0,NO,create
984,8056262887233,Dolce Gabbana,SI,208,0DG6208,0,NO,create
985,8056262887240,Dolce Gabbana,SI,208,0DG6208,0,NO,create
986,8056262887257,Dolce Gabbana,SI,208,0DG6208,0,NO,create
987,8056266002625,Dolce Gabbana,SI,208,0DG6210,0,NO,create
988,8056266002632,Dolce Gabbana,SI,208,0DG6210,0,NO,create
989,8056266002601,Dolce Gabbana,SI,208,0DG6210,0,NO,create
990,8056266002618,Dolce Gabbana,SI,208,0DG6210,0,NO,create
991,8053672285468,Emporio Armani,SI,213,0EA1027,1,NO,update
992,8056262285046,Emporio Armani,SI,213,0EA1027,0,NO,create
993,8053672285482,Emporio Armani,SI,213,0EA1027,0,NO,create
994,8056262285084,Emporio Armani,SI,213,0EA1027,0,NO,create
995,8056262297117,Emporio Armani,SI,213,0EA1027,0,NO,create
996,8053672890532,Emporio Armani,SI,213,0EA1027,0,NO,create
997,8056262285060,Emporio Armani,SI,213,0EA1027,0,NO,create
998,8056262880517,Emporio Armani,SI,213,0EA1041,0,NO,create
999,8056262880524,Emporio Armani,SI,213,0EA1041,0,NO,create
1000,8053672468106,Emporio Armani,SI,213,0EA1041,1,NO,update
1001,8053672468113,Emporio Armani,SI,213,0EA1041,1,NO,update
1002,8053672468144,Emporio Armani,SI,213,0EA1041,1,NO,update
1003,8053672468151,Emporio Armani,SI,213,0EA1041,1,NO,update
1004,8056262083703,Emporio Armani,SI,213,0EA1044TD,0,NO,create
1005,8056262881842,Emporio Armani,SI,213,0EA1044TD,0,NO,create
1006,8056262881859,Emporio Armani,SI,213,0EA1045TD,0,NO,create
1007,8053672576764,Emporio Armani,SI,213,0EA1052,1,NO,update
1008,8053672576801,Emporio Armani,SI,213,0EA1052,0,NO,create
1009,8053672576795,Emporio Armani,SI,213,0EA1052,0,NO,create
1010,8056262991855,Emporio Armani,SI,213,0EA1052,0,NO,create
1011,8056262991862,Emporio Armani,SI,213,0EA1052,0,NO,create
1012,8053672748116,Emporio Armani,SI,213,0EA1059,1,NO,update
1013,8056262693643,Emporio Armani,SI,213,0EA1059,0,NO,create
1014,8053672748055,Emporio Armani,SI,213,0EA1059,0,NO,create
1015,8056262081303,Emporio Armani,SI,213,0EA1059,0,NO,create
1016,8053672886092,Emporio Armani,SI,213,0EA1079,1,NO,update
1017,8056262715451,Emporio Armani,SI,213,0EA1085D,0,NO,create
1018,8056262297148,Emporio Armani,SI,213,0EA1087,0,NO,create
1019,8056597008501,Emporio Armani,SI,213,0EA1087,0,NO,create
1020,8056597177535,Emporio Armani,SI,213,0EA1105,1,NO,update
1021,8056597177528,Emporio Armani,SI,213,0EA1105,1,NO,update
1022,8056262894019,Emporio Armani,SI,213,0EA1105,0,NO,create
1023,8056262880548,Emporio Armani,SI,213,0EA1105,0,NO,create
1024,8056262894095,Emporio Armani,SI,213,0EA1105,0,NO,create
1025,8056597848886,Emporio Armani,SI,213,0EA1105,0,NO,create
1026,8056597212342,Emporio Armani,SI,213,0EA1105,1,NO,update
1027,8056597212335,Emporio Armani,SI,213,0EA1105,1,NO,update
1028,8056262894002,Emporio Armani,SI,213,0EA1105,0,NO,create
1029,8056262297209,Emporio Armani,SI,213,0EA1105,0,NO,create
1030,8056262894088,Emporio Armani,SI,213,0EA1105,0,NO,create
1031,8056597313155,Emporio Armani,SI,213,0EA1110D,0,NO,create
1032,8056597366182,Emporio Armani,SI,213,0EA1110D,0,NO,create
1033,8056597330503,Emporio Armani,SI,213,0EA1114,0,NO,create
1034,8056597510370,Emporio Armani,SI,213,0EA1124,0,NO,create
1035,8056597514712,Emporio Armani,SI,213,0EA1128D,0,NO,create
1036,8056597617437,Emporio Armani,SI,213,0EA1130,0,NO,create
1037,8056597617499,Emporio Armani,SI,213,0EA1130,0,NO,create
1038,8056597607919,Emporio Armani,SI,213,0EA1131,0,NO,create
1039,8056597849678,Emporio Armani,SI,213,0EA1131,0,NO,create
1040,8056597606141,Emporio Armani,SI,213,0EA1133,0,NO,create
1041,8056597630115,Emporio Armani,SI,213,0EA1134D,0,NO,create
1042,8056597629836,Emporio Armani,SI,213,0EA1135D,0,NO,create
1043,8056262301760,Emporio Armani,SI,213,0EA1135D,0,NO,create
1044,8056597729659,Emporio Armani,SI,213,0EA1137,0,NO,create
1045,8056597729741,Emporio Armani,SI,213,0EA1138,1,NO,update
1046,8056597729789,Emporio Armani,SI,213,0EA1138,0,NO,create
1047,8056597819930,Emporio Armani,SI,213,0EA1142,0,NO,create
1048,8056597817806,Emporio Armani,SI,213,0EA1143,0,NO,create
1049,8056597817813,Emporio Armani,SI,213,0EA1143,0,NO,create
1050,8056597817905,Emporio Armani,SI,213,0EA1143,0,NO,create
1051,8056597818056,Emporio Armani,SI,213,0EA1144,0,NO,create
1052,8056597835787,Emporio Armani,SI,213,0EA1145D,0,NO,create
1053,8056597835770,Emporio Armani,SI,213,0EA1145D,0,NO,create
1054,8056597885416,Emporio Armani,SI,213,0EA1145D,0,NO,create
1055,8056597836838,Emporio Armani,SI,213,0EA1146D,0,NO,create
1056,8056597836852,Emporio Armani,SI,213,0EA1146D,0,NO,create
1057,8056597944946,Emporio Armani,SI,213,0EA1147,0,NO,create
1058,8056597944991,Emporio Armani,SI,213,0EA1147,1,NO,update
1059,8056597947091,Emporio Armani,SI,213,0EA1148,0,NO,create
1060,8056597946728,Emporio Armani,SI,213,0EA1149,1,NO,update
1061,8056262997536,Emporio Armani,SI,213,0EA1149,0,NO,create
1062,8056262297223,Emporio Armani,SI,213,0EA1149,0,NO,create
1063,8056597946742,Emporio Armani,SI,213,0EA1149,0,NO,create
1064,8056597946766,Emporio Armani,SI,213,0EA1149,0,NO,create
1065,8056597952088,Emporio Armani,SI,213,0EA1150,0,NO,create
1066,8056597952095,Emporio Armani,SI,213,0EA1150,0,NO,create
1067,8056597952118,Emporio Armani,SI,213,0EA1150,0,NO,create
1068,8056597952132,Emporio Armani,SI,213,0EA1150,0,NO,create
1069,8056597943765,Emporio Armani,SI,213,0EA1151,0,NO,create
1070,8056597944496,Emporio Armani,SI,213,0EA1152,0,NO,create
1071,8056597945646,Emporio Armani,SI,213,0EA1152,0,NO,create
1072,8056597964715,Emporio Armani,SI,213,0EA1154D,0,NO,create
1073,8056597964722,Emporio Armani,SI,213,0EA1154D,0,NO,create
1074,8056262035375,Emporio Armani,SI,213,0EA1157,0,NO,create
1075,8056262035368,Emporio Armani,SI,213,0EA1157,0,NO,create
1076,8056262035382,Emporio Armani,SI,213,0EA1157,0,NO,create
1077,8056262084175,Emporio Armani,SI,213,0EA1158D,0,NO,create
1078,8056262084182,Emporio Armani,SI,213,0EA1158D,0,NO,create
1079,8056262084120,Emporio Armani,SI,213,0EA1159D,0,NO,create
1080,8056262084144,Emporio Armani,SI,213,0EA1159D,0,NO,create
1081,8056262035443,Emporio Armani,SI,213,0EA1162,0,NO,create
1082,8056262035467,Emporio Armani,SI,213,0EA1162,0,NO,create
1083,8056262035511,Emporio Armani,SI,213,0EA1162,1,NO,update
1084,8056262035504,Emporio Armani,SI,213,0EA1162,0,NO,create
1085,8056262479261,Emporio Armani,SI,213,0EA1162,1,NO,update
1086,8056262235331,Emporio Armani,SI,213,0EA1163,0,NO,create
1087,8056262237434,Emporio Armani,SI,213,0EA1164,0,NO,create
1088,8056262237465,Emporio Armani,SI,213,0EA1164,0,NO,create
1089,8056262237472,Emporio Armani,SI,213,0EA1164,0,NO,create
1090,8056262237489,Emporio Armani,SI,213,0EA1164,0,NO,create
1091,8056262237496,Emporio Armani,SI,213,0EA1164,0,NO,create
1092,8056262241035,Emporio Armani,SI,213,0EA1165,0,NO,create
1093,8056262241103,Emporio Armani,SI,213,0EA1165,0,NO,create
1094,8056262242117,Emporio Armani,SI,213,0EA1166,0,NO,create
1095,8056262242155,Emporio Armani,SI,213,0EA1166,0,NO,create
1096,8056262242643,Emporio Armani,SI,213,0EA1167,1,NO,update
1097,8056262242674,Emporio Armani,SI,213,0EA1167,0,NO,create
1098,8056262242667,Emporio Armani,SI,213,0EA1167,1,NO,update
1099,8056262242681,Emporio Armani,SI,213,0EA1167,1,NO,update
1100,8056262294796,Emporio Armani,SI,213,0EA1168D,0,NO,create
1101,8056262991572,Emporio Armani,SI,213,0EA1168D,0,NO,create
1102,8056262294802,Emporio Armani,SI,213,0EA1168D,0,NO,create
1103,8056262715468,Emporio Armani,SI,213,0EA1168D,0,NO,create
1104,8056262294819,Emporio Armani,SI,213,0EA1168D,0,NO,create
1105,8056262294826,Emporio Armani,SI,213,0EA1168D,0,NO,create
1106,8056262284841,Emporio Armani,SI,213,0EA1169D,0,NO,create
1107,8056262284858,Emporio Armani,SI,213,0EA1169D,0,NO,create
1108,8056262991565,Emporio Armani,SI,213,0EA1169D,0,NO,create
1109,8056262284865,Emporio Armani,SI,213,0EA1169D,0,NO,create
1110,8056262284872,Emporio Armani,SI,213,0EA1169D,0,NO,create
1111,8056262462249,Emporio Armani,SI,213,0EA1170,0,NO,create
1112,8056262462232,Emporio Armani,SI,213,0EA1170,0,NO,create
1113,8056262693636,Emporio Armani,SI,213,0EA1170,0,NO,create
1114,8056262462300,Emporio Armani,SI,213,0EA1170,0,NO,create
1115,8056262462294,Emporio Armani,SI,213,0EA1170,0,NO,create
1116,8056262462270,Emporio Armani,SI,213,0EA1170,0,NO,create
1117,8056262470923,Emporio Armani,SI,213,0EA1171,0,NO,create
1118,8056262470916,Emporio Armani,SI,213,0EA1171,0,NO,create
1119,8056262470954,Emporio Armani,SI,213,0EA1171,0,NO,create
1120,8056262470930,Emporio Armani,SI,213,0EA1171,0,NO,create
1121,8056262470985,Emporio Armani,SI,213,0EA1171,0,NO,create
1122,8056262471005,Emporio Armani,SI,213,0EA1171,0,NO,create
1123,8056262465547,Emporio Armani,SI,213,0EA1172,0,NO,create
1124,8056262465578,Emporio Armani,SI,213,0EA1172,0,NO,create
1125,8056262465561,Emporio Armani,SI,213,0EA1172,0,NO,create
1126,8056262465585,Emporio Armani,SI,213,0EA1172,0,NO,create
1127,8056262465622,Emporio Armani,SI,213,0EA1172,0,NO,create
1128,8056262478011,Emporio Armani,SI,213,0EA1173D,0,NO,create
1129,8056262478028,Emporio Armani,SI,213,0EA1173D,0,NO,create
1130,8056262881835,Emporio Armani,SI,213,0EA1173D,0,NO,create
1131,8056262478042,Emporio Armani,SI,213,0EA1173D,0,NO,create
1132,8056262478165,Emporio Armani,SI,213,0EA1174D,0,NO,create
1133,8056262478172,Emporio Armani,SI,213,0EA1174D,0,NO,create
1134,8056262478189,Emporio Armani,SI,213,0EA1174D,0,NO,create
1135,8056262632871,Emporio Armani,SI,213,0EA1175,0,NO,create
1136,8056262632857,Emporio Armani,SI,213,0EA1175,0,NO,create
1137,8056262632925,Emporio Armani,SI,213,0EA1175,0,NO,create
1138,8056262632918,Emporio Armani,SI,213,0EA1175,0,NO,create
1139,8056262632963,Emporio Armani,SI,213,0EA1175,0,NO,create
1140,8056262632956,Emporio Armani,SI,213,0EA1175,0,NO,create
1141,8056262633014,Emporio Armani,SI,213,0EA1175,0,NO,create
1142,8056262632994,Emporio Armani,SI,213,0EA1175,0,NO,create
1143,8056262661796,Emporio Armani,SI,213,0EA1176,0,NO,create
1144,8056262661789,Emporio Armani,SI,213,0EA1176,0,NO,create
1145,8056262661819,Emporio Armani,SI,213,0EA1176,0,NO,create
1146,8056262661802,Emporio Armani,SI,213,0EA1176,0,NO,create
1147,8056262661826,Emporio Armani,SI,213,0EA1176,0,NO,create
1148,8056262661857,Emporio Armani,SI,213,0EA1176,0,NO,create
1149,8056262661840,Emporio Armani,SI,213,0EA1176,0,NO,create
1150,8056262661673,Emporio Armani,SI,213,0EA1177,0,NO,create
1151,8056262661666,Emporio Armani,SI,213,0EA1177,0,NO,create
1152,8056262661697,Emporio Armani,SI,213,0EA1177,0,NO,create
1153,8056262661680,Emporio Armani,SI,213,0EA1177,0,NO,create
1154,8056262671535,Emporio Armani,SI,213,0EA1177,0,NO,create
1155,8056262671528,Emporio Armani,SI,213,0EA1177,0,NO,create
1156,8056262661710,Emporio Armani,SI,213,0EA1177,0,NO,create
1157,8056262661703,Emporio Armani,SI,213,0EA1177,0,NO,create
1158,8056262661932,Emporio Armani,SI,213,0EA1178,0,NO,create
1159,8056262661925,Emporio Armani,SI,213,0EA1178,0,NO,create
1160,8056262661956,Emporio Armani,SI,213,0EA1178,0,NO,create
1161,8056262661949,Emporio Armani,SI,213,0EA1178,0,NO,create
1162,8056262661970,Emporio Armani,SI,213,0EA1178,0,NO,create
1163,8056262661963,Emporio Armani,SI,213,0EA1178,0,NO,create
1164,8056262661994,Emporio Armani,SI,213,0EA1178,0,NO,create
1165,8056262661987,Emporio Armani,SI,213,0EA1178,0,NO,create
1166,8056262662014,Emporio Armani,SI,213,0EA1178,0,NO,create
1167,8056262662007,Emporio Armani,SI,213,0EA1178,0,NO,create
1168,8056262671115,Emporio Armani,SI,213,0EA1179D,0,NO,create
1169,8056262671122,Emporio Armani,SI,213,0EA1179D,0,NO,create
1170,8056262671139,Emporio Armani,SI,213,0EA1179D,0,NO,create
1171,8056262671146,Emporio Armani,SI,213,0EA1179D,0,NO,create
1172,8056262670965,Emporio Armani,SI,213,0EA1180D,0,NO,create
1173,8056262670972,Emporio Armani,SI,213,0EA1180D,0,NO,create
1174,8056262670989,Emporio Armani,SI,213,0EA1180D,0,NO,create
1175,8056262670996,Emporio Armani,SI,213,0EA1180D,0,NO,create
1176,8056262848555,Emporio Armani,SI,213,0EA1182,0,NO,create
1177,8056262848531,Emporio Armani,SI,213,0EA1182,0,NO,create
1178,8056262848586,Emporio Armani,SI,213,0EA1182,0,NO,create
1179,8056262848579,Emporio Armani,SI,213,0EA1182,0,NO,create
1180,8056262848616,Emporio Armani,SI,213,0EA1182,0,NO,create
1181,8056262848609,Emporio Armani,SI,213,0EA1182,0,NO,create
1182,8056262848661,Emporio Armani,SI,213,0EA1182,0,NO,create
1183,8056262848654,Emporio Armani,SI,213,0EA1182,0,NO,create
1184,8056262851821,Emporio Armani,SI,213,0EA1183,0,NO,create
1185,8056262851814,Emporio Armani,SI,213,0EA1183,0,NO,create
1186,8056262997550,Emporio Armani,SI,213,0EA1183,0,NO,create
1187,8056262997543,Emporio Armani,SI,213,0EA1183,0,NO,create
1188,8056262851159,Emporio Armani,SI,213,0EA1183,0,NO,create
1189,8056262851142,Emporio Armani,SI,213,0EA1183,0,NO,create
1190,8056262851173,Emporio Armani,SI,213,0EA1183,0,NO,create
1191,8056262851166,Emporio Armani,SI,213,0EA1183,0,NO,create
1192,8056262851203,Emporio Armani,SI,213,0EA1183,0,NO,create
1193,8056262851197,Emporio Armani,SI,213,0EA1183,0,NO,create
1194,8056262851395,Emporio Armani,SI,213,0EA1184,0,NO,create
1195,8056262851401,Emporio Armani,SI,213,0EA1184,0,NO,create
1196,8056262851425,Emporio Armani,SI,213,0EA1184,0,NO,create
1197,8056262851432,Emporio Armani,SI,213,0EA1184,0,NO,create
1198,8056262851463,Emporio Armani,SI,213,0EA1184,0,NO,create
1199,8056262851470,Emporio Armani,SI,213,0EA1184,0,NO,create
1200,8056262851494,Emporio Armani,SI,213,0EA1184,0,NO,create
1201,8056262851500,Emporio Armani,SI,213,0EA1184,0,NO,create
1202,8056262851562,Emporio Armani,SI,213,0EA1185B,0,NO,create
1203,8056262851555,Emporio Armani,SI,213,0EA1185B,0,NO,create
1204,8056262851586,Emporio Armani,SI,213,0EA1185B,0,NO,create
1205,8056262851579,Emporio Armani,SI,213,0EA1185B,0,NO,create
1206,8056262851654,Emporio Armani,SI,213,0EA1185B,0,NO,create
1207,8056262851647,Emporio Armani,SI,213,0EA1185B,0,NO,create
1208,8056262851678,Emporio Armani,SI,213,0EA1185B,0,NO,create
1209,8056262851661,Emporio Armani,SI,213,0EA1185B,0,NO,create
1210,8056262855997,Emporio Armani,SI,213,0EA1186D,0,NO,create
1211,8056262856000,Emporio Armani,SI,213,0EA1186D,0,NO,create
1212,8056262856017,Emporio Armani,SI,213,0EA1186D,0,NO,create
1213,8056262856024,Emporio Armani,SI,213,0EA1186D,0,NO,create
1214,8056262856031,Emporio Armani,SI,213,0EA1187TD,0,NO,create
1215,8056262856048,Emporio Armani,SI,213,0EA1187TD,0,NO,create
1216,8056262856055,Emporio Armani,SI,213,0EA1187TD,0,NO,create
1217,8056262856062,Emporio Armani,SI,213,0EA1187TD,0,NO,create
1218,8056262856079,Emporio Armani,SI,213,0EA1188TD,0,NO,create
1219,8056262856086,Emporio Armani,SI,213,0EA1188TD,0,NO,create
1220,8056262859858,Emporio Armani,SI,213,0EA1188TD,0,NO,create
1221,8056262856109,Emporio Armani,SI,213,0EA1188TD,0,NO,create
1222,8056262970164,Emporio Armani,SI,213,0EA1189,0,NO,create
1223,8056262970157,Emporio Armani,SI,213,0EA1189,0,NO,create
1224,8056262970188,Emporio Armani,SI,213,0EA1189,0,NO,create
1225,8056262970171,Emporio Armani,SI,213,0EA1189,0,NO,create
1226,8056262970201,Emporio Armani,SI,213,0EA1189,0,NO,create
1227,8056262970195,Emporio Armani,SI,213,0EA1189,0,NO,create
1228,8056262970225,Emporio Armani,SI,213,0EA1189,0,NO,create
1229,8056262970218,Emporio Armani,SI,213,0EA1189,0,NO,create
1230,8056262971833,Emporio Armani,SI,213,0EA1190,0,NO,create
1231,8056262971826,Emporio Armani,SI,213,0EA1190,0,NO,create
1232,8056262971819,Emporio Armani,SI,213,0EA1190,0,NO,create
1233,8056262971864,Emporio Armani,SI,213,0EA1190,0,NO,create
1234,8056262971857,Emporio Armani,SI,213,0EA1190,0,NO,create
1235,8056262971840,Emporio Armani,SI,213,0EA1190,0,NO,create
1236,8056262971895,Emporio Armani,SI,213,0EA1190,0,NO,create
1237,8056262971888,Emporio Armani,SI,213,0EA1190,0,NO,create
1238,8056262971871,Emporio Armani,SI,213,0EA1190,0,NO,create
1239,8056262971925,Emporio Armani,SI,213,0EA1190,0,NO,create
1240,8056262971918,Emporio Armani,SI,213,0EA1190,0,NO,create
1241,8056262971901,Emporio Armani,SI,213,0EA1190,0,NO,create
1242,8056262975879,Emporio Armani,SI,213,0EA1191,0,NO,create
1243,8056262975862,Emporio Armani,SI,213,0EA1191,0,NO,create
1244,8056262975893,Emporio Armani,SI,213,0EA1191,0,NO,create
1245,8056262975886,Emporio Armani,SI,213,0EA1191,0,NO,create
1246,8056262975923,Emporio Armani,SI,213,0EA1191,0,NO,create
1247,8056262975909,Emporio Armani,SI,213,0EA1191,0,NO,create
1248,8056262976289,Emporio Armani,SI,213,0EA1192,0,NO,create
1249,8056262976272,Emporio Armani,SI,213,0EA1192,0,NO,create
1250,8056262976302,Emporio Armani,SI,213,0EA1192,0,NO,create
1251,8056262976296,Emporio Armani,SI,213,0EA1192,0,NO,create
1252,8056262976333,Emporio Armani,SI,213,0EA1192,0,NO,create
1253,8056262976326,Emporio Armani,SI,213,0EA1192,0,NO,create
1254,8056262980019,Emporio Armani,SI,213,0EA1193TD,0,NO,create
1255,8056262980026,Emporio Armani,SI,213,0EA1193TD,0,NO,create
1256,8056262980033,Emporio Armani,SI,213,0EA1193TD,0,NO,create
1257,8056262980040,Emporio Armani,SI,213,0EA1193TD,0,NO,create
1258,8056262980309,Emporio Armani,SI,213,0EA1194TD,0,NO,create
1259,8056266093623,Emporio Armani,SI,213,0EA1194TD,0,NO,create
1260,8056262980323,Emporio Armani,SI,213,0EA1194TD,0,NO,create
1261,8056262980330,Emporio Armani,SI,213,0EA1194TD,0,NO,create
1262,8056262980347,Emporio Armani,SI,213,0EA1195TD,0,NO,create
1263,8056262980354,Emporio Armani,SI,213,0EA1195TD,0,NO,create
1264,8056262980378,Emporio Armani,SI,213,0EA1195TD,0,NO,create
1265,8056262980361,Emporio Armani,SI,213,0EA1195TD,0,NO,create
1266,8056262979976,Emporio Armani,SI,213,0EA1196D,0,NO,create
1267,8056262980002,Emporio Armani,SI,213,0EA1196D,0,NO,create
1268,8056262979983,Emporio Armani,SI,213,0EA1196D,0,NO,create
1269,8056262979990,Emporio Armani,SI,213,0EA1196D,0,NO,create
1270,8056262979907,Emporio Armani,SI,213,0EA1197D,0,NO,create
1271,8056262979914,Emporio Armani,SI,213,0EA1197D,0,NO,create
1272,8056262979921,Emporio Armani,SI,213,0EA1197D,0,NO,create
1273,8053672468731,Emporio Armani,SI,213,0EA2033,0,NO,create
1274,8053672810974,Emporio Armani,SI,213,0EA2059,0,NO,create
1275,8053672886290,Emporio Armani,SI,213,0EA2066,0,NO,create
1276,8056597114028,Emporio Armani,SI,213,0EA2087,0,NO,create
1277,8056262478318,Emporio Armani,SI,213,0EA2087,0,NO,create
1278,8056597366472,Emporio Armani,SI,213,0EA2099D,0,NO,create
1279,8056597630894,Emporio Armani,SI,213,0EA2129D,0,NO,create
1280,8056262479285,Emporio Armani,SI,213,0EA2135D,0,NO,create
1281,8056597835442,Emporio Armani,SI,213,0EA2142D,0,NO,create
1282,8056597944847,Emporio Armani,SI,213,0EA2144,0,NO,create
1283,8056597944854,Emporio Armani,SI,213,0EA2144,0,NO,create
1284,8056597944878,Emporio Armani,SI,213,0EA2144,0,NO,create
1285,8056597950794,Emporio Armani,SI,213,0EA2145,0,NO,create
1286,8056597950800,Emporio Armani,SI,213,0EA2145,0,NO,create
1287,8056597944304,Emporio Armani,SI,213,0EA2146,0,NO,create
1288,8056597944328,Emporio Armani,SI,213,0EA2146,0,NO,create
1289,8056597944335,Emporio Armani,SI,213,0EA2146,0,NO,create
1290,8056262724286,Emporio Armani,SI,213,0EA2147,0,NO,create
1291,8056597947275,Emporio Armani,SI,213,0EA2147,0,NO,create
1292,8056597947282,Emporio Armani,SI,213,0EA2147,0,NO,create
1293,8056262724293,Emporio Armani,SI,213,0EA2147,0,NO,create
1294,8056597947299,Emporio Armani,SI,213,0EA2147,0,NO,create
1295,8056262724309,Emporio Armani,SI,213,0EA2147,0,NO,create
1296,8056597964364,Emporio Armani,SI,213,0EA2149D,0,NO,create
1297,8056597968089,Emporio Armani,SI,213,0EA2149D,0,NO,create
1298,8056597951890,Emporio Armani,SI,213,0EA2150,0,NO,create
1299,8056597972031,Emporio Armani,SI,213,0EA2151,0,NO,create
1300,8056597972048,Emporio Armani,SI,213,0EA2151,0,NO,create
1301,8056262078860,Emporio Armani,SI,213,0EA2154D,0,NO,create
1302,8056262078907,Emporio Armani,SI,213,0EA2154D,0,NO,create
1303,8056262035795,Emporio Armani,SI,213,0EA2155,0,NO,create
1304,8056262035801,Emporio Armani,SI,213,0EA2155,0,NO,create
1305,8056262035818,Emporio Armani,SI,213,0EA2155,0,NO,create
1306,8056262035825,Emporio Armani,SI,213,0EA2155,0,NO,create
1307,8056262241806,Emporio Armani,SI,213,0EA2156,0,NO,create
1308,8056262241813,Emporio Armani,SI,213,0EA2156,0,NO,create
1309,8056262241820,Emporio Armani,SI,213,0EA2156,0,NO,create
1310,8056262241837,Emporio Armani,SI,213,0EA2156,0,NO,create
1311,8056262241141,Emporio Armani,SI,213,0EA2157,0,NO,create
1312,8056262302934,Emporio Armani,SI,213,0EA2159D,0,NO,create
1313,8056262302958,Emporio Armani,SI,213,0EA2159D,0,NO,create
1314,8056262302965,Emporio Armani,SI,213,0EA2159D,0,NO,create
1315,8056262303580,Emporio Armani,SI,213,0EA2160,0,NO,create
1316,8056262303603,Emporio Armani,SI,213,0EA2160,0,NO,create
1317,8056262469583,Emporio Armani,SI,213,0EA2161,0,NO,create
1318,8056262469590,Emporio Armani,SI,213,0EA2161,0,NO,create
1319,8056262469606,Emporio Armani,SI,213,0EA2161,0,NO,create
1320,8056262469613,Emporio Armani,SI,213,0EA2161,0,NO,create
1321,8056262471203,Emporio Armani,SI,213,0EA2162,1,NO,update
1322,8056262471197,Emporio Armani,SI,213,0EA2162,0,NO,create
1323,8056262471210,Emporio Armani,SI,213,0EA2162,0,NO,create
1324,8056262471180,Emporio Armani,SI,213,0EA2162,0,NO,create
1325,8056262991824,Emporio Armani,SI,213,0EA2162,0,NO,create
1326,8056262481240,Emporio Armani,SI,213,0EA2163,1,NO,update
1327,8056262481257,Emporio Armani,SI,213,0EA2163,0,NO,create
1328,8056262481264,Emporio Armani,SI,213,0EA2163,0,NO,create
1329,8056262481271,Emporio Armani,SI,213,0EA2163,0,NO,create
1330,8056262478103,Emporio Armani,SI,213,0EA2164D,0,NO,create
1331,8056262478110,Emporio Armani,SI,213,0EA2164D,0,NO,create
1332,8056262478127,Emporio Armani,SI,213,0EA2164D,0,NO,create
1333,8056262991596,Emporio Armani,SI,213,0EA2165D,0,NO,create
1334,8056262478134,Emporio Armani,SI,213,0EA2165D,0,NO,create
1335,8056262478141,Emporio Armani,SI,213,0EA2165D,0,NO,create
1336,8056262478158,Emporio Armani,SI,213,0EA2165D,0,NO,create
1337,8056262471340,Emporio Armani,SI,213,0EA2166,0,NO,create
1338,8056262471357,Emporio Armani,SI,213,0EA2166,0,NO,create
1339,8056262519905,Emporio Armani,SI,213,0EA2168,0,NO,create
1340,8056262661574,Emporio Armani,SI,213,0EA2169,0,NO,create
1341,8056262661581,Emporio Armani,SI,213,0EA2169,0,NO,create
1342,8056262672778,Emporio Armani,SI,213,0EA2169,0,NO,create
1343,8056262661598,Emporio Armani,SI,213,0EA2169,0,NO,create
1344,8056262661888,Emporio Armani,SI,213,0EA2170,0,NO,create
1345,8056262661895,Emporio Armani,SI,213,0EA2170,0,NO,create
1346,8056262661901,Emporio Armani,SI,213,0EA2170,0,NO,create
1347,8056262661918,Emporio Armani,SI,213,0EA2170,0,NO,create
1348,8056262600306,Emporio Armani,SI,213,0EA2171,0,NO,create
1349,8056262600313,Emporio Armani,SI,213,0EA2171,0,NO,create
1350,8056262600290,Emporio Armani,SI,213,0EA2171,0,NO,create
1351,8056262600320,Emporio Armani,SI,213,0EA2171,0,NO,create
1352,8056262600337,Emporio Armani,SI,213,0EA2171,0,NO,create
1353,8056262670927,Emporio Armani,SI,213,0EA2172D,0,NO,create
1354,8056262670910,Emporio Armani,SI,213,0EA2172D,0,NO,create
1355,8056262670934,Emporio Armani,SI,213,0EA2172D,0,NO,create
1356,8056262670941,Emporio Armani,SI,213,0EA2172D,0,NO,create
1357,8056262851517,Emporio Armani,SI,213,0EA2173,0,NO,create
1358,8056262851524,Emporio Armani,SI,213,0EA2173,0,NO,create
1359,8056262851531,Emporio Armani,SI,213,0EA2173,0,NO,create
1360,8056262851548,Emporio Armani,SI,213,0EA2173,0,NO,create
1361,8056262853481,Emporio Armani,SI,213,0EA2174B,0,NO,create
1362,8056262853498,Emporio Armani,SI,213,0EA2174B,0,NO,create
1363,8056262853504,Emporio Armani,SI,213,0EA2174B,0,NO,create
1364,8056262853511,Emporio Armani,SI,213,0EA2174B,0,NO,create
1365,8056262880029,Emporio Armani,SI,213,0EA2175,1,NO,update
1366,8056262880005,Emporio Armani,SI,213,0EA2175,0,NO,create
1367,8056262880012,Emporio Armani,SI,213,0EA2175,0,NO,create
1368,8056262880043,Emporio Armani,SI,213,0EA2175,0,NO,create
1369,8056262880036,Emporio Armani,SI,213,0EA2175,0,NO,create
1370,8056262880050,Emporio Armani,SI,213,0EA2176,0,NO,create
1371,8056262880067,Emporio Armani,SI,213,0EA2176,0,NO,create
1372,8056262880074,Emporio Armani,SI,213,0EA2176,0,NO,create
1373,8056262906651,Emporio Armani,SI,213,0EA2177,0,NO,create
1374,8056262906668,Emporio Armani,SI,213,0EA2177,0,NO,create
1375,8056262906675,Emporio Armani,SI,213,0EA2177,0,NO,create
1376,8056262906682,Emporio Armani,SI,213,0EA2177,0,NO,create
1377,8056262976159,Emporio Armani,SI,213,0EA2178,0,NO,create
1378,8056262976173,Emporio Armani,SI,213,0EA2178,0,NO,create
1379,8056262976104,Emporio Armani,SI,213,0EA2178,0,NO,create
1380,8056262976128,Emporio Armani,SI,213,0EA2178,0,NO,create
1381,8056262976142,Emporio Armani,SI,213,0EA2178,0,NO,create
1382,8056262979419,Emporio Armani,SI,213,0EA2179,0,NO,create
1383,8056262979440,Emporio Armani,SI,213,0EA2179,0,NO,create
1384,8056262979426,Emporio Armani,SI,213,0EA2179,0,NO,create
1385,8056262979433,Emporio Armani,SI,213,0EA2179,0,NO,create
1386,8056262975756,Emporio Armani,SI,213,0EA2180,0,NO,create
1387,8056262975763,Emporio Armani,SI,213,0EA2180,0,NO,create
1388,8056262975787,Emporio Armani,SI,213,0EA2180,0,NO,create
1389,8056266093647,Emporio Armani,SI,213,0EA2182,0,NO,create
1390,8056266093654,Emporio Armani,SI,213,0EA2182,0,NO,create
1391,8056266093661,Emporio Armani,SI,213,0EA2182,0,NO,create
1392,8056266093678,Emporio Armani,SI,213,0EA2182,0,NO,create
1393,8056262479018,Emporio Armani,SI,213,0EA3038,0,NO,create
1394,8053672286007,Emporio Armani,SI,213,0EA3038,0,NO,create
1395,8053672286014,Emporio Armani,SI,213,0EA3038,0,NO,create
1396,8056262082584,Emporio Armani,SI,213,0EA3038,0,NO,create
1397,8056262905999,Emporio Armani,SI,213,0EA3038,0,NO,create
1398,8056262880111,Emporio Armani,SI,213,0EA3038,0,NO,create
1399,8053672467987,Emporio Armani,SI,213,0EA3069,1,NO,update
1400,8056262297131,Emporio Armani,SI,213,0EA3069,0,NO,create
1401,8056262297124,Emporio Armani,SI,213,0EA3069,1,NO,update
1402,8056597534864,Emporio Armani,SI,213,0EA3098,1,NO,update
1403,8053672864601,Emporio Armani,SI,213,0EA3098,1,NO,update
1404,8053672640991,Emporio Armani,SI,213,0EA3099,0,NO,create
1405,8056262294949,Emporio Armani,SI,213,0EA3099,0,NO,create
1406,8056262881347,Emporio Armani,SI,213,0EA3099,0,NO,create
1407,8056597978699,Emporio Armani,SI,213,0EA3145D,0,NO,create
1408,8056262889008,Emporio Armani,SI,213,0EA3147,0,NO,create
1409,8056597008310,Emporio Armani,SI,213,0EA3147,1,NO,update
1410,8056597975148,Emporio Armani,SI,213,0EA3147,0,NO,create
1411,8056597008341,Emporio Armani,SI,213,0EA3147,1,NO,update
1412,8056597008334,Emporio Armani,SI,213,0EA3147,1,NO,update
1413,8056597755115,Emporio Armani,SI,213,0EA3147,1,NO,update
1414,8056597850032,Emporio Armani,SI,213,0EA3162,0,NO,create
1415,8056597211628,Emporio Armani,SI,213,0EA3168,0,NO,create
1416,8056597644471,Emporio Armani,SI,213,0EA3168,0,NO,create
1417,8056597211666,Emporio Armani,SI,213,0EA3168,0,NO,create
1418,8056262881446,Emporio Armani,SI,213,0EA3168,0,NO,create
1419,8056597648844,Emporio Armani,SI,213,0EA3169,0,NO,create
1420,8056597330992,Emporio Armani,SI,213,0EA3172,0,NO,create
1421,8056597330428,Emporio Armani,SI,213,0EA3177,1,NO,update
1422,8056597644280,Emporio Armani,SI,213,0EA3177,1,NO,update
1423,8056597413268,Emporio Armani,SI,213,0EA3181,0,NO,create
1424,8056597528054,Emporio Armani,SI,213,0EA3185,0,NO,create
1425,8056597511841,Emporio Armani,SI,213,0EA3190,1,NO,update
1426,8056597511933,Emporio Armani,SI,213,0EA3190,1,NO,update
1427,8056597614245,Emporio Armani,SI,213,0EA3193,0,NO,create
1428,8056597614269,Emporio Armani,SI,213,0EA3193,1,NO,update
1429,8056597614252,Emporio Armani,SI,213,0EA3193,1,NO,update
1430,8056597850131,Emporio Armani,SI,213,0EA3193,1,NO,update
1431,8056597614276,Emporio Armani,SI,213,0EA3193,0,NO,create
1432,8056597619493,Emporio Armani,SI,213,0EA3196,0,NO,create
1433,8056597765251,Emporio Armani,SI,213,0EA3206,0,NO,create
1434,8056597765275,Emporio Armani,SI,213,0EA3206,0,NO,create
1435,8056597766081,Emporio Armani,SI,213,0EA3208,0,NO,create
1436,8056597766142,Emporio Armani,SI,213,0EA3208,0,NO,create
1437,8056597781411,Emporio Armani,SI,213,0EA3215D,0,NO,create
1438,8056262881965,Emporio Armani,SI,213,0EA3215D,0,NO,create
1439,8056262715482,Emporio Armani,SI,213,0EA3215D,0,NO,create
1440,8056262715475,Emporio Armani,SI,213,0EA3216D,0,NO,create
1441,8056597783712,Emporio Armani,SI,213,0EA3216D,0,NO,create
1442,8056597783729,Emporio Armani,SI,213,0EA3216D,0,NO,create
1443,8056597783767,Emporio Armani,SI,213,0EA3217D,0,NO,create
1444,8056597783774,Emporio Armani,SI,213,0EA3217D,0,NO,create
1445,8056262881972,Emporio Armani,SI,213,0EA3217D,0,NO,create
1446,8056597815789,Emporio Armani,SI,213,0EA3218,0,NO,create
1447,8056597815796,Emporio Armani,SI,213,0EA3218,0,NO,create
1448,8056262082287,Emporio Armani,SI,213,0EA3218,0,NO,create
1449,8056597815833,Emporio Armani,SI,213,0EA3218,0,NO,create
1450,8056597815871,Emporio Armani,SI,213,0EA3218,0,NO,create
1451,8056597815888,Emporio Armani,SI,213,0EA3219,0,NO,create
1452,8056597818995,Emporio Armani,SI,213,0EA3221,0,NO,create
1453,8056597819008,Emporio Armani,SI,213,0EA3221,0,NO,create
1454,8056597819763,Emporio Armani,SI,213,0EA3223U,0,NO,create
1455,8056262301753,Emporio Armani,SI,213,0EA3223U,0,NO,create
1456,8056597835824,Emporio Armani,SI,213,0EA3226D,0,NO,create
1457,8056597946902,Emporio Armani,SI,213,0EA3227,0,NO,create
1458,8056597946919,Emporio Armani,SI,213,0EA3227,1,NO,update
1459,8056597946933,Emporio Armani,SI,213,0EA3227,0,NO,create
1460,8056597946940,Emporio Armani,SI,213,0EA3227,0,NO,create
1461,8056597946957,Emporio Armani,SI,213,0EA3227,0,NO,create
1462,8056597946964,Emporio Armani,SI,213,0EA3227,1,NO,update
1463,8056597946995,Emporio Armani,SI,213,0EA3227,0,NO,create
1464,8056597946827,Emporio Armani,SI,213,0EA3228,0,NO,create
1465,8056597944397,Emporio Armani,SI,213,0EA3229,0,NO,create
1466,8056597944472,Emporio Armani,SI,213,0EA3229,0,NO,create
1467,8056597945837,Emporio Armani,SI,213,0EA3230,1,NO,update
1468,8056597949804,Emporio Armani,SI,213,0EA3231,0,NO,create
1469,8056597949842,Emporio Armani,SI,213,0EA3231,0,NO,create
1470,8056597949880,Emporio Armani,SI,213,0EA3231,0,NO,create
1471,8056597949897,Emporio Armani,SI,213,0EA3231,0,NO,create
1472,8056262035573,Emporio Armani,SI,213,0EA3233,1,NO,update
1473,8056262479131,Emporio Armani,SI,213,0EA3233,0,NO,create
1474,8056262035603,Emporio Armani,SI,213,0EA3233,1,NO,update
1475,8056262035597,Emporio Armani,SI,213,0EA3233,1,NO,update
1476,8056262296967,Emporio Armani,SI,213,0EA3233,0,NO,create
1477,8056262035634,Emporio Armani,SI,213,0EA3233,1,NO,update
1478,8056262038079,Emporio Armani,SI,213,0EA3235U,0,NO,create
1479,8056262038086,Emporio Armani,SI,213,0EA3235U,0,NO,create
1480,8056262038093,Emporio Armani,SI,213,0EA3235U,0,NO,create
1481,8056262037010,Emporio Armani,SI,213,0EA3236,0,NO,create
1482,8056262037065,Emporio Armani,SI,213,0EA3236,0,NO,create
1483,8056262037096,Emporio Armani,SI,213,0EA3236,0,NO,create
1484,8056262035863,Emporio Armani,SI,213,0EA3237,0,NO,create
1485,8056262035900,Emporio Armani,SI,213,0EA3237,0,NO,create
1486,8056262034989,Emporio Armani,SI,213,0EA3238U,0,NO,create
1487,8056262035009,Emporio Armani,SI,213,0EA3238U,0,NO,create
1488,8056262035054,Emporio Armani,SI,213,0EA3238U,0,NO,create
1489,8056262035047,Emporio Armani,SI,213,0EA3238U,0,NO,create
1490,8056262478943,Emporio Armani,SI,213,0EA3239,0,NO,create
1491,8056262034583,Emporio Armani,SI,213,0EA3239,1,NO,update
1492,8056262034576,Emporio Armani,SI,213,0EA3239,1,NO,update
1493,8056262034606,Emporio Armani,SI,213,0EA3239,1,NO,update
1494,8056262034590,Emporio Armani,SI,213,0EA3239,1,NO,update
1495,8056262034613,Emporio Armani,SI,213,0EA3239,0,NO,create
1496,8056262880661,Emporio Armani,SI,213,0EA3239,0,NO,create
1497,8056262035061,Emporio Armani,SI,213,0EA3240U,0,NO,create
1498,8056262035085,Emporio Armani,SI,213,0EA3240U,0,NO,create
1499,8056262035108,Emporio Armani,SI,213,0EA3240U,0,NO,create
1500,8056262035139,Emporio Armani,SI,213,0EA3240U,0,NO,create
1501,8056262479117,Emporio Armani,SI,213,0EA3242U,0,NO,create
1502,8056262036303,Emporio Armani,SI,213,0EA3242U,0,NO,create
1503,8056262039021,Emporio Armani,SI,213,0EA3243,0,NO,create
1504,8056262039090,Emporio Armani,SI,213,0EA3243,0,NO,create
1505,8056262233870,Emporio Armani,SI,213,0EA3244,0,NO,create
1506,8056262233894,Emporio Armani,SI,213,0EA3244,0,NO,create
1507,8056262233948,Emporio Armani,SI,213,0EA3244,0,NO,create
1508,8056262233955,Emporio Armani,SI,213,0EA3244,0,NO,create
1509,8056262234273,Emporio Armani,SI,213,0EA3245U,0,NO,create
1510,8056262234303,Emporio Armani,SI,213,0EA3245U,0,NO,create
1511,8056262234327,Emporio Armani,SI,213,0EA3245U,0,NO,create
1512,8056262234310,Emporio Armani,SI,213,0EA3245U,0,NO,create
1513,8056262234341,Emporio Armani,SI,213,0EA3245U,0,NO,create
1514,8056262234334,Emporio Armani,SI,213,0EA3245U,0,NO,create
1515,8056262234389,Emporio Armani,SI,213,0EA3246,0,NO,create
1516,8056262234372,Emporio Armani,SI,213,0EA3246,0,NO,create
1517,8056262479278,Emporio Armani,SI,213,0EA3246,0,NO,create
1518,8056262234402,Emporio Armani,SI,213,0EA3246,0,NO,create
1519,8056262234396,Emporio Armani,SI,213,0EA3246,0,NO,create
1520,8056262234426,Emporio Armani,SI,213,0EA3246,1,NO,update
1521,8056262236642,Emporio Armani,SI,213,0EA3247,0,NO,create
1522,8056262236697,Emporio Armani,SI,213,0EA3247,0,NO,create
1523,8056262236680,Emporio Armani,SI,213,0EA3247,0,NO,create
1524,8056262236710,Emporio Armani,SI,213,0EA3247,0,NO,create
1525,8056262242865,Emporio Armani,SI,213,0EA3248,0,NO,create
1526,8056262242858,Emporio Armani,SI,213,0EA3248,0,NO,create
1527,8056262242872,Emporio Armani,SI,213,0EA3248,0,NO,create
1528,8056262693650,Emporio Armani,SI,213,0EA3248,0,NO,create
1529,8056262242964,Emporio Armani,SI,213,0EA3248,0,NO,create
1530,8056262242957,Emporio Armani,SI,213,0EA3248,0,NO,create
1531,8056262243435,Emporio Armani,SI,213,0EA3249U,0,NO,create
1532,8056262243428,Emporio Armani,SI,213,0EA3249U,0,NO,create
1533,8056262693667,Emporio Armani,SI,213,0EA3249U,0,NO,create
1534,8056262243442,Emporio Armani,SI,213,0EA3249U,0,NO,create
1535,8056262243473,Emporio Armani,SI,213,0EA3249U,0,NO,create
1536,8056262243466,Emporio Armani,SI,213,0EA3249U,0,NO,create
1537,8056262243497,Emporio Armani,SI,213,0EA3249U,0,NO,create
1538,8056262243480,Emporio Armani,SI,213,0EA3249U,0,NO,create
1539,8056262244258,Emporio Armani,SI,213,0EA3250U,0,NO,create
1540,8056262693629,Emporio Armani,SI,213,0EA3250U,0,NO,create
1541,8056262244289,Emporio Armani,SI,213,0EA3250U,0,NO,create
1542,8056262244302,Emporio Armani,SI,213,0EA3250U,0,NO,create
1543,8056262244296,Emporio Armani,SI,213,0EA3250U,0,NO,create
1544,8056262244319,Emporio Armani,SI,213,0EA3250U,0,NO,create
1545,8056262292310,Emporio Armani,SI,213,0EA3252D,0,NO,create
1546,8056262292327,Emporio Armani,SI,213,0EA3252D,0,NO,create
1547,8056262292334,Emporio Armani,SI,213,0EA3252D,0,NO,create
1548,8056262292341,Emporio Armani,SI,213,0EA3252D,0,NO,create
1549,8056262457795,Emporio Armani,SI,213,0EA3253,0,NO,create
1550,8056262457788,Emporio Armani,SI,213,0EA3253,1,NO,update
1551,8056262457863,Emporio Armani,SI,213,0EA3253,0,NO,create
1552,8056262457832,Emporio Armani,SI,213,0EA3253,1,NO,update
1553,8056262457825,Emporio Armani,SI,213,0EA3253,0,NO,create
1554,8056262457856,Emporio Armani,SI,213,0EA3253,0,NO,create
1555,8056262463352,Emporio Armani,SI,213,0EA3254,0,NO,create
1556,8056262463345,Emporio Armani,SI,213,0EA3254,0,NO,create
1557,8056262463376,Emporio Armani,SI,213,0EA3254,1,NO,update
1558,8056262463437,Emporio Armani,SI,213,0EA3254,0,NO,create
1559,8056262463413,Emporio Armani,SI,213,0EA3254,0,NO,create
1560,8056262463192,Emporio Armani,SI,213,0EA3255,0,NO,create
1561,8056262463260,Emporio Armani,SI,213,0EA3255,0,NO,create
1562,8056262463253,Emporio Armani,SI,213,0EA3255,0,NO,create
1563,8056262463895,Emporio Armani,SI,213,0EA3256U,0,NO,create
1564,8056262463925,Emporio Armani,SI,213,0EA3256U,0,NO,create
1565,8056262463918,Emporio Armani,SI,213,0EA3256U,0,NO,create
1566,8056262463932,Emporio Armani,SI,213,0EA3256U,0,NO,create
1567,8056262463956,Emporio Armani,SI,213,0EA3256U,0,NO,create
1568,8056262463987,Emporio Armani,SI,213,0EA3256U,0,NO,create
1569,8056262464113,Emporio Armani,SI,213,0EA3257,0,NO,create
1570,8056262464106,Emporio Armani,SI,213,0EA3257,0,NO,create
1571,8056262992517,Emporio Armani,SI,213,0EA3257,0,NO,create
1572,8056262992555,Emporio Armani,SI,213,0EA3257,0,NO,create
1573,8056262464144,Emporio Armani,SI,213,0EA3257,0,NO,create
1574,8056262464168,Emporio Armani,SI,213,0EA3257,0,NO,create
1575,8056262463512,Emporio Armani,SI,213,0EA3258,0,NO,create
1576,8056262463567,Emporio Armani,SI,213,0EA3258,0,NO,create
1577,8056262463550,Emporio Armani,SI,213,0EA3258,0,NO,create
1578,8056262463581,Emporio Armani,SI,213,0EA3258,0,NO,create
1579,8056262463598,Emporio Armani,SI,213,0EA3259,0,NO,create
1580,8056262463611,Emporio Armani,SI,213,0EA3259,0,NO,create
1581,8056262463642,Emporio Armani,SI,213,0EA3259,0,NO,create
1582,8056262463635,Emporio Armani,SI,213,0EA3259,0,NO,create
1583,8056262463659,Emporio Armani,SI,213,0EA3259,0,NO,create
1584,8056262463680,Emporio Armani,SI,213,0EA3259,0,NO,create
1585,8056262463673,Emporio Armani,SI,213,0EA3259,0,NO,create
1586,8056262469699,Emporio Armani,SI,213,0EA3261U,0,NO,create
1587,8056262469682,Emporio Armani,SI,213,0EA3261U,0,NO,create
1588,8056262469712,Emporio Armani,SI,213,0EA3261U,0,NO,create
1589,8056262469705,Emporio Armani,SI,213,0EA3261U,0,NO,create
1590,8056262469729,Emporio Armani,SI,213,0EA3261U,0,NO,create
1591,8056262469750,Emporio Armani,SI,213,0EA3261U,0,NO,create
1592,8056262469743,Emporio Armani,SI,213,0EA3261U,0,NO,create
1593,8056262469781,Emporio Armani,SI,213,0EA3261U,0,NO,create
1594,8056262469774,Emporio Armani,SI,213,0EA3261U,0,NO,create
1595,8056262997567,Emporio Armani,SI,213,0EA3262,0,NO,create
1596,8056262997574,Emporio Armani,SI,213,0EA3262,0,NO,create
1597,8056262469460,Emporio Armani,SI,213,0EA3262,0,NO,create
1598,8056262469477,Emporio Armani,SI,213,0EA3262,0,NO,create
1599,8056262469484,Emporio Armani,SI,213,0EA3262,0,NO,create
1600,8056262469491,Emporio Armani,SI,213,0EA3262,0,NO,create
1601,8056262469521,Emporio Armani,SI,213,0EA3262,1,NO,update
1602,8056262469538,Emporio Armani,SI,213,0EA3262,0,NO,create
1603,8056262478240,Emporio Armani,SI,213,0EA3263D,0,NO,create
1604,8056262478257,Emporio Armani,SI,213,0EA3263D,0,NO,create
1605,8056262478264,Emporio Armani,SI,213,0EA3263D,0,NO,create
1606,8056262482650,Emporio Armani,SI,213,0EA3263D,0,NO,create
1607,8056262881828,Emporio Armani,SI,213,0EA3263D,0,NO,create
1608,8056262597163,Emporio Armani,SI,213,0EA3265U,0,NO,create
1609,8056262597156,Emporio Armani,SI,213,0EA3265U,0,NO,create
1610,8056262597187,Emporio Armani,SI,213,0EA3265U,0,NO,create
1611,8056262597170,Emporio Armani,SI,213,0EA3265U,0,NO,create
1612,8056262597200,Emporio Armani,SI,213,0EA3265U,0,NO,create
1613,8056262597194,Emporio Armani,SI,213,0EA3265U,0,NO,create
1614,8056262597224,Emporio Armani,SI,213,0EA3265U,0,NO,create
1615,8056262597217,Emporio Armani,SI,213,0EA3265U,0,NO,create
1616,8056262661048,Emporio Armani,SI,213,0EA3266U,0,NO,create
1617,8056262661031,Emporio Armani,SI,213,0EA3266U,0,NO,create
1618,8056262661062,Emporio Armani,SI,213,0EA3266U,0,NO,create
1619,8056262661055,Emporio Armani,SI,213,0EA3266U,0,NO,create
1620,8056262661109,Emporio Armani,SI,213,0EA3266U,0,NO,create
1621,8056262661093,Emporio Armani,SI,213,0EA3266U,0,NO,create
1622,8056262661123,Emporio Armani,SI,213,0EA3266U,0,NO,create
1623,8056262661116,Emporio Armani,SI,213,0EA3266U,0,NO,create
1624,8056262662878,Emporio Armani,SI,213,0EA3267U,0,NO,create
1625,8056262662861,Emporio Armani,SI,213,0EA3267U,0,NO,create
1626,8056262662892,Emporio Armani,SI,213,0EA3267U,0,NO,create
1627,8056262662885,Emporio Armani,SI,213,0EA3267U,0,NO,create
1628,8056262662915,Emporio Armani,SI,213,0EA3267U,0,NO,create
1629,8056262662908,Emporio Armani,SI,213,0EA3267U,0,NO,create
1630,8056262662939,Emporio Armani,SI,213,0EA3267U,0,NO,create
1631,8056262662922,Emporio Armani,SI,213,0EA3267U,0,NO,create
1632,8056262661406,Emporio Armani,SI,213,0EA3268U,0,NO,create
1633,8056262661390,Emporio Armani,SI,213,0EA3268U,0,NO,create
1634,8056262661444,Emporio Armani,SI,213,0EA3268U,0,NO,create
1635,8056262661437,Emporio Armani,SI,213,0EA3268U,0,NO,create
1636,8056262671511,Emporio Armani,SI,213,0EA3268U,0,NO,create
1637,8056262671504,Emporio Armani,SI,213,0EA3268U,0,NO,create
1638,8056262661482,Emporio Armani,SI,213,0EA3268U,0,NO,create
1639,8056262661475,Emporio Armani,SI,213,0EA3268U,0,NO,create
1640,8056262595343,Emporio Armani,SI,213,0EA3269,0,NO,create
1641,8056262595336,Emporio Armani,SI,213,0EA3269,0,NO,create
1642,8056262595367,Emporio Armani,SI,213,0EA3269,0,NO,create
1643,8056262595350,Emporio Armani,SI,213,0EA3269,0,NO,create
1644,8056262595381,Emporio Armani,SI,213,0EA3269,0,NO,create
1645,8056262595374,Emporio Armani,SI,213,0EA3269,0,NO,create
1646,8056262595404,Emporio Armani,SI,213,0EA3269,0,NO,create
1647,8056262595398,Emporio Armani,SI,213,0EA3269,0,NO,create
1648,8056262597088,Emporio Armani,SI,213,0EA3270U,0,NO,create
1649,8056262597071,Emporio Armani,SI,213,0EA3270U,0,NO,create
1650,8056262597101,Emporio Armani,SI,213,0EA3270U,0,NO,create
1651,8056262597095,Emporio Armani,SI,213,0EA3270U,0,NO,create
1652,8056262597125,Emporio Armani,SI,213,0EA3270U,0,NO,create
1653,8056262597118,Emporio Armani,SI,213,0EA3270U,0,NO,create
1654,8056262597149,Emporio Armani,SI,213,0EA3270U,0,NO,create
1655,8056262598443,Emporio Armani,SI,213,0EA3271,0,NO,create
1656,8056262598467,Emporio Armani,SI,213,0EA3271,0,NO,create
1657,8056262598504,Emporio Armani,SI,213,0EA3271,0,NO,create
1658,8056262598511,Emporio Armani,SI,213,0EA3271,0,NO,create
1659,8056262598559,Emporio Armani,SI,213,0EA3271,0,NO,create
1660,8056262598566,Emporio Armani,SI,213,0EA3271,0,NO,create
1661,8056262598603,Emporio Armani,SI,213,0EA3271,0,NO,create
1662,8056262622926,Emporio Armani,SI,213,0EA3271,0,NO,create
1663,8056262595428,Emporio Armani,SI,213,0EA3272U,0,NO,create
1664,8056262595411,Emporio Armani,SI,213,0EA3272U,0,NO,create
1665,8056262595442,Emporio Armani,SI,213,0EA3272U,0,NO,create
1666,8056262595435,Emporio Armani,SI,213,0EA3272U,0,NO,create
1667,8056262595473,Emporio Armani,SI,213,0EA3272U,0,NO,create
1668,8056262595466,Emporio Armani,SI,213,0EA3272U,0,NO,create
1669,8056262595497,Emporio Armani,SI,213,0EA3272U,0,NO,create
1670,8056262595480,Emporio Armani,SI,213,0EA3272U,0,NO,create
1671,8056262663011,Emporio Armani,SI,213,0EA3273U,0,NO,create
1672,8056262663004,Emporio Armani,SI,213,0EA3273U,0,NO,create
1673,8056262663035,Emporio Armani,SI,213,0EA3273U,0,NO,create
1674,8056262663028,Emporio Armani,SI,213,0EA3273U,0,NO,create
1675,8056262663059,Emporio Armani,SI,213,0EA3273U,0,NO,create
1676,8056262663042,Emporio Armani,SI,213,0EA3273U,0,NO,create
1677,8056262663073,Emporio Armani,SI,213,0EA3273U,0,NO,create
1678,8056262663066,Emporio Armani,SI,213,0EA3273U,0,NO,create
1679,8056262584163,Emporio Armani,SI,213,0EA3274,0,NO,create
1680,8056262584156,Emporio Armani,SI,213,0EA3274,0,NO,create
1681,8056262584200,Emporio Armani,SI,213,0EA3274,0,NO,create
1682,8056262584194,Emporio Armani,SI,213,0EA3274,0,NO,create
1683,8056262584224,Emporio Armani,SI,213,0EA3274,0,NO,create
1684,8056262584217,Emporio Armani,SI,213,0EA3274,0,NO,create
1685,8056262584248,Emporio Armani,SI,213,0EA3274,0,NO,create
1686,8056262584231,Emporio Armani,SI,213,0EA3274,0,NO,create
1687,8056262670873,Emporio Armani,SI,213,0EA3275D,0,NO,create
1688,8056262991589,Emporio Armani,SI,213,0EA3275D,0,NO,create
1689,8056262670880,Emporio Armani,SI,213,0EA3275D,0,NO,create
1690,8056262670897,Emporio Armani,SI,213,0EA3275D,0,NO,create
1691,8056262670903,Emporio Armani,SI,213,0EA3275D,0,NO,create
1692,8056262849606,Emporio Armani,SI,213,0EA3276U,0,NO,create
1693,8056262849644,Emporio Armani,SI,213,0EA3276U,0,NO,create
1694,8056262849613,Emporio Armani,SI,213,0EA3276U,0,NO,create
1695,8056262849651,Emporio Armani,SI,213,0EA3276U,0,NO,create
1696,8056262849620,Emporio Armani,SI,213,0EA3276U,0,NO,create
1697,8056262849668,Emporio Armani,SI,213,0EA3276U,0,NO,create
1698,8056262850268,Emporio Armani,SI,213,0EA3277U,0,NO,create
1699,8056262850251,Emporio Armani,SI,213,0EA3277U,0,NO,create
1700,8056262850282,Emporio Armani,SI,213,0EA3277U,0,NO,create
1701,8056262850275,Emporio Armani,SI,213,0EA3277U,0,NO,create
1702,8056262850305,Emporio Armani,SI,213,0EA3277U,0,NO,create
1703,8056262850299,Emporio Armani,SI,213,0EA3277U,0,NO,create
1704,8056262850510,Emporio Armani,SI,213,0EA3278,0,NO,create
1705,8056262850503,Emporio Armani,SI,213,0EA3278,0,NO,create
1706,8056262850534,Emporio Armani,SI,213,0EA3278,0,NO,create
1707,8056262850527,Emporio Armani,SI,213,0EA3278,0,NO,create
1708,8056262850558,Emporio Armani,SI,213,0EA3278,0,NO,create
1709,8056262850541,Emporio Armani,SI,213,0EA3278,0,NO,create
1710,8056262850572,Emporio Armani,SI,213,0EA3278,0,NO,create
1711,8056262850565,Emporio Armani,SI,213,0EA3278,0,NO,create
1712,8056262843321,Emporio Armani,SI,213,0EA3279,0,NO,create
1713,8056262843314,Emporio Armani,SI,213,0EA3279,0,NO,create
1714,8056262843345,Emporio Armani,SI,213,0EA3279,0,NO,create
1715,8056262843338,Emporio Armani,SI,213,0EA3279,0,NO,create
1716,8056262843369,Emporio Armani,SI,213,0EA3279,0,NO,create
1717,8056262843352,Emporio Armani,SI,213,0EA3279,0,NO,create
1718,8056262843383,Emporio Armani,SI,213,0EA3279,0,NO,create
1719,8056262843376,Emporio Armani,SI,213,0EA3279,0,NO,create
1720,8056262850961,Emporio Armani,SI,213,0EA3280U,0,NO,create
1721,8056262850954,Emporio Armani,SI,213,0EA3280U,0,NO,create
1722,8056262850985,Emporio Armani,SI,213,0EA3280U,0,NO,create
1723,8056262850978,Emporio Armani,SI,213,0EA3280U,0,NO,create
1724,8056262851005,Emporio Armani,SI,213,0EA3280U,0,NO,create
1725,8056262850992,Emporio Armani,SI,213,0EA3280U,0,NO,create
1726,8056262851029,Emporio Armani,SI,213,0EA3280U,0,NO,create
1727,8056262851012,Emporio Armani,SI,213,0EA3280U,0,NO,create
1728,8056262849996,Emporio Armani,SI,213,0EA3281,0,NO,create
1729,8056262849972,Emporio Armani,SI,213,0EA3281,0,NO,create
1730,8056262850015,Emporio Armani,SI,213,0EA3281,0,NO,create
1731,8056262850008,Emporio Armani,SI,213,0EA3281,0,NO,create
1732,8056262850039,Emporio Armani,SI,213,0EA3281,0,NO,create
1733,8056262850022,Emporio Armani,SI,213,0EA3281,0,NO,create
1734,8056262850053,Emporio Armani,SI,213,0EA3281,0,NO,create
1735,8056262850046,Emporio Armani,SI,213,0EA3281,0,NO,create
1736,8056262848012,Emporio Armani,SI,213,0EA3282BU,0,NO,create
1737,8056262848005,Emporio Armani,SI,213,0EA3282BU,0,NO,create
1738,8056262848036,Emporio Armani,SI,213,0EA3282BU,0,NO,create
1739,8056262848029,Emporio Armani,SI,213,0EA3282BU,0,NO,create
1740,8056262848050,Emporio Armani,SI,213,0EA3282BU,0,NO,create
1741,8056262848043,Emporio Armani,SI,213,0EA3282BU,0,NO,create
1742,8056262848074,Emporio Armani,SI,213,0EA3282BU,1,NO,update
1743,8056262848067,Emporio Armani,SI,213,0EA3282BU,1,NO,update
1744,8056262853566,Emporio Armani,SI,213,0EA3283BU,0,NO,create
1745,8056262853559,Emporio Armani,SI,213,0EA3283BU,0,NO,create
1746,8056262853580,Emporio Armani,SI,213,0EA3283BU,0,NO,create
1747,8056262853573,Emporio Armani,SI,213,0EA3283BU,0,NO,create
1748,8056262853603,Emporio Armani,SI,213,0EA3283BU,0,NO,create
1749,8056262853597,Emporio Armani,SI,213,0EA3283BU,0,NO,create
1750,8056262853627,Emporio Armani,SI,213,0EA3283BU,0,NO,create
1751,8056262853610,Emporio Armani,SI,213,0EA3283BU,0,NO,create
1752,8056262855881,Emporio Armani,SI,213,0EA3284D,0,NO,create
1753,8056262855898,Emporio Armani,SI,213,0EA3284D,0,NO,create
1754,8056262855904,Emporio Armani,SI,213,0EA3284D,0,NO,create
1755,8056262855911,Emporio Armani,SI,213,0EA3284D,0,NO,create
1756,8056262969663,Emporio Armani,SI,213,0EA3285U,0,NO,create
1757,8056262969656,Emporio Armani,SI,213,0EA3285U,0,NO,create
1758,8056262969687,Emporio Armani,SI,213,0EA3285U,0,NO,create
1759,8056262969670,Emporio Armani,SI,213,0EA3285U,0,NO,create
1760,8056262969700,Emporio Armani,SI,213,0EA3285U,0,NO,create
1761,8056262969694,Emporio Armani,SI,213,0EA3285U,0,NO,create
1762,8056262969724,Emporio Armani,SI,213,0EA3285U,0,NO,create
1763,8056262969717,Emporio Armani,SI,213,0EA3285U,0,NO,create
1764,8056262969748,Emporio Armani,SI,213,0EA3285U,0,NO,create
1765,8056262969731,Emporio Armani,SI,213,0EA3285U,0,NO,create
1766,8056262970928,Emporio Armani,SI,213,0EA3286U,0,NO,create
1767,8056262970911,Emporio Armani,SI,213,0EA3286U,0,NO,create
1768,8056262970942,Emporio Armani,SI,213,0EA3286U,0,NO,create
1769,8056262970935,Emporio Armani,SI,213,0EA3286U,0,NO,create
1770,8056262970966,Emporio Armani,SI,213,0EA3286U,0,NO,create
1771,8056262970959,Emporio Armani,SI,213,0EA3286U,0,NO,create
1772,8056262970980,Emporio Armani,SI,213,0EA3286U,0,NO,create
1773,8056262970973,Emporio Armani,SI,213,0EA3286U,0,NO,create
1774,8056262970362,Emporio Armani,SI,213,0EA3287,0,NO,create
1775,8056262970355,Emporio Armani,SI,213,0EA3287,0,NO,create
1776,8056262970386,Emporio Armani,SI,213,0EA3287,0,NO,create
1777,8056262970379,Emporio Armani,SI,213,0EA3287,0,NO,create
1778,8056262970409,Emporio Armani,SI,213,0EA3287,0,NO,create
1779,8056262970393,Emporio Armani,SI,213,0EA3287,0,NO,create
1780,8056262970423,Emporio Armani,SI,213,0EA3287,0,NO,create
1781,8056262970416,Emporio Armani,SI,213,0EA3287,0,NO,create
1782,8056262967584,Emporio Armani,SI,213,0EA3288,0,NO,create
1783,8056262967577,Emporio Armani,SI,213,0EA3288,0,NO,create
1784,8056262967607,Emporio Armani,SI,213,0EA3288,0,NO,create
1785,8056262967591,Emporio Armani,SI,213,0EA3288,0,NO,create
1786,8056262967621,Emporio Armani,SI,213,0EA3288,0,NO,create
1787,8056262967614,Emporio Armani,SI,213,0EA3288,0,NO,create
1788,8056262967645,Emporio Armani,SI,213,0EA3288,0,NO,create
1789,8056262967638,Emporio Armani,SI,213,0EA3288,0,NO,create
1790,8056262970768,Emporio Armani,SI,213,0EA3289U,0,NO,create
1791,8056262970751,Emporio Armani,SI,213,0EA3289U,0,NO,create
1792,8056262970782,Emporio Armani,SI,213,0EA3289U,0,NO,create
1793,8056262970775,Emporio Armani,SI,213,0EA3289U,0,NO,create
1794,8056262970805,Emporio Armani,SI,213,0EA3289U,0,NO,create
1795,8056262970799,Emporio Armani,SI,213,0EA3289U,0,NO,create
1796,8056262970829,Emporio Armani,SI,213,0EA3289U,0,NO,create
1797,8056262970812,Emporio Armani,SI,213,0EA3289U,0,NO,create
1798,8056262970843,Emporio Armani,SI,213,0EA3290U,0,NO,create
1799,8056262970836,Emporio Armani,SI,213,0EA3290U,0,NO,create
1800,8056262970867,Emporio Armani,SI,213,0EA3290U,0,NO,create
1801,8056262970850,Emporio Armani,SI,213,0EA3290U,0,NO,create
1802,8056262970881,Emporio Armani,SI,213,0EA3290U,0,NO,create
1803,8056262970874,Emporio Armani,SI,213,0EA3290U,0,NO,create
1804,8056262970904,Emporio Armani,SI,213,0EA3290U,0,NO,create
1805,8056262970898,Emporio Armani,SI,213,0EA3290U,0,NO,create
1806,8056262974841,Emporio Armani,SI,213,0EA3291U,0,NO,create
1807,8056262974834,Emporio Armani,SI,213,0EA3291U,0,NO,create
1808,8056262974865,Emporio Armani,SI,213,0EA3291U,0,NO,create
1809,8056262974858,Emporio Armani,SI,213,0EA3291U,0,NO,create
1810,8056262974889,Emporio Armani,SI,213,0EA3291U,0,NO,create
1811,8056262974872,Emporio Armani,SI,213,0EA3291U,0,NO,create
1812,8056262974902,Emporio Armani,SI,213,0EA3291U,0,NO,create
1813,8056262974896,Emporio Armani,SI,213,0EA3291U,0,NO,create
1814,8056262978979,Emporio Armani,SI,213,0EA3292U,0,NO,create
1815,8056262978962,Emporio Armani,SI,213,0EA3292U,0,NO,create
1816,8056262979006,Emporio Armani,SI,213,0EA3292U,0,NO,create
1817,8056262978993,Emporio Armani,SI,213,0EA3292U,0,NO,create
1818,8056262979037,Emporio Armani,SI,213,0EA3292U,0,NO,create
1819,8056262979020,Emporio Armani,SI,213,0EA3292U,0,NO,create
1820,8056262979051,Emporio Armani,SI,213,0EA3292U,0,NO,create
1821,8056262979044,Emporio Armani,SI,213,0EA3292U,0,NO,create
1822,8056262975275,Emporio Armani,SI,213,0EA3293U,0,NO,create
1823,8056262975268,Emporio Armani,SI,213,0EA3293U,0,NO,create
1824,8056262975299,Emporio Armani,SI,213,0EA3293U,0,NO,create
1825,8056262975282,Emporio Armani,SI,213,0EA3293U,0,NO,create
1826,8056262975329,Emporio Armani,SI,213,0EA3293U,0,NO,create
1827,8056262975305,Emporio Armani,SI,213,0EA3293U,0,NO,create
1828,8056262975367,Emporio Armani,SI,213,0EA3293U,0,NO,create
1829,8056262975350,Emporio Armani,SI,213,0EA3293U,0,NO,create
1830,8056262977309,Emporio Armani,SI,213,0EA3294U,0,NO,create
1831,8056262977293,Emporio Armani,SI,213,0EA3294U,0,NO,create
1832,8056262977323,Emporio Armani,SI,213,0EA3294U,0,NO,create
1833,8056262977316,Emporio Armani,SI,213,0EA3294U,0,NO,create
1834,8056262977347,Emporio Armani,SI,213,0EA3294U,0,NO,create
1835,8056262977330,Emporio Armani,SI,213,0EA3294U,0,NO,create
1836,8056262977361,Emporio Armani,SI,213,0EA3294U,0,NO,create
1837,8056262977354,Emporio Armani,SI,213,0EA3294U,0,NO,create
1838,8056262979938,Emporio Armani,SI,213,0EA3295D,0,NO,create
1839,8056262979945,Emporio Armani,SI,213,0EA3295D,0,NO,create
1840,8056262979952,Emporio Armani,SI,213,0EA3295D,0,NO,create
1841,8056262979969,Emporio Armani,SI,213,0EA3295D,0,NO,create
1842,8056262979815,Emporio Armani,SI,213,0EA3296D,0,NO,create
1843,8056262979822,Emporio Armani,SI,213,0EA3296D,0,NO,create
1844,8056262979839,Emporio Armani,SI,213,0EA3296D,0,NO,create
1845,8056262979846,Emporio Armani,SI,213,0EA3296D,0,NO,create
1846,8056262297155,Emporio Armani,SI,213,0EA4029,1,NO,update
1847,8053672950779,Emporio Armani,SI,213,0EA4029,0,NO,create
1848,8053672201970,Emporio Armani,SI,213,0EA4029,1,NO,update
1849,8056597844949,Emporio Armani,SI,213,0EA4029,0,NO,create
1850,8056262478387,Emporio Armani,SI,213,0EA4033,1,NO,update
1851,8053672281286,Emporio Armani,SI,213,0EA4033,1,NO,update
1852,8053672287097,Emporio Armani,SI,213,0EA4035,0,NO,create
1853,8056597181846,Emporio Armani,SI,213,0EA4035,0,NO,create
1854,8053672412857,Emporio Armani,SI,213,0EA4047,0,NO,create
1855,8053672481389,Emporio Armani,SI,213,0EA4058,0,NO,create
1856,8053672468595,Emporio Armani,SI,213,0EA4060,0,NO,create
1857,8053672481396,Emporio Armani,SI,213,0EA4060,0,NO,create
1858,8056597975506,Emporio Armani,SI,213,0EA4060,0,NO,create
1859,8056262881491,Emporio Armani,SI,213,0EA4060,0,NO,create
1860,8056266263910,Emporio Armani,SI,213,0EA4115V,0,NO,create
1861,8056266263903,Emporio Armani,SI,213,0EA4115V,0,NO,create
1862,8056266263927,Emporio Armani,SI,213,0EA4115V,0,NO,create
1863,8056266263934,Emporio Armani,SI,213,0EA4115V,0,NO,create
1864,8056266263941,Emporio Armani,SI,213,0EA4115V,0,NO,create
1865,8056266263958,Emporio Armani,SI,213,0EA4115V,0,NO,create
1866,8056597532310,Emporio Armani,SI,213,0EA4115,1,NO,update
1867,8053672868777,Emporio Armani,SI,213,0EA4115,1,NO,update
1868,8053672868807,Emporio Armani,SI,213,0EA4115,0,NO,create
1869,8056597014588,Emporio Armani,SI,213,0EA4115,1,NO,update
1870,8056597454995,Emporio Armani,SI,213,0EA4115,1,NO,update
1871,8056597112604,Emporio Armani,SI,213,0EA4115,1,NO,update
1872,8056597112611,Emporio Armani,SI,213,0EA4115,0,NO,create
1873,8056597224550,Emporio Armani,SI,213,0EA4115,0,NO,create
1874,8056597008747,Emporio Armani,SI,213,0EA4129,0,NO,create
1875,8056597025256,Emporio Armani,SI,213,0EA4134,0,NO,create
1876,8056597180078,Emporio Armani,SI,213,0EA4142,0,NO,create
1877,8056597211895,Emporio Armani,SI,213,0EA4148,0,NO,create
1878,8056597211840,Emporio Armani,SI,213,0EA4150,0,NO,create
1879,8056266262210,Emporio Armani,SI,213,0EA4152V,0,NO,create
1880,8056266262227,Emporio Armani,SI,213,0EA4152V,0,NO,create
1881,8056266262234,Emporio Armani,SI,213,0EA4152V,0,NO,create
1882,8056597225618,Emporio Armani,SI,213,0EA4152,1,NO,update
1883,8056597225632,Emporio Armani,SI,213,0EA4152,1,NO,update
1884,8056597225649,Emporio Armani,SI,213,0EA4152,1,NO,update
1885,8056597225625,Emporio Armani,SI,213,0EA4152,0,NO,create
1886,8056597330732,Emporio Armani,SI,213,0EA4157,0,NO,create
1887,8056597445375,Emporio Armani,SI,213,0EA4160,1,NO,update
1888,8056597445399,Emporio Armani,SI,213,0EA4160,1,NO,update
1889,8056597413701,Emporio Armani,SI,213,0EA4161,0,NO,create
1890,8056597975025,Emporio Armani,SI,213,0EA4163,0,NO,create
1891,8056597416887,Emporio Armani,SI,213,0EA4163,0,NO,create
1892,8056597509794,Emporio Armani,SI,213,0EA4170,0,NO,create
1893,8056597509817,Emporio Armani,SI,213,0EA4170,0,NO,create
1894,8056597510691,Emporio Armani,SI,213,0EA4171U,0,NO,create
1895,8056597613439,Emporio Armani,SI,213,0EA4175,0,NO,create
1896,8056597613477,Emporio Armani,SI,213,0EA4175,0,NO,create
1897,8056597614115,Emporio Armani,SI,213,0EA4176,0,NO,create
1898,8056597614122,Emporio Armani,SI,213,0EA4176,1,NO,update
1899,8056597614139,Emporio Armani,SI,213,0EA4176,1,NO,update
1900,8056597614870,Emporio Armani,SI,213,0EA4177,0,NO,create
1901,8056597765183,Emporio Armani,SI,213,0EA4186,0,NO,create
1902,8056597729536,Emporio Armani,SI,213,0EA4189U,1,NO,update
1903,8056597729543,Emporio Armani,SI,213,0EA4189U,1,NO,update
1904,8056597729574,Emporio Armani,SI,213,0EA4189U,1,NO,update
1905,8056266262401,Emporio Armani,SI,213,0EA4189V,0,NO,create
1906,8056266262418,Emporio Armani,SI,213,0EA4189V,0,NO,create
1907,8056266262425,Emporio Armani,SI,213,0EA4189V,0,NO,create
1908,8056262880814,Emporio Armani,SI,213,0EA4197,0,NO,create
1909,8056597817073,Emporio Armani,SI,213,0EA4197,1,NO,update
1910,8056597836913,Emporio Armani,SI,213,0EA4197,0,NO,create
1911,8056597817035,Emporio Armani,SI,213,0EA4198,0,NO,create
1912,8056262696415,Emporio Armani,SI,213,0EA4198,0,NO,create
1913,8056597817066,Emporio Armani,SI,213,0EA4198,0,NO,create
1914,8056597819206,Emporio Armani,SI,213,0EA4199U,0,NO,create
1915,8056597836944,Emporio Armani,SI,213,0EA4199U,0,NO,create
1916,8056597819619,Emporio Armani,SI,213,0EA4203U,0,NO,create
1917,8056597819626,Emporio Armani,SI,213,0EA4203U,0,NO,create
1918,8056597820035,Emporio Armani,SI,213,0EA4204U,0,NO,create
1919,8056597835480,Emporio Armani,SI,213,0EA4206D,0,NO,create
1920,8056597890793,Emporio Armani,SI,213,0EA4207,0,NO,create
1921,8056597948111,Emporio Armani,SI,213,0EA4208,0,NO,create
1922,8056597948142,Emporio Armani,SI,213,0EA4208,0,NO,create
1923,8056597948166,Emporio Armani,SI,213,0EA4208,0,NO,create
1924,8056597948203,Emporio Armani,SI,213,0EA4209,0,NO,create
1925,8056597944809,Emporio Armani,SI,213,0EA4210,0,NO,create
1926,8056597944823,Emporio Armani,SI,213,0EA4210,0,NO,create
1927,8056597947497,Emporio Armani,SI,213,0EA4211,1,NO,update
1928,8056262880807,Emporio Armani,SI,213,0EA4211,1,NO,update
1929,8056597946445,Emporio Armani,SI,213,0EA4212U,0,NO,create
1930,8056597946452,Emporio Armani,SI,213,0EA4212U,0,NO,create
1931,8056597951531,Emporio Armani,SI,213,0EA4213U,1,NO,update
1932,8056597951548,Emporio Armani,SI,213,0EA4213U,1,NO,update
1933,8056597951562,Emporio Armani,SI,213,0EA4213U,1,NO,update
1934,8056597951579,Emporio Armani,SI,213,0EA4213U,0,NO,create
1935,8056597954440,Emporio Armani,SI,213,0EA4214U,0,NO,create
1936,8056597968119,Emporio Armani,SI,213,0EA4214U,0,NO,create
1937,8056597951593,Emporio Armani,SI,213,0EA4214U,0,NO,create
1938,8056597951609,Emporio Armani,SI,213,0EA4214U,0,NO,create
1939,8056597964180,Emporio Armani,SI,213,0EA4215D,0,NO,create
1940,8056597952644,Emporio Armani,SI,213,0EA4216U,0,NO,create
1941,8056262035542,Emporio Armani,SI,213,0EA4218,0,NO,create
1942,8056262035740,Emporio Armani,SI,213,0EA4219,0,NO,create
1943,8056262296950,Emporio Armani,SI,213,0EA4219,0,NO,create
1944,8056262035757,Emporio Armani,SI,213,0EA4219,0,NO,create
1945,8056262035764,Emporio Armani,SI,213,0EA4219,0,NO,create
1946,8056262035771,Emporio Armani,SI,213,0EA4219,0,NO,create
1947,8056262991831,Emporio Armani,SI,213,0EA4219,0,NO,create
1948,8056262038024,Emporio Armani,SI,213,0EA4221,0,NO,create
1949,8056262038031,Emporio Armani,SI,213,0EA4221,0,NO,create
1950,8056262038055,Emporio Armani,SI,213,0EA4221,0,NO,create
1951,8056262037614,Emporio Armani,SI,213,0EA4222U,0,NO,create
1952,8056262037621,Emporio Armani,SI,213,0EA4222U,0,NO,create
1953,8056262037638,Emporio Armani,SI,213,0EA4222U,0,NO,create
1954,8056262037652,Emporio Armani,SI,213,0EA4222U,0,NO,create
1955,8056262036235,Emporio Armani,SI,213,0EA4223U,1,NO,update
1956,8056262036259,Emporio Armani,SI,213,0EA4223U,0,NO,create
1957,8056262049099,Emporio Armani,SI,213,0EA4224,0,NO,create
1958,8056262034750,Emporio Armani,SI,213,0EA4224,0,NO,create
1959,8056262078471,Emporio Armani,SI,213,0EA4225U,0,NO,create
1960,8056262078488,Emporio Armani,SI,213,0EA4225U,0,NO,create
1961,8056262078495,Emporio Armani,SI,213,0EA4225U,0,NO,create
1962,8056262078518,Emporio Armani,SI,213,0EA4225U,0,NO,create
1963,8056262880821,Emporio Armani,SI,213,0EA4225U,0,NO,create
1964,8056262076989,Emporio Armani,SI,213,0EA4226D,0,NO,create
1965,8056262076996,Emporio Armani,SI,213,0EA4226D,0,NO,create
1966,8056262034804,Emporio Armani,SI,213,0EA4227U,0,NO,create
1967,8056262034811,Emporio Armani,SI,213,0EA4227U,0,NO,create
1968,8056262034828,Emporio Armani,SI,213,0EA4227U,0,NO,create
1969,8056262034835,Emporio Armani,SI,213,0EA4227U,0,NO,create
1970,8056262038987,Emporio Armani,SI,213,0EA4228,0,NO,create
1971,8056262078402,Emporio Armani,SI,213,0EA4230U,0,NO,create
1972,8056262142745,Emporio Armani,SI,213,0EA4231U,0,NO,create
1973,8056262142769,Emporio Armani,SI,213,0EA4231U,0,NO,create
1974,8056262142776,Emporio Armani,SI,213,0EA4231U,0,NO,create
1975,8056262142783,Emporio Armani,SI,213,0EA4231U,0,NO,create
1976,8056262234075,Emporio Armani,SI,213,0EA4232,0,NO,create
1977,8056262693674,Emporio Armani,SI,213,0EA4232,1,NO,update
1978,8056262234174,Emporio Armani,SI,213,0EA4233U,0,NO,create
1979,8056262234181,Emporio Armani,SI,213,0EA4233U,0,NO,create
1980,8056262234198,Emporio Armani,SI,213,0EA4233U,0,NO,create
1981,8056262234204,Emporio Armani,SI,213,0EA4233U,0,NO,create
1982,8056262234211,Emporio Armani,SI,213,0EA4233U,0,NO,create
1983,8056262234471,Emporio Armani,SI,213,0EA4234U,1,NO,update
1984,8056262302569,Emporio Armani,SI,213,0EA4234U,1,NO,update
1985,8056262234488,Emporio Armani,SI,213,0EA4234U,0,NO,create
1986,8056262234495,Emporio Armani,SI,213,0EA4234U,0,NO,create
1987,8056262234501,Emporio Armani,SI,213,0EA4234U,0,NO,create
1988,8056262234518,Emporio Armani,SI,213,0EA4234U,0,NO,create
1989,8056262234792,Emporio Armani,SI,213,0EA4235,1,NO,update
1990,8056262234785,Emporio Armani,SI,213,0EA4235,1,NO,update
1991,8056262234815,Emporio Armani,SI,213,0EA4235,1,NO,update
1992,8056262234822,Emporio Armani,SI,213,0EA4235,1,NO,update
1993,8056262234853,Emporio Armani,SI,213,0EA4235,1,NO,update
1994,8056262236253,Emporio Armani,SI,213,0EA4236U,0,NO,create
1995,8056262236260,Emporio Armani,SI,213,0EA4236U,0,NO,create
1996,8056262236284,Emporio Armani,SI,213,0EA4236U,1,NO,update
1997,8056262236604,Emporio Armani,SI,213,0EA4237,0,NO,create
1998,8056262302972,Emporio Armani,SI,213,0EA4238,0,NO,create
1999,8056262242797,Emporio Armani,SI,213,0EA4238,0,NO,create
2000,8056262242803,Emporio Armani,SI,213,0EA4238,0,NO,create
2001,8056262242841,Emporio Armani,SI,213,0EA4238,0,NO,create
2002,8056262243121,Emporio Armani,SI,213,0EA4239U,0,NO,create
2003,8056262243138,Emporio Armani,SI,213,0EA4239U,0,NO,create
2004,8056262243145,Emporio Armani,SI,213,0EA4239U,0,NO,create
2005,8056262243152,Emporio Armani,SI,213,0EA4239U,0,NO,create
2006,8056262243169,Emporio Armani,SI,213,0EA4239U,0,NO,create
2007,8056262244135,Emporio Armani,SI,213,0EA4240U,0,NO,create
2008,8056262244159,Emporio Armani,SI,213,0EA4240U,0,NO,create
2009,8056262297179,Emporio Armani,SI,213,0EA4241D,0,NO,create
2010,8056262297162,Emporio Armani,SI,213,0EA4241D,0,NO,create
2011,8056262297193,Emporio Armani,SI,213,0EA4241D,0,NO,create
2012,8056262345146,Emporio Armani,SI,213,0EA4241D,0,NO,create
2013,8056262302316,Emporio Armani,SI,213,0EA4242U,0,NO,create
2014,8056262461662,Emporio Armani,SI,213,0EA4243,1,NO,update
2015,8056262461686,Emporio Armani,SI,213,0EA4243,0,NO,create
2016,8056262461693,Emporio Armani,SI,213,0EA4243,1,NO,update
2017,8056262463000,Emporio Armani,SI,213,0EA4244U,1,NO,update
2018,8056262693681,Emporio Armani,SI,213,0EA4244U,0,NO,create
2019,8056262463017,Emporio Armani,SI,213,0EA4244U,0,NO,create
2020,8056262463031,Emporio Armani,SI,213,0EA4244U,0,NO,create
2021,8056262463024,Emporio Armani,SI,213,0EA4244U,0,NO,create
2022,8056262463833,Emporio Armani,SI,213,0EA4245U,0,NO,create
2023,8056262463857,Emporio Armani,SI,213,0EA4245U,0,NO,create
2024,8056262463864,Emporio Armani,SI,213,0EA4245U,0,NO,create
2025,8056262463871,Emporio Armani,SI,213,0EA4245U,0,NO,create
2026,8056262463888,Emporio Armani,SI,213,0EA4245U,0,NO,create
2027,8056262463994,Emporio Armani,SI,213,0EA4246U,0,NO,create
2028,8056262464014,Emporio Armani,SI,213,0EA4246U,0,NO,create
2029,8056262464021,Emporio Armani,SI,213,0EA4246U,0,NO,create
2030,8056262464038,Emporio Armani,SI,213,0EA4246U,0,NO,create
2031,8056262991817,Emporio Armani,SI,213,0EA4247U,0,NO,create
2032,8056262489895,Emporio Armani,SI,213,0EA4247U,0,NO,create
2033,8056262489901,Emporio Armani,SI,213,0EA4247U,0,NO,create
2034,8056262489918,Emporio Armani,SI,213,0EA4247U,0,NO,create
2035,8056262489925,Emporio Armani,SI,213,0EA4247U,0,NO,create
2036,8056262465677,Emporio Armani,SI,213,0EA4248U,0,NO,create
2037,8056262465684,Emporio Armani,SI,213,0EA4248U,0,NO,create
2038,8056262465691,Emporio Armani,SI,213,0EA4248U,1,NO,update
2039,8056262465707,Emporio Armani,SI,213,0EA4248U,1,NO,update
2040,8056262465714,Emporio Armani,SI,213,0EA4248U,0,NO,create
2041,8056262482148,Emporio Armani,SI,213,0EA4249U,0,NO,create
2042,8056262465486,Emporio Armani,SI,213,0EA4249U,0,NO,create
2043,8056262465493,Emporio Armani,SI,213,0EA4249U,0,NO,create
2044,8056262465516,Emporio Armani,SI,213,0EA4249U,0,NO,create
2045,8056262469767,Emporio Armani,SI,213,0EA4250U,0,NO,create
2046,8056262469798,Emporio Armani,SI,213,0EA4250U,0,NO,create
2047,8056262469804,Emporio Armani,SI,213,0EA4250U,0,NO,create
2048,8056262469811,Emporio Armani,SI,213,0EA4250U,0,NO,create
2049,8056262469828,Emporio Armani,SI,213,0EA4250U,0,NO,create
2050,8056262991848,Emporio Armani,SI,213,0EA4251,0,NO,create
2051,8056262469545,Emporio Armani,SI,213,0EA4251,0,NO,create
2052,8056262469552,Emporio Armani,SI,213,0EA4251,0,NO,create
2053,8056262482186,Emporio Armani,SI,213,0EA4251,0,NO,create
2054,8056262469569,Emporio Armani,SI,213,0EA4251,0,NO,create
2055,8056262469576,Emporio Armani,SI,213,0EA4251,0,NO,create
2056,8056262471272,Emporio Armani,SI,213,0EA4253U,0,NO,create
2057,8056262471289,Emporio Armani,SI,213,0EA4253U,0,NO,create
2058,8056262471296,Emporio Armani,SI,213,0EA4253U,0,NO,create
2059,8056262471302,Emporio Armani,SI,213,0EA4253U,0,NO,create
2060,8056262470565,Emporio Armani,SI,213,0EA4254U,1,NO,update
2061,8056262470541,Emporio Armani,SI,213,0EA4254U,1,NO,update
2062,8056262470602,Emporio Armani,SI,213,0EA4254U,0,NO,create
2063,8056262470596,Emporio Armani,SI,213,0EA4254U,0,NO,create
2064,8056262470626,Emporio Armani,SI,213,0EA4254U,0,NO,create
2065,8056262470640,Emporio Armani,SI,213,0EA4254U,0,NO,create
2066,8056262478196,Emporio Armani,SI,213,0EA4255D,0,NO,create
2067,8056262478202,Emporio Armani,SI,213,0EA4255D,0,NO,create
2068,8056262478219,Emporio Armani,SI,213,0EA4255D,0,NO,create
2069,8056262482728,Emporio Armani,SI,213,0EA4255D,0,NO,create
2070,8056262881545,Emporio Armani,SI,213,0EA4255D,0,NO,create
2071,8056262660751,Emporio Armani,SI,213,0EA4257U,0,NO,create
2072,8056262660799,Emporio Armani,SI,213,0EA4257U,0,NO,create
2073,8056262660768,Emporio Armani,SI,213,0EA4257U,0,NO,create
2074,8056262660775,Emporio Armani,SI,213,0EA4257U,0,NO,create
2075,8056262660782,Emporio Armani,SI,213,0EA4257U,0,NO,create
2076,8056262660805,Emporio Armani,SI,213,0EA4257U,0,NO,create
2077,8056262660652,Emporio Armani,SI,213,0EA4258,1,NO,update
2078,8056262660645,Emporio Armani,SI,213,0EA4258,1,NO,update
2079,8056262660676,Emporio Armani,SI,213,0EA4258,1,NO,update
2080,8056262660669,Emporio Armani,SI,213,0EA4258,1,NO,update
2081,8056262660690,Emporio Armani,SI,213,0EA4258,1,NO,update
2082,8056262660683,Emporio Armani,SI,213,0EA4258,0,NO,create
2083,8056262660713,Emporio Armani,SI,213,0EA4258,0,NO,create
2084,8056262660706,Emporio Armani,SI,213,0EA4258,0,NO,create
2085,8056262660737,Emporio Armani,SI,213,0EA4258,0,NO,create
2086,8056262660720,Emporio Armani,SI,213,0EA4258,0,NO,create
2087,8056262660355,Emporio Armani,SI,213,0EA4259U,0,NO,create
2088,8056262660362,Emporio Armani,SI,213,0EA4259U,0,NO,create
2089,8056262660379,Emporio Armani,SI,213,0EA4259U,0,NO,create
2090,8056262660393,Emporio Armani,SI,213,0EA4259U,0,NO,create
2091,8056262660386,Emporio Armani,SI,213,0EA4259U,0,NO,create
2092,8056262595558,Emporio Armani,SI,213,0EA4260,0,NO,create
2093,8056262595596,Emporio Armani,SI,213,0EA4260,0,NO,create
2094,8056262595565,Emporio Armani,SI,213,0EA4260,0,NO,create
2095,8056262595572,Emporio Armani,SI,213,0EA4260,0,NO,create
2096,8056262595589,Emporio Armani,SI,213,0EA4260,0,NO,create
2097,8056262598153,Emporio Armani,SI,213,0EA4261,0,NO,create
2098,8056262598030,Emporio Armani,SI,213,0EA4261,0,NO,create
2099,8056262598184,Emporio Armani,SI,213,0EA4261,0,NO,create
2100,8056262598061,Emporio Armani,SI,213,0EA4261,0,NO,create
2101,8056262598092,Emporio Armani,SI,213,0EA4261,0,NO,create
2102,8056262598122,Emporio Armani,SI,213,0EA4261,0,NO,create
2103,8056262599815,Emporio Armani,SI,213,0EA4262U,1,NO,update
2104,8056262599846,Emporio Armani,SI,213,0EA4262U,1,NO,update
2105,8056262599877,Emporio Armani,SI,213,0EA4262U,0,NO,create
2106,8056262599907,Emporio Armani,SI,213,0EA4262U,0,NO,create
2107,8056262599921,Emporio Armani,SI,213,0EA4262U,0,NO,create
2108,8056262662038,Emporio Armani,SI,213,0EA4263U,0,NO,create
2109,8056262662045,Emporio Armani,SI,213,0EA4263U,1,NO,update
2110,8056262662052,Emporio Armani,SI,213,0EA4263U,0,NO,create
2111,8056262662069,Emporio Armani,SI,213,0EA4263U,0,NO,create
2112,8056262662076,Emporio Armani,SI,213,0EA4263U,0,NO,create
2113,8056262675687,Emporio Armani,SI,213,0EA4264U,0,NO,create
2114,8056262675670,Emporio Armani,SI,213,0EA4264U,0,NO,create
2115,8056262675700,Emporio Armani,SI,213,0EA4264U,0,NO,create
2116,8056262675694,Emporio Armani,SI,213,0EA4264U,0,NO,create
2117,8056262675724,Emporio Armani,SI,213,0EA4264U,0,NO,create
2118,8056262675717,Emporio Armani,SI,213,0EA4264U,1,NO,update
2119,8056262714928,Emporio Armani,SI,213,0EA4265U,0,NO,create
2120,8056262714935,Emporio Armani,SI,213,0EA4265U,0,NO,create
2121,8056262714942,Emporio Armani,SI,213,0EA4265U,0,NO,create
2122,8056262714959,Emporio Armani,SI,213,0EA4265U,0,NO,create
2123,8056262849132,Emporio Armani,SI,213,0EA4266U,0,NO,create
2124,8056262849149,Emporio Armani,SI,213,0EA4266U,0,NO,create
2125,8056262849156,Emporio Armani,SI,213,0EA4266U,0,NO,create
2126,8056262849170,Emporio Armani,SI,213,0EA4266U,0,NO,create
2127,8056262849163,Emporio Armani,SI,213,0EA4266U,0,NO,create
2128,8056262885055,Emporio Armani,SI,213,0EA4267U,1,NO,update
2129,8056262849453,Emporio Armani,SI,213,0EA4267U,0,NO,create
2130,8056262849491,Emporio Armani,SI,213,0EA4267U,1,NO,update
2131,8056262849460,Emporio Armani,SI,213,0EA4267U,1,NO,update
2132,8056262849477,Emporio Armani,SI,213,0EA4267U,0,NO,create
2133,8056262849484,Emporio Armani,SI,213,0EA4267U,0,NO,create
2134,8056262850312,Emporio Armani,SI,213,0EA4268U,1,NO,update
2135,8056262850329,Emporio Armani,SI,213,0EA4268U,0,NO,create
2136,8056262850336,Emporio Armani,SI,213,0EA4268U,1,NO,update
2137,8056262850862,Emporio Armani,SI,213,0EA4269,0,NO,create
2138,8056262850893,Emporio Armani,SI,213,0EA4269,0,NO,create
2139,8056262850879,Emporio Armani,SI,213,0EA4269,0,NO,create
2140,8056262850886,Emporio Armani,SI,213,0EA4269,0,NO,create
2141,8056262849736,Emporio Armani,SI,213,0EA4270,0,NO,create
2142,8056262849705,Emporio Armani,SI,213,0EA4270,0,NO,create
2143,8056262849712,Emporio Armani,SI,213,0EA4270,0,NO,create
2144,8056262849729,Emporio Armani,SI,213,0EA4270,0,NO,create
2145,8056262850091,Emporio Armani,SI,213,0EA4271,0,NO,create
2146,8056262850107,Emporio Armani,SI,213,0EA4271,0,NO,create
2147,8056262850114,Emporio Armani,SI,213,0EA4271,0,NO,create
2148,8056262850121,Emporio Armani,SI,213,0EA4271,0,NO,create
2149,8056262885062,Emporio Armani,SI,213,0EA4272U,0,NO,create
2150,8056262851265,Emporio Armani,SI,213,0EA4272U,0,NO,create
2151,8056262851272,Emporio Armani,SI,213,0EA4272U,0,NO,create
2152,8056262851289,Emporio Armani,SI,213,0EA4272U,0,NO,create
2153,8056262851296,Emporio Armani,SI,213,0EA4272U,0,NO,create
2154,8056262851302,Emporio Armani,SI,213,0EA4272U,0,NO,create
2155,8056262848081,Emporio Armani,SI,213,0EA4273BU,0,NO,create
2156,8056262848098,Emporio Armani,SI,213,0EA4273BU,0,NO,create
2157,8056262885079,Emporio Armani,SI,213,0EA4273BU,0,NO,create
2158,8056262848104,Emporio Armani,SI,213,0EA4273BU,0,NO,create
2159,8056262848111,Emporio Armani,SI,213,0EA4273BU,0,NO,create
2160,8056262848128,Emporio Armani,SI,213,0EA4273BU,0,NO,create
2161,8056262853641,Emporio Armani,SI,213,0EA4274BU,1,NO,update
2162,8056262853634,Emporio Armani,SI,213,0EA4274BU,1,NO,update
2163,8056262853665,Emporio Armani,SI,213,0EA4274BU,1,NO,update
2164,8056262853658,Emporio Armani,SI,213,0EA4274BU,1,NO,update
2165,8056262853689,Emporio Armani,SI,213,0EA4274BU,1,NO,update
2166,8056262853672,Emporio Armani,SI,213,0EA4274BU,1,NO,update
2167,8056262853702,Emporio Armani,SI,213,0EA4274BU,0,NO,create
2168,8056262853696,Emporio Armani,SI,213,0EA4274BU,0,NO,create
2169,8056262853726,Emporio Armani,SI,213,0EA4274BU,1,NO,update
2170,8056262853719,Emporio Armani,SI,213,0EA4274BU,1,NO,update
2171,8056262855195,Emporio Armani,SI,213,0EA4275D,0,NO,create
2172,8056262855218,Emporio Armani,SI,213,0EA4275D,0,NO,create
2173,8056262855201,Emporio Armani,SI,213,0EA4275D,0,NO,create
2174,8056262855225,Emporio Armani,SI,213,0EA4275D,0,NO,create
2175,8056262906569,Emporio Armani,SI,213,0EA4276U,0,NO,create
2176,8056262906576,Emporio Armani,SI,213,0EA4276U,1,NO,update
2177,8056262906583,Emporio Armani,SI,213,0EA4276U,1,NO,update
2178,8056262970102,Emporio Armani,SI,213,0EA4277U,0,NO,create
2179,8056262970119,Emporio Armani,SI,213,0EA4277U,0,NO,create
2180,8056262981733,Emporio Armani,SI,213,0EA4277U,0,NO,create
2181,8056262970126,Emporio Armani,SI,213,0EA4277U,0,NO,create
2182,8056262970133,Emporio Armani,SI,213,0EA4277U,0,NO,create
2183,8056262970140,Emporio Armani,SI,213,0EA4277U,0,NO,create
2184,8056262971734,Emporio Armani,SI,213,0EA4278U,0,NO,create
2185,8056262971741,Emporio Armani,SI,213,0EA4278U,0,NO,create
2186,8056262971758,Emporio Armani,SI,213,0EA4278U,0,NO,create
2187,8056262971765,Emporio Armani,SI,213,0EA4278U,0,NO,create
2188,8056262970447,Emporio Armani,SI,213,0EA4279U,0,NO,create
2189,8056262970430,Emporio Armani,SI,213,0EA4279U,0,NO,create
2190,8056262970461,Emporio Armani,SI,213,0EA4279U,0,NO,create
2191,8056262970454,Emporio Armani,SI,213,0EA4279U,0,NO,create
2192,8056262970485,Emporio Armani,SI,213,0EA4279U,0,NO,create
2193,8056262970478,Emporio Armani,SI,213,0EA4279U,0,NO,create
2194,8056262970508,Emporio Armani,SI,213,0EA4279U,0,NO,create
2195,8056262970492,Emporio Armani,SI,213,0EA4279U,0,NO,create
2196,8056262970591,Emporio Armani,SI,213,0EA4280,0,NO,create
2197,8056262970621,Emporio Armani,SI,213,0EA4280,0,NO,create
2198,8056262970638,Emporio Armani,SI,213,0EA4280,0,NO,create
2199,8056262970645,Emporio Armani,SI,213,0EA4280,0,NO,create
2200,8056262970997,Emporio Armani,SI,213,0EA4281U,0,NO,create
2201,8056262971000,Emporio Armani,SI,213,0EA4281U,0,NO,create
2202,8056262971017,Emporio Armani,SI,213,0EA4281U,0,NO,create
2203,8056262971024,Emporio Armani,SI,213,0EA4281U,0,NO,create
2204,8056262975459,Emporio Armani,SI,213,0EA4282U,0,NO,create
2205,8056262975466,Emporio Armani,SI,213,0EA4282U,0,NO,create
2206,8056262975473,Emporio Armani,SI,213,0EA4282U,0,NO,create
2207,8056262980903,Emporio Armani,SI,213,0EA4282U,0,NO,create
2208,8056262975480,Emporio Armani,SI,213,0EA4282U,0,NO,create
2209,8056262974919,Emporio Armani,SI,213,0EA4283U,0,NO,create
2210,8056262974926,Emporio Armani,SI,213,0EA4283U,0,NO,create
2211,8056262974933,Emporio Armani,SI,213,0EA4283U,0,NO,create
2212,8056262974940,Emporio Armani,SI,213,0EA4283U,0,NO,create
2213,8056262982006,Emporio Armani,SI,213,0EA4284U,0,NO,create
2214,8056262979242,Emporio Armani,SI,213,0EA4284U,0,NO,create
2215,8056262979266,Emporio Armani,SI,213,0EA4284U,0,NO,create
2216,8056262979280,Emporio Armani,SI,213,0EA4284U,0,NO,create
2217,8056262979303,Emporio Armani,SI,213,0EA4284U,0,NO,create
2218,8056262979327,Emporio Armani,SI,213,0EA4284U,0,NO,create
2219,8056262972397,Emporio Armani,SI,213,0EA4285U,0,NO,create
2220,8056262972380,Emporio Armani,SI,213,0EA4285U,0,NO,create
2221,8056262972403,Emporio Armani,SI,213,0EA4285U,0,NO,create
2222,8056262972410,Emporio Armani,SI,213,0EA4285U,0,NO,create
2223,8056262972427,Emporio Armani,SI,213,0EA4285U,0,NO,create
2224,8056262979457,Emporio Armani,SI,213,0EA4286D,0,NO,create
2225,8056262979464,Emporio Armani,SI,213,0EA4286D,0,NO,create
2226,8056262979471,Emporio Armani,SI,213,0EA4286D,0,NO,create
2227,8056262979488,Emporio Armani,SI,213,0EA4286D,0,NO,create
2228,8056266093708,Emporio Armani,SI,213,0EA4288U,0,NO,create
2229,8056266093715,Emporio Armani,SI,213,0EA4288U,0,NO,create
2230,8056266093722,Emporio Armani,SI,213,0EA4288U,0,NO,create
2231,8056597963541,Emporio Armani,SI,213,0EK1001,0,NO,create
2232,8056597963558,Emporio Armani,SI,213,0EK1001,0,NO,create
2233,8056597822077,Emporio Armani,SI,213,0EK1001,0,NO,create
2234,8056597822091,Emporio Armani,SI,213,0EK1001,0,NO,create
2235,8056597822107,Emporio Armani,SI,213,0EK1001,0,NO,create
2236,8056597822114,Emporio Armani,SI,213,0EK1001,0,NO,create
2237,8056262854266,Emporio Armani,SI,213,0EK1002,0,NO,create
2238,8056262854273,Emporio Armani,SI,213,0EK1002,0,NO,create
2239,8056262854297,Emporio Armani,SI,213,0EK1002,0,NO,create
2240,8056262854303,Emporio Armani,SI,213,0EK1002,0,NO,create
2241,8056262854334,Emporio Armani,SI,213,0EK1002,0,NO,create
2242,8056262854341,Emporio Armani,SI,213,0EK1002,0,NO,create
2243,8056262854358,Emporio Armani,SI,213,0EK1002,0,NO,create
2244,8056262854365,Emporio Armani,SI,213,0EK1002,0,NO,create
2245,8056262301357,Emporio Armani,SI,213,0EK2001,0,NO,create
2246,8056262068700,Emporio Armani,SI,213,0EK2001,0,NO,create
2247,8056262068724,Emporio Armani,SI,213,0EK2001,0,NO,create
2248,8056262068731,Emporio Armani,SI,213,0EK2001,0,NO,create
2249,8056262722961,Emporio Armani,SI,213,0EK2001,0,NO,create
2250,8056262855355,Emporio Armani,SI,213,0EK2003,0,NO,create
2251,8056262855362,Emporio Armani,SI,213,0EK2003,0,NO,create
2252,8056262855379,Emporio Armani,SI,213,0EK2003,0,NO,create
2253,8056262855386,Emporio Armani,SI,213,0EK2003,0,NO,create
2254,8056597837361,Emporio Armani,SI,213,0EK3001,0,NO,create
2255,8056597837415,Emporio Armani,SI,213,0EK3001,0,NO,create
2256,8056597837408,Emporio Armani,SI,213,0EK3001,0,NO,create
2257,8056597837422,Emporio Armani,SI,213,0EK3001,0,NO,create
2258,8056597837392,Emporio Armani,SI,213,0EK3001,0,NO,create
2259,8056597837446,Emporio Armani,SI,213,0EK3001,0,NO,create
2260,8056597963633,Emporio Armani,SI,213,0EK3001,0,NO,create
2261,8056597963657,Emporio Armani,SI,213,0EK3001,0,NO,create
2262,8056597822251,Emporio Armani,SI,213,0EK3002,0,NO,create
2263,8056597822275,Emporio Armani,SI,213,0EK3002,0,NO,create
2264,8056597822305,Emporio Armani,SI,213,0EK3002,0,NO,create
2265,8056597822312,Emporio Armani,SI,213,0EK3002,0,NO,create
2266,8056597822152,Emporio Armani,SI,213,0EK3003,0,NO,create
2267,8056597822190,Emporio Armani,SI,213,0EK3003,0,NO,create
2268,8056597822206,Emporio Armani,SI,213,0EK3003,0,NO,create
2269,8056597965330,Emporio Armani,SI,213,0EK3003,0,NO,create
2270,8056262070055,Emporio Armani,SI,213,0EK3004,0,NO,create
2271,8056262301395,Emporio Armani,SI,213,0EK3004,0,NO,create
2272,8056262301401,Emporio Armani,SI,213,0EK3004,0,NO,create
2273,8056262070062,Emporio Armani,SI,213,0EK3004,0,NO,create
2274,8056262070079,Emporio Armani,SI,213,0EK3004,0,NO,create
2275,8056262070130,Emporio Armani,SI,213,0EK3004,0,NO,create
2276,8056262722893,Emporio Armani,SI,213,0EK3004,0,NO,create
2277,8056262072707,Emporio Armani,SI,213,0EK3005,0,NO,create
2278,8056262072714,Emporio Armani,SI,213,0EK3005,0,NO,create
2279,8056262072721,Emporio Armani,SI,213,0EK3005,0,NO,create
2280,8056262301555,Emporio Armani,SI,213,0EK3005,0,NO,create
2281,8056262074800,Emporio Armani,SI,213,0EK3006,0,NO,create
2282,8056262074817,Emporio Armani,SI,213,0EK3006,0,NO,create
2283,8056262074848,Emporio Armani,SI,213,0EK3006,0,NO,create
2284,8056262074855,Emporio Armani,SI,213,0EK3006,0,NO,create
2285,8056262302187,Emporio Armani,SI,213,0EK3006,0,NO,create
2286,8056262302194,Emporio Armani,SI,213,0EK3006,0,NO,create
2287,8056262074107,Emporio Armani,SI,213,0EK3007,0,NO,create
2288,8056262074114,Emporio Armani,SI,213,0EK3007,0,NO,create
2289,8056262074190,Emporio Armani,SI,213,0EK3007,0,NO,create
2290,8056262074237,Emporio Armani,SI,213,0EK3007,0,NO,create
2291,8056262302231,Emporio Armani,SI,213,0EK3007,0,NO,create
2292,8056262475515,Emporio Armani,SI,213,0EK3008U,0,NO,create
2293,8056262475522,Emporio Armani,SI,213,0EK3008U,0,NO,create
2294,8056262722909,Emporio Armani,SI,213,0EK3008U,0,NO,create
2295,8056262475539,Emporio Armani,SI,213,0EK3008U,0,NO,create
2296,8056262475546,Emporio Armani,SI,213,0EK3008U,0,NO,create
2297,8056262475560,Emporio Armani,SI,213,0EK3008U,0,NO,create
2298,8056262475577,Emporio Armani,SI,213,0EK3008U,0,NO,create
2299,8056262475584,Emporio Armani,SI,213,0EK3008U,0,NO,create
2300,8056262475607,Emporio Armani,SI,213,0EK3008U,0,NO,create
2301,8056262998649,Emporio Armani,SI,213,0EK3008U,0,NO,create
2302,8056262998656,Emporio Armani,SI,213,0EK3008U,0,NO,create
2303,8056262476116,Emporio Armani,SI,213,0EK3009,0,NO,create
2304,8056262476123,Emporio Armani,SI,213,0EK3009,0,NO,create
2305,8056262476147,Emporio Armani,SI,213,0EK3009,0,NO,create
2306,8056262476161,Emporio Armani,SI,213,0EK3009,0,NO,create
2307,8056262476185,Emporio Armani,SI,213,0EK3009,0,NO,create
2308,8056262476208,Emporio Armani,SI,213,0EK3009,0,NO,create
2309,8056262476215,Emporio Armani,SI,213,0EK3009,0,NO,create
2310,8056262476796,Emporio Armani,SI,213,0EK3010,0,NO,create
2311,8056262476802,Emporio Armani,SI,213,0EK3010,0,NO,create
2312,8056262476819,Emporio Armani,SI,213,0EK3010,0,NO,create
2313,8056262476826,Emporio Armani,SI,213,0EK3010,0,NO,create
2314,8056262476833,Emporio Armani,SI,213,0EK3010,0,NO,create
2315,8056262476840,Emporio Armani,SI,213,0EK3010,0,NO,create
2316,8056262476864,Emporio Armani,SI,213,0EK3010,0,NO,create
2317,8056262476871,Emporio Armani,SI,213,0EK3010,0,NO,create
2318,8056262476888,Emporio Armani,SI,213,0EK3010,0,NO,create
2319,8056262476659,Emporio Armani,SI,213,0EK3011U,0,NO,create
2320,8056262476666,Emporio Armani,SI,213,0EK3011U,0,NO,create
2321,8056262476673,Emporio Armani,SI,213,0EK3011U,0,NO,create
2322,8056262476680,Emporio Armani,SI,213,0EK3011U,0,NO,create
2323,8056262476697,Emporio Armani,SI,213,0EK3011U,0,NO,create
2324,8056262476703,Emporio Armani,SI,213,0EK3011U,0,NO,create
2325,8056262476710,Emporio Armani,SI,213,0EK3011U,0,NO,create
2326,8056262476727,Emporio Armani,SI,213,0EK3011U,0,NO,create
2327,8056262476734,Emporio Armani,SI,213,0EK3011U,0,NO,create
2328,8056262476741,Emporio Armani,SI,213,0EK3011U,0,NO,create
2329,8056262722916,Emporio Armani,SI,213,0EK3011U,0,NO,create
2330,8056262722923,Emporio Armani,SI,213,0EK3011U,0,NO,create
2331,8056266000065,Emporio Armani,SI,213,0EK3012U,0,NO,create
2332,8056266000072,Emporio Armani,SI,213,0EK3012U,0,NO,create
2333,8056262854556,Emporio Armani,SI,213,0EK3012U,1,NO,update
2334,8056262854563,Emporio Armani,SI,213,0EK3012U,1,NO,update
2335,8056262854570,Emporio Armani,SI,213,0EK3012U,1,NO,update
2336,8056262854587,Emporio Armani,SI,213,0EK3012U,1,NO,update
2337,8056262854594,Emporio Armani,SI,213,0EK3012U,1,NO,update
2338,8056262855850,Emporio Armani,SI,213,0EK3012U,1,NO,update
2339,8056262854600,Emporio Armani,SI,213,0EK3012U,0,NO,create
2340,8056262854617,Emporio Armani,SI,213,0EK3012U,0,NO,create
2341,8056262854457,Emporio Armani,SI,213,0EK3013U,0,NO,create
2342,8056262854464,Emporio Armani,SI,213,0EK3013U,0,NO,create
2343,8056262854471,Emporio Armani,SI,213,0EK3013U,0,NO,create
2344,8056262854488,Emporio Armani,SI,213,0EK3013U,0,NO,create
2345,8056262854495,Emporio Armani,SI,213,0EK3013U,0,NO,create
2346,8056262854501,Emporio Armani,SI,213,0EK3013U,0,NO,create
2347,8056262854518,Emporio Armani,SI,213,0EK3013U,0,NO,create
2348,8056262854525,Emporio Armani,SI,213,0EK3013U,0,NO,create
2349,8056266000089,Emporio Armani,SI,213,0EK3014U,0,NO,create
2350,8056266000096,Emporio Armani,SI,213,0EK3014U,0,NO,create
2351,8056262854723,Emporio Armani,SI,213,0EK3014U,0,NO,create
2352,8056262854730,Emporio Armani,SI,213,0EK3014U,0,NO,create
2353,8056262854747,Emporio Armani,SI,213,0EK3014U,1,NO,update
2354,8056262854754,Emporio Armani,SI,213,0EK3014U,1,NO,update
2355,8056262854761,Emporio Armani,SI,213,0EK3014U,0,NO,create
2356,8056262854778,Emporio Armani,SI,213,0EK3014U,0,NO,create
2357,8056262854785,Emporio Armani,SI,213,0EK3014U,0,NO,create
2358,8056262854792,Emporio Armani,SI,213,0EK3014U,0,NO,create
2359,8056262854808,Emporio Armani,SI,213,0EK3014U,0,NO,create
2360,8056262854815,Emporio Armani,SI,213,0EK3014U,0,NO,create
2361,8056597981446,Emporio Armani,SI,213,0EK3202,0,NO,create
2362,8056597980586,Emporio Armani,SI,213,0EK3203,1,NO,update
2363,8056597980593,Emporio Armani,SI,213,0EK3203,1,NO,update
2364,8056597980623,Emporio Armani,SI,213,0EK3203,1,NO,update
2365,8056597980630,Emporio Armani,SI,213,0EK3203,1,NO,update
2366,8056597980654,Emporio Armani,SI,213,0EK3203,0,NO,create
2367,8056597980692,Emporio Armani,SI,213,0EK3203,0,NO,create
2368,8056597981866,Emporio Armani,SI,213,0EK3204,0,NO,create
2369,8056597981880,Emporio Armani,SI,213,0EK3204,0,NO,create
2370,8056597981897,Emporio Armani,SI,213,0EK3204,0,NO,create
2371,8056597981910,Emporio Armani,SI,213,0EK3204,0,NO,create
2372,8056597981927,Emporio Armani,SI,213,0EK3204,0,NO,create
2373,8056597981934,Emporio Armani,SI,213,0EK3204,0,NO,create
2374,8056597981781,Emporio Armani,SI,213,0EK3205,0,NO,create
2375,8056597981804,Emporio Armani,SI,213,0EK3205,0,NO,create
2376,8056597820998,Emporio Armani,SI,213,0EK4001,1,NO,update
2377,8056597821001,Emporio Armani,SI,213,0EK4001,0,NO,create
2378,8056597821018,Emporio Armani,SI,213,0EK4001,1,NO,update
2379,8056597821582,Emporio Armani,SI,213,0EK4002,1,NO,update
2380,8056597821599,Emporio Armani,SI,213,0EK4002,0,NO,create
2381,8056597821605,Emporio Armani,SI,213,0EK4002,0,NO,create
2382,8056597964999,Emporio Armani,SI,213,0EK4002,1,NO,update
2383,8056597965019,Emporio Armani,SI,213,0EK4003,0,NO,create
2384,8056597844079,Emporio Armani,SI,213,0EK4003,0,NO,create
2385,8056597844086,Emporio Armani,SI,213,0EK4003,0,NO,create
2386,8056262073377,Emporio Armani,SI,213,0EK4004,0,NO,create
2387,8056262292631,Emporio Armani,SI,213,0EK4004,0,NO,create
2388,8056262073391,Emporio Armani,SI,213,0EK4004,0,NO,create
2389,8056262073407,Emporio Armani,SI,213,0EK4004,0,NO,create
2390,8056262073414,Emporio Armani,SI,213,0EK4004,0,NO,create
2391,8056262475423,Emporio Armani,SI,213,0EK4005U,0,NO,create
2392,8056262475447,Emporio Armani,SI,213,0EK4005U,0,NO,create
2393,8056262475454,Emporio Armani,SI,213,0EK4005U,0,NO,create
2394,8056262475461,Emporio Armani,SI,213,0EK4005U,0,NO,create
2395,8056262722978,Emporio Armani,SI,213,0EK4005U,0,NO,create
2396,8056262476512,Emporio Armani,SI,213,0EK4006U,1,NO,update
2397,8056262476529,Emporio Armani,SI,213,0EK4006U,1,NO,update
2398,8056262476536,Emporio Armani,SI,213,0EK4006U,1,NO,update
2399,8056262476543,Emporio Armani,SI,213,0EK4006U,1,NO,update
2400,8056262476550,Emporio Armani,SI,213,0EK4006U,1,NO,update
2401,8056262476895,Emporio Armani,SI,213,0EK4007U,1,NO,update
2402,8056262476901,Emporio Armani,SI,213,0EK4007U,0,NO,create
2403,8056262476918,Emporio Armani,SI,213,0EK4007U,0,NO,create
2404,8056262476925,Emporio Armani,SI,213,0EK4007U,1,NO,update
2405,8056262476932,Emporio Armani,SI,213,0EK4007U,0,NO,create
2406,8056262855546,Emporio Armani,SI,213,0EK4008U,0,NO,create
2407,8056266000102,Emporio Armani,SI,213,0EK4008U,0,NO,create
2408,8056262855515,Emporio Armani,SI,213,0EK4008U,0,NO,create
2409,8056262855522,Emporio Armani,SI,213,0EK4008U,0,NO,create
2410,8056262855539,Emporio Armani,SI,213,0EK4008U,0,NO,create
2411,8056262855553,Emporio Armani,SI,213,0EK4008U,0,NO,create
2412,8056262850909,Emporio Armani,SI,213,0EK4009U,0,NO,create
2413,8056262850916,Emporio Armani,SI,213,0EK4009U,0,NO,create
2414,8056262850923,Emporio Armani,SI,213,0EK4009U,0,NO,create
2415,8056262850930,Emporio Armani,SI,213,0EK4009U,0,NO,create
2416,8056262850947,Emporio Armani,SI,213,0EK4009U,0,NO,create
2417,8056597981996,Emporio Armani,SI,213,0EK4184,1,NO,update
2418,8056597982023,Emporio Armani,SI,213,0EK4184,1,NO,update
2419,8056597982085,Emporio Armani,SI,213,0EK4185,0,NO,create
2420,8056597982108,Emporio Armani,SI,213,0EK4185,0,NO,create
2421,725125961080,Michael Kors,SI,236,0MK1010,0,NO,create
2422,725125000772,Michael Kors,SI,236,0MK1035,0,NO,create
2423,725125010221,Michael Kors,SI,236,0MK1046,1,NO,update
2424,725125010245,Michael Kors,SI,236,0MK1046,0,NO,create
2425,725125127554,Michael Kors,SI,236,0MK1067B,1,NO,update
2426,725125127608,Michael Kors,SI,236,0MK1067B,1,NO,update
2427,725125396264,Michael Kors,SI,236,0MK1089,0,NO,create
2428,725125366168,Michael Kors,SI,236,0MK1089,0,NO,create
2429,725125366274,Michael Kors,SI,236,0MK1090,0,NO,create
2430,725125374569,Michael Kors,SI,236,0MK1099B,1,NO,update
2431,725125376303,Michael Kors,SI,236,0MK1101B,1,NO,update
2432,725125374217,Michael Kors,SI,236,0MK1102,1,NO,update
2433,725125379885,Michael Kors,SI,236,0MK1108,0,NO,create
2434,725125379939,Michael Kors,SI,236,0MK1108,0,NO,create
2435,725125388313,Michael Kors,SI,236,0MK1120,1,NO,update
2436,725125388337,Michael Kors,SI,236,0MK1120,0,NO,create
2437,725125388375,Michael Kors,SI,236,0MK1120,0,NO,create
2438,725125388214,Michael Kors,SI,236,0MK1121,1,NO,update
2439,725125394574,Michael Kors,SI,236,0MK1126,0,NO,create
2440,725125395977,Michael Kors,SI,236,0MK1128J,0,NO,create
2441,725125395991,Michael Kors,SI,236,0MK1128J,1,NO,update
2442,725125396004,Michael Kors,SI,236,0MK1128J,0,NO,create
2443,725125396011,Michael Kors,SI,236,0MK1128J,1,NO,update
2444,725125396028,Michael Kors,SI,236,0MK1128J,1,NO,update
2445,725125395922,Michael Kors,SI,236,0MK1129J,1,NO,update
2446,725125395960,Michael Kors,SI,236,0MK1129J,1,NO,update
2447,725125395885,Michael Kors,SI,236,0MK1130B,0,NO,create
2448,725125398237,Michael Kors,SI,236,0MK1135B,0,NO,create
2449,725125406062,Michael Kors,SI,236,0MK1138,0,NO,create
2450,725125406079,Michael Kors,SI,236,0MK1138,0,NO,create
2451,725125406147,Michael Kors,SI,236,0MK1139,0,NO,create
2452,725125406154,Michael Kors,SI,236,0MK1139,0,NO,create
2453,725125406161,Michael Kors,SI,236,0MK1140,0,NO,create
2454,725125406178,Michael Kors,SI,236,0MK1140,0,NO,create
2455,725125409995,Michael Kors,SI,236,0MK1140,0,NO,create
2456,725125410076,Michael Kors,SI,236,0MK1140,0,NO,create
2457,725125410090,Michael Kors,SI,236,0MK1140,0,NO,create
2458,725125410229,Michael Kors,SI,236,0MK1141,0,NO,create
2459,725125410243,Michael Kors,SI,236,0MK1141,0,NO,create
2460,725125419635,Michael Kors,SI,236,0MK1141,0,NO,create
2461,725125450904,Michael Kors,SI,236,0MK1143D,0,NO,create
2462,725125510561,Michael Kors,SI,236,0MK1144B,0,NO,create
2463,725125510608,Michael Kors,SI,236,0MK1145B,0,NO,create
2464,725125510615,Michael Kors,SI,236,0MK1145B,0,NO,create
2465,725125510639,Michael Kors,SI,236,0MK1146,1,NO,update
2466,725125510684,Michael Kors,SI,236,0MK1147,0,NO,create
2467,725125510714,Michael Kors,SI,236,0MK1147,0,NO,create
2468,725125510691,Michael Kors,SI,236,0MK1148,0,NO,create
2469,725125510776,Michael Kors,SI,236,0MK1148,0,NO,create
2470,725125510813,Michael Kors,SI,236,0MK1148,0,NO,create
2471,725125510707,Michael Kors,SI,236,0MK1149,0,NO,create
2472,725125510745,Michael Kors,SI,236,0MK1149,0,NO,create
2473,725125510806,Michael Kors,SI,236,0MK1149,0,NO,create
2474,725125512053,Michael Kors,SI,236,0MK1149,0,NO,create
2475,725125518437,Michael Kors,SI,236,0MK1150,1,NO,update
2476,725125518451,Michael Kors,SI,236,0MK1150,0,NO,create
2477,725125518468,Michael Kors,SI,236,0MK1150,0,NO,create
2478,725125510769,Michael Kors,SI,236,0MK1151,0,NO,create
2479,725125551502,Michael Kors,SI,236,0MK1151,0,NO,create
2480,725125512039,Michael Kors,SI,236,0MK1151,1,NO,update
2481,725125507479,Michael Kors,SI,236,0MK1152,0,NO,create
2482,725125507530,Michael Kors,SI,236,0MK1153,0,NO,create
2483,725125518383,Michael Kors,SI,236,0MK1153,0,NO,create
2484,725125507547,Michael Kors,SI,236,0MK1153,0,NO,create
2485,725125518390,Michael Kors,SI,236,0MK1154,0,NO,create
2486,725125507554,Michael Kors,SI,236,0MK1154,0,NO,create
2487,725125507561,Michael Kors,SI,236,0MK1154,0,NO,create
2488,725125507578,Michael Kors,SI,236,0MK1155,0,NO,create
2489,725125507592,Michael Kors,SI,236,0MK1155,0,NO,create
2490,725125507608,Michael Kors,SI,236,0MK1156,0,NO,create
2491,725125507615,Michael Kors,SI,236,0MK1156,0,NO,create
2492,725125513470,Michael Kors,SI,236,0MK1157D,0,NO,create
2493,725125514569,Michael Kors,SI,236,0MK1157D,0,NO,create
2494,725125512107,Michael Kors,SI,236,0MK1158D,0,NO,create
2495,725125513432,Michael Kors,SI,236,0MK1158D,0,NO,create
2496,725125524308,Michael Kors,SI,236,0MK1160,0,NO,create
2497,725125524315,Michael Kors,SI,236,0MK1160,0,NO,create
2498,725125524322,Michael Kors,SI,236,0MK1160,0,NO,create
2499,725125524339,Michael Kors,SI,236,0MK1160,0,NO,create
2500,725125545877,Michael Kors,SI,236,0MK1160,0,NO,create
2501,725125524346,Michael Kors,SI,236,0MK1160,0,NO,create
2502,725125524353,Michael Kors,SI,236,0MK1160,0,NO,create
2503,725125524360,Michael Kors,SI,236,0MK1160,0,NO,create
2504,725125524377,Michael Kors,SI,236,0MK1160,0,NO,create
2505,725125524384,Michael Kors,SI,236,0MK1160,0,NO,create
2506,725125524391,Michael Kors,SI,236,0MK1160,0,NO,create
2507,725125524469,Michael Kors,SI,236,0MK1160,0,NO,create
2508,725125524476,Michael Kors,SI,236,0MK1160,0,NO,create
2509,725125524520,Michael Kors,SI,236,0MK1160,0,NO,create
2510,725125524575,Michael Kors,SI,236,0MK1160,0,NO,create
2511,725125524582,Michael Kors,SI,236,0MK1160,0,NO,create
2512,725125523790,Michael Kors,SI,236,0MK1161,1,NO,update
2513,725125526890,Michael Kors,SI,236,0MK1161,1,NO,update
2514,725125546140,Michael Kors,SI,236,0MK1161,0,NO,create
2515,725125523806,Michael Kors,SI,236,0MK1161,0,NO,create
2516,725125527231,Michael Kors,SI,236,0MK1161,1,NO,update
2517,725125523820,Michael Kors,SI,236,0MK1161,1,NO,update
2518,725125531719,Michael Kors,SI,236,0MK1163,0,NO,create
2519,725125531764,Michael Kors,SI,236,0MK1163,1,NO,update
2520,725125531832,Michael Kors,SI,236,0MK1163,0,NO,create
2521,725125531887,Michael Kors,SI,236,0MK1163,1,NO,update
2522,725125531726,Michael Kors,SI,236,0MK1164,0,NO,create
2523,725125531856,Michael Kors,SI,236,0MK1164,0,NO,create
2524,725125531894,Michael Kors,SI,236,0MK1164,0,NO,create
2525,725125531771,Michael Kors,SI,236,0MK1165,1,NO,update
2526,725125531849,Michael Kors,SI,236,0MK1165,1,NO,update
2527,725125531917,Michael Kors,SI,236,0MK1165,1,NO,update
2528,725125531740,Michael Kors,SI,236,0MK1166,0,NO,create
2529,725125531795,Michael Kors,SI,236,0MK1166,0,NO,create
2530,725125531863,Michael Kors,SI,236,0MK1166,0,NO,create
2531,725125532075,Michael Kors,SI,236,0MK1167,0,NO,create
2532,725125532143,Michael Kors,SI,236,0MK1167,0,NO,create
2533,725125532181,Michael Kors,SI,236,0MK1167,0,NO,create
2534,725125532228,Michael Kors,SI,236,0MK1167,0,NO,create
2535,725125532167,Michael Kors,SI,236,0MK1168,0,NO,create
2536,725125532174,Michael Kors,SI,236,0MK1168,0,NO,create
2537,725125532235,Michael Kors,SI,236,0MK1168,0,NO,create
2538,725125532242,Michael Kors,SI,236,0MK1168,0,NO,create
2539,725125532259,Michael Kors,SI,236,0MK1168,0,NO,create
2540,725125532266,Michael Kors,SI,236,0MK1168,0,NO,create
2541,725125532273,Michael Kors,SI,236,0MK1168,0,NO,create
2542,725125532280,Michael Kors,SI,236,0MK1168,0,NO,create
2543,725125532068,Michael Kors,SI,236,0MK1169,0,NO,create
2544,725125532136,Michael Kors,SI,236,0MK1169,0,NO,create
2545,725125538619,Michael Kors,SI,236,0MK1172,0,NO,create
2546,725125538671,Michael Kors,SI,236,0MK1172,0,NO,create
2547,725125538763,Michael Kors,SI,236,0MK1172,0,NO,create
2548,725125538800,Michael Kors,SI,236,0MK1172,0,NO,create
2549,725125538824,Michael Kors,SI,236,0MK1172,0,NO,create
2550,725125540445,Michael Kors,SI,236,0MK1173,1,NO,update
2551,725125540452,Michael Kors,SI,236,0MK1173,1,NO,update
2552,725125540469,Michael Kors,SI,236,0MK1173,0,NO,create
2553,725125540476,Michael Kors,SI,236,0MK1173,0,NO,create
2554,725125538657,Michael Kors,SI,236,0MK1174,0,NO,create
2555,725125538701,Michael Kors,SI,236,0MK1174,0,NO,create
2556,725125538794,Michael Kors,SI,236,0MK1174,0,NO,create
2557,725125538817,Michael Kors,SI,236,0MK1174,0,NO,create
2558,725125538558,Michael Kors,SI,236,0MK1175,1,NO,update
2559,725125538572,Michael Kors,SI,236,0MK1175,0,NO,create
2560,725125538596,Michael Kors,SI,236,0MK1175,0,NO,create
2561,725125538541,Michael Kors,SI,236,0MK1176,0,NO,create
2562,725125538565,Michael Kors,SI,236,0MK1176,0,NO,create
2563,725125538589,Michael Kors,SI,236,0MK1176,0,NO,create
2564,725125538602,Michael Kors,SI,236,0MK1176,0,NO,create
2565,725125546881,Michael Kors,SI,236,0MK1178,1,NO,update
2566,725125545464,Michael Kors,SI,236,0MK1178,1,NO,update
2567,725125545563,Michael Kors,SI,236,0MK1178,1,NO,update
2568,725125545549,Michael Kors,SI,236,0MK1178,1,NO,update
2569,725125547017,Michael Kors,SI,236,0MK1179,0,NO,create
2570,725125545518,Michael Kors,SI,236,0MK1179,0,NO,create
2571,725125545457,Michael Kors,SI,236,0MK1179,0,NO,create
2572,725125543736,Michael Kors,SI,236,0MK1180,0,NO,create
2573,725125543798,Michael Kors,SI,236,0MK1180,0,NO,create
2574,725125545426,Michael Kors,SI,236,0MK1181,1,NO,update
2575,725125545488,Michael Kors,SI,236,0MK1181,0,NO,create
2576,725125545631,Michael Kors,SI,236,0MK1182,0,NO,create
2577,725125545723,Michael Kors,SI,236,0MK1182,0,NO,create
2578,725125545785,Michael Kors,SI,236,0MK1182,0,NO,create
2579,725125545655,Michael Kors,SI,236,0MK1183,0,NO,create
2580,725125545709,Michael Kors,SI,236,0MK1183,0,NO,create
2581,725125545792,Michael Kors,SI,236,0MK1183,0,NO,create
2582,725125550475,Michael Kors,SI,236,0MK1186,0,NO,create
2583,725125550215,Michael Kors,SI,236,0MK1186,0,NO,create
2584,725125550321,Michael Kors,SI,236,0MK1186,0,NO,create
2585,725125550192,Michael Kors,SI,236,0MK1187,0,NO,create
2586,725125550314,Michael Kors,SI,236,0MK1187,0,NO,create
2587,725125550468,Michael Kors,SI,236,0MK1187,0,NO,create
2588,725125550918,Michael Kors,SI,236,0MK1188,0,NO,create
2589,725125550925,Michael Kors,SI,236,0MK1188,0,NO,create
2590,725125550901,Michael Kors,SI,236,0MK1188,0,NO,create
2591,725125549752,Michael Kors,SI,236,0MK1189,0,NO,create
2592,725125549721,Michael Kors,SI,236,0MK1189,0,NO,create
2593,725125963343,Michael Kors,SI,236,0MK2023,0,NO,create
2594,725125961653,Michael Kors,SI,236,0MK2024,1,NO,update
2595,725125961660,Michael Kors,SI,236,0MK2024,1,NO,update
2596,725125961684,Michael Kors,SI,236,0MK2024,1,NO,update
2597,725125976503,Michael Kors,SI,236,0MK2045,0,NO,create
2598,725125976497,Michael Kors,SI,236,0MK2045,0,NO,create
2599,725125998406,Michael Kors,SI,236,0MK2068,0,NO,create
2600,725125368896,Michael Kors,SI,236,0MK2079U,0,NO,create
2601,725125007443,Michael Kors,SI,236,0MK2079U,0,NO,create
2602,725125008884,Michael Kors,SI,236,0MK2079U,0,NO,create
2603,725125007450,Michael Kors,SI,236,0MK2079U,0,NO,create
2604,725125527255,Michael Kors,SI,236,0MK2079U,0,NO,create
2605,725125008907,Michael Kors,SI,236,0MK2080U,0,NO,create
2606,725125009904,Michael Kors,SI,236,0MK2087U,0,NO,create
2607,725125032483,Michael Kors,SI,236,0MK2098U,0,NO,create
2608,725125032490,Michael Kors,SI,236,0MK2098U,0,NO,create
2609,725125032551,Michael Kors,SI,236,0MK2098U,0,NO,create
2610,725125126960,Michael Kors,SI,236,0MK2120,1,NO,update
2611,725125362863,Michael Kors,SI,236,0MK2131,1,NO,update
2612,725125365574,Michael Kors,SI,236,0MK2137U,0,NO,create
2613,725125365628,Michael Kors,SI,236,0MK2137U,1,NO,update
2614,725125365581,Michael Kors,SI,236,0MK2137U,0,NO,create
2615,725125365642,Michael Kors,SI,236,0MK2137U,0,NO,create
2616,725125365598,Michael Kors,SI,236,0MK2137U,0,NO,create
2617,725125365604,Michael Kors,SI,236,0MK2137U,0,NO,create
2618,725125533386,Michael Kors,SI,236,0MK2137U,0,NO,create
2619,725125533393,Michael Kors,SI,236,0MK2137U,0,NO,create
2620,725125366809,Michael Kors,SI,236,0MK2140,0,NO,create
2621,725125366816,Michael Kors,SI,236,0MK2140,0,NO,create
2622,725125366823,Michael Kors,SI,236,0MK2140,1,NO,update
2623,725125428132,Michael Kors,SI,236,0MK2140,0,NO,create
2624,725125374880,Michael Kors,SI,236,0MK2149U,1,NO,update
2625,725125374958,Michael Kors,SI,236,0MK2149U,0,NO,create
2626,725125375368,Michael Kors,SI,236,0MK2154,1,NO,update
2627,725125379441,Michael Kors,SI,236,0MK2158,1,NO,update
2628,725125379434,Michael Kors,SI,236,0MK2158,1,NO,update
2629,725125379250,Michael Kors,SI,236,0MK2160,1,NO,update
2630,725125379229,Michael Kors,SI,236,0MK2161BU,1,NO,update
2631,725125379182,Michael Kors,SI,236,0MK2161BU,1,NO,update
2632,725125379267,Michael Kors,SI,236,0MK2163,1,NO,update
2633,725125379304,Michael Kors,SI,236,0MK2163,1,NO,update
2634,725125379328,Michael Kors,SI,236,0MK2163,0,NO,create
2635,725125388436,Michael Kors,SI,236,0MK2163,0,NO,create
2636,725125388443,Michael Kors,SI,236,0MK2163,1,NO,update
2637,725125379335,Michael Kors,SI,236,0MK2165,1,NO,update
2638,725125396059,Michael Kors,SI,236,0MK2165,1,NO,update
2639,725125383653,Michael Kors,SI,236,0MK2168,0,NO,create
2640,725125383424,Michael Kors,SI,236,0MK2170U,1,NO,update
2641,725125518222,Michael Kors,SI,236,0MK2170U,1,NO,update
2642,725125383431,Michael Kors,SI,236,0MK2170U,1,NO,update
2643,725125383448,Michael Kors,SI,236,0MK2170U,0,NO,create
2644,725125387767,Michael Kors,SI,236,0MK2174U,1,NO,update
2645,725125387781,Michael Kors,SI,236,0MK2174U,0,NO,create
2646,725125388863,Michael Kors,SI,236,0MK2175U,0,NO,create
2647,725125388887,Michael Kors,SI,236,0MK2175U,0,NO,create
2648,725125388801,Michael Kors,SI,236,0MK2176U,0,NO,create
2649,725125388825,Michael Kors,SI,236,0MK2176U,1,NO,update
2650,725125395779,Michael Kors,SI,236,0MK2181U,0,NO,create
2651,725125526050,Michael Kors,SI,236,0MK2181U,0,NO,create
2652,725125395786,Michael Kors,SI,236,0MK2181U,0,NO,create
2653,725125395793,Michael Kors,SI,236,0MK2181U,0,NO,create
2654,725125395816,Michael Kors,SI,236,0MK2181U,0,NO,create
2655,725125395809,Michael Kors,SI,236,0MK2182U,1,NO,update
2656,725125395823,Michael Kors,SI,236,0MK2182U,1,NO,update
2657,725125395847,Michael Kors,SI,236,0MK2182U,0,NO,create
2658,725125395854,Michael Kors,SI,236,0MK2182U,1,NO,update
2659,725125395861,Michael Kors,SI,236,0MK2182U,1,NO,update
2660,725125395724,Michael Kors,SI,236,0MK2183U,1,NO,update
2661,725125395762,Michael Kors,SI,236,0MK2183U,1,NO,update
2662,725125419789,Michael Kors,SI,236,0MK2183U,0,NO,create
2663,725125525992,Michael Kors,SI,236,0MK2184U,1,NO,update
2664,725125394628,Michael Kors,SI,236,0MK2184U,1,NO,update
2665,725125394635,Michael Kors,SI,236,0MK2184U,1,NO,update
2666,725125394659,Michael Kors,SI,236,0MK2184U,0,NO,create
2667,725125395717,Michael Kors,SI,236,0MK2184U,1,NO,update
2668,725125518239,Michael Kors,SI,236,0MK2184U,0,NO,create
2669,725125526098,Michael Kors,SI,236,0MK2185BU,0,NO,create
2670,725125394888,Michael Kors,SI,236,0MK2185BU,1,NO,update
2671,725125394871,Michael Kors,SI,236,0MK2185BU,0,NO,create
2672,725125395694,Michael Kors,SI,236,0MK2186U,0,NO,create
2673,725125399173,Michael Kors,SI,236,0MK2186U,0,NO,create
2674,725125395700,Michael Kors,SI,236,0MK2186U,0,NO,create
2675,725125399180,Michael Kors,SI,236,0MK2186U,0,NO,create
2676,725125395304,Michael Kors,SI,236,0MK2192,0,NO,create
2677,725125395311,Michael Kors,SI,236,0MK2192,0,NO,create
2678,725125395335,Michael Kors,SI,236,0MK2192,0,NO,create
2679,725125398190,Michael Kors,SI,236,0MK2193U,0,NO,create
2680,725125398251,Michael Kors,SI,236,0MK2194,1,NO,update
2681,725125398275,Michael Kors,SI,236,0MK2194,1,NO,update
2682,725125402248,Michael Kors,SI,236,0MK2195U,0,NO,create
2683,725125402255,Michael Kors,SI,236,0MK2195U,0,NO,create
2684,725125402262,Michael Kors,SI,236,0MK2195U,0,NO,create
2685,725125402279,Michael Kors,SI,236,0MK2195U,0,NO,create
2686,725125402293,Michael Kors,SI,236,0MK2196U,1,NO,update
2687,725125402309,Michael Kors,SI,236,0MK2196U,1,NO,update
2688,725125402378,Michael Kors,SI,236,0MK2197U,0,NO,create
2689,725125402385,Michael Kors,SI,236,0MK2197U,0,NO,create
2690,725125402392,Michael Kors,SI,236,0MK2197U,0,NO,create
2691,725125402408,Michael Kors,SI,236,0MK2197U,0,NO,create
2692,725125540209,Michael Kors,SI,236,0MK2197U,0,NO,create
2693,725125402415,Michael Kors,SI,236,0MK2197U,0,NO,create
2694,725125402422,Michael Kors,SI,236,0MK2197U,0,NO,create
2695,725125402439,Michael Kors,SI,236,0MK2197U,0,NO,create
2696,725125402569,Michael Kors,SI,236,0MK2199,0,NO,create
2697,725125450249,Michael Kors,SI,236,0MK2199,1,NO,update
2698,725125402583,Michael Kors,SI,236,0MK2199,1,NO,update
2699,725125526135,Michael Kors,SI,236,0MK2199,0,NO,create
2700,725125402606,Michael Kors,SI,236,0MK2199,1,NO,update
2701,725125422994,Michael Kors,SI,236,0MK2204U,0,NO,create
2702,725125422970,Michael Kors,SI,236,0MK2204U,0,NO,create
2703,725125422963,Michael Kors,SI,236,0MK2204U,0,NO,create
2704,725125422956,Michael Kors,SI,236,0MK2204U,0,NO,create
2705,725125402705,Michael Kors,SI,236,0MK2205,0,NO,create
2706,725125524766,Michael Kors,SI,236,0MK2205,0,NO,create
2707,725125402712,Michael Kors,SI,236,0MK2205,0,NO,create
2708,725125402729,Michael Kors,SI,236,0MK2205,0,NO,create
2709,725125524773,Michael Kors,SI,236,0MK2205,0,NO,create
2710,725125514637,Michael Kors,SI,236,0MK2209U,1,NO,update
2711,725125517416,Michael Kors,SI,236,0MK2209U,0,NO,create
2712,725125527279,Michael Kors,SI,236,0MK2209U,0,NO,create
2713,725125517386,Michael Kors,SI,236,0MK2210U,1,NO,update
2714,725125517508,Michael Kors,SI,236,0MK2210U,1,NO,update
2715,725125517393,Michael Kors,SI,236,0MK2211U,1,NO,update
2716,725125517454,Michael Kors,SI,236,0MK2211U,0,NO,create
2717,725125519120,Michael Kors,SI,236,0MK2211U,0,NO,create
2718,725125517515,Michael Kors,SI,236,0MK2211U,0,NO,create
2719,725125527262,Michael Kors,SI,236,0MK2211U,0,NO,create
2720,725125517720,Michael Kors,SI,236,0MK2213,0,NO,create
2721,725125517744,Michael Kors,SI,236,0MK2213,1,NO,update
2722,725125517768,Michael Kors,SI,236,0MK2213,0,NO,create
2723,725125517782,Michael Kors,SI,236,0MK2213,1,NO,update
2724,725125517652,Michael Kors,SI,236,0MK2214U,0,NO,create
2725,725125517683,Michael Kors,SI,236,0MK2214U,1,NO,update
2726,725125507493,Michael Kors,SI,236,0MK2216U,0,NO,create
2727,725125518307,Michael Kors,SI,236,0MK2216U,0,NO,create
2728,725125518314,Michael Kors,SI,236,0MK2216U,0,NO,create
2729,725125517812,Michael Kors,SI,236,0MK2217U,0,NO,create
2730,725125517829,Michael Kors,SI,236,0MK2217U,0,NO,create
2731,725125518284,Michael Kors,SI,236,0MK2217U,0,NO,create
2732,725125518048,Michael Kors,SI,236,0MK2218U,0,NO,create
2733,725125518062,Michael Kors,SI,236,0MK2218U,0,NO,create
2734,725125518369,Michael Kors,SI,236,0MK2219U,0,NO,create
2735,725125523080,Michael Kors,SI,236,0MK2225U,0,NO,create
2736,725125523127,Michael Kors,SI,236,0MK2225U,0,NO,create
2737,725125523165,Michael Kors,SI,236,0MK2225U,0,NO,create
2738,725125523226,Michael Kors,SI,236,0MK2225U,0,NO,create
2739,725125523264,Michael Kors,SI,236,0MK2225U,0,NO,create
2740,725125522786,Michael Kors,SI,236,0MK2226,0,NO,create
2741,725125522793,Michael Kors,SI,236,0MK2226,0,NO,create
2742,725125523097,Michael Kors,SI,236,0MK2227,0,NO,create
2743,725125523141,Michael Kors,SI,236,0MK2227,0,NO,create
2744,725125527354,Michael Kors,SI,236,0MK2227,0,NO,create
2745,725125523318,Michael Kors,SI,236,0MK2227,0,NO,create
2746,725125523349,Michael Kors,SI,236,0MK2227,0,NO,create
2747,725125522960,Michael Kors,SI,236,0MK2228D,0,NO,create
2748,725125522984,Michael Kors,SI,236,0MK2228D,0,NO,create
2749,725125522915,Michael Kors,SI,236,0MK2229D,0,NO,create
2750,725125522939,Michael Kors,SI,236,0MK2229D,0,NO,create
2751,725125522977,Michael Kors,SI,236,0MK2229D,0,NO,create
2752,725125522991,Michael Kors,SI,236,0MK2229D,0,NO,create
2753,725125523431,Michael Kors,SI,236,0MK2230U,0,NO,create
2754,725125523479,Michael Kors,SI,236,0MK2230U,0,NO,create
2755,725125523585,Michael Kors,SI,236,0MK2230U,0,NO,create
2756,725125523608,Michael Kors,SI,236,0MK2230U,0,NO,create
2757,725125523455,Michael Kors,SI,236,0MK2231U,1,NO,update
2758,725125523509,Michael Kors,SI,236,0MK2231U,1,NO,update
2759,725125524735,Michael Kors,SI,236,0MK2231U,1,NO,update
2760,725125523615,Michael Kors,SI,236,0MK2231U,0,NO,create
2761,725125523622,Michael Kors,SI,236,0MK2231U,0,NO,create
2762,725125523639,Michael Kors,SI,236,0MK2231U,0,NO,create
2763,725125545853,Michael Kors,SI,236,0MK2231U,0,NO,create
2764,725125524599,Michael Kors,SI,236,0MK2232U,0,NO,create
2765,725125524612,Michael Kors,SI,236,0MK2232U,0,NO,create
2766,725125523868,Michael Kors,SI,236,0MK2233B,1,NO,update
2767,725125524070,Michael Kors,SI,236,0MK2233B,0,NO,create
2768,725125524131,Michael Kors,SI,236,0MK2233B,0,NO,create
2769,725125523899,Michael Kors,SI,236,0MK2234B,1,NO,update
2770,725125523950,Michael Kors,SI,236,0MK2234B,0,NO,create
2771,725125523981,Michael Kors,SI,236,0MK2234B,0,NO,create
2772,725125524094,Michael Kors,SI,236,0MK2234B,0,NO,create
2773,725125524421,Michael Kors,SI,236,0MK2235U,0,NO,create
2774,725125524452,Michael Kors,SI,236,0MK2235U,0,NO,create
2775,725125524506,Michael Kors,SI,236,0MK2235U,0,NO,create
2776,725125524544,Michael Kors,SI,236,0MK2235U,0,NO,create
2777,725125524568,Michael Kors,SI,236,0MK2235U,0,NO,create
2778,725125524414,Michael Kors,SI,236,0MK2236U,1,NO,update
2779,725125524445,Michael Kors,SI,236,0MK2236U,0,NO,create
2780,725125524490,Michael Kors,SI,236,0MK2236U,0,NO,create
2781,725125524254,Michael Kors,SI,236,0MK2237U,1,NO,update
2782,725125524261,Michael Kors,SI,236,0MK2237U,1,NO,update
2783,725125524278,Michael Kors,SI,236,0MK2237U,0,NO,create
2784,725125524285,Michael Kors,SI,236,0MK2237U,0,NO,create
2785,725125524292,Michael Kors,SI,236,0MK2237U,1,NO,update
2786,725125530873,Michael Kors,SI,236,0MK2240U,0,NO,create
2787,725125530880,Michael Kors,SI,236,0MK2240U,0,NO,create
2788,725125530903,Michael Kors,SI,236,0MK2240U,0,NO,create
2789,725125531528,Michael Kors,SI,236,0MK2241U,0,NO,create
2790,725125531542,Michael Kors,SI,236,0MK2241U,0,NO,create
2791,725125531559,Michael Kors,SI,236,0MK2241U,0,NO,create
2792,725125540186,Michael Kors,SI,236,0MK2241U,0,NO,create
2793,725125531573,Michael Kors,SI,236,0MK2241U,0,NO,create
2794,725125530835,Michael Kors,SI,236,0MK2242D,0,NO,create
2795,725125530842,Michael Kors,SI,236,0MK2242D,0,NO,create
2796,725125530859,Michael Kors,SI,236,0MK2242D,0,NO,create
2797,725125530866,Michael Kors,SI,236,0MK2242D,0,NO,create
2798,725125531450,Michael Kors,SI,236,0MK2243U,1,NO,update
2799,725125531474,Michael Kors,SI,236,0MK2243U,0,NO,create
2800,725125531498,Michael Kors,SI,236,0MK2243U,0,NO,create
2801,725125531511,Michael Kors,SI,236,0MK2243U,0,NO,create
2802,725125531467,Michael Kors,SI,236,0MK2244U,1,NO,update
2803,725125531481,Michael Kors,SI,236,0MK2244U,0,NO,create
2804,725125531504,Michael Kors,SI,236,0MK2244U,0,NO,create
2805,725125532303,Michael Kors,SI,236,0MK2245U,1,NO,update
2806,725125532389,Michael Kors,SI,236,0MK2245U,1,NO,update
2807,725125532457,Michael Kors,SI,236,0MK2245U,0,NO,create
2808,725125532518,Michael Kors,SI,236,0MK2245U,0,NO,create
2809,725125532594,Michael Kors,SI,236,0MK2245U,0,NO,create
2810,725125532549,Michael Kors,SI,236,0MK2246U,0,NO,create
2811,725125532532,Michael Kors,SI,236,0MK2246U,1,NO,update
2812,725125532655,Michael Kors,SI,236,0MK2246U,0,NO,create
2813,725125532648,Michael Kors,SI,236,0MK2246U,1,NO,update
2814,725125532754,Michael Kors,SI,236,0MK2246U,0,NO,create
2815,725125532747,Michael Kors,SI,236,0MK2246U,0,NO,create
2816,725125532815,Michael Kors,SI,236,0MK2246U,0,NO,create
2817,725125532808,Michael Kors,SI,236,0MK2246U,0,NO,create
2818,725125532853,Michael Kors,SI,236,0MK2246U,0,NO,create
2819,725125532846,Michael Kors,SI,236,0MK2246U,0,NO,create
2820,725125532914,Michael Kors,SI,236,0MK2246U,1,NO,update
2821,725125532907,Michael Kors,SI,236,0MK2246U,1,NO,update
2822,725125532556,Michael Kors,SI,236,0MK2247U,1,NO,update
2823,725125532563,Michael Kors,SI,236,0MK2247U,1,NO,update
2824,725125532617,Michael Kors,SI,236,0MK2247U,0,NO,create
2825,725125532686,Michael Kors,SI,236,0MK2247U,1,NO,update
2826,725125532693,Michael Kors,SI,236,0MK2247U,0,NO,create
2827,725125532761,Michael Kors,SI,236,0MK2247U,0,NO,create
2828,725125532778,Michael Kors,SI,236,0MK2247U,0,NO,create
2829,725125532822,Michael Kors,SI,236,0MK2247U,1,NO,update
2830,725125532839,Michael Kors,SI,236,0MK2247U,1,NO,update
2831,725125532884,Michael Kors,SI,236,0MK2247U,1,NO,update
2832,725125532891,Michael Kors,SI,236,0MK2247U,1,NO,update
2833,725125532297,Michael Kors,SI,236,0MK2248D,0,NO,create
2834,725125532334,Michael Kors,SI,236,0MK2248D,0,NO,create
2835,725125532402,Michael Kors,SI,236,0MK2248D,0,NO,create
2836,725125532440,Michael Kors,SI,236,0MK2249U,0,NO,create
2837,725125532464,Michael Kors,SI,236,0MK2249U,0,NO,create
2838,725125532471,Michael Kors,SI,236,0MK2249U,0,NO,create
2839,725125532525,Michael Kors,SI,236,0MK2249U,0,NO,create
2840,725125532952,Michael Kors,SI,236,0MK2250U,0,NO,create
2841,725125533034,Michael Kors,SI,236,0MK2250U,0,NO,create
2842,725125533102,Michael Kors,SI,236,0MK2250U,0,NO,create
2843,725125532976,Michael Kors,SI,236,0MK2251U,0,NO,create
2844,725125533065,Michael Kors,SI,236,0MK2251U,0,NO,create
2845,725125533140,Michael Kors,SI,236,0MK2251U,0,NO,create
2846,725125533195,Michael Kors,SI,236,0MK2251U,0,NO,create
2847,725125533225,Michael Kors,SI,236,0MK2251U,0,NO,create
2848,725125539272,Michael Kors,SI,236,0MK2256U,1,NO,update
2849,725125539289,Michael Kors,SI,236,0MK2256U,1,NO,update
2850,725125539296,Michael Kors,SI,236,0MK2256U,0,NO,create
2851,725125539302,Michael Kors,SI,236,0MK2256U,0,NO,create
2852,725125539340,Michael Kors,SI,236,0MK2256U,0,NO,create
2853,725125539357,Michael Kors,SI,236,0MK2256U,0,NO,create
2854,725125539371,Michael Kors,SI,236,0MK2256U,0,NO,create
2855,725125539388,Michael Kors,SI,236,0MK2257U,1,NO,update
2856,725125539401,Michael Kors,SI,236,0MK2257U,0,NO,create
2857,725125539425,Michael Kors,SI,236,0MK2257U,0,NO,create
2858,725125539395,Michael Kors,SI,236,0MK2258U,1,NO,update
2859,725125539418,Michael Kors,SI,236,0MK2258U,1,NO,update
2860,725125539463,Michael Kors,SI,236,0MK2258U,1,NO,update
2861,725125539494,Michael Kors,SI,236,0MK2258U,0,NO,create
2862,725125539449,Michael Kors,SI,236,0MK2259U,0,NO,create
2863,725125539586,Michael Kors,SI,236,0MK2259U,0,NO,create
2864,725125539630,Michael Kors,SI,236,0MK2259U,0,NO,create
2865,725125539692,Michael Kors,SI,236,0MK2259U,0,NO,create
2866,725125539432,Michael Kors,SI,236,0MK2260D,1,NO,update
2867,725125539456,Michael Kors,SI,236,0MK2260D,1,NO,update
2868,725125539470,Michael Kors,SI,236,0MK2260D,0,NO,create
2869,725125537766,Michael Kors,SI,236,0MK2261,0,NO,create
2870,725125537810,Michael Kors,SI,236,0MK2261,0,NO,create
2871,725125537773,Michael Kors,SI,236,0MK2262,0,NO,create
2872,725125537834,Michael Kors,SI,236,0MK2262,0,NO,create
2873,725125537896,Michael Kors,SI,236,0MK2262,0,NO,create
2874,725125537940,Michael Kors,SI,236,0MK2262,0,NO,create
2875,725125537803,Michael Kors,SI,236,0MK2263U,1,NO,update
2876,725125537858,Michael Kors,SI,236,0MK2263U,1,NO,update
2877,725125537902,Michael Kors,SI,236,0MK2263U,0,NO,create
2878,725125537957,Michael Kors,SI,236,0MK2263U,1,NO,update
2879,725125537995,Michael Kors,SI,236,0MK2263U,0,NO,create
2880,725125538831,Michael Kors,SI,236,0MK2264U,0,NO,create
2881,725125538862,Michael Kors,SI,236,0MK2264U,0,NO,create
2882,725125538879,Michael Kors,SI,236,0MK2264U,0,NO,create
2883,725125538909,Michael Kors,SI,236,0MK2264U,0,NO,create
2884,725125538923,Michael Kors,SI,236,0MK2264U,0,NO,create
2885,725125539036,Michael Kors,SI,236,0MK2265U,0,NO,create
2886,725125539043,Michael Kors,SI,236,0MK2265U,0,NO,create
2887,725125539098,Michael Kors,SI,236,0MK2265U,0,NO,create
2888,725125539142,Michael Kors,SI,236,0MK2265U,0,NO,create
2889,725125539166,Michael Kors,SI,236,0MK2265U,0,NO,create
2890,725125539005,Michael Kors,SI,236,0MK2266U,0,NO,create
2891,725125539081,Michael Kors,SI,236,0MK2266U,0,NO,create
2892,725125539111,Michael Kors,SI,236,0MK2266U,0,NO,create
2893,725125546966,Michael Kors,SI,236,0MK2270U,0,NO,create
2894,725125544887,Michael Kors,SI,236,0MK2270U,1,NO,update
2895,725125544894,Michael Kors,SI,236,0MK2270U,1,NO,update
2896,725125546942,Michael Kors,SI,236,0MK2270U,0,NO,create
2897,725125546959,Michael Kors,SI,236,0MK2270U,0,NO,create
2898,725125545181,Michael Kors,SI,236,0MK2270U,1,NO,update
2899,725125547154,Michael Kors,SI,236,0MK2271U,1,NO,update
2900,725125543484,Michael Kors,SI,236,0MK2271U,1,NO,update
2901,725125547147,Michael Kors,SI,236,0MK2271U,0,NO,create
2902,725125545198,Michael Kors,SI,236,0MK2271U,0,NO,create
2903,725125546935,Michael Kors,SI,236,0MK2272U,1,NO,update
2904,725125543682,Michael Kors,SI,236,0MK2272U,1,NO,update
2905,725125543699,Michael Kors,SI,236,0MK2272U,1,NO,update
2906,725125547208,Michael Kors,SI,236,0MK2273U,0,NO,create
2907,725125545235,Michael Kors,SI,236,0MK2273U,0,NO,create
2908,725125545303,Michael Kors,SI,236,0MK2273U,0,NO,create
2909,725125545365,Michael Kors,SI,236,0MK2273U,0,NO,create
2910,725125546898,Michael Kors,SI,236,0MK2274U,0,NO,create
2911,725125545266,Michael Kors,SI,236,0MK2274U,0,NO,create
2912,725125545624,Michael Kors,SI,236,0MK2275BU,0,NO,create
2913,725125545587,Michael Kors,SI,236,0MK2275BU,0,NO,create
2914,725125545273,Michael Kors,SI,236,0MK2275BU,0,NO,create
2915,725125545600,Michael Kors,SI,236,0MK2275BU,0,NO,create
2916,725125545402,Michael Kors,SI,236,0MK2275BU,0,NO,create
2917,725125545419,Michael Kors,SI,236,0MK2275BU,0,NO,create
2918,725125545327,Michael Kors,SI,236,0MK2276U,1,NO,update
2919,725125545389,Michael Kors,SI,236,0MK2276U,0,NO,create
2920,725125545440,Michael Kors,SI,236,0MK2276U,0,NO,create
2921,725125546034,Michael Kors,SI,236,0MK2277U,1,NO,update
2922,725125546041,Michael Kors,SI,236,0MK2277U,1,NO,update
2923,725125546058,Michael Kors,SI,236,0MK2277U,0,NO,create
2924,725125544115,Michael Kors,SI,236,0MK2278U,0,NO,create
2925,725125544054,Michael Kors,SI,236,0MK2278U,0,NO,create
2926,725125544016,Michael Kors,SI,236,0MK2278U,0,NO,create
2927,725125544214,Michael Kors,SI,236,0MK2279U,0,NO,create
2928,725125546027,Michael Kors,SI,236,0MK2279U,0,NO,create
2929,725125543729,Michael Kors,SI,236,0MK2280U,0,NO,create
2930,725125543750,Michael Kors,SI,236,0MK2280U,0,NO,create
2931,725125543781,Michael Kors,SI,236,0MK2280U,0,NO,create
2932,725125543385,Michael Kors,SI,236,0MK2281U,1,NO,update
2933,725125543408,Michael Kors,SI,236,0MK2281U,1,NO,update
2934,725125543392,Michael Kors,SI,236,0MK2282U,0,NO,create
2935,725125543415,Michael Kors,SI,236,0MK2282U,0,NO,create
2936,725125543439,Michael Kors,SI,236,0MK2282U,0,NO,create
2937,725125549493,Michael Kors,SI,236,0MK2287U,0,NO,create
2938,725125549516,Michael Kors,SI,236,0MK2287U,0,NO,create
2939,725125549509,Michael Kors,SI,236,0MK2287U,0,NO,create
2940,725125549882,Michael Kors,SI,236,0MK2288U,0,NO,create
2941,725125549967,Michael Kors,SI,236,0MK2288U,0,NO,create
2942,725125550994,Michael Kors,SI,236,0MK2288U,0,NO,create
2943,725125551021,Michael Kors,SI,236,0MK2288U,0,NO,create
2944,725125551007,Michael Kors,SI,236,0MK2288U,0,NO,create
2945,725125549899,Michael Kors,SI,236,0MK2288U,0,NO,create
2946,725125549905,Michael Kors,SI,236,0MK2289D,0,NO,create
2947,725125549912,Michael Kors,SI,236,0MK2289D,0,NO,create
2948,725125550130,Michael Kors,SI,236,0MK2290U,0,NO,create
2949,725125550451,Michael Kors,SI,236,0MK2290U,0,NO,create
2950,725125550369,Michael Kors,SI,236,0MK2290U,0,NO,create
2951,725125550185,Michael Kors,SI,236,0MK2290U,0,NO,create
2952,725125550796,Michael Kors,SI,236,0MK2291U,0,NO,create
2953,725125550338,Michael Kors,SI,236,0MK2291U,0,NO,create
2954,725125550147,Michael Kors,SI,236,0MK2291U,0,NO,create
2955,725125550819,Michael Kors,SI,236,0MK2292U,0,NO,create
2956,725125550253,Michael Kors,SI,236,0MK2292U,0,NO,create
2957,725125550376,Michael Kors,SI,236,0MK2292U,0,NO,create
2958,725125550154,Michael Kors,SI,236,0MK2292U,0,NO,create
2959,725125550444,Michael Kors,SI,236,0MK2293U,0,NO,create
2960,725125550291,Michael Kors,SI,236,0MK2293U,0,NO,create
2961,725125550543,Michael Kors,SI,236,0MK2293U,0,NO,create
2962,725125550307,Michael Kors,SI,236,0MK2294U,0,NO,create
2963,725125550482,Michael Kors,SI,236,0MK2294U,0,NO,create
2964,725125549639,Michael Kors,SI,236,0MK2295U,0,NO,create
2965,725125549684,Michael Kors,SI,236,0MK2295U,0,NO,create
2966,725125549660,Michael Kors,SI,236,0MK2295U,0,NO,create
2967,725125549523,Michael Kors,SI,236,0MK2296U,0,NO,create
2968,725125549547,Michael Kors,SI,236,0MK2296U,0,NO,create
2969,725125549561,Michael Kors,SI,236,0MK2296U,0,NO,create
2970,725125550802,Michael Kors,SI,236,0MK2297U,0,NO,create
2971,725125549554,Michael Kors,SI,236,0MK2297U,0,NO,create
2972,725125549578,Michael Kors,SI,236,0MK2297U,0,NO,create
2973,725125008396,Michael Kors,SI,236,0MK3012,0,NO,create
2974,725125961486,Michael Kors,SI,236,0MK3012,0,NO,create
2975,725125518246,Michael Kors,SI,236,0MK3012,0,NO,create
2976,725125518253,Michael Kors,SI,236,0MK3012,0,NO,create
2977,725125984713,Michael Kors,SI,236,0MK3018,0,NO,create
2978,725125396103,Michael Kors,SI,236,0MK3022,0,NO,create
2979,725125010078,Michael Kors,SI,236,0MK3030,1,NO,update
2980,725125010283,Michael Kors,SI,236,0MK3032,1,NO,update
2981,725125010313,Michael Kors,SI,236,0MK3032,1,NO,update
2982,725125449885,Michael Kors,SI,236,0MK3032,0,NO,create
2983,725125068758,Michael Kors,SI,236,0MK3035,1,NO,update
2984,725125537407,Michael Kors,SI,236,0MK3035,0,NO,create
2985,725125537391,Michael Kors,SI,236,0MK3035,0,NO,create
2986,725125363259,Michael Kors,SI,236,0MK3048,0,NO,create
2987,725125374484,Michael Kors,SI,236,0MK3053,0,NO,create
2988,725125374521,Michael Kors,SI,236,0MK3053,0,NO,create
2989,725125380232,Michael Kors,SI,236,0MK3055,0,NO,create
2990,725125379632,Michael Kors,SI,236,0MK3056,1,NO,update
2991,725125383257,Michael Kors,SI,236,0MK3059,0,NO,create
2992,725125388719,Michael Kors,SI,236,0MK3062,0,NO,create
2993,725125388757,Michael Kors,SI,236,0MK3062,0,NO,create
2994,725125388740,Michael Kors,SI,236,0MK3062,0,NO,create
2995,725125533355,Michael Kors,SI,236,0MK3062,0,NO,create
2996,725125533348,Michael Kors,SI,236,0MK3062,0,NO,create
2997,725125388467,Michael Kors,SI,236,0MK3063,0,NO,create
2998,725125388528,Michael Kors,SI,236,0MK3063,0,NO,create
2999,725125388535,Michael Kors,SI,236,0MK3063,0,NO,create
3000,725125395595,Michael Kors,SI,236,0MK3064B,0,NO,create
3001,725125395618,Michael Kors,SI,236,0MK3064B,0,NO,create
3002,725125395571,Michael Kors,SI,236,0MK3065J,0,NO,create
3003,725125395588,Michael Kors,SI,236,0MK3065J,0,NO,create
3004,725125395625,Michael Kors,SI,236,0MK3066J,0,NO,create
3005,725125395656,Michael Kors,SI,236,0MK3066J,0,NO,create
3006,725125395281,Michael Kors,SI,236,0MK3068,0,NO,create
3007,725125402798,Michael Kors,SI,236,0MK3070,0,NO,create
3008,725125402804,Michael Kors,SI,236,0MK3070,1,NO,update
3009,725125402811,Michael Kors,SI,236,0MK3070,0,NO,create
3010,725125402859,Michael Kors,SI,236,0MK3071,0,NO,create
3011,725125402866,Michael Kors,SI,236,0MK3071,1,NO,update
3012,725125402873,Michael Kors,SI,236,0MK3071,1,NO,update
3013,725125402903,Michael Kors,SI,236,0MK3072,0,NO,create
3014,725125402941,Michael Kors,SI,236,0MK3072,0,NO,create
3015,725125402965,Michael Kors,SI,236,0MK3072,0,NO,create
3016,725125510646,Michael Kors,SI,236,0MK3076B,1,NO,update
3017,725125510660,Michael Kors,SI,236,0MK3076B,0,NO,create
3018,725125510677,Michael Kors,SI,236,0MK3076B,1,NO,update
3019,725125513463,Michael Kors,SI,236,0MK3077,0,NO,create
3020,725125513401,Michael Kors,SI,236,0MK3078,1,NO,update
3021,725125507639,Michael Kors,SI,236,0MK3079,0,NO,create
3022,725125519533,Michael Kors,SI,236,0MK3079,0,NO,create
3023,725125519625,Michael Kors,SI,236,0MK3080,0,NO,create
3024,725125510523,Michael Kors,SI,236,0MK3080,0,NO,create
3025,725125512121,Michael Kors,SI,236,0MK3081D,0,NO,create
3026,725125513456,Michael Kors,SI,236,0MK3082D,0,NO,create
3027,725125514545,Michael Kors,SI,236,0MK3082D,0,NO,create
3028,725125514613,Michael Kors,SI,236,0MK3083D,0,NO,create
3029,725125510530,Michael Kors,SI,236,0MK3084,0,NO,create
3030,725125510547,Michael Kors,SI,236,0MK3084,0,NO,create
3031,725125510554,Michael Kors,SI,236,0MK3084,0,NO,create
3032,725125537469,Michael Kors,SI,236,0MK3085,0,NO,create
3033,725125523837,Michael Kors,SI,236,0MK3085,0,NO,create
3034,725125537476,Michael Kors,SI,236,0MK3085,0,NO,create
3035,725125523844,Michael Kors,SI,236,0MK3085,0,NO,create
3036,725125537483,Michael Kors,SI,236,0MK3085,0,NO,create
3037,725125523851,Michael Kors,SI,236,0MK3085,0,NO,create
3038,725125523875,Michael Kors,SI,236,0MK3086,1,NO,update
3039,725125523882,Michael Kors,SI,236,0MK3086,0,NO,create
3040,725125524032,Michael Kors,SI,236,0MK3086,0,NO,create
3041,725125524155,Michael Kors,SI,236,0MK3086,0,NO,create
3042,725125523912,Michael Kors,SI,236,0MK3087,0,NO,create
3043,725125523905,Michael Kors,SI,236,0MK3087,1,NO,update
3044,725125524001,Michael Kors,SI,236,0MK3087,0,NO,create
3045,725125524124,Michael Kors,SI,236,0MK3087,0,NO,create
3046,725125524117,Michael Kors,SI,236,0MK3087,0,NO,create
3047,725125531757,Michael Kors,SI,236,0MK3088,0,NO,create
3048,725125531870,Michael Kors,SI,236,0MK3088,0,NO,create
3049,725125531580,Michael Kors,SI,236,0MK3089,0,NO,create
3050,725125531597,Michael Kors,SI,236,0MK3089,1,NO,update
3051,725125531603,Michael Kors,SI,236,0MK3089,0,NO,create
3052,725125531818,Michael Kors,SI,236,0MK3090,0,NO,create
3053,725125531825,Michael Kors,SI,236,0MK3090,0,NO,create
3054,725125531924,Michael Kors,SI,236,0MK3090,0,NO,create
3055,725125531931,Michael Kors,SI,236,0MK3090,0,NO,create
3056,725125531962,Michael Kors,SI,236,0MK3090,0,NO,create
3057,725125531900,Michael Kors,SI,236,0MK3091B,0,NO,create
3058,725125531948,Michael Kors,SI,236,0MK3091B,0,NO,create
3059,725125531955,Michael Kors,SI,236,0MK3091B,0,NO,create
3060,725125532099,Michael Kors,SI,236,0MK3092,0,NO,create
3061,725125532150,Michael Kors,SI,236,0MK3092,0,NO,create
3062,725125532204,Michael Kors,SI,236,0MK3092,0,NO,create
3063,725125532112,Michael Kors,SI,236,0MK3093,0,NO,create
3064,725125532198,Michael Kors,SI,236,0MK3093,0,NO,create
3065,725125532211,Michael Kors,SI,236,0MK3093,0,NO,create
3066,725125532105,Michael Kors,SI,236,0MK3094,0,NO,create
3067,725125532129,Michael Kors,SI,236,0MK3094,0,NO,create
3068,725125538688,Michael Kors,SI,236,0MK3095,0,NO,create
3069,725125538756,Michael Kors,SI,236,0MK3095,0,NO,create
3070,725125538732,Michael Kors,SI,236,0MK3096,0,NO,create
3071,725125540049,Michael Kors,SI,236,0MK3096,0,NO,create
3072,725125540063,Michael Kors,SI,236,0MK3096,0,NO,create
3073,725125540087,Michael Kors,SI,236,0MK3096,0,NO,create
3074,725125538633,Michael Kors,SI,236,0MK3097,0,NO,create
3075,725125538640,Michael Kors,SI,236,0MK3097,0,NO,create
3076,725125538718,Michael Kors,SI,236,0MK3097,0,NO,create
3077,725125538725,Michael Kors,SI,236,0MK3097,0,NO,create
3078,725125538787,Michael Kors,SI,236,0MK3097,0,NO,create
3079,725125538626,Michael Kors,SI,236,0MK3098,0,NO,create
3080,725125538664,Michael Kors,SI,236,0MK3098,0,NO,create
3081,725125538695,Michael Kors,SI,236,0MK3098,0,NO,create
3082,725125538749,Michael Kors,SI,236,0MK3098,0,NO,create
3083,725125545143,Michael Kors,SI,236,0MK3099,0,NO,create
3084,725125545150,Michael Kors,SI,236,0MK3099,0,NO,create
3085,725125543743,Michael Kors,SI,236,0MK3101,0,NO,create
3086,725125543804,Michael Kors,SI,236,0MK3101,0,NO,create
3087,725125543835,Michael Kors,SI,236,0MK3101,0,NO,create
3088,725125543859,Michael Kors,SI,236,0MK3102,0,NO,create
3089,725125543866,Michael Kors,SI,236,0MK3102,0,NO,create
3090,725125543873,Michael Kors,SI,236,0MK3102,0,NO,create
3091,725125543880,Michael Kors,SI,236,0MK3102,0,NO,create
3092,725125543897,Michael Kors,SI,236,0MK3102,0,NO,create
3093,725125543903,Michael Kors,SI,236,0MK3102,0,NO,create
3094,725125543927,Michael Kors,SI,236,0MK3102,0,NO,create
3095,725125543934,Michael Kors,SI,236,0MK3103,0,NO,create
3096,725125543965,Michael Kors,SI,236,0MK3103,0,NO,create
3097,725125543958,Michael Kors,SI,236,0MK3103,0,NO,create
3098,725125543941,Michael Kors,SI,236,0MK3103,0,NO,create
3099,725125543996,Michael Kors,SI,236,0MK3104,0,NO,create
3100,725125543989,Michael Kors,SI,236,0MK3104,0,NO,create
3101,725125543972,Michael Kors,SI,236,0MK3104,0,NO,create
3102,725125545716,Michael Kors,SI,236,0MK3105,0,NO,create
3103,725125545686,Michael Kors,SI,236,0MK3105,0,NO,create
3104,725125545648,Michael Kors,SI,236,0MK3105,0,NO,create
3105,725125545679,Michael Kors,SI,236,0MK3106,0,NO,create
3106,725125545778,Michael Kors,SI,236,0MK3106,0,NO,create
3107,725125545747,Michael Kors,SI,236,0MK3107,0,NO,create
3108,725125545754,Michael Kors,SI,236,0MK3107,0,NO,create
3109,725125545815,Michael Kors,SI,236,0MK3107,0,NO,create
3110,725125545839,Michael Kors,SI,236,0MK3107,0,NO,create
3111,725125550222,Michael Kors,SI,236,0MK3108,0,NO,create
3112,725125550345,Michael Kors,SI,236,0MK3108,0,NO,create
3113,725125550505,Michael Kors,SI,236,0MK3108,0,NO,create
3114,725125550246,Michael Kors,SI,236,0MK3109,0,NO,create
3115,725125550383,Michael Kors,SI,236,0MK3109,0,NO,create
3116,725125550512,Michael Kors,SI,236,0MK3109,0,NO,create
3117,725125549875,Michael Kors,SI,236,0MK3110,0,NO,create
3118,725125549677,Michael Kors,SI,236,0MK3110,0,NO,create
3119,725125549622,Michael Kors,SI,236,0MK3110,0,NO,create
3120,725125549714,Michael Kors,SI,236,0MK3111,0,NO,create
3121,725125549707,Michael Kors,SI,236,0MK3111,0,NO,create
3122,725125549653,Michael Kors,SI,236,0MK3111,0,NO,create
3123,725125940528,Michael Kors,SI,236,0MK4016,0,NO,create
3124,725125961295,Michael Kors,SI,236,0MK4030,1,NO,update
3125,725125030632,Michael Kors,SI,236,0MK4030,1,NO,update
3126,725125030649,Michael Kors,SI,236,0MK4030,0,NO,create
3127,725125524742,Michael Kors,SI,236,0MK4035,0,NO,create
3128,725125010979,Michael Kors,SI,236,0MK4039,0,NO,create
3129,725125984218,Michael Kors,SI,236,0MK4047,0,NO,create
3130,725125997751,Michael Kors,SI,236,0MK4054,0,NO,create
3131,725125000321,Michael Kors,SI,236,0MK4058,1,NO,update
3132,725125388177,Michael Kors,SI,236,0MK4058,0,NO,create
3133,725125000406,Michael Kors,SI,236,0MK4058,0,NO,create
3134,725125007610,Michael Kors,SI,236,0MK4060U,0,NO,create
3135,725125007658,Michael Kors,SI,236,0MK4060U,1,NO,update
3136,725125032216,Michael Kors,SI,236,0MK4067U,0,NO,create
3137,725125526357,Michael Kors,SI,236,0MK4067U,0,NO,create
3138,725125032285,Michael Kors,SI,236,0MK4067U,0,NO,create
3139,725125032278,Michael Kors,SI,236,0MK4067U,0,NO,create
3140,725125526395,Michael Kors,SI,236,0MK4067U,0,NO,create
3141,725125518277,Michael Kors,SI,236,0MK4067U,0,NO,create
3142,725125518260,Michael Kors,SI,236,0MK4067U,0,NO,create
3143,725125179706,Michael Kors,SI,236,0MK4074,0,NO,create
3144,725125179737,Michael Kors,SI,236,0MK4076U,1,NO,update
3145,725125179744,Michael Kors,SI,236,0MK4076U,1,NO,update
3146,725125380430,Michael Kors,SI,236,0MK4076U,1,NO,update
3147,725125366540,Michael Kors,SI,236,0MK4080U,0,NO,create
3148,725125375283,Michael Kors,SI,236,0MK4084U,0,NO,create
3149,725125375320,Michael Kors,SI,236,0MK4084U,0,NO,create
3150,725125375511,Michael Kors,SI,236,0MK4085U,0,NO,create
3151,725125374774,Michael Kors,SI,236,0MK4087B,0,NO,create
3152,725125375078,Michael Kors,SI,236,0MK4088,1,NO,update
3153,725125375139,Michael Kors,SI,236,0MK4088,0,NO,create
3154,725125375153,Michael Kors,SI,236,0MK4088,1,NO,update
3155,725125379830,Michael Kors,SI,236,0MK4089U,0,NO,create
3156,725125379564,Michael Kors,SI,236,0MK4091,1,NO,update
3157,725125379649,Michael Kors,SI,236,0MK4091,1,NO,update
3158,725125379724,Michael Kors,SI,236,0MK4091,1,NO,update
3159,725125383486,Michael Kors,SI,236,0MK4094U,1,NO,update
3160,725125383516,Michael Kors,SI,236,0MK4094U,0,NO,create
3161,725125383523,Michael Kors,SI,236,0MK4094U,0,NO,create
3162,725125526425,Michael Kors,SI,236,0MK4094U,0,NO,create
3163,725125383530,Michael Kors,SI,236,0MK4094U,0,NO,create
3164,725125383554,Michael Kors,SI,236,0MK4094U,1,NO,update
3165,725125383561,Michael Kors,SI,236,0MK4094U,1,NO,update
3166,725125526449,Michael Kors,SI,236,0MK4094U,0,NO,create
3167,725125540162,Michael Kors,SI,236,0MK4094U,0,NO,create
3168,725125387736,Michael Kors,SI,236,0MK4095U,0,NO,create
3169,725125550956,Michael Kors,SI,236,0MK4095U,0,NO,create
3170,725125387859,Michael Kors,SI,236,0MK4097,0,NO,create
3171,725125387880,Michael Kors,SI,236,0MK4097,0,NO,create
3172,725125387934,Michael Kors,SI,236,0MK4097,0,NO,create
3173,725125387958,Michael Kors,SI,236,0MK4097,0,NO,create
3174,725125387941,Michael Kors,SI,236,0MK4098BU,0,NO,create
3175,725125387972,Michael Kors,SI,236,0MK4098BU,0,NO,create
3176,725125387835,Michael Kors,SI,236,0MK4099,0,NO,create
3177,725125387873,Michael Kors,SI,236,0MK4099,0,NO,create
3178,725125388016,Michael Kors,SI,236,0MK4101U,0,NO,create
3179,725125388023,Michael Kors,SI,236,0MK4101U,0,NO,create
3180,725125395410,Michael Kors,SI,236,0MK4102U,0,NO,create
3181,725125395458,Michael Kors,SI,236,0MK4102U,0,NO,create
3182,725125395465,Michael Kors,SI,236,0MK4102U,0,NO,create
3183,725125395441,Michael Kors,SI,236,0MK4103U,0,NO,create
3184,725125395472,Michael Kors,SI,236,0MK4103U,0,NO,create
3185,725125395502,Michael Kors,SI,236,0MK4103U,0,NO,create
3186,725125395519,Michael Kors,SI,236,0MK4104U,0,NO,create
3187,725125395533,Michael Kors,SI,236,0MK4104U,0,NO,create
3188,725125419796,Michael Kors,SI,236,0MK4104U,0,NO,create
3189,725125394673,Michael Kors,SI,236,0MK4105BU,0,NO,create
3190,725125526241,Michael Kors,SI,236,0MK4105BU,0,NO,create
3191,725125394703,Michael Kors,SI,236,0MK4105BU,0,NO,create
3192,725125394727,Michael Kors,SI,236,0MK4105BU,0,NO,create
3193,725125394734,Michael Kors,SI,236,0MK4105BU,0,NO,create
3194,725125526272,Michael Kors,SI,236,0MK4105BU,0,NO,create
3195,725125394741,Michael Kors,SI,236,0MK4105BU,0,NO,create
3196,725125394758,Michael Kors,SI,236,0MK4105BU,0,NO,create
3197,725125526289,Michael Kors,SI,236,0MK4105BU,0,NO,create
3198,725125396226,Michael Kors,SI,236,0MK4106U,0,NO,create
3199,725125526203,Michael Kors,SI,236,0MK4106U,0,NO,create
3200,725125396240,Michael Kors,SI,236,0MK4106U,0,NO,create
3201,725125396257,Michael Kors,SI,236,0MK4106U,0,NO,create
3202,725125540179,Michael Kors,SI,236,0MK4106U,0,NO,create
3203,725125403139,Michael Kors,SI,236,0MK4109U,0,NO,create
3204,725125403146,Michael Kors,SI,236,0MK4109U,0,NO,create
3205,725125403184,Michael Kors,SI,236,0MK4109U,0,NO,create
3206,725125403191,Michael Kors,SI,236,0MK4109U,0,NO,create
3207,725125403238,Michael Kors,SI,236,0MK4110U,0,NO,create
3208,725125403252,Michael Kors,SI,236,0MK4110U,0,NO,create
3209,725125403276,Michael Kors,SI,236,0MK4110U,0,NO,create
3210,725125403283,Michael Kors,SI,236,0MK4110U,0,NO,create
3211,725125403290,Michael Kors,SI,236,0MK4110U,0,NO,create
3212,725125403313,Michael Kors,SI,236,0MK4110U,0,NO,create
3213,725125403320,Michael Kors,SI,236,0MK4110U,0,NO,create
3214,725125533362,Michael Kors,SI,236,0MK4110U,0,NO,create
3215,725125533379,Michael Kors,SI,236,0MK4110U,0,NO,create
3216,725125403337,Michael Kors,SI,236,0MK4111U,0,NO,create
3217,725125403351,Michael Kors,SI,236,0MK4111U,0,NO,create
3218,725125403436,Michael Kors,SI,236,0MK4112,0,NO,create
3219,725125403979,Michael Kors,SI,236,0MK4112,0,NO,create
3220,725125405737,Michael Kors,SI,236,0MK4112,0,NO,create
3221,725125403443,Michael Kors,SI,236,0MK4113,0,NO,create
3222,725125405706,Michael Kors,SI,236,0MK4114,0,NO,create
3223,725125405713,Michael Kors,SI,236,0MK4114,0,NO,create
3224,725125405775,Michael Kors,SI,236,0MK4114,0,NO,create
3225,725125403917,Michael Kors,SI,236,0MK4115U,0,NO,create
3226,725125405683,Michael Kors,SI,236,0MK4115U,1,NO,update
3227,725125405690,Michael Kors,SI,236,0MK4115U,0,NO,create
3228,725125526296,Michael Kors,SI,236,0MK4115U,0,NO,create
3229,725125405782,Michael Kors,SI,236,0MK4115U,1,NO,update
3230,725125405799,Michael Kors,SI,236,0MK4115U,0,NO,create
3231,725125517409,Michael Kors,SI,236,0MK4116U,0,NO,create
3232,725125517522,Michael Kors,SI,236,0MK4116U,1,NO,update
3233,725125517560,Michael Kors,SI,236,0MK4116U,0,NO,create
3234,725125517492,Michael Kors,SI,236,0MK4117U,0,NO,create
3235,725125517584,Michael Kors,SI,236,0MK4117U,0,NO,create
3236,725125517591,Michael Kors,SI,236,0MK4117U,0,NO,create
3237,725125517607,Michael Kors,SI,236,0MK4117U,0,NO,create
3238,725125517546,Michael Kors,SI,236,0MK4118U,0,NO,create
3239,725125517577,Michael Kors,SI,236,0MK4118U,0,NO,create
3240,725125517713,Michael Kors,SI,236,0MK4119U,1,NO,update
3241,725125517737,Michael Kors,SI,236,0MK4119U,0,NO,create
3242,725125540193,Michael Kors,SI,236,0MK4119U,0,NO,create
3243,725125517751,Michael Kors,SI,236,0MK4119U,0,NO,create
3244,725125517775,Michael Kors,SI,236,0MK4119U,0,NO,create
3245,725125517799,Michael Kors,SI,236,0MK4119U,1,NO,update
3246,725125517966,Michael Kors,SI,236,0MK4120U,0,NO,create
3247,725125517980,Michael Kors,SI,236,0MK4120U,0,NO,create
3248,725125507509,Michael Kors,SI,236,0MK4121U,1,NO,update
3249,725125507516,Michael Kors,SI,236,0MK4121U,1,NO,update
3250,725125518291,Michael Kors,SI,236,0MK4121U,0,NO,create
3251,725125507523,Michael Kors,SI,236,0MK4121U,0,NO,create
3252,725125518017,Michael Kors,SI,236,0MK4123U,0,NO,create
3253,725125518031,Michael Kors,SI,236,0MK4123U,0,NO,create
3254,725125518376,Michael Kors,SI,236,0MK4124U,0,NO,create
3255,725125518109,Michael Kors,SI,236,0MK4124U,0,NO,create
3256,725125518116,Michael Kors,SI,236,0MK4124U,0,NO,create
3257,725125520348,Michael Kors,SI,236,0MK4125BU,0,NO,create
3258,725125517614,Michael Kors,SI,236,0MK4125BU,0,NO,create
3259,725125523103,Michael Kors,SI,236,0MK4126,0,NO,create
3260,725125523110,Michael Kors,SI,236,0MK4127,0,NO,create
3261,725125523400,Michael Kors,SI,236,0MK4127,0,NO,create
3262,725125523356,Michael Kors,SI,236,0MK4127,0,NO,create
3263,725125523196,Michael Kors,SI,236,0MK4128U,0,NO,create
3264,725125523189,Michael Kors,SI,236,0MK4128U,0,NO,create
3265,725125523288,Michael Kors,SI,236,0MK4128U,0,NO,create
3266,725125523295,Michael Kors,SI,236,0MK4128U,0,NO,create
3267,725125523134,Michael Kors,SI,236,0MK4129,0,NO,create
3268,725125523172,Michael Kors,SI,236,0MK4129,0,NO,create
3269,725125523219,Michael Kors,SI,236,0MK4129,0,NO,create
3270,725125523233,Michael Kors,SI,236,0MK4129,0,NO,create
3271,725125523363,Michael Kors,SI,236,0MK4130,0,NO,create
3272,725125523370,Michael Kors,SI,236,0MK4130,0,NO,create
3273,725125523387,Michael Kors,SI,236,0MK4130,0,NO,create
3274,725125524247,Michael Kors,SI,236,0MK4130,0,NO,create
3275,725125523417,Michael Kors,SI,236,0MK4131D,0,NO,create
3276,725125523462,Michael Kors,SI,236,0MK4131D,0,NO,create
3277,725125523448,Michael Kors,SI,236,0MK4133D,0,NO,create
3278,725125523486,Michael Kors,SI,236,0MK4133D,0,NO,create
3279,725125523691,Michael Kors,SI,236,0MK4134U,0,NO,create
3280,725125523707,Michael Kors,SI,236,0MK4134U,0,NO,create
3281,725125523714,Michael Kors,SI,236,0MK4134U,0,NO,create
3282,725125523721,Michael Kors,SI,236,0MK4134U,0,NO,create
3283,725125523738,Michael Kors,SI,236,0MK4134U,0,NO,create
3284,725125523745,Michael Kors,SI,236,0MK4134U,0,NO,create
3285,725125523752,Michael Kors,SI,236,0MK4134U,0,NO,create
3286,725125523769,Michael Kors,SI,236,0MK4134U,0,NO,create
3287,725125523783,Michael Kors,SI,236,0MK4134U,0,NO,create
3288,725125523646,Michael Kors,SI,236,0MK4135U,0,NO,create
3289,725125523653,Michael Kors,SI,236,0MK4135U,0,NO,create
3290,725125523660,Michael Kors,SI,236,0MK4135U,0,NO,create
3291,725125523677,Michael Kors,SI,236,0MK4135U,0,NO,create
3292,725125523684,Michael Kors,SI,236,0MK4135U,0,NO,create
3293,725125524667,Michael Kors,SI,236,0MK4136,0,NO,create
3294,725125524674,Michael Kors,SI,236,0MK4136,0,NO,create
3295,725125524681,Michael Kors,SI,236,0MK4136,0,NO,create
3296,725125524698,Michael Kors,SI,236,0MK4136,0,NO,create
3297,725125524704,Michael Kors,SI,236,0MK4136,0,NO,create
3298,725125524711,Michael Kors,SI,236,0MK4136,0,NO,create
3299,725125524728,Michael Kors,SI,236,0MK4136,0,NO,create
3300,725125524629,Michael Kors,SI,236,0MK4137,0,NO,create
3301,725125524636,Michael Kors,SI,236,0MK4137,0,NO,create
3302,725125523929,Michael Kors,SI,236,0MK4138B,0,NO,create
3303,725125523967,Michael Kors,SI,236,0MK4138B,0,NO,create
3304,725125524049,Michael Kors,SI,236,0MK4138B,0,NO,create
3305,725125524100,Michael Kors,SI,236,0MK4138B,0,NO,create
3306,725125523936,Michael Kors,SI,236,0MK4139B,0,NO,create
3307,725125523974,Michael Kors,SI,236,0MK4139B,0,NO,create
3308,725125524056,Michael Kors,SI,236,0MK4139B,0,NO,create
3309,725125524407,Michael Kors,SI,236,0MK4140U,1,NO,update
3310,725125524438,Michael Kors,SI,236,0MK4140U,1,NO,update
3311,725125524483,Michael Kors,SI,236,0MK4140U,1,NO,update
3312,725125524551,Michael Kors,SI,236,0MK4140U,1,NO,update
3313,725125527323,Michael Kors,SI,236,0MK4143,0,NO,create
3314,725125527330,Michael Kors,SI,236,0MK4143,0,NO,create
3315,725125530927,Michael Kors,SI,236,0MK4144U,0,NO,create
3316,725125530934,Michael Kors,SI,236,0MK4144U,0,NO,create
3317,725125530965,Michael Kors,SI,236,0MK4144U,0,NO,create
3318,725125530972,Michael Kors,SI,236,0MK4144U,0,NO,create
3319,725125531016,Michael Kors,SI,236,0MK4144U,0,NO,create
3320,725125531030,Michael Kors,SI,236,0MK4144U,0,NO,create
3321,725125531054,Michael Kors,SI,236,0MK4144U,0,NO,create
3322,725125530910,Michael Kors,SI,236,0MK4145U,0,NO,create
3323,725125530941,Michael Kors,SI,236,0MK4145U,0,NO,create
3324,725125531535,Michael Kors,SI,236,0MK4145U,0,NO,create
3325,725125532358,Michael Kors,SI,236,0MK4146U,0,NO,create
3326,725125532365,Michael Kors,SI,236,0MK4146U,0,NO,create
3327,725125532488,Michael Kors,SI,236,0MK4146U,0,NO,create
3328,725125532501,Michael Kors,SI,236,0MK4146U,0,NO,create
3329,725125532624,Michael Kors,SI,236,0MK4146U,0,NO,create
3330,725125532716,Michael Kors,SI,236,0MK4146U,0,NO,create
3331,725125530958,Michael Kors,SI,236,0MK4147U,0,NO,create
3332,725125530989,Michael Kors,SI,236,0MK4147U,0,NO,create
3333,725125531023,Michael Kors,SI,236,0MK4147U,0,NO,create
3334,725125531320,Michael Kors,SI,236,0MK4148U,0,NO,create
3335,725125531337,Michael Kors,SI,236,0MK4148U,0,NO,create
3336,725125531344,Michael Kors,SI,236,0MK4148U,0,NO,create
3337,725125531368,Michael Kors,SI,236,0MK4149U,0,NO,create
3338,725125531375,Michael Kors,SI,236,0MK4149U,0,NO,create
3339,725125531382,Michael Kors,SI,236,0MK4149U,0,NO,create
3340,725125531399,Michael Kors,SI,236,0MK4149U,0,NO,create
3341,725125531405,Michael Kors,SI,236,0MK4149U,0,NO,create
3342,725125531412,Michael Kors,SI,236,0MK4149U,0,NO,create
3343,725125531429,Michael Kors,SI,236,0MK4149U,0,NO,create
3344,725125531436,Michael Kors,SI,236,0MK4149U,0,NO,create
3345,725125532419,Michael Kors,SI,236,0MK4150U,0,NO,create
3346,725125532587,Michael Kors,SI,236,0MK4150U,0,NO,create
3347,725125532570,Michael Kors,SI,236,0MK4150U,0,NO,create
3348,725125532679,Michael Kors,SI,236,0MK4150U,0,NO,create
3349,725125532662,Michael Kors,SI,236,0MK4150U,0,NO,create
3350,725125532730,Michael Kors,SI,236,0MK4150U,0,NO,create
3351,725125532723,Michael Kors,SI,236,0MK4150U,0,NO,create
3352,725125532792,Michael Kors,SI,236,0MK4150U,0,NO,create
3353,725125532785,Michael Kors,SI,236,0MK4150U,0,NO,create
3354,725125532877,Michael Kors,SI,236,0MK4150U,0,NO,create
3355,725125532860,Michael Kors,SI,236,0MK4150U,0,NO,create
3356,725125532938,Michael Kors,SI,236,0MK4151U,0,NO,create
3357,725125533003,Michael Kors,SI,236,0MK4151U,0,NO,create
3358,725125532990,Michael Kors,SI,236,0MK4151U,0,NO,create
3359,725125533041,Michael Kors,SI,236,0MK4151U,0,NO,create
3360,725125533089,Michael Kors,SI,236,0MK4151U,0,NO,create
3361,725125533133,Michael Kors,SI,236,0MK4151U,0,NO,create
3362,725125533126,Michael Kors,SI,236,0MK4151U,0,NO,create
3363,725125532921,Michael Kors,SI,236,0MK4152D,0,NO,create
3364,725125532969,Michael Kors,SI,236,0MK4152D,0,NO,create
3365,725125532983,Michael Kors,SI,236,0MK4152D,0,NO,create
3366,725125532327,Michael Kors,SI,236,0MK4153D,0,NO,create
3367,725125532433,Michael Kors,SI,236,0MK4153D,0,NO,create
3368,725125532310,Michael Kors,SI,236,0MK4154U,0,NO,create
3369,725125532396,Michael Kors,SI,236,0MK4154U,0,NO,create
3370,725125533010,Michael Kors,SI,236,0MK4155U,0,NO,create
3371,725125533027,Michael Kors,SI,236,0MK4155U,0,NO,create
3372,725125533164,Michael Kors,SI,236,0MK4155U,0,NO,create
3373,725125533256,Michael Kors,SI,236,0MK4155U,0,NO,create
3374,725125533287,Michael Kors,SI,236,0MK4155U,0,NO,create
3375,725125534383,Michael Kors,SI,236,0MK4157U,0,NO,create
3376,725125533294,Michael Kors,SI,236,0MK4157U,0,NO,create
3377,725125533300,Michael Kors,SI,236,0MK4157U,0,NO,create
3378,725125533317,Michael Kors,SI,236,0MK4157U,0,NO,create
3379,725125533072,Michael Kors,SI,236,0MK4158U,0,NO,create
3380,725125533157,Michael Kors,SI,236,0MK4158U,0,NO,create
3381,725125533201,Michael Kors,SI,236,0MK4158U,0,NO,create
3382,725125533232,Michael Kors,SI,236,0MK4158U,0,NO,create
3383,725125533119,Michael Kors,SI,236,0MK4159U,0,NO,create
3384,725125533218,Michael Kors,SI,236,0MK4159U,0,NO,create
3385,725125533263,Michael Kors,SI,236,0MK4159U,0,NO,create
3386,725125533638,Michael Kors,SI,236,0MK4160,0,NO,create
3387,725125540247,Michael Kors,SI,236,0MK4162,0,NO,create
3388,725125540254,Michael Kors,SI,236,0MK4162,0,NO,create
3389,725125539487,Michael Kors,SI,236,0MK4163U,0,NO,create
3390,725125539500,Michael Kors,SI,236,0MK4163U,0,NO,create
3391,725125539593,Michael Kors,SI,236,0MK4163U,0,NO,create
3392,725125539647,Michael Kors,SI,236,0MK4163U,0,NO,create
3393,725125539524,Michael Kors,SI,236,0MK4164U,0,NO,create
3394,725125539531,Michael Kors,SI,236,0MK4164U,0,NO,create
3395,725125539678,Michael Kors,SI,236,0MK4164U,0,NO,create
3396,725125539760,Michael Kors,SI,236,0MK4164U,0,NO,create
3397,725125539777,Michael Kors,SI,236,0MK4164U,0,NO,create
3398,725125539821,Michael Kors,SI,236,0MK4164U,0,NO,create
3399,725125539845,Michael Kors,SI,236,0MK4164U,0,NO,create
3400,725125539548,Michael Kors,SI,236,0MK4165U,0,NO,create
3401,725125539555,Michael Kors,SI,236,0MK4165U,0,NO,create
3402,725125539722,Michael Kors,SI,236,0MK4165U,0,NO,create
3403,725125539739,Michael Kors,SI,236,0MK4165U,0,NO,create
3404,725125539753,Michael Kors,SI,236,0MK4165U,0,NO,create
3405,725125539852,Michael Kors,SI,236,0MK4165U,0,NO,create
3406,725125539869,Michael Kors,SI,236,0MK4165U,0,NO,create
3407,725125539876,Michael Kors,SI,236,0MK4165U,0,NO,create
3408,725125539562,Michael Kors,SI,236,0MK4166U,0,NO,create
3409,725125539579,Michael Kors,SI,236,0MK4166U,0,NO,create
3410,725125539708,Michael Kors,SI,236,0MK4166U,0,NO,create
3411,725125539715,Michael Kors,SI,236,0MK4166U,0,NO,create
3412,725125539784,Michael Kors,SI,236,0MK4166U,0,NO,create
3413,725125539791,Michael Kors,SI,236,0MK4166U,0,NO,create
3414,725125539814,Michael Kors,SI,236,0MK4166U,0,NO,create
3415,725125539890,Michael Kors,SI,236,0MK4166U,0,NO,create
3416,725125539616,Michael Kors,SI,236,0MK4167U,0,NO,create
3417,725125539685,Michael Kors,SI,236,0MK4167U,0,NO,create
3418,725125539746,Michael Kors,SI,236,0MK4167U,0,NO,create
3419,725125539807,Michael Kors,SI,236,0MK4167U,0,NO,create
3420,725125540018,Michael Kors,SI,236,0MK4167U,0,NO,create
3421,725125539609,Michael Kors,SI,236,0MK4168D,0,NO,create
3422,725125539623,Michael Kors,SI,236,0MK4168D,0,NO,create
3423,725125539654,Michael Kors,SI,236,0MK4168D,0,NO,create
3424,725125537797,Michael Kors,SI,236,0MK4169,0,NO,create
3425,725125537865,Michael Kors,SI,236,0MK4169,0,NO,create
3426,725125537933,Michael Kors,SI,236,0MK4169,0,NO,create
3427,725125537988,Michael Kors,SI,236,0MK4169,0,NO,create
3428,725125537827,Michael Kors,SI,236,0MK4170U,0,NO,create
3429,725125537872,Michael Kors,SI,236,0MK4170U,0,NO,create
3430,725125537926,Michael Kors,SI,236,0MK4170U,0,NO,create
3431,725125538848,Michael Kors,SI,236,0MK4171U,0,NO,create
3432,725125538855,Michael Kors,SI,236,0MK4171U,0,NO,create
3433,725125538886,Michael Kors,SI,236,0MK4171U,0,NO,create
3434,725125538893,Michael Kors,SI,236,0MK4171U,0,NO,create
3435,725125538930,Michael Kors,SI,236,0MK4171U,0,NO,create
3436,725125538947,Michael Kors,SI,236,0MK4171U,0,NO,create
3437,725125538978,Michael Kors,SI,236,0MK4171U,0,NO,create
3438,725125538985,Michael Kors,SI,236,0MK4171U,0,NO,create
3439,725125538992,Michael Kors,SI,236,0MK4171U,0,NO,create
3440,725125538916,Michael Kors,SI,236,0MK4172U,0,NO,create
3441,725125538954,Michael Kors,SI,236,0MK4172U,0,NO,create
3442,725125538961,Michael Kors,SI,236,0MK4172U,0,NO,create
3443,725125539067,Michael Kors,SI,236,0MK4173U,0,NO,create
3444,725125539074,Michael Kors,SI,236,0MK4173U,0,NO,create
3445,725125539128,Michael Kors,SI,236,0MK4173U,0,NO,create
3446,725125539135,Michael Kors,SI,236,0MK4173U,0,NO,create
3447,725125539159,Michael Kors,SI,236,0MK4173U,0,NO,create
3448,725125539173,Michael Kors,SI,236,0MK4173U,0,NO,create
3449,725125540025,Michael Kors,SI,236,0MK4174U,0,NO,create
3450,725125539319,Michael Kors,SI,236,0MK4174U,0,NO,create
3451,725125539333,Michael Kors,SI,236,0MK4174U,0,NO,create
3452,725125539012,Michael Kors,SI,236,0MK4175D,0,NO,create
3453,725125539029,Michael Kors,SI,236,0MK4175D,0,NO,create
3454,725125539050,Michael Kors,SI,236,0MK4175D,0,NO,create
3455,725125539180,Michael Kors,SI,236,0MK4176U,0,NO,create
3456,725125539197,Michael Kors,SI,236,0MK4176U,0,NO,create
3457,725125539227,Michael Kors,SI,236,0MK4176U,0,NO,create
3458,725125539241,Michael Kors,SI,236,0MK4176U,0,NO,create
3459,725125539203,Michael Kors,SI,236,0MK4177U,0,NO,create
3460,725125539210,Michael Kors,SI,236,0MK4177U,0,NO,create
3461,725125539234,Michael Kors,SI,236,0MK4177U,0,NO,create
3462,725125539982,Michael Kors,SI,236,0MK4177U,0,NO,create
3463,725125539258,Michael Kors,SI,236,0MK4177U,0,NO,create
3464,725125539265,Michael Kors,SI,236,0MK4177U,0,NO,create
3465,725125537780,Michael Kors,SI,236,0MK4178,0,NO,create
3466,725125537841,Michael Kors,SI,236,0MK4178,0,NO,create
3467,725125537919,Michael Kors,SI,236,0MK4178,0,NO,create
3468,725125537964,Michael Kors,SI,236,0MK4178,0,NO,create
3469,725125540223,Michael Kors,SI,236,0MK4179,0,NO,create
3470,725125540292,Michael Kors,SI,236,0MK4179,0,NO,create
3471,725125543552,Michael Kors,SI,236,0MK4180U,0,NO,create
3472,725125543545,Michael Kors,SI,236,0MK4180U,0,NO,create
3473,725125543583,Michael Kors,SI,236,0MK4180U,0,NO,create
3474,725125543576,Michael Kors,SI,236,0MK4180U,0,NO,create
3475,725125543606,Michael Kors,SI,236,0MK4180U,0,NO,create
3476,725125543637,Michael Kors,SI,236,0MK4180U,0,NO,create
3477,725125543620,Michael Kors,SI,236,0MK4180U,0,NO,create
3478,725125543644,Michael Kors,SI,236,0MK4180U,0,NO,create
3479,725125543538,Michael Kors,SI,236,0MK4181U,0,NO,create
3480,725125543569,Michael Kors,SI,236,0MK4181U,0,NO,create
3481,725125543590,Michael Kors,SI,236,0MK4181U,0,NO,create
3482,725125544672,Michael Kors,SI,236,0MK4182U,0,NO,create
3483,725125546157,Michael Kors,SI,236,0MK4182U,0,NO,create
3484,725125544696,Michael Kors,SI,236,0MK4182U,0,NO,create
3485,725125544719,Michael Kors,SI,236,0MK4182U,0,NO,create
3486,725125543668,Michael Kors,SI,236,0MK4182U,0,NO,create
3487,725125545341,Michael Kors,SI,236,0MK4183U,0,NO,create
3488,725125545358,Michael Kors,SI,236,0MK4183U,0,NO,create
3489,725125545242,Michael Kors,SI,236,0MK4183U,0,NO,create
3490,725125545259,Michael Kors,SI,236,0MK4183U,0,NO,create
3491,725125545501,Michael Kors,SI,236,0MK4183U,0,NO,create
3492,725125545433,Michael Kors,SI,236,0MK4184U,0,NO,create
3493,725125545228,Michael Kors,SI,236,0MK4184U,0,NO,create
3494,725125545297,Michael Kors,SI,236,0MK4184U,0,NO,create
3495,725125545334,Michael Kors,SI,236,0MK4184U,0,NO,create
3496,725125543774,Michael Kors,SI,236,0MK4185BU,0,NO,create
3497,725125543828,Michael Kors,SI,236,0MK4185BU,0,NO,create
3498,725125543842,Michael Kors,SI,236,0MK4185BU,0,NO,create
3499,725125543705,Michael Kors,SI,236,0MK4186BU,0,NO,create
3500,725125543712,Michael Kors,SI,236,0MK4186BU,0,NO,create
3501,725125543767,Michael Kors,SI,236,0MK4186BU,0,NO,create
3502,725125543811,Michael Kors,SI,236,0MK4186BU,0,NO,create
3503,725125544139,Michael Kors,SI,236,0MK4187U,0,NO,create
3504,725125544061,Michael Kors,SI,236,0MK4187U,0,NO,create
3505,725125544023,Michael Kors,SI,236,0MK4187U,0,NO,create
3506,725125544184,Michael Kors,SI,236,0MK4188U,0,NO,create
3507,725125544160,Michael Kors,SI,236,0MK4188U,0,NO,create
3508,725125544146,Michael Kors,SI,236,0MK4188U,0,NO,create
3509,725125544153,Michael Kors,SI,236,0MK4188U,0,NO,create
3510,725125544085,Michael Kors,SI,236,0MK4188U,0,NO,create
3511,725125543477,Michael Kors,SI,236,0MK4189U,0,NO,create
3512,725125543491,Michael Kors,SI,236,0MK4189U,0,NO,create
3513,725125543514,Michael Kors,SI,236,0MK4189U,0,NO,create
3514,725125543521,Michael Kors,SI,236,0MK4189U,0,NO,create
3515,725125545662,Michael Kors,SI,236,0MK4190U,0,NO,create
3516,725125545730,Michael Kors,SI,236,0MK4190U,0,NO,create
3517,725125545761,Michael Kors,SI,236,0MK4190U,0,NO,create
3518,725125544078,Michael Kors,SI,236,0MK4191BU,0,NO,create
3519,725125544009,Michael Kors,SI,236,0MK4191BU,0,NO,create
3520,725125544108,Michael Kors,SI,236,0MK4191BU,0,NO,create
3521,725125544030,Michael Kors,SI,236,0MK4191BU,0,NO,create
3522,725125544252,Michael Kors,SI,236,0MK4192U,0,NO,create
3523,725125544245,Michael Kors,SI,236,0MK4192U,0,NO,create
3524,725125544238,Michael Kors,SI,236,0MK4192U,0,NO,create
3525,725125547239,Michael Kors,SI,236,0MK4193U,0,NO,create
3526,725125547277,Michael Kors,SI,236,0MK4195U,0,NO,create
3527,725125547246,Michael Kors,SI,236,0MK4195U,0,NO,create
3528,725125549943,Michael Kors,SI,236,0MK4196U,0,NO,create
3529,725125549950,Michael Kors,SI,236,0MK4196U,0,NO,create
3530,725125550079,Michael Kors,SI,236,0MK4196U,0,NO,create
3531,725125550000,Michael Kors,SI,236,0MK4196U,0,NO,create
3532,725125550062,Michael Kors,SI,236,0MK4196U,0,NO,create
3533,725125550048,Michael Kors,SI,236,0MK4196U,0,NO,create
3534,725125550055,Michael Kors,SI,236,0MK4196U,0,NO,create
3535,725125549929,Michael Kors,SI,236,0MK4197U,0,NO,create
3536,725125550031,Michael Kors,SI,236,0MK4197U,0,NO,create
3537,725125550017,Michael Kors,SI,236,0MK4197U,0,NO,create
3538,725125549981,Michael Kors,SI,236,0MK4197U,0,NO,create
3539,725125549936,Michael Kors,SI,236,0MK4198D,0,NO,create
3540,725125549974,Michael Kors,SI,236,0MK4198D,0,NO,create
3541,725125550116,Michael Kors,SI,236,0MK4199U,0,NO,create
3542,725125550437,Michael Kors,SI,236,0MK4199U,0,NO,create
3543,725125550284,Michael Kors,SI,236,0MK4199U,0,NO,create
3544,725125550178,Michael Kors,SI,236,0MK4199U,0,NO,create
3545,725125550109,Michael Kors,SI,236,0MK4201U,0,NO,create
3546,725125551496,Michael Kors,SI,236,0MK4201U,0,NO,create
3547,725125550123,Michael Kors,SI,236,0MK4201U,0,NO,create
3548,725125550239,Michael Kors,SI,236,0MK4202U,0,NO,create
3549,725125552172,Michael Kors,SI,236,0MK4202U,0,NO,create
3550,725125550352,Michael Kors,SI,236,0MK4202U,0,NO,create
3551,725125550390,Michael Kors,SI,236,0MK4203U,0,NO,create
3552,725125550406,Michael Kors,SI,236,0MK4203U,0,NO,create
3553,725125551991,Michael Kors,SI,236,0MK4203U,0,NO,create
3554,725125550574,Michael Kors,SI,236,0MK4203U,0,NO,create
3555,725125550598,Michael Kors,SI,236,0MK4203U,0,NO,create
3556,725125550529,Michael Kors,SI,236,0MK4203U,0,NO,create
3557,725125550642,Michael Kors,SI,236,0MK4204U,0,NO,create
3558,725125550659,Michael Kors,SI,236,0MK4204U,0,NO,create
3559,725125550741,Michael Kors,SI,236,0MK4204U,0,NO,create
3560,725125550727,Michael Kors,SI,236,0MK4204U,0,NO,create
3561,725125550697,Michael Kors,SI,236,0MK4204U,0,NO,create
3562,725125550703,Michael Kors,SI,236,0MK4204U,0,NO,create
3563,725125550628,Michael Kors,SI,236,0MK4205U,0,NO,create
3564,725125550734,Michael Kors,SI,236,0MK4205U,0,NO,create
3565,725125550680,Michael Kors,SI,236,0MK4205U,0,NO,create
3566,725125550666,Michael Kors,SI,236,0MK4205U,0,NO,create
3567,725125550635,Michael Kors,SI,236,0MK4206U,0,NO,create
3568,725125550710,Michael Kors,SI,236,0MK4206U,0,NO,create
3569,725125550673,Michael Kors,SI,236,0MK4206U,0,NO,create
3570,725125550277,Michael Kors,SI,236,0MK4207BU,0,NO,create
3571,725125550420,Michael Kors,SI,236,0MK4207BU,0,NO,create
3572,725125550550,Michael Kors,SI,236,0MK4207BU,0,NO,create
3573,725125550260,Michael Kors,SI,236,0MK4208BU,0,NO,create
3574,725125550581,Michael Kors,SI,236,0MK4208BU,0,NO,create
3575,725125550536,Michael Kors,SI,236,0MK4208BU,0,NO,create
3576,725125550413,Michael Kors,SI,236,0MK4208BU,0,NO,create
3577,725125549592,Michael Kors,SI,236,0MK4209U,0,NO,create
3578,725125549585,Michael Kors,SI,236,0MK4209U,0,NO,create
3579,725125549608,Michael Kors,SI,236,0MK4209U,0,NO,create
3580,725125549646,Michael Kors,SI,236,0MK4210U,0,NO,create
3581,725125549691,Michael Kors,SI,236,0MK4210U,0,NO,create
3582,725125549615,Michael Kors,SI,236,0MK4210U,0,NO,create
3583,725125552264,Michael Kors,SI,236,0MK4212U,0,NO,create
3584,725125552240,Michael Kors,SI,236,0MK4212U,0,NO,create
3585,725125552301,Michael Kors,SI,236,0MK4213U,0,NO,create
3586,725125552271,Michael Kors,SI,236,0MK4213U,0,NO,create
3587,725125941853,Michael Kors,SI,236,0MK5004,0,NO,create
3588,725125941877,Michael Kors,SI,236,0MK5004,0,NO,create
3589,725125941907,Michael Kors,SI,236,0MK5004,0,NO,create
3590,725125941938,Michael Kors,SI,236,0MK5004,0,NO,create
3591,725125971935,Michael Kors,SI,236,0MK5004,0,NO,create
3592,725125942157,Michael Kors,SI,236,0MK5007,1,NO,update
3593,725125961066,Michael Kors,SI,236,0MK5007,1,NO,update
3594,725125958523,Michael Kors,SI,236,0MK5016,0,NO,create
3595,8056262345559,Miu Miu,SI,246,0MU 01VV,0,NO,create
3596,8056262345573,Miu Miu,SI,246,0MU 01VV,1,NO,update
3597,8056597784566,Miu Miu,SI,246,0MU 01VV,1,NO,update
3598,8056597539845,Miu Miu,SI,246,0MU 01WS,1,NO,update
3599,8056262361290,Miu Miu,SI,246,0MU 01WV,1,NO,update
3600,8056262366783,Miu Miu,SI,246,0MU 01WV,1,NO,update
3601,8056262351000,Miu Miu,SI,246,0MU 01WV,1,NO,update
3602,8056262350997,Miu Miu,SI,246,0MU 01WV,1,NO,update
3603,8056262398555,Miu Miu,SI,246,0MU 01WV,1,NO,update
3604,8056262398586,Miu Miu,SI,246,0MU 01WV,1,NO,update
3605,8056262398579,Miu Miu,SI,246,0MU 01WV,1,NO,update
3606,8056262398593,Miu Miu,SI,246,0MU 01WV,1,NO,update
3607,8056262579640,Miu Miu,SI,246,0MU 01XV,1,NO,update
3608,8056262347126,Miu Miu,SI,246,0MU 01XV,0,NO,create
3609,8056262347119,Miu Miu,SI,246,0MU 01XV,1,NO,update
3610,8056597981347,Miu Miu,SI,246,0MU 01XV,1,NO,update
3611,8056597981354,Miu Miu,SI,246,0MU 01XV,1,NO,update
3612,8056262579657,Miu Miu,SI,246,0MU 01XV,1,NO,update
3613,8056597981361,Miu Miu,SI,246,0MU 01XV,1,NO,update
3614,8056262329153,Miu Miu,SI,246,0MU 01YS,1,NO,update
3615,8056262329160,Miu Miu,SI,246,0MU 01YS,1,NO,update
3616,8056597782418,Miu Miu,SI,246,0MU 01YS,1,NO,update
3617,8056262600115,Miu Miu,SI,246,0MU 01YV,1,NO,update
3618,8056262600122,Miu Miu,SI,246,0MU 01YV,1,NO,update
3619,8056262600078,Miu Miu,SI,246,0MU 01YV,1,NO,update
3620,8056262600085,Miu Miu,SI,246,0MU 01YV,1,NO,update
3621,8056262600092,Miu Miu,SI,246,0MU 01YV,1,NO,update
3622,8056262600108,Miu Miu,SI,246,0MU 01YV,1,NO,update
3623,8056262600153,Miu Miu,SI,246,0MU 01YV,1,NO,update
3624,8056262600160,Miu Miu,SI,246,0MU 01YV,1,NO,update
3625,8056262600139,Miu Miu,SI,246,0MU 01YV,1,NO,update
3626,8056262600146,Miu Miu,SI,246,0MU 01YV,1,NO,update
3627,8056597975018,Miu Miu,SI,246,0MU 01ZS,1,NO,update
3628,8056262884515,Miu Miu,SI,246,0MU 01ZV,0,NO,create
3629,8056262884522,Miu Miu,SI,246,0MU 01ZV,1,NO,update
3630,8056262884539,Miu Miu,SI,246,0MU 01ZV,0,NO,create
3631,8056262884546,Miu Miu,SI,246,0MU 01ZV,1,NO,update
3632,8056262884553,Miu Miu,SI,246,0MU 01ZV,1,NO,update
3633,8056262884560,Miu Miu,SI,246,0MU 01ZV,1,NO,update
3634,8056262884577,Miu Miu,SI,246,0MU 01ZV,1,NO,update
3635,8056262884584,Miu Miu,SI,246,0MU 01ZV,1,NO,update
3636,8056597133302,Miu Miu,SI,246,0MU 02VS,0,NO,create
3637,8056262968543,Miu Miu,SI,246,0MU 02WV,0,NO,create
3638,8056262968536,Miu Miu,SI,246,0MU 02WV,0,NO,create
3639,8056262366912,Miu Miu,SI,246,0MU 02WV,1,NO,update
3640,8056262366868,Miu Miu,SI,246,0MU 02WV,1,NO,update
3641,8056262366875,Miu Miu,SI,246,0MU 02WV,1,NO,update
3642,8056262366929,Miu Miu,SI,246,0MU 02WV,1,NO,update
3643,8056262366936,Miu Miu,SI,246,0MU 02WV,1,NO,update
3644,8056262366899,Miu Miu,SI,246,0MU 02WV,0,NO,create
3645,8056262398647,Miu Miu,SI,246,0MU 02WV,0,NO,create
3646,8056262888797,Miu Miu,SI,246,0MU 02XV,0,NO,create
3647,8056597980265,Miu Miu,SI,246,0MU 02XV,1,NO,update
3648,8056597980272,Miu Miu,SI,246,0MU 02XV,1,NO,update
3649,8056262888803,Miu Miu,SI,246,0MU 02XV,0,NO,create
3650,8056597980296,Miu Miu,SI,246,0MU 02XV,1,NO,update
3651,8056597980319,Miu Miu,SI,246,0MU 02XV,1,NO,update
3652,8056262967843,Miu Miu,SI,246,0MU 02YV,0,NO,create
3653,8056262967829,Miu Miu,SI,246,0MU 02YV,0,NO,create
3654,8056262627235,Miu Miu,SI,246,0MU 02YV,1,NO,update
3655,8056262627242,Miu Miu,SI,246,0MU 02YV,1,NO,update
3656,8056262627280,Miu Miu,SI,246,0MU 02YV,1,NO,update
3657,8056262627297,Miu Miu,SI,246,0MU 02YV,1,NO,update
3658,8056262627334,Miu Miu,SI,246,0MU 02YV,1,NO,update
3659,8056262627341,Miu Miu,SI,246,0MU 02YV,1,NO,update
3660,8056262627389,Miu Miu,SI,246,0MU 02YV,0,NO,create
3661,8056262627396,Miu Miu,SI,246,0MU 02YV,0,NO,create
3662,8056597978859,Miu Miu,SI,246,0MU 02ZS,1,NO,update
3663,8056597978866,Miu Miu,SI,246,0MU 02ZS,1,NO,update
3664,8056262886830,Miu Miu,SI,246,0MU 02ZV,0,NO,create
3665,8056262886847,Miu Miu,SI,246,0MU 02ZV,0,NO,create
3666,8056262886854,Miu Miu,SI,246,0MU 02ZV,0,NO,create
3667,8056262886861,Miu Miu,SI,246,0MU 02ZV,1,NO,update
3668,8056262886878,Miu Miu,SI,246,0MU 02ZV,0,NO,create
3669,8056262886885,Miu Miu,SI,246,0MU 02ZV,0,NO,create
3670,8056262886892,Miu Miu,SI,246,0MU 02ZV,0,NO,create
3671,8056262886908,Miu Miu,SI,246,0MU 02ZV,0,NO,create
3672,8056597888462,Miu Miu,SI,246,0MU 03UV,0,NO,create
3673,8056597668521,Miu Miu,SI,246,0MU 03UV,1,NO,update
3674,8056597540599,Miu Miu,SI,246,0MU 03WS,1,NO,update
3675,8056262888810,Miu Miu,SI,246,0MU 03WV,0,NO,create
3676,8056262398364,Miu Miu,SI,246,0MU 03WV,1,NO,update
3677,8056262398388,Miu Miu,SI,246,0MU 03WV,1,NO,update
3678,8056262398395,Miu Miu,SI,246,0MU 03WV,1,NO,update
3679,8056262398401,Miu Miu,SI,246,0MU 03WV,1,NO,update
3680,8056262398425,Miu Miu,SI,246,0MU 03WV,1,NO,update
3681,8056262888827,Miu Miu,SI,246,0MU 03WV,0,NO,create
3682,8056262600214,Miu Miu,SI,246,0MU 03YV,1,NO,update
3683,8056262600221,Miu Miu,SI,246,0MU 03YV,1,NO,update
3684,8056262600238,Miu Miu,SI,246,0MU 03YV,1,NO,update
3685,8056262600245,Miu Miu,SI,246,0MU 03YV,1,NO,update
3686,8056262600276,Miu Miu,SI,246,0MU 03YV,1,NO,update
3687,8056262600283,Miu Miu,SI,246,0MU 03YV,1,NO,update
3688,8056262600252,Miu Miu,SI,246,0MU 03YV,1,NO,update
3689,8056262600269,Miu Miu,SI,246,0MU 03YV,1,NO,update
3690,8056597978941,Miu Miu,SI,246,0MU 03ZS,1,NO,update
3691,8056262884263,Miu Miu,SI,246,0MU 03ZV,1,NO,update
3692,8056262884270,Miu Miu,SI,246,0MU 03ZV,1,NO,update
3693,8056262884294,Miu Miu,SI,246,0MU 03ZV,0,NO,create
3694,8056262884300,Miu Miu,SI,246,0MU 03ZV,1,NO,update
3695,8056262884317,Miu Miu,SI,246,0MU 03ZV,0,NO,create
3696,8056262884324,Miu Miu,SI,246,0MU 03ZV,0,NO,create
3697,8056262884331,Miu Miu,SI,246,0MU 03ZV,0,NO,create
3698,8056262884348,Miu Miu,SI,246,0MU 03ZV,0,NO,create
3699,8056262667460,Miu Miu,SI,246,0MU 04UV,1,NO,update
3700,8056262579466,Miu Miu,SI,246,0MU 04UV,1,NO,update
3701,8056262086636,Miu Miu,SI,246,0MU 04UV,1,NO,update
3702,8056262086643,Miu Miu,SI,246,0MU 04UV,1,NO,update
3703,8056262667477,Miu Miu,SI,246,0MU 04UV,1,NO,update
3704,8056262579350,Miu Miu,SI,246,0MU 04UV,1,NO,update
3705,8056262667484,Miu Miu,SI,246,0MU 04UV,1,NO,update
3706,8056597669016,Miu Miu,SI,246,0MU 04UV,1,NO,update
3707,8056262667514,Miu Miu,SI,246,0MU 04UV,1,NO,update
3708,8056597669047,Miu Miu,SI,246,0MU 04UV,1,NO,update
3709,8056597669030,Miu Miu,SI,246,0MU 04UV,0,NO,create
3710,8056262667491,Miu Miu,SI,246,0MU 04UV,1,NO,update
3711,8056597669023,Miu Miu,SI,246,0MU 04UV,1,NO,update
3712,8056597133623,Miu Miu,SI,246,0MU 04VS,0,NO,create
3713,8056597540643,Miu Miu,SI,246,0MU 04WS,1,NO,update
3714,8056597540650,Miu Miu,SI,246,0MU 04WS,0,NO,create
3715,8056597540636,Miu Miu,SI,246,0MU 04WS,1,NO,update
3716,8056262398104,Miu Miu,SI,246,0MU 04WV,1,NO,update
3717,8056262398111,Miu Miu,SI,246,0MU 04WV,1,NO,update
3718,8056262398128,Miu Miu,SI,246,0MU 04WV,1,NO,update
3719,8056262398135,Miu Miu,SI,246,0MU 04WV,0,NO,create
3720,8056262398159,Miu Miu,SI,246,0MU 04WV,1,NO,update
3721,8056262398166,Miu Miu,SI,246,0MU 04WV,1,NO,update
3722,8056262398173,Miu Miu,SI,246,0MU 04WV,1,NO,update
3723,8056597380676,Miu Miu,SI,246,0MU 04XS,0,NO,create
3724,8056597380683,Miu Miu,SI,246,0MU 04XS,0,NO,create
3725,8056262582312,Miu Miu,SI,246,0MU 04YV,0,NO,create
3726,8056262582329,Miu Miu,SI,246,0MU 04YV,0,NO,create
3727,8056262582336,Miu Miu,SI,246,0MU 04YV,1,NO,update
3728,8056262582343,Miu Miu,SI,246,0MU 04YV,1,NO,update
3729,8056262582350,Miu Miu,SI,246,0MU 04YV,1,NO,update
3730,8056262582367,Miu Miu,SI,246,0MU 04YV,1,NO,update
3731,8056262582374,Miu Miu,SI,246,0MU 04YV,0,NO,create
3732,8056262582381,Miu Miu,SI,246,0MU 04YV,0,NO,create
3733,8056262145593,Miu Miu,SI,246,0MU 04ZS,1,NO,update
3734,8056262398043,Miu Miu,SI,246,0MU 04ZS,1,NO,update
3735,8056262145609,Miu Miu,SI,246,0MU 04ZS,1,NO,update
3736,8056597989275,Miu Miu,SI,246,0MU 04ZS,1,NO,update
3737,8056262731710,Miu Miu,SI,246,0MU 04ZS,1,NO,update
3738,8056262398050,Miu Miu,SI,246,0MU 04ZS,1,NO,update
3739,8056262731727,Miu Miu,SI,246,0MU 04ZS,1,NO,update
3740,8056262398067,Miu Miu,SI,246,0MU 04ZS,1,NO,update
3741,8056262969649,Miu Miu,SI,246,0MU 04ZS,0,NO,create
3742,8056262969632,Miu Miu,SI,246,0MU 04ZS,0,NO,create
3743,8056262145623,Miu Miu,SI,246,0MU 04ZS,1,NO,update
3744,8056597989282,Miu Miu,SI,246,0MU 04ZS,1,NO,update
3745,8056597989299,Miu Miu,SI,246,0MU 04ZS,1,NO,update
3746,8053672986112,Miu Miu,SI,246,0MU 05US,0,NO,create
3747,8056597887113,Miu Miu,SI,246,0MU 05VV,0,NO,create
3748,8056262086698,Miu Miu,SI,246,0MU 05VV,0,NO,create
3749,8056262086711,Miu Miu,SI,246,0MU 05VV,0,NO,create
3750,8056597887151,Miu Miu,SI,246,0MU 05VV,1,NO,update
3751,8056597887168,Miu Miu,SI,246,0MU 05VV,1,NO,update
3752,8056597887205,Miu Miu,SI,246,0MU 05VV,1,NO,update
3753,8056597540681,Miu Miu,SI,246,0MU 05WS,0,NO,create
3754,8056262345306,Miu Miu,SI,246,0MU 05XV,0,NO,create
3755,8056262345313,Miu Miu,SI,246,0MU 05XV,1,NO,update
3756,8056262345320,Miu Miu,SI,246,0MU 05XV,0,NO,create
3757,8056262345337,Miu Miu,SI,246,0MU 05XV,1,NO,update
3758,8056597980463,Miu Miu,SI,246,0MU 05XV,1,NO,update
3759,8056597980470,Miu Miu,SI,246,0MU 05XV,1,NO,update
3760,8056597980494,Miu Miu,SI,246,0MU 05XV,1,NO,update
3761,8056262972076,Miu Miu,SI,246,0MU 05ZV,0,NO,create
3762,8056262972069,Miu Miu,SI,246,0MU 05ZV,0,NO,create
3763,8056262972014,Miu Miu,SI,246,0MU 05ZV,0,NO,create
3764,8056262972007,Miu Miu,SI,246,0MU 05ZV,0,NO,create
3765,8056262972052,Miu Miu,SI,246,0MU 05ZV,0,NO,create
3766,8056262972045,Miu Miu,SI,246,0MU 05ZV,0,NO,create
3767,8056262972038,Miu Miu,SI,246,0MU 05ZV,0,NO,create
3768,8056262972021,Miu Miu,SI,246,0MU 05ZV,0,NO,create
3769,8053672784886,Miu Miu,SI,246,0MU 06SS,0,NO,create
3770,8056597555401,Miu Miu,SI,246,0MU 06WS,0,NO,create
3771,8056597437387,Miu Miu,SI,246,0MU 06XS,0,NO,create
3772,8056262579008,Miu Miu,SI,246,0MU 06XV,0,NO,create
3773,8056262578995,Miu Miu,SI,246,0MU 06XV,0,NO,create
3774,8056262144442,Miu Miu,SI,246,0MU 06XV,1,NO,update
3775,8056262144473,Miu Miu,SI,246,0MU 06XV,1,NO,update
3776,8056597989053,Miu Miu,SI,246,0MU 06ZS,1,NO,update
3777,8056597989060,Miu Miu,SI,246,0MU 06ZS,1,NO,update
3778,8056262578780,Miu Miu,SI,246,0MU 06ZS,1,NO,update
3779,8056262578810,Miu Miu,SI,246,0MU 06ZS,1,NO,update
3780,8056597989077,Miu Miu,SI,246,0MU 06ZS,1,NO,update
3781,8056262979693,Miu Miu,SI,246,0MU 06ZV,0,NO,create
3782,8056262979709,Miu Miu,SI,246,0MU 06ZV,0,NO,create
3783,8056262979716,Miu Miu,SI,246,0MU 06ZV,0,NO,create
3784,8056262979723,Miu Miu,SI,246,0MU 06ZV,0,NO,create
3785,8056262979730,Miu Miu,SI,246,0MU 06ZV,0,NO,create
3786,8056262979747,Miu Miu,SI,246,0MU 06ZV,0,NO,create
3787,8056262979754,Miu Miu,SI,246,0MU 06ZV,0,NO,create
3788,8056262979761,Miu Miu,SI,246,0MU 06ZV,0,NO,create
3789,8056262145500,Miu Miu,SI,246,0MU 07XV,0,NO,create
3790,8056262143322,Miu Miu,SI,246,0MU 07XV,1,NO,update
3791,8056262143346,Miu Miu,SI,246,0MU 07XV,1,NO,update
3792,8056597897532,Miu Miu,SI,246,0MU 07YS,1,NO,update
3793,8056262329146,Miu Miu,SI,246,0MU 07YS,1,NO,update
3794,8056597897549,Miu Miu,SI,246,0MU 07YS,1,NO,update
3795,8056597884105,Miu Miu,SI,246,0MU 07YS,1,NO,update
3796,8056597989220,Miu Miu,SI,246,0MU 07ZS,1,NO,update
3797,8056262098233,Miu Miu,SI,246,0MU 07ZS,0,NO,create
3798,8056262980057,Miu Miu,SI,246,0MU 07ZV,0,NO,create
3799,8056262980064,Miu Miu,SI,246,0MU 07ZV,0,NO,create
3800,8056262980118,Miu Miu,SI,246,0MU 07ZV,0,NO,create
3801,8056262980125,Miu Miu,SI,246,0MU 07ZV,0,NO,create
3802,8056262980071,Miu Miu,SI,246,0MU 07ZV,0,NO,create
3803,8056262980088,Miu Miu,SI,246,0MU 07ZV,0,NO,create
3804,8056262980095,Miu Miu,SI,246,0MU 07ZV,0,NO,create
3805,8056262980101,Miu Miu,SI,246,0MU 07ZV,0,NO,create
3806,8056262144152,Miu Miu,SI,246,0MU 08XV,1,NO,update
3807,8056262345474,Miu Miu,SI,246,0MU 08XV,1,NO,update
3808,8056262144091,Miu Miu,SI,246,0MU 08XV,1,NO,update
3809,8056262345498,Miu Miu,SI,246,0MU 08XV,1,NO,update
3810,8056262087459,Miu Miu,SI,246,0MU 08ZS,0,NO,create
3811,8056597991711,Miu Miu,SI,246,0MU 08ZS,1,NO,update
3812,8056262980170,Miu Miu,SI,246,0MU 08ZVU,0,NO,create
3813,8056262980187,Miu Miu,SI,246,0MU 08ZVU,0,NO,create
3814,8056262980200,Miu Miu,SI,246,0MU 08ZVU,0,NO,create
3815,8056262980217,Miu Miu,SI,246,0MU 08ZVU,0,NO,create
3816,8056262980248,Miu Miu,SI,246,0MU 08ZVU,0,NO,create
3817,8056262980255,Miu Miu,SI,246,0MU 08ZVU,0,NO,create
3818,8056262980286,Miu Miu,SI,246,0MU 08ZVU,0,NO,create
3819,8056262980293,Miu Miu,SI,246,0MU 08ZVU,0,NO,create
3820,8056262097649,Miu Miu,SI,246,0MU 09WS,1,NO,update
3821,8056597671941,Miu Miu,SI,246,0MU 09WS,1,NO,update
3822,8056262329108,Miu Miu,SI,246,0MU 09WS,1,NO,update
3823,8056597671958,Miu Miu,SI,246,0MU 09WS,1,NO,update
3824,8056597671996,Miu Miu,SI,246,0MU 09WS,1,NO,update
3825,8056597671927,Miu Miu,SI,246,0MU 09WS,1,NO,update
3826,8056597671934,Miu Miu,SI,246,0MU 09WS,1,NO,update
3827,8056262888896,Miu Miu,SI,246,0MU 09XV,1,NO,update
3828,8056262145258,Miu Miu,SI,246,0MU 09XV,1,NO,update
3829,8056262888902,Miu Miu,SI,246,0MU 09XV,0,NO,create
3830,8056262145272,Miu Miu,SI,246,0MU 09XV,1,NO,update
3831,8056597897761,Miu Miu,SI,246,0MU 09YS,1,NO,update
3832,8056262145364,Miu Miu,SI,246,0MU 09ZS,1,NO,update
3833,8056262145333,Miu Miu,SI,246,0MU 09ZS,1,NO,update
3834,8056262145340,Miu Miu,SI,246,0MU 09ZS,1,NO,update
3835,8056262145357,Miu Miu,SI,246,0MU 09ZS,1,NO,update
3836,8056262972724,Miu Miu,SI,246,0MU 09ZV,0,NO,create
3837,8056262972731,Miu Miu,SI,246,0MU 09ZV,0,NO,create
3838,8056262972687,Miu Miu,SI,246,0MU 09ZV,0,NO,create
3839,8056262972694,Miu Miu,SI,246,0MU 09ZV,0,NO,create
3840,8056262972663,Miu Miu,SI,246,0MU 09ZV,0,NO,create
3841,8056262972670,Miu Miu,SI,246,0MU 09ZV,0,NO,create
3842,8056262972700,Miu Miu,SI,246,0MU 09ZV,0,NO,create
3843,8056262972717,Miu Miu,SI,246,0MU 09ZV,0,NO,create
3844,8056597685610,Miu Miu,SI,246,0MU 10WS,1,NO,update
3845,8056597886765,Miu Miu,SI,246,0MU 10YS,1,NO,update
3846,8056597886772,Miu Miu,SI,246,0MU 10YS,0,NO,create
3847,8056597897778,Miu Miu,SI,246,0MU 10YS,1,NO,update
3848,8056597886796,Miu Miu,SI,246,0MU 10YS,1,NO,update
3849,8056262087312,Miu Miu,SI,246,0MU 10YS,1,NO,update
3850,8056262145142,Miu Miu,SI,246,0MU 10ZS,1,NO,update
3851,8056262145135,Miu Miu,SI,246,0MU 10ZS,1,NO,update
3852,8056262145111,Miu Miu,SI,246,0MU 10ZS,1,NO,update
3853,8056262145104,Miu Miu,SI,246,0MU 10ZS,1,NO,update
3854,8056262145128,Miu Miu,SI,246,0MU 10ZS,1,NO,update
3855,8056262972830,Miu Miu,SI,246,0MU 10ZVU,0,NO,create
3856,8056262972816,Miu Miu,SI,246,0MU 10ZVU,0,NO,create
3857,8056262972809,Miu Miu,SI,246,0MU 10ZVU,0,NO,create
3858,8056262972793,Miu Miu,SI,246,0MU 10ZVU,0,NO,create
3859,8056262972885,Miu Miu,SI,246,0MU 10ZVU,0,NO,create
3860,8056262972861,Miu Miu,SI,246,0MU 10ZVU,0,NO,create
3861,8056262972922,Miu Miu,SI,246,0MU 10ZVU,0,NO,create
3862,8056262972908,Miu Miu,SI,246,0MU 10ZVU,0,NO,create
3863,8056262086803,Miu Miu,SI,246,0MU 11WS,0,NO,create
3864,8056262097854,Miu Miu,SI,246,0MU 11WS,0,NO,create
3865,8056262329115,Miu Miu,SI,246,0MU 11WS,1,NO,update
3866,8056262413593,Miu Miu,SI,246,0MU 11WS,1,NO,update
3867,8056262512159,Miu Miu,SI,246,0MU 11WS,1,NO,update
3868,8056262885918,Miu Miu,SI,246,0MU 11WS,0,NO,create
3869,8056597684446,Miu Miu,SI,246,0MU 11WS,1,NO,update
3870,8056262510360,Miu Miu,SI,246,0MU 11WS,1,NO,update
3871,8056597684453,Miu Miu,SI,246,0MU 11WS,1,NO,update
3872,8056262145463,Miu Miu,SI,246,0MU 11XV,1,NO,update
3873,8056262145685,Miu Miu,SI,246,0MU 11ZS,1,NO,update
3874,8056262247471,Miu Miu,SI,246,0MU 11ZS,1,NO,update
3875,8056262329177,Miu Miu,SI,246,0MU 11ZS,1,NO,update
3876,8056262519806,Miu Miu,SI,246,0MU 11ZS,1,NO,update
3877,8056262150511,Miu Miu,SI,246,0MU 11ZS,1,NO,update
3878,8056262145708,Miu Miu,SI,246,0MU 11ZS,1,NO,update
3879,8056262732311,Miu Miu,SI,246,0MU 11ZS,1,NO,update
3880,8056262519790,Miu Miu,SI,246,0MU 11ZS,1,NO,update
3881,8056262398012,Miu Miu,SI,246,0MU 11ZS,1,NO,update
3882,8056262732380,Miu Miu,SI,246,0MU 11ZS,1,NO,update
3883,8056262150528,Miu Miu,SI,246,0MU 11ZS,1,NO,update
3884,8056262145722,Miu Miu,SI,246,0MU 11ZS,1,NO,update
3885,8056262146040,Miu Miu,SI,246,0MU 12ZS,1,NO,update
3886,8056262146019,Miu Miu,SI,246,0MU 12ZS,1,NO,update
3887,8056262146415,Miu Miu,SI,246,0MU 13ZS,1,NO,update
3888,8056262181690,Miu Miu,SI,246,0MU 14ZS,1,NO,update
3889,8056262181676,Miu Miu,SI,246,0MU 14ZS,1,NO,update
3890,8056262181683,Miu Miu,SI,246,0MU 14ZS,1,NO,update
3891,8056262181669,Miu Miu,SI,246,0MU 14ZS,1,NO,update
3892,8056597784917,Miu Miu,SI,246,0MU 50VV,0,NO,create
3893,8056597784955,Miu Miu,SI,246,0MU 50VV,0,NO,create
3894,8056262398289,Miu Miu,SI,246,0MU 50WV,1,NO,update
3895,8056262398340,Miu Miu,SI,246,0MU 50WV,1,NO,update
3896,8056262086933,Miu Miu,SI,246,0MU 50XV,0,NO,create
3897,8056597980531,Miu Miu,SI,246,0MU 50XV,1,NO,update
3898,8056597980579,Miu Miu,SI,246,0MU 50XV,1,NO,update
3899,8056262623152,Miu Miu,SI,246,0MU 50YV,1,NO,update
3900,8056262623169,Miu Miu,SI,246,0MU 50YV,0,NO,create
3901,8056262623091,Miu Miu,SI,246,0MU 50YV,1,NO,update
3902,8056262623107,Miu Miu,SI,246,0MU 50YV,0,NO,create
3903,8056262623114,Miu Miu,SI,246,0MU 50YV,1,NO,update
3904,8056262623121,Miu Miu,SI,246,0MU 50YV,0,NO,create
3905,8056262623138,Miu Miu,SI,246,0MU 50YV,1,NO,update
3906,8056262623145,Miu Miu,SI,246,0MU 50YV,0,NO,create
3907,8056597978965,Miu Miu,SI,246,0MU 50ZS,1,NO,update
3908,8056597978989,Miu Miu,SI,246,0MU 50ZS,1,NO,update
3909,8056597989251,Miu Miu,SI,246,0MU 50ZS,1,NO,update
3910,8056262884737,Miu Miu,SI,246,0MU 50ZV,1,NO,update
3911,8056262884744,Miu Miu,SI,246,0MU 50ZV,1,NO,update
3912,8056262899021,Miu Miu,SI,246,0MU 50ZV,0,NO,create
3913,8056262899038,Miu Miu,SI,246,0MU 50ZV,0,NO,create
3914,8056262884775,Miu Miu,SI,246,0MU 50ZV,1,NO,update
3915,8056262884782,Miu Miu,SI,246,0MU 50ZV,1,NO,update
3916,8056262899052,Miu Miu,SI,246,0MU 50ZV,0,NO,create
3917,8056262899069,Miu Miu,SI,246,0MU 50ZV,0,NO,create
3918,8056597541565,Miu Miu,SI,246,0MU 51UV,0,NO,create
3919,8056262412374,Miu Miu,SI,246,0MU 51WV,0,NO,create
3920,8056262412381,Miu Miu,SI,246,0MU 51WV,1,NO,update
3921,8056262412411,Miu Miu,SI,246,0MU 51WV,0,NO,create
3922,8056262580776,Miu Miu,SI,246,0MU 51XV,1,NO,update
3923,8056262580783,Miu Miu,SI,246,0MU 51XV,1,NO,update
3924,8056597980838,Miu Miu,SI,246,0MU 51XV,1,NO,update
3925,8056597784467,Miu Miu,SI,246,0MU 51YS,0,NO,create
3926,8056597784498,Miu Miu,SI,246,0MU 51YS,0,NO,create
3927,8056262630310,Miu Miu,SI,246,0MU 51YV,1,NO,update
3928,8056262630372,Miu Miu,SI,246,0MU 51YV,1,NO,update
3929,8056262630280,Miu Miu,SI,246,0MU 51YV,1,NO,update
3930,8056262630341,Miu Miu,SI,246,0MU 51YV,1,NO,update
3931,8056597979061,Miu Miu,SI,246,0MU 51ZS,1,NO,update
3932,8056597979078,Miu Miu,SI,246,0MU 51ZS,1,NO,update
3933,8056262884843,Miu Miu,SI,246,0MU 51ZV,0,NO,create
3934,8056262884836,Miu Miu,SI,246,0MU 51ZV,0,NO,create
3935,8056262884867,Miu Miu,SI,246,0MU 51ZV,0,NO,create
3936,8056262884850,Miu Miu,SI,246,0MU 51ZV,0,NO,create
3937,8056262899113,Miu Miu,SI,246,0MU 51ZV,0,NO,create
3938,8056262899106,Miu Miu,SI,246,0MU 51ZV,0,NO,create
3939,8056262884881,Miu Miu,SI,246,0MU 51ZV,1,NO,update
3940,8056262884874,Miu Miu,SI,246,0MU 51ZV,0,NO,create
3941,8056597450980,Miu Miu,SI,246,0MU 52TV,0,NO,create
3942,8056597888578,Miu Miu,SI,246,0MU 52VV,0,NO,create
3943,8056597888738,Miu Miu,SI,246,0MU 52WS,0,NO,create
3944,8056597672399,Miu Miu,SI,246,0MU 52WS,0,NO,create
3945,8056262411100,Miu Miu,SI,246,0MU 52WV,1,NO,update
3946,8056262577493,Miu Miu,SI,246,0MU 52YS,1,NO,update
3947,8056597886918,Miu Miu,SI,246,0MU 52YS,1,NO,update
3948,8056262886113,Miu Miu,SI,246,0MU 52YS,1,NO,update
3949,8056597886932,Miu Miu,SI,246,0MU 52YS,1,NO,update
3950,8056597886949,Miu Miu,SI,246,0MU 52YS,1,NO,update
3951,8056262510421,Miu Miu,SI,246,0MU 52YS,1,NO,update
3952,8056262087244,Miu Miu,SI,246,0MU 52YS,1,NO,update
3953,8056597886956,Miu Miu,SI,246,0MU 52YS,1,NO,update
3954,8056262886137,Miu Miu,SI,246,0MU 52YS,1,NO,update
3955,8056262577486,Miu Miu,SI,246,0MU 52YS,1,NO,update
3956,8056262885697,Miu Miu,SI,246,0MU 52ZV,1,NO,update
3957,8056262899090,Miu Miu,SI,246,0MU 52ZV,0,NO,create
3958,8056262885680,Miu Miu,SI,246,0MU 52ZV,1,NO,update
3959,8056262885703,Miu Miu,SI,246,0MU 52ZV,1,NO,update
3960,8053672776973,Miu Miu,SI,246,0MU 53SS,0,NO,create
3961,8056597669054,Miu Miu,SI,246,0MU 53UV,0,NO,create
3962,8056597669078,Miu Miu,SI,246,0MU 53UV,0,NO,create
3963,8056597672443,Miu Miu,SI,246,0MU 53WS,0,NO,create
3964,8056262410851,Miu Miu,SI,246,0MU 53WV,1,NO,update
3965,8056262410868,Miu Miu,SI,246,0MU 53WV,1,NO,update
3966,8056262410882,Miu Miu,SI,246,0MU 53WV,1,NO,update
3967,8056262410899,Miu Miu,SI,246,0MU 53WV,1,NO,update
3968,8056262410905,Miu Miu,SI,246,0MU 53WV,1,NO,update
3969,8056262410912,Miu Miu,SI,246,0MU 53WV,1,NO,update
3970,8056262410929,Miu Miu,SI,246,0MU 53WV,1,NO,update
3971,8056597887045,Miu Miu,SI,246,0MU 53YS,0,NO,create
3972,8056262980637,Miu Miu,SI,246,0MU 53ZV,0,NO,create
3973,8056262980644,Miu Miu,SI,246,0MU 53ZV,0,NO,create
3974,8056262980576,Miu Miu,SI,246,0MU 53ZV,0,NO,create
3975,8056262980583,Miu Miu,SI,246,0MU 53ZV,0,NO,create
3976,8056262980613,Miu Miu,SI,246,0MU 53ZV,0,NO,create
3977,8056262980620,Miu Miu,SI,246,0MU 53ZV,0,NO,create
3978,8056262980590,Miu Miu,SI,246,0MU 53ZV,0,NO,create
3979,8056262980606,Miu Miu,SI,246,0MU 53ZV,0,NO,create
3980,8056262142578,Miu Miu,SI,246,0MU 54YS,1,NO,update
3981,8056597898614,Miu Miu,SI,246,0MU 54YS,1,NO,update
3982,8056597895637,Miu Miu,SI,246,0MU 54YS,1,NO,update
3983,8056597895644,Miu Miu,SI,246,0MU 54YS,1,NO,update
3984,8056262142585,Miu Miu,SI,246,0MU 54YS,1,NO,update
3985,8056597991742,Miu Miu,SI,246,0MU 54ZS,1,NO,update
3986,8056262329191,Miu Miu,SI,246,0MU 54ZS,1,NO,update
3987,8056597991766,Miu Miu,SI,246,0MU 54ZS,1,NO,update
3988,8056262329184,Miu Miu,SI,246,0MU 54ZS,1,NO,update
3989,8056597991773,Miu Miu,SI,246,0MU 54ZS,1,NO,update
3990,8056597991780,Miu Miu,SI,246,0MU 54ZS,1,NO,update
3991,8056597200011,Miu Miu,SI,246,0MU 55VS,0,NO,create
3992,8056597439817,Miu Miu,SI,246,0MU 55XS,0,NO,create
3993,8056262146378,Miu Miu,SI,246,0MU 55ZS,1,NO,update
3994,8056597192842,Miu Miu,SI,246,0MU 56VS,0,NO,create
3995,8056262150306,Miu Miu,SI,246,0MU 56ZS,1,NO,update
3996,8056262146521,Miu Miu,SI,246,0MU 56ZS,1,NO,update
3997,8056262329122,Miu Miu,SI,246,0MU 56ZS,1,NO,update
3998,8056262344347,Miu Miu,SI,246,0MU 56ZS,1,NO,update
3999,8056262146514,Miu Miu,SI,246,0MU 56ZS,1,NO,update
4000,8056597034838,Miu Miu,SI,246,0MU 59US,0,NO,create
4001,8056597242042,Miu Miu,SI,246,0MU 60VS,0,NO,create
4002,8056262316856,Miu Miu,SI,246,0MU A01S,1,NO,update
4003,8056262316801,Miu Miu,SI,246,0MU A02S,1,NO,update
4004,8056262316818,Miu Miu,SI,246,0MU A02S,1,NO,update
4005,8056262363157,Miu Miu,SI,246,0MU A02S,1,NO,update
4006,8056262316825,Miu Miu,SI,246,0MU A02S,1,NO,update
4007,8056262316832,Miu Miu,SI,246,0MU A02S,1,NO,update
4008,8056262397800,Miu Miu,SI,246,0MU A03S,1,NO,update
4009,8056262397817,Miu Miu,SI,246,0MU A03S,1,NO,update
4010,8056262397824,Miu Miu,SI,246,0MU A03S,1,NO,update
4011,8056262887264,Miu Miu,SI,246,0MU A03S,0,NO,create
4012,8056262397831,Miu Miu,SI,246,0MU A03S,1,NO,update
4013,8056262887271,Miu Miu,SI,246,0MU A03S,0,NO,create
4014,8056262407967,Miu Miu,SI,246,0MU A04S,1,NO,update
4015,8056262407943,Miu Miu,SI,246,0MU A04S,1,NO,update
4016,8056262407950,Miu Miu,SI,246,0MU A04S,1,NO,update
4017,8056262408124,Miu Miu,SI,246,0MU A05S,1,NO,update
4018,8056262408094,Miu Miu,SI,246,0MU A05S,1,NO,update
4019,8056262407684,Miu Miu,SI,246,0MU A06S,1,NO,update
4020,8056262407691,Miu Miu,SI,246,0MU A06S,1,NO,update
4021,8056262407721,Miu Miu,SI,246,0MU A06S,1,NO,update
4022,8056262407660,Miu Miu,SI,246,0MU A06S,1,NO,update
4023,8056262407677,Miu Miu,SI,246,0MU A06S,1,NO,update
4024,8056262519936,Miu Miu,SI,246,0MU A06S,1,NO,update
4025,8056262732281,Miu Miu,SI,246,0MU A06S,0,NO,create
4026,8056262519943,Miu Miu,SI,246,0MU A06S,1,NO,update
4027,8056262732274,Miu Miu,SI,246,0MU A06S,1,NO,update
4028,8056262522677,Miu Miu,SI,246,0MU A07S,1,NO,update
4029,8056262660614,Miu Miu,SI,246,0MU A07S,1,NO,update
4030,8056262522691,Miu Miu,SI,246,0MU A07S,1,NO,update
4031,8056262522684,Miu Miu,SI,246,0MU A07S,1,NO,update
4032,8056262522707,Miu Miu,SI,246,0MU A07S,1,NO,update
4033,8056262660607,Miu Miu,SI,246,0MU A07S,1,NO,update
4034,8056262630396,Miu Miu,SI,246,0MU A08S,1,NO,update
4035,8056262530481,Miu Miu,SI,246,0MU A08S,1,NO,update
4036,8056262530498,Miu Miu,SI,246,0MU A08S,1,NO,update
4037,8056262530504,Miu Miu,SI,246,0MU A08S,1,NO,update
4038,8056262316870,Miu Miu,SI,246,0MU A50S,1,NO,update
4039,8056262316887,Miu Miu,SI,246,0MU A50S,1,NO,update
4040,8056262320471,Miu Miu,SI,246,0MU A50S,1,NO,update
4041,8056262887325,Miu Miu,SI,246,0MU A50S,1,NO,update
4042,8056262885727,Miu Miu,SI,246,0MU A51S,1,NO,update
4043,8056262412367,Miu Miu,SI,246,0MU A51S,1,NO,update
4044,8056262412336,Miu Miu,SI,246,0MU A51S,1,NO,update
4045,8056262579237,Miu Miu,SI,246,0MU A51S,1,NO,update
4046,8056262885734,Miu Miu,SI,246,0MU A51S,1,NO,update
4047,8056262412350,Miu Miu,SI,246,0MU A51S,1,NO,update
4048,8056262412343,Miu Miu,SI,246,0MU A51S,1,NO,update
4049,8056262412756,Miu Miu,SI,246,0MU A52S,1,NO,update
4050,8056262471814,Miu Miu,SI,246,0MU A53S,0,NO,create
4051,8056262412893,Miu Miu,SI,246,0MU A53S,1,NO,update
4052,8056262471807,Miu Miu,SI,246,0MU A53S,0,NO,create
4053,8056262412916,Miu Miu,SI,246,0MU A53S,1,NO,update
4054,8056262471791,Miu Miu,SI,246,0MU A53S,0,NO,create
4055,8056262969762,Miu Miu,SI,246,0MU A54S,0,NO,create
4056,8056262521533,Miu Miu,SI,246,0MU A54S,1,NO,update
4057,8056262413135,Miu Miu,SI,246,0MU A54S,1,NO,update
4058,8056262413166,Miu Miu,SI,246,0MU A54S,1,NO,update
4059,8056262413173,Miu Miu,SI,246,0MU A54S,1,NO,update
4060,8056262579220,Miu Miu,SI,246,0MU A54S,1,NO,update
4061,8056262886823,Miu Miu,SI,246,0MU A54S,1,NO,update
4062,8056262969755,Miu Miu,SI,246,0MU A54S,0,NO,create
4063,8056262886816,Miu Miu,SI,246,0MU A54S,1,NO,update
4064,8056262517826,Miu Miu,SI,246,0MU A54S,1,NO,update
4065,8056262580899,Miu Miu,SI,246,0MU A54S,1,NO,update
4066,8056262413203,Miu Miu,SI,246,0MU A54S,1,NO,update
4067,8056262413210,Miu Miu,SI,246,0MU A54S,1,NO,update
4068,8056262528891,Miu Miu,SI,246,0MU A55S,1,NO,update
4069,8056262528907,Miu Miu,SI,246,0MU A55S,1,NO,update
4070,8056262528914,Miu Miu,SI,246,0MU A55S,1,NO,update
4071,8056262597248,Miu Miu,SI,246,0MU A55S,1,NO,update
4072,8056262543436,Miu Miu,SI,246,0MU A56S,1,NO,update
4073,8056262543412,Miu Miu,SI,246,0MU A56S,1,NO,update
4074,8056262543429,Miu Miu,SI,246,0MU A56S,1,NO,update
4075,8056262582176,Miu Miu,SI,246,0MU A56S,1,NO,update
4076,8056262534724,Miu Miu,SI,246,0MU A57S,1,NO,update
4077,8056262534717,Miu Miu,SI,246,0MU A57S,1,NO,update
4078,8056262534700,Miu Miu,SI,246,0MU A57S,1,NO,update
4079,8056262582305,Miu Miu,SI,246,0MU A57S,1,NO,update
4080,8056262660096,Miu Miu,SI,246,0MU B01S,1,NO,update
4081,8056262660119,Miu Miu,SI,246,0MU B01S,0,NO,create
4082,8056262660126,Miu Miu,SI,246,0MU B01S,1,NO,update
4083,8056262660102,Miu Miu,SI,246,0MU B01S,1,NO,update
4084,8056262632611,Miu Miu,SI,246,0MU B02S,1,NO,update
4085,8056262632697,Miu Miu,SI,246,0MU B02S,1,NO,update
4086,8056262632642,Miu Miu,SI,246,0MU B02S,1,NO,update
4087,8056262632666,Miu Miu,SI,246,0MU B02S,1,NO,update
4088,8056262665428,Miu Miu,SI,246,0MU B03S,1,NO,update
4089,8056262665411,Miu Miu,SI,246,0MU B03S,1,NO,update
4090,8056262660201,Miu Miu,SI,246,0MU B03S,1,NO,update
4091,8056262660195,Miu Miu,SI,246,0MU B03S,1,NO,update
4092,8056262660553,Miu Miu,SI,246,0MU B04S,1,NO,update
4093,8056262980651,Miu Miu,SI,246,0MU B04S,0,NO,create
4094,8056262660560,Miu Miu,SI,246,0MU B04S,1,NO,update
4095,8056262660577,Miu Miu,SI,246,0MU B04S,1,NO,update
4096,8056262892701,Miu Miu,SI,246,0MU B04S,1,NO,update
4097,8056262660584,Miu Miu,SI,246,0MU B04S,1,NO,update
4098,8056262660591,Miu Miu,SI,246,0MU B04S,1,NO,update
4099,8056262660409,Miu Miu,SI,246,0MU B05S,1,NO,update
4100,8056262660423,Miu Miu,SI,246,0MU B05S,1,NO,update
4101,8056262660416,Miu Miu,SI,246,0MU B05S,1,NO,update
4102,8056262660430,Miu Miu,SI,246,0MU B05S,1,NO,update
4103,8056262660447,Miu Miu,SI,246,0MU B05S,1,NO,update
4104,8056262723746,Miu Miu,SI,246,0MU B07S,1,NO,update
4105,8056262723760,Miu Miu,SI,246,0MU B07S,1,NO,update
4106,8056262723753,Miu Miu,SI,246,0MU B07S,1,NO,update
4107,8056262723784,Miu Miu,SI,246,0MU B07S,0,NO,create
4108,8056262723777,Miu Miu,SI,246,0MU B07S,1,NO,update
4109,8056262723791,Miu Miu,SI,246,0MU B07S,1,NO,update
4110,8056262964187,Miu Miu,SI,246,0MU B07S,0,NO,create
4111,8056262964194,Miu Miu,SI,246,0MU B07S,0,NO,create
4112,8056262883785,Miu Miu,SI,246,0MU B09S,1,NO,update
4113,8056262883792,Miu Miu,SI,246,0MU B09S,1,NO,update
4114,8056262964163,Miu Miu,SI,246,0MU B09S,0,NO,create
4115,8056262964170,Miu Miu,SI,246,0MU B09S,0,NO,create
4116,8056262883815,Miu Miu,SI,246,0MU B09S,0,NO,create
4117,8056262883808,Miu Miu,SI,246,0MU B09S,0,NO,create
4118,8056262883846,Miu Miu,SI,246,0MU B10SU,1,NO,update
4119,8056262883839,Miu Miu,SI,246,0MU B10SU,1,NO,update
4120,8056262883822,Miu Miu,SI,246,0MU B10SU,1,NO,update
4121,8056262883853,Miu Miu,SI,246,0MU B10SU,0,NO,create
4122,8056262883860,Miu Miu,SI,246,0MU B10SU,0,NO,create
4123,8056262885758,Miu Miu,SI,246,0MU B11SU,0,NO,create
4124,8056262885741,Miu Miu,SI,246,0MU B11SU,1,NO,update
4125,8056262885765,Miu Miu,SI,246,0MU B11SU,0,NO,create
4126,8056262885772,Miu Miu,SI,246,0MU B11SU,0,NO,create
4127,8056262887448,Miu Miu,SI,246,0MU B11SU,0,NO,create
4128,8056262885819,Miu Miu,SI,246,0MU B12S,0,NO,create
4129,8056262885802,Miu Miu,SI,246,0MU B12S,1,NO,update
4130,8056262885796,Miu Miu,SI,246,0MU B12S,0,NO,create
4131,8056262885826,Miu Miu,SI,246,0MU B12S,0,NO,create
4132,8056262885789,Miu Miu,SI,246,0MU B12S,0,NO,create
4133,8056262886083,Miu Miu,SI,246,0MU B13S,1,NO,update
4134,8056262886090,Miu Miu,SI,246,0MU B13S,1,NO,update
4135,8056262968307,Miu Miu,SI,246,0MU B13S,0,NO,create
4136,8056262968291,Miu Miu,SI,246,0MU B13S,0,NO,create
4137,8056262886106,Miu Miu,SI,246,0MU B13S,0,NO,create
4138,8056262886120,Miu Miu,SI,246,0MU B13S,1,NO,update
4139,8056262910283,Miu Miu,SI,246,0MU B14SU,1,NO,update
4140,8056262910306,Miu Miu,SI,246,0MU B14SU,1,NO,update
4141,8056262910313,Miu Miu,SI,246,0MU B14SU,1,NO,update
4142,8056262910290,Miu Miu,SI,246,0MU B14SU,1,NO,update
4143,8056262623374,Miu Miu,SI,246,0MU B50S,1,NO,update
4144,8056262623367,Miu Miu,SI,246,0MU B50S,1,NO,update
4145,8056262623381,Miu Miu,SI,246,0MU B50S,1,NO,update
4146,8056262623343,Miu Miu,SI,246,0MU B50S,1,NO,update
4147,8056262899137,Miu Miu,SI,246,0MU B51S,0,NO,create
4148,8056262899120,Miu Miu,SI,246,0MU B51S,1,NO,update
4149,8056262885628,Miu Miu,SI,246,0MU B51S,0,NO,create
4150,8056262885604,Miu Miu,SI,246,0MU B51S,1,NO,update
4151,8056262885666,Miu Miu,SI,246,0MU B51S,1,NO,update
4152,8056262885413,Miu Miu,SI,246,0MU B52S,0,NO,create
4153,8056262885406,Miu Miu,SI,246,0MU B52S,0,NO,create
4154,8056262885390,Miu Miu,SI,246,0MU B52S,1,NO,update
4155,8056262885383,Miu Miu,SI,246,0MU B52S,0,NO,create
4156,8056262977491,Miu Miu,SI,246,0MU B52S,0,NO,create
4157,8056262886793,Miu Miu,SI,246,0MU B53S,1,NO,update
4158,8056262886809,Miu Miu,SI,246,0MU B53S,1,NO,update
4159,8056262907009,Miu Miu,SI,246,0MU B53S,0,NO,create
4160,8056262886779,Miu Miu,SI,246,0MU B53S,1,NO,update
4161,8056262886786,Miu Miu,SI,246,0MU B53S,1,NO,update
4162,8056262907764,Miu Miu,SI,246,0MU C01S,0,NO,create
4163,8056262907757,Miu Miu,SI,246,0MU C01S,0,NO,create
4164,8056262907771,Miu Miu,SI,246,0MU C01S,0,NO,create
4165,8056262907788,Miu Miu,SI,246,0MU C01S,0,NO,create
4166,8056262954843,Miu Miu,SI,246,0MU C01S,0,NO,create
4167,8056262971253,Miu Miu,SI,246,0MU C02S,0,NO,create
4168,8056262971260,Miu Miu,SI,246,0MU C02S,0,NO,create
4169,8056262971277,Miu Miu,SI,246,0MU C02S,0,NO,create
4170,8056262971291,Miu Miu,SI,246,0MU C02S,0,NO,create
4171,8056262971284,Miu Miu,SI,246,0MU C02S,0,NO,create
4172,8056262979853,Miu Miu,SI,246,0MU C03SU,0,NO,create
4173,8056262979860,Miu Miu,SI,246,0MU C03SU,0,NO,create
4174,8056262979877,Miu Miu,SI,246,0MU C03SU,0,NO,create
4175,8056262979884,Miu Miu,SI,246,0MU C03SU,0,NO,create
4176,8056262979891,Miu Miu,SI,246,0MU C03SU,0,NO,create
4177,8056262969519,Miu Miu,SI,246,0MU C04S,0,NO,create
4178,8056262969502,Miu Miu,SI,246,0MU C04S,0,NO,create
4179,8056262969526,Miu Miu,SI,246,0MU C04S,0,NO,create
4180,8056262969533,Miu Miu,SI,246,0MU C04S,0,NO,create
4181,8056262990056,Miu Miu,SI,246,0MU C05SU,0,NO,create
4182,8056262990049,Miu Miu,SI,246,0MU C05SU,0,NO,create
4183,8056262990070,Miu Miu,SI,246,0MU C05SU,0,NO,create
4184,8056262990063,Miu Miu,SI,246,0MU C05SU,0,NO,create
4185,8056262965719,Miu Miu,SI,246,0MU C06SU,0,NO,create
4186,8056262965733,Miu Miu,SI,246,0MU C06SU,0,NO,create
4187,8056262965764,Miu Miu,SI,246,0MU C06SU,0,NO,create
4188,8056262965757,Miu Miu,SI,246,0MU C06SU,0,NO,create
4189,8056262965726,Miu Miu,SI,246,0MU C06SU,0,NO,create
4190,8056266192227,Miu Miu,SI,246,0MU C07SU,0,NO,create
4191,8056266192234,Miu Miu,SI,246,0MU C07SU,0,NO,create
4192,8056266192241,Miu Miu,SI,246,0MU C07SU,0,NO,create
4193,8056266213458,Miu Miu,SI,246,0MU C07SU,0,NO,create
4194,8056262972229,Miu Miu,SI,246,0MU C50S,0,NO,create
4195,8056262972212,Miu Miu,SI,246,0MU C50S,0,NO,create
4196,8056262972182,Miu Miu,SI,246,0MU C50S,0,NO,create
4197,8056262972243,Miu Miu,SI,246,0MU C50S,0,NO,create
4198,8056262972236,Miu Miu,SI,246,0MU C50S,0,NO,create
4199,8056262972328,Miu Miu,SI,246,0MU C51S,0,NO,create
4200,8056262972311,Miu Miu,SI,246,0MU C51S,0,NO,create
4201,8056262972342,Miu Miu,SI,246,0MU C51S,0,NO,create
4202,8056262972335,Miu Miu,SI,246,0MU C51S,0,NO,create
4203,8056262964798,Miu Miu,SI,246,0MU C52S,0,NO,create
4204,8056262964774,Miu Miu,SI,246,0MU C52S,0,NO,create
4205,8056262964781,Miu Miu,SI,246,0MU C52S,0,NO,create
4206,8056262964767,Miu Miu,SI,246,0MU C52S,0,NO,create
4207,8056266184222,Miu Miu,SI,246,0MU C53S,0,NO,create
4208,8056266184208,Miu Miu,SI,246,0MU C53S,0,NO,create
4209,888392279804,Oakley,SI,379,0OO4060,0,NO,create
4210,888392685629,Oakley,SI,379,0OO4065,0,NO,create
4211,888392685636,Oakley,SI,379,0OO4065,0,NO,create
4212,888392685643,Oakley,SI,379,0OO4065,0,NO,create
4213,888392685650,Oakley,SI,379,0OO4065,0,NO,create
4214,888392685667,Oakley,SI,379,0OO4065,1,NO,update
4215,888392685674,Oakley,SI,379,0OO4065,1,NO,update
4216,700285807683,Oakley,SI,379,0OO4075,0,NO,create
4217,700285807690,Oakley,SI,379,0OO4075,0,NO,create
4218,888392279798,Oakley,SI,379,0OO4075,0,NO,create
4219,888392411679,Oakley,SI,379,0OO4075,0,NO,create
4220,700285863214,Oakley,SI,379,0OO4079,0,NO,create
4221,888392090744,Oakley,SI,379,0OO4079,0,NO,create
4222,888392425638,Oakley,SI,379,0OO4079,0,NO,create
4223,888392638854,Oakley,SI,379,0OO4079,0,NO,create
4224,888392664693,Oakley,SI,379,0OO4079,0,NO,create
4225,888392269799,Oakley,SI,379,0OO4123,0,NO,create
4226,888392269805,Oakley,SI,379,0OO4123,0,NO,create
4227,888392320346,Oakley,SI,379,0OO4123,0,NO,create
4228,888392271327,Oakley,SI,379,0OO4124,0,NO,create
4229,888392271334,Oakley,SI,379,0OO4124,0,NO,create
4230,888392271389,Oakley,SI,379,0OO4124,0,NO,create
4231,888392350602,Oakley,SI,379,0OO4124,0,NO,create
4232,888392325914,Oakley,SI,379,0OO4129,0,NO,create
4233,888392425607,Oakley,SI,379,0OO4129,0,NO,create
4234,888392489487,Oakley,SI,379,0OO4129,0,NO,create
4235,888392489494,Oakley,SI,379,0OO4129,0,NO,create
4236,888392609557,Oakley,SI,379,0OO4129,0,NO,create
4237,888392617651,Oakley,SI,379,0OO4129,0,NO,create
4238,888392664662,Oakley,SI,379,0OO4129,0,NO,create
4239,888392489104,Oakley,SI,379,0OO4141,0,NO,create
4240,888392489128,Oakley,SI,379,0OO4141,0,NO,create
4241,888392489159,Oakley,SI,379,0OO4142,0,NO,create
4242,888392489173,Oakley,SI,379,0OO4142,1,NO,update
4243,888392489180,Oakley,SI,379,0OO4142,1,NO,update
4244,888392507143,Oakley,SI,379,0OO4143,1,NO,update
4245,888392507204,Oakley,SI,379,0OO4144,0,NO,create
4246,888392558084,Oakley,SI,379,0OO4145,0,NO,create
4247,888392558091,Oakley,SI,379,0OO4145,1,NO,update
4248,888392558114,Oakley,SI,379,0OO4145,0,NO,create
4249,888392558121,Oakley,SI,379,0OO4145,0,NO,create
4250,888392558138,Oakley,SI,379,0OO4145,0,NO,create
4251,888392575371,Oakley,SI,379,0OO4146,0,NO,create
4252,888392561916,Oakley,SI,379,0OO4147,0,NO,create
4253,888392589071,Oakley,SI,379,0OO6013,0,NO,create
4254,888392589101,Oakley,SI,379,0OO6013,0,NO,create
4255,888392597588,Oakley,SI,379,0OO6013,0,NO,create
4256,888392648693,Oakley,SI,379,0OO6025,0,NO,create
4257,888392648709,Oakley,SI,379,0OO6025,0,NO,create
4258,888392648716,Oakley,SI,379,0OO6025,0,NO,create
4259,888392674951,Oakley,SI,379,0OO6026,1,NO,update
4260,888392674968,Oakley,SI,379,0OO6026,0,NO,create
4261,888392674982,Oakley,SI,379,0OO6026,0,NO,create
4262,888392677006,Oakley,SI,379,0OO6029,1,NO,update
4263,888392677013,Oakley,SI,379,0OO6029,0,NO,create
4264,888392677020,Oakley,SI,379,0OO6029,0,NO,create
4265,888392677037,Oakley,SI,379,0OO6029,0,NO,create
4266,888392701954,Oakley,SI,379,0OO6031,0,NO,create
4267,888392701961,Oakley,SI,379,0OO6031,0,NO,create
4268,888392701978,Oakley,SI,379,0OO6031,0,NO,create
4269,888392701985,Oakley,SI,379,0OO6031,0,NO,create
4270,888392701992,Oakley,SI,379,0OO6031,0,NO,create
4271,888392702005,Oakley,SI,379,0OO6031,0,NO,create
4272,888392426772,Oakley,SI,379,0OO6042,0,NO,create
4273,888392552303,Oakley,SI,379,0OO6048,0,NO,create
4274,888392552327,Oakley,SI,379,0OO6048,0,NO,create
4275,888392601261,Oakley,SI,379,0OO6048,0,NO,create
4276,700285081045,Oakley,SI,379,0OO9009,0,NO,create
4277,700285359380,Oakley,SI,379,0OO9009,1,NO,update
4278,700285554686,Oakley,SI,379,0OO9013,1,NO,update
4279,888392279675,Oakley,SI,379,0OO9013,1,NO,update
4280,888392279682,Oakley,SI,379,0OO9013,0,NO,create
4281,888392327024,Oakley,SI,379,0OO9013,1,NO,update
4282,888392406989,Oakley,SI,379,0OO9013,1,NO,update
4283,888392406996,Oakley,SI,379,0OO9013,1,NO,update
4284,888392454690,Oakley,SI,379,0OO9013,1,NO,update
4285,888392454706,Oakley,SI,379,0OO9013,0,NO,create
4286,888392664235,Oakley,SI,379,0OO9013,1,NO,update
4287,888392664440,Oakley,SI,379,0OO9013,0,NO,create
4288,888392664457,Oakley,SI,379,0OO9013,0,NO,create
4289,888392677631,Oakley,SI,379,0OO9013,0,NO,create
4290,888392684233,Oakley,SI,379,0OO9013,0,NO,create
4291,888392687760,Oakley,SI,379,0OO9013,1,NO,update
4292,700285034713,Oakley,SI,379,0OO9014,0,NO,create
4293,700285111223,Oakley,SI,379,0OO9014,0,NO,create
4294,700285238593,Oakley,SI,379,0OO9014,0,NO,create
4295,700285128566,Oakley,SI,379,0OO9014,1,NO,update
4296,700285874470,Oakley,SI,379,0OO9014,0,NO,create
4297,888392333414,Oakley,SI,379,0OO9014,1,NO,update
4298,888392407870,Oakley,SI,379,0OO9014,1,NO,update
4299,888392555236,Oakley,SI,379,0OO9014,0,NO,create
4300,888392640208,Oakley,SI,379,0OO9014,1,NO,update
4301,888392697882,Oakley,SI,379,0OO9014,0,NO,create
4302,888392697905,Oakley,SI,379,0OO9014,0,NO,create
4303,888392701107,Oakley,SI,379,0OO9014,0,NO,create
4304,888392561978,Oakley,SI,379,0OO9018,1,NO,update
4305,888392561985,Oakley,SI,379,0OO9018,1,NO,update
4306,888392562005,Oakley,SI,379,0OO9018,0,NO,create
4307,888392562012,Oakley,SI,379,0OO9018,0,NO,create
4308,888392590763,Oakley,SI,379,0OO9018,0,NO,create
4309,888392590909,Oakley,SI,379,0OO9018,0,NO,create
4310,888392590916,Oakley,SI,379,0OO9018,1,NO,update
4311,7895653254787,Oakley,SI,379,0OO9018,0,NO,create
4312,7895653281189,Oakley,SI,379,0OO9018,0,NO,create
4313,7895653282926,Oakley,SI,379,0OO9018,0,NO,create
4314,888392576712,Oakley,SI,379,0OO9019,0,NO,create
4315,700285081205,Oakley,SI,379,0OO9039,1,NO,update
4316,700285081212,Oakley,SI,379,0OO9039,0,NO,create
4317,700285111612,Oakley,SI,379,0OO9060,0,NO,create
4318,700285111629,Oakley,SI,379,0OO9060,0,NO,create
4319,700285359663,Oakley,SI,379,0OO9060,0,NO,create
4320,700285111421,Oakley,SI,379,0OO9061,0,NO,create
4321,700285321332,Oakley,SI,379,0OO9096,0,NO,create
4322,700285455044,Oakley,SI,379,0OO9096,0,NO,create
4323,700285455358,Oakley,SI,379,0OO9096,0,NO,create
4324,700285466675,Oakley,SI,379,0OO9096,0,NO,create
4325,700285862989,Oakley,SI,379,0OO9096,0,NO,create
4326,888392011671,Oakley,SI,379,0OO9096,0,NO,create
4327,888392143662,Oakley,SI,379,0OO9096,0,NO,create
4328,888392235787,Oakley,SI,379,0OO9096,1,NO,update
4329,888392356468,Oakley,SI,379,0OO9096,0,NO,create
4330,888392407856,Oakley,SI,379,0OO9096,1,NO,update
4331,7895653294479,Oakley,SI,379,0OO9096,0,NO,create
4332,888392583123,Oakley,SI,379,0OO9098,0,NO,create
4333,888392610508,Oakley,SI,379,0OO9098,0,NO,create
4334,888392581174,Oakley,SI,379,0OO9100,1,NO,update
4335,888392581181,Oakley,SI,379,0OO9100,1,NO,update
4336,888392581204,Oakley,SI,379,0OO9100,1,NO,update
4337,888392581211,Oakley,SI,379,0OO9100,1,NO,update
4338,888392606914,Oakley,SI,379,0OO9100,0,NO,create
4339,888392617323,Oakley,SI,379,0OO9100,0,NO,create
4340,888392663900,Oakley,SI,379,0OO9100,0,NO,create
4341,888392333353,Oakley,SI,379,0OO9101,1,NO,update
4342,888392333360,Oakley,SI,379,0OO9101,1,NO,update
4343,700285658667,Oakley,SI,379,0OO9102,1,NO,update
4344,888392662484,Oakley,SI,379,0OO9102,0,NO,create
4345,888392663634,Oakley,SI,379,0OO9102,0,NO,create
4346,888392664754,Oakley,SI,379,0OO9102,0,NO,create
4347,888392669063,Oakley,SI,379,0OO9102,0,NO,create
4348,888392673916,Oakley,SI,379,0OO9102,0,NO,create
4349,888392677099,Oakley,SI,379,0OO9102,0,NO,create
4350,888392684165,Oakley,SI,379,0OO9102,0,NO,create
4351,888392685575,Oakley,SI,379,0OO9102,0,NO,create
4352,888392697134,Oakley,SI,379,0OO9102,0,NO,create
4353,888392697127,Oakley,SI,379,0OO9102,0,NO,create
4354,888392214621,Oakley,SI,379,0OO9102,0,NO,create
4355,888392238931,Oakley,SI,379,0OO9102,1,NO,update
4356,888392260109,Oakley,SI,379,0OO9102,1,NO,update
4357,888392260512,Oakley,SI,379,0OO9102,0,NO,create
4358,888392279606,Oakley,SI,379,0OO9102,1,NO,update
4359,888392279613,Oakley,SI,379,0OO9102,0,NO,create
4360,888392297051,Oakley,SI,379,0OO9102,1,NO,update
4361,888392320544,Oakley,SI,379,0OO9102,1,NO,update
4362,888392326911,Oakley,SI,379,0OO9102,0,NO,create
4363,888392327031,Oakley,SI,379,0OO9102,1,NO,update
4364,888392335920,Oakley,SI,379,0OO9102,0,NO,create
4365,888392335937,Oakley,SI,379,0OO9102,1,NO,update
4366,888392356451,Oakley,SI,379,0OO9102,0,NO,create
4367,888392356994,Oakley,SI,379,0OO9102,0,NO,create
4368,888392374516,Oakley,SI,379,0OO9102,0,NO,create
4369,888392458889,Oakley,SI,379,0OO9102,0,NO,create
4370,888392458896,Oakley,SI,379,0OO9102,0,NO,create
4371,888392458902,Oakley,SI,379,0OO9102,1,NO,update
4372,888392471604,Oakley,SI,379,0OO9102,1,NO,update
4373,888392486523,Oakley,SI,379,0OO9102,0,NO,create
4374,888392555267,Oakley,SI,379,0OO9102,0,NO,create
4375,888392590169,Oakley,SI,379,0OO9102,0,NO,create
4376,888392593405,Oakley,SI,379,0OO9102,0,NO,create
4377,888392596291,Oakley,SI,379,0OO9102,0,NO,create
4378,888392605856,Oakley,SI,379,0OO9102,0,NO,create
4379,888392608932,Oakley,SI,379,0OO9102,0,NO,create
4380,888392640420,Oakley,SI,379,0OO9102,0,NO,create
4381,888392641229,Oakley,SI,379,0OO9102,0,NO,create
4382,888392642011,Oakley,SI,379,0OO9102,0,NO,create
4383,888392642134,Oakley,SI,379,0OO9102,0,NO,create
4384,888392581266,Oakley,SI,379,0OO9126,0,NO,create
4385,888392590923,Oakley,SI,379,0OO9126,0,NO,create
4386,888392576026,Oakley,SI,379,0OO9129,0,NO,create
4387,888392576033,Oakley,SI,379,0OO9129,1,NO,update
4388,888392617293,Oakley,SI,379,0OO9129,0,NO,create
4389,700285854441,Oakley,SI,379,0OO9146,0,NO,create
4390,700285854458,Oakley,SI,379,0OO9146,0,NO,create
4391,888392560124,Oakley,SI,379,0OO9146,0,NO,create
4392,888392593481,Oakley,SI,379,0OO9147,1,NO,update
4393,888392593498,Oakley,SI,379,0OO9147,1,NO,update
4394,888392596567,Oakley,SI,379,0OO9147,1,NO,update
4395,888392596574,Oakley,SI,379,0OO9147,0,NO,create
4396,700285494180,Oakley,SI,379,0OO9154,0,NO,create
4397,700285494227,Oakley,SI,379,0OO9154,1,NO,update
4398,700285568706,Oakley,SI,379,0OO9154,0,NO,create
4399,700285568713,Oakley,SI,379,0OO9154,0,NO,create
4400,888392075840,Oakley,SI,379,0OO9154,1,NO,update
4401,888392486677,Oakley,SI,379,0OO9154,0,NO,create
4402,888392486691,Oakley,SI,379,0OO9154,0,NO,create
4403,888392104984,Oakley,SI,379,0OO9188,1,NO,update
4404,888392104991,Oakley,SI,379,0OO9188,1,NO,update
4405,888392105004,Oakley,SI,379,0OO9188,0,NO,create
4406,888392143563,Oakley,SI,379,0OO9188,1,NO,update
4407,888392225245,Oakley,SI,379,0OO9188,1,NO,update
4408,888392279958,Oakley,SI,379,0OO9188,0,NO,create
4409,888392279965,Oakley,SI,379,0OO9188,0,NO,create
4410,888392320605,Oakley,SI,379,0OO9188,0,NO,create
4411,888392326492,Oakley,SI,379,0OO9188,1,NO,update
4412,888392326904,Oakley,SI,379,0OO9188,0,NO,create
4413,888392351166,Oakley,SI,379,0OO9188,0,NO,create
4414,888392355980,Oakley,SI,379,0OO9188,0,NO,create
4415,888392356017,Oakley,SI,379,0OO9188,1,NO,update
4416,888392386496,Oakley,SI,379,0OO9188,1,NO,update
4417,888392388124,Oakley,SI,379,0OO9188,0,NO,create
4418,888392457714,Oakley,SI,379,0OO9188,0,NO,create
4419,888392459640,Oakley,SI,379,0OO9188,0,NO,create
4420,888392474872,Oakley,SI,379,0OO9188,0,NO,create
4421,888392498342,Oakley,SI,379,0OO9188,0,NO,create
4422,888392498410,Oakley,SI,379,0OO9188,0,NO,create
4423,888392555243,Oakley,SI,379,0OO9188,0,NO,create
4424,888392576736,Oakley,SI,379,0OO9188,0,NO,create
4425,888392577177,Oakley,SI,379,0OO9188,1,NO,update
4426,888392610966,Oakley,SI,379,0OO9188,1,NO,update
4427,888392642608,Oakley,SI,379,0OO9188,0,NO,create
4428,888392664365,Oakley,SI,379,0OO9188,0,NO,create
4429,888392664372,Oakley,SI,379,0OO9188,0,NO,create
4430,888392684349,Oakley,SI,379,0OO9188,0,NO,create
4431,888392684356,Oakley,SI,379,0OO9188,0,NO,create
4432,888392698124,Oakley,SI,379,0OO9188,0,NO,create
4433,888392701114,Oakley,SI,379,0OO9188,0,NO,create
4434,888392141088,Oakley,SI,379,0OO9189,0,NO,create
4435,888392279651,Oakley,SI,379,0OO9189,0,NO,create
4436,888392350473,Oakley,SI,379,0OO9189,1,NO,update
4437,888392499240,Oakley,SI,379,0OO9189,1,NO,update
4438,700285739908,Oakley,SI,379,0OO9191,0,NO,create
4439,888392006851,Oakley,SI,379,0OO9191,0,NO,create
4440,888392623171,Oakley,SI,379,0OO9191,0,NO,create
4441,700285887470,Oakley,SI,379,0OO9200,0,NO,create
4442,700285887487,Oakley,SI,379,0OO9200,0,NO,create
4443,888392102485,Oakley,SI,379,0OO9208,0,NO,create
4444,888392143570,Oakley,SI,379,0OO9208,1,NO,update
4445,888392220899,Oakley,SI,379,0OO9208,0,NO,create
4446,888392243683,Oakley,SI,379,0OO9208,1,NO,update
4447,888392243812,Oakley,SI,379,0OO9208,0,NO,create
4448,888392262172,Oakley,SI,379,0OO9208,1,NO,update
4449,888392280015,Oakley,SI,379,0OO9208,0,NO,create
4450,888392280022,Oakley,SI,379,0OO9208,0,NO,create
4451,888392326515,Oakley,SI,379,0OO9208,1,NO,update
4452,888392326539,Oakley,SI,379,0OO9208,1,NO,update
4453,888392356031,Oakley,SI,379,0OO9208,0,NO,create
4454,888392356048,Oakley,SI,379,0OO9208,1,NO,update
4455,888392356055,Oakley,SI,379,0OO9208,1,NO,update
4456,888392388186,Oakley,SI,379,0OO9208,0,NO,create
4457,888392434951,Oakley,SI,379,0OO9208,0,NO,create
4458,888392441164,Oakley,SI,379,0OO9208,0,NO,create
4459,888392459633,Oakley,SI,379,0OO9208,0,NO,create
4460,888392459794,Oakley,SI,379,0OO9208,0,NO,create
4461,888392473578,Oakley,SI,379,0OO9208,1,NO,update
4462,888392555250,Oakley,SI,379,0OO9208,0,NO,create
4463,888392562708,Oakley,SI,379,0OO9208,0,NO,create
4464,888392568762,Oakley,SI,379,0OO9208,0,NO,create
4465,888392576965,Oakley,SI,379,0OO9208,0,NO,create
4466,888392577184,Oakley,SI,379,0OO9208,0,NO,create
4467,888392609335,Oakley,SI,379,0OO9208,0,NO,create
4468,888392609397,Oakley,SI,379,0OO9208,1,NO,update
4469,888392642615,Oakley,SI,379,0OO9208,1,NO,update
4470,888392643162,Oakley,SI,379,0OO9208,0,NO,create
4471,888392663610,Oakley,SI,379,0OO9208,0,NO,create
4472,888392701121,Oakley,SI,379,0OO9208,0,NO,create
4473,888392703767,Oakley,SI,379,0OO9208,0,NO,create
4474,888392703781,Oakley,SI,379,0OO9208,0,NO,create
4475,888392703774,Oakley,SI,379,0OO9208,0,NO,create
4476,888392708342,Oakley,SI,379,0OO9208,0,NO,create
4477,888392105271,Oakley,SI,379,0OO9211,0,NO,create
4478,888392356659,Oakley,SI,379,0OO9211,0,NO,create
4479,700285279800,Oakley,SI,379,0OO9213,0,NO,create
4480,888392181077,Oakley,SI,379,0OO9213,0,NO,create
4481,888392181084,Oakley,SI,379,0OO9213,0,NO,create
4482,888392591043,Oakley,SI,379,0OO9227,0,NO,create
4483,888392591050,Oakley,SI,379,0OO9227,0,NO,create
4484,888392591067,Oakley,SI,379,0OO9227,0,NO,create
4485,888392229335,Oakley,SI,379,0OO9228,0,NO,create
4486,888392593412,Oakley,SI,379,0OO9229,1,NO,update
4487,888392593436,Oakley,SI,379,0OO9229,1,NO,update
4488,888392596581,Oakley,SI,379,0OO9229,1,NO,update
4489,888392636393,Oakley,SI,379,0OO9229,0,NO,create
4490,888392588869,Oakley,SI,379,0OO9230,0,NO,create
4491,888392601544,Oakley,SI,379,0OO9231,0,NO,create
4492,888392601551,Oakley,SI,379,0OO9231,1,NO,update
4493,888392601582,Oakley,SI,379,0OO9231,1,NO,update
4494,888392601599,Oakley,SI,379,0OO9231,0,NO,create
4495,888392601605,Oakley,SI,379,0OO9231,1,NO,update
4496,888392617286,Oakley,SI,379,0OO9231,0,NO,create
4497,888392641151,Oakley,SI,379,0OO9231,0,NO,create
4498,888392664211,Oakley,SI,379,0OO9231,0,NO,create
4499,888392601629,Oakley,SI,379,0OO9235,1,NO,update
4500,888392601643,Oakley,SI,379,0OO9235,0,NO,create
4501,888392601667,Oakley,SI,379,0OO9235,1,NO,update
4502,888392601742,Oakley,SI,379,0OO9237,1,NO,update
4503,888392601759,Oakley,SI,379,0OO9237,1,NO,update
4504,888392618849,Oakley,SI,379,0OO9237,0,NO,create
4505,888392677860,Oakley,SI,379,0OO9237,0,NO,create
4506,888392686275,Oakley,SI,379,0OO9237,0,NO,create
4507,700285787084,Oakley,SI,379,0OO9238,1,NO,update
4508,700285787091,Oakley,SI,379,0OO9238,0,NO,create
4509,700285787107,Oakley,SI,379,0OO9238,1,NO,update
4510,700285787473,Oakley,SI,379,0OO9238,0,NO,create
4511,888392601841,Oakley,SI,379,0OO9242,1,NO,update
4512,888392601858,Oakley,SI,379,0OO9242,1,NO,update
4513,888392601865,Oakley,SI,379,0OO9242,1,NO,update
4514,888392601872,Oakley,SI,379,0OO9242,1,NO,update
4515,888392601889,Oakley,SI,379,0OO9242,1,NO,update
4516,888392601896,Oakley,SI,379,0OO9242,1,NO,update
4517,888392605245,Oakley,SI,379,0OO9242,1,NO,update
4518,888392623317,Oakley,SI,379,0OO9242,1,NO,update
4519,888392663870,Oakley,SI,379,0OO9242,1,NO,update
4520,888392675415,Oakley,SI,379,0OO9242,0,NO,create
4521,888392685704,Oakley,SI,379,0OO9242,1,NO,update
4522,888392687791,Oakley,SI,379,0OO9242,1,NO,update
4523,888392697141,Oakley,SI,379,0OO9242,0,NO,create
4524,888392697158,Oakley,SI,379,0OO9242,0,NO,create
4525,888392698865,Oakley,SI,379,0OO9242,0,NO,create
4526,888392708335,Oakley,SI,379,0OO9242,0,NO,create
4527,888392602718,Oakley,SI,379,0OO9248,0,NO,create
4528,888392602756,Oakley,SI,379,0OO9248,0,NO,create
4529,888392602770,Oakley,SI,379,0OO9248,0,NO,create
4530,888392610683,Oakley,SI,379,0OO9248,0,NO,create
4531,888392597229,Oakley,SI,379,0OO9249,0,NO,create
4532,888392597243,Oakley,SI,379,0OO9249,0,NO,create
4533,888392602909,Oakley,SI,379,0OO9250,0,NO,create
4534,888392602923,Oakley,SI,379,0OO9250,0,NO,create
4535,888392602954,Oakley,SI,379,0OO9250,0,NO,create
4536,888392180513,Oakley,SI,379,0OO9253,0,NO,create
4537,888392180520,Oakley,SI,379,0OO9253,0,NO,create
4538,888392392183,Oakley,SI,379,0OO9253,0,NO,create
4539,888392280046,Oakley,SI,379,0OO9263,1,NO,update
4540,888392280053,Oakley,SI,379,0OO9263,0,NO,create
4541,888392294180,Oakley,SI,379,0OO9263,1,NO,update
4542,888392408044,Oakley,SI,379,0OO9263,1,NO,update
4543,888392408051,Oakley,SI,379,0OO9263,1,NO,update
4544,888392486615,Oakley,SI,379,0OO9263,1,NO,update
4545,888392555205,Oakley,SI,379,0OO9263,1,NO,update
4546,888392428332,Oakley,SI,379,0OO9264,0,NO,create
4547,888392428349,Oakley,SI,379,0OO9264,1,NO,update
4548,888392428370,Oakley,SI,379,0OO9264,1,NO,update
4549,888392279668,Oakley,SI,379,0OO9265,1,NO,update
4550,888392296917,Oakley,SI,379,0OO9265,1,NO,update
4551,888392320551,Oakley,SI,379,0OO9265,1,NO,update
4552,888392471635,Oakley,SI,379,0OO9265,0,NO,create
4553,888392585820,Oakley,SI,379,0OO9265,0,NO,create
4554,888392594150,Oakley,SI,379,0OO9265,0,NO,create
4555,888392614797,Oakley,SI,379,0OO9265,0,NO,create
4556,888392618818,Oakley,SI,379,0OO9265,1,NO,update
4557,888392641144,Oakley,SI,379,0OO9265,0,NO,create
4558,888392664228,Oakley,SI,379,0OO9265,0,NO,create
4559,888392687777,Oakley,SI,379,0OO9265,1,NO,update
4560,888392708588,Oakley,SI,379,0OO9265,0,NO,create
4561,888392601827,Oakley,SI,379,0OO9279,1,NO,update
4562,888392601834,Oakley,SI,379,0OO9279,1,NO,update
4563,888392647689,Oakley,SI,379,0OO9279,0,NO,create
4564,888392601766,Oakley,SI,379,0OO9280,1,NO,update
4565,888392601780,Oakley,SI,379,0OO9280,1,NO,update
4566,888392601797,Oakley,SI,379,0OO9280,0,NO,create
4567,888392601803,Oakley,SI,379,0OO9280,1,NO,update
4568,888392601810,Oakley,SI,379,0OO9280,1,NO,update
4569,888392636935,Oakley,SI,379,0OO9280,0,NO,create
4570,888392666246,Oakley,SI,379,0OO9280,1,NO,update
4571,888392677068,Oakley,SI,379,0OO9280,1,NO,update
4572,888392677617,Oakley,SI,379,0OO9280,0,NO,create
4573,888392697837,Oakley,SI,379,0OO9280,0,NO,create
4574,888392697844,Oakley,SI,379,0OO9280,0,NO,create
4575,888392697820,Oakley,SI,379,0OO9280,0,NO,create
4576,888392701138,Oakley,SI,379,0OO9280,0,NO,create
4577,888392609977,Oakley,SI,379,0OO9284,1,NO,update
4578,888392609991,Oakley,SI,379,0OO9284,0,NO,create
4579,888392611697,Oakley,SI,379,0OO9284,0,NO,create
4580,888392611703,Oakley,SI,379,0OO9284,0,NO,create
4581,888392611710,Oakley,SI,379,0OO9284,1,NO,update
4582,888392623126,Oakley,SI,379,0OO9284,0,NO,create
4583,888392623133,Oakley,SI,379,0OO9284,0,NO,create
4584,888392623140,Oakley,SI,379,0OO9284,0,NO,create
4585,888392646859,Oakley,SI,379,0OO9284,0,NO,create
4586,888392663368,Oakley,SI,379,0OO9284,0,NO,create
4587,888392663436,Oakley,SI,379,0OO9284,0,NO,create
4588,888392664426,Oakley,SI,379,0OO9284,1,NO,update
4589,888392664433,Oakley,SI,379,0OO9284,0,NO,create
4590,888392678119,Oakley,SI,379,0OO9284,0,NO,create
4591,888392686961,Oakley,SI,379,0OO9284,0,NO,create
4592,888392610973,Oakley,SI,379,0OO9285,0,NO,create
4593,888392610980,Oakley,SI,379,0OO9285,0,NO,create
4594,888392610997,Oakley,SI,379,0OO9285,0,NO,create
4595,888392615145,Oakley,SI,379,0OO9285,0,NO,create
4596,888392636409,Oakley,SI,379,0OO9285,0,NO,create
4597,888392643018,Oakley,SI,379,0OO9285,0,NO,create
4598,888392643001,Oakley,SI,379,0OO9285,0,NO,create
4599,888392643025,Oakley,SI,379,0OO9285,0,NO,create
4600,888392642998,Oakley,SI,379,0OO9285,0,NO,create
4601,888392608819,Oakley,SI,379,0OO9286,1,NO,update
4602,888392608826,Oakley,SI,379,0OO9286,0,NO,create
4603,888392608833,Oakley,SI,379,0OO9286,0,NO,create
4604,888392608840,Oakley,SI,379,0OO9286,0,NO,create
4605,888392608857,Oakley,SI,379,0OO9286,0,NO,create
4606,888392608871,Oakley,SI,379,0OO9286,0,NO,create
4607,888392685384,Oakley,SI,379,0OO9286,0,NO,create
4608,888392612014,Oakley,SI,379,0OO9288,0,NO,create
4609,888392612021,Oakley,SI,379,0OO9288,0,NO,create
4610,888392612038,Oakley,SI,379,0OO9288,0,NO,create
4611,888392612045,Oakley,SI,379,0OO9288,0,NO,create
4612,888392612052,Oakley,SI,379,0OO9288,0,NO,create
4613,888392612069,Oakley,SI,379,0OO9288,0,NO,create
4614,888392613547,Oakley,SI,379,0OO9288,0,NO,create
4615,888392638878,Oakley,SI,379,0OO9288,0,NO,create
4616,888392610263,Oakley,SI,379,0OO9289,1,NO,update
4617,888392610270,Oakley,SI,379,0OO9289,1,NO,update
4618,888392610287,Oakley,SI,379,0OO9289,1,NO,update
4619,888392642127,Oakley,SI,379,0OO9289,1,NO,update
4620,888392666239,Oakley,SI,379,0OO9289,1,NO,update
4621,888392677655,Oakley,SI,379,0OO9289,1,NO,update
4622,888392090430,Oakley,SI,379,0OO9290,0,NO,create
4623,888392143587,Oakley,SI,379,0OO9290,0,NO,create
4624,888392243645,Oakley,SI,379,0OO9290,1,NO,update
4625,888392243805,Oakley,SI,379,0OO9290,0,NO,create
4626,888392435019,Oakley,SI,379,0OO9290,0,NO,create
4627,888392191090,Oakley,SI,379,0OO9307,0,NO,create
4628,888392294111,Oakley,SI,379,0OO9307,1,NO,update
4629,888392486639,Oakley,SI,379,0OO9307,0,NO,create
4630,888392545619,Oakley,SI,379,0OO9307,0,NO,create
4631,888392640260,Oakley,SI,379,0OO9307,0,NO,create
4632,888392642196,Oakley,SI,379,0OO9307,0,NO,create
4633,888392182920,Oakley,SI,379,0OO9328,1,NO,update
4634,888392182937,Oakley,SI,379,0OO9328,1,NO,update
4635,888392172105,Oakley,SI,379,0OO9343,0,NO,create
4636,888392172143,Oakley,SI,379,0OO9343,0,NO,create
4637,888392172174,Oakley,SI,379,0OO9343,0,NO,create
4638,888392546593,Oakley,SI,379,0OO9343,0,NO,create
4639,888392546616,Oakley,SI,379,0OO9343,0,NO,create
4640,888392276360,Oakley,SI,379,0OO9367,0,NO,create
4641,888392276414,Oakley,SI,379,0OO9367,1,NO,update
4642,888392326843,Oakley,SI,379,0OO9374,1,NO,update
4643,888392585523,Oakley,SI,379,0OO9374,0,NO,create
4644,888392585530,Oakley,SI,379,0OO9374,0,NO,create
4645,888392606181,Oakley,SI,379,0OO9374,0,NO,create
4646,888392276445,Oakley,SI,379,0OO9380,0,NO,create
4647,888392294845,Oakley,SI,379,0OO9384,1,NO,update
4648,888392294869,Oakley,SI,379,0OO9384,0,NO,create
4649,888392297686,Oakley,SI,379,0OO9384,0,NO,create
4650,888392620279,Oakley,SI,379,0OO9400,1,NO,update
4651,888392620286,Oakley,SI,379,0OO9400,0,NO,create
4652,888392620293,Oakley,SI,379,0OO9400,0,NO,create
4653,888392620309,Oakley,SI,379,0OO9400,0,NO,create
4654,888392620316,Oakley,SI,379,0OO9400,0,NO,create
4655,888392620323,Oakley,SI,379,0OO9400,0,NO,create
4656,888392620330,Oakley,SI,379,0OO9400,0,NO,create
4657,888392620347,Oakley,SI,379,0OO9400,1,NO,update
4658,888392620354,Oakley,SI,379,0OO9400,1,NO,update
4659,888392620361,Oakley,SI,379,0OO9400,0,NO,create
4660,888392620378,Oakley,SI,379,0OO9400,0,NO,create
4661,888392620385,Oakley,SI,379,0OO9400,0,NO,create
4662,888392638328,Oakley,SI,379,0OO9400,0,NO,create
4663,888392664358,Oakley,SI,379,0OO9400,0,NO,create
4664,888392669056,Oakley,SI,379,0OO9400,0,NO,create
4665,888392675569,Oakley,SI,379,0OO9400,0,NO,create
4666,888392675552,Oakley,SI,379,0OO9400,0,NO,create
4667,888392684158,Oakley,SI,379,0OO9400,0,NO,create
4668,888392686954,Oakley,SI,379,0OO9400,0,NO,create
4669,888392688996,Oakley,SI,379,0OO9400,0,NO,create
4670,888392619167,Oakley,SI,379,0OO9403,0,NO,create
4671,888392619174,Oakley,SI,379,0OO9403,1,NO,update
4672,888392619181,Oakley,SI,379,0OO9403,1,NO,update
4673,888392619198,Oakley,SI,379,0OO9403,1,NO,update
4674,888392619204,Oakley,SI,379,0OO9403,0,NO,create
4675,888392619211,Oakley,SI,379,0OO9403,0,NO,create
4676,888392619228,Oakley,SI,379,0OO9403,1,NO,update
4677,888392619235,Oakley,SI,379,0OO9403,1,NO,update
4678,888392619242,Oakley,SI,379,0OO9403,0,NO,create
4679,888392620170,Oakley,SI,379,0OO9403,0,NO,create
4680,888392621412,Oakley,SI,379,0OO9403,0,NO,create
4681,888392663283,Oakley,SI,379,0OO9403,0,NO,create
4682,888392664273,Oakley,SI,379,0OO9403,1,NO,update
4683,888392664747,Oakley,SI,379,0OO9403,0,NO,create
4684,888392665430,Oakley,SI,379,0OO9403,0,NO,create
4685,888392687241,Oakley,SI,379,0OO9403,1,NO,update
4686,888392619587,Oakley,SI,379,0OO9404,1,NO,update
4687,888392619594,Oakley,SI,379,0OO9404,0,NO,create
4688,888392619600,Oakley,SI,379,0OO9404,0,NO,create
4689,888392619624,Oakley,SI,379,0OO9404,0,NO,create
4690,888392621696,Oakley,SI,379,0OO9404,0,NO,create
4691,888392623249,Oakley,SI,379,0OO9404,0,NO,create
4692,888392642912,Oakley,SI,379,0OO9404,0,NO,create
4693,888392643155,Oakley,SI,379,0OO9404,0,NO,create
4694,888392646682,Oakley,SI,379,0OO9404,0,NO,create
4695,888392649942,Oakley,SI,379,0OO9404,0,NO,create
4696,888392663863,Oakley,SI,379,0OO9404,0,NO,create
4697,888392677624,Oakley,SI,379,0OO9404,0,NO,create
4698,888392677877,Oakley,SI,379,0OO9404,0,NO,create
4699,888392675170,Oakley,SI,379,0OO9405,0,NO,create
4700,888392404756,Oakley,SI,379,0OO9406,1,NO,update
4701,888392404770,Oakley,SI,379,0OO9406,1,NO,update
4702,888392404794,Oakley,SI,379,0OO9406,1,NO,update
4703,888392404800,Oakley,SI,379,0OO9406,1,NO,update
4704,888392404817,Oakley,SI,379,0OO9406,0,NO,create
4705,888392404824,Oakley,SI,379,0OO9406,1,NO,update
4706,888392434968,Oakley,SI,379,0OO9406,0,NO,create
4707,888392471710,Oakley,SI,379,0OO9406,0,NO,create
4708,888392499776,Oakley,SI,379,0OO9406,0,NO,create
4709,888392499783,Oakley,SI,379,0OO9406,1,NO,update
4710,888392499790,Oakley,SI,379,0OO9406,0,NO,create
4711,888392562715,Oakley,SI,379,0OO9406,1,NO,update
4712,888392562722,Oakley,SI,379,0OO9406,1,NO,update
4713,888392568830,Oakley,SI,379,0OO9406,0,NO,create
4714,888392568847,Oakley,SI,379,0OO9406,0,NO,create
4715,888392568854,Oakley,SI,379,0OO9406,0,NO,create
4716,888392590824,Oakley,SI,379,0OO9406,1,NO,update
4717,888392601926,Oakley,SI,379,0OO9406,0,NO,create
4718,888392606136,Oakley,SI,379,0OO9406,0,NO,create
4719,888392607638,Oakley,SI,379,0OO9406,1,NO,update
4720,888392614117,Oakley,SI,379,0OO9406,0,NO,create
4721,888392618313,Oakley,SI,379,0OO9406,0,NO,create
4722,888392618832,Oakley,SI,379,0OO9406,0,NO,create
4723,888392623003,Oakley,SI,379,0OO9406,0,NO,create
4724,888392635501,Oakley,SI,379,0OO9406,1,NO,update
4725,888392641335,Oakley,SI,379,0OO9406,0,NO,create
4726,888392642592,Oakley,SI,379,0OO9406,0,NO,create
4727,888392646842,Oakley,SI,379,0OO9406,0,NO,create
4728,888392663580,Oakley,SI,379,0OO9406,0,NO,create
4729,888392663849,Oakley,SI,379,0OO9406,0,NO,create
4730,888392677778,Oakley,SI,379,0OO9406,0,NO,create
4731,888392687319,Oakley,SI,379,0OO9406,1,NO,update
4732,888392687814,Oakley,SI,379,0OO9406,0,NO,create
4733,888392641250,Oakley,SI,379,0OO9415,0,NO,create
4734,888392641274,Oakley,SI,379,0OO9415,1,NO,update
4735,888392641243,Oakley,SI,379,0OO9415,1,NO,update
4736,888392641298,Oakley,SI,379,0OO9415,0,NO,create
4737,888392641267,Oakley,SI,379,0OO9415,1,NO,update
4738,888392641281,Oakley,SI,379,0OO9415,0,NO,create
4739,888392641236,Oakley,SI,379,0OO9415,0,NO,create
4740,888392664396,Oakley,SI,379,0OO9415,0,NO,create
4741,888392664402,Oakley,SI,379,0OO9415,0,NO,create
4742,888392671905,Oakley,SI,379,0OO9415,0,NO,create
4743,888392686930,Oakley,SI,379,0OO9415,0,NO,create
4744,888392374660,Oakley,SI,379,0OO9416,0,NO,create
4745,888392374707,Oakley,SI,379,0OO9416,1,NO,update
4746,888392458841,Oakley,SI,379,0OO9416,0,NO,create
4747,888392498359,Oakley,SI,379,0OO9416,0,NO,create
4748,888392590992,Oakley,SI,379,0OO9416,0,NO,create
4749,888392698568,Oakley,SI,379,0OO9416,0,NO,create
4750,888392336460,Oakley,SI,379,0OO9417,0,NO,create
4751,888392336477,Oakley,SI,379,0OO9417,1,NO,update
4752,888392336484,Oakley,SI,379,0OO9417,0,NO,create
4753,888392336491,Oakley,SI,379,0OO9417,1,NO,update
4754,888392336507,Oakley,SI,379,0OO9417,0,NO,create
4755,888392336514,Oakley,SI,379,0OO9417,1,NO,update
4756,888392336521,Oakley,SI,379,0OO9417,0,NO,create
4757,888392357052,Oakley,SI,379,0OO9417,0,NO,create
4758,888392406866,Oakley,SI,379,0OO9417,0,NO,create
4759,888392406880,Oakley,SI,379,0OO9417,0,NO,create
4760,888392458926,Oakley,SI,379,0OO9417,0,NO,create
4761,888392471611,Oakley,SI,379,0OO9417,0,NO,create
4762,888392473707,Oakley,SI,379,0OO9417,1,NO,update
4763,888392486585,Oakley,SI,379,0OO9417,0,NO,create
4764,888392503039,Oakley,SI,379,0OO9417,0,NO,create
4765,888392545602,Oakley,SI,379,0OO9417,0,NO,create
4766,888392575272,Oakley,SI,379,0OO9417,0,NO,create
4767,888392575289,Oakley,SI,379,0OO9417,0,NO,create
4768,7895653241381,Oakley,SI,379,0OO9417,0,NO,create
4769,7895653242777,Oakley,SI,379,0OO9417,0,NO,create
4770,7895653252868,Oakley,SI,379,0OO9417,0,NO,create
4771,7895653273702,Oakley,SI,379,0OO9417,0,NO,create
4772,7895653295049,Oakley,SI,379,0OO9417,0,NO,create
4773,7895653326620,Oakley,SI,379,0OO9417,0,NO,create
4774,7895653327061,Oakley,SI,379,0OO9417,0,NO,create
4775,7895653341326,Oakley,SI,379,0OO9417,0,NO,create
4776,7895653356313,Oakley,SI,379,0OO9417,0,NO,create
4777,7895653356306,Oakley,SI,379,0OO9417,0,NO,create
4778,888392404626,Oakley,SI,379,0OO9420,0,NO,create
4779,888392640239,Oakley,SI,379,0OO9430,0,NO,create
4780,888392640246,Oakley,SI,379,0OO9430,0,NO,create
4781,888392640253,Oakley,SI,379,0OO9430,0,NO,create
4782,888392640222,Oakley,SI,379,0OO9430,0,NO,create
4783,888392641199,Oakley,SI,379,0OO9430,0,NO,create
4784,888392641212,Oakley,SI,379,0OO9430,0,NO,create
4785,888392641205,Oakley,SI,379,0OO9430,0,NO,create
4786,888392663320,Oakley,SI,379,0OO9430,0,NO,create
4787,888392664198,Oakley,SI,379,0OO9430,0,NO,create
4788,888392641489,Oakley,SI,379,0OO9431,1,NO,update
4789,888392641496,Oakley,SI,379,0OO9431,0,NO,create
4790,888392641526,Oakley,SI,379,0OO9431,1,NO,update
4791,888392641533,Oakley,SI,379,0OO9431,1,NO,update
4792,888392641502,Oakley,SI,379,0OO9431,1,NO,update
4793,888392641519,Oakley,SI,379,0OO9431,1,NO,update
4794,888392641564,Oakley,SI,379,0OO9431,1,NO,update
4795,888392663887,Oakley,SI,379,0OO9431,1,NO,update
4796,888392671837,Oakley,SI,379,0OO9431,0,NO,create
4797,888392675026,Oakley,SI,379,0OO9431,0,NO,create
4798,888392676610,Oakley,SI,379,0OO9431,0,NO,create
4799,888392685315,Oakley,SI,379,0OO9431,0,NO,create
4800,888392685711,Oakley,SI,379,0OO9431,0,NO,create
4801,888392376978,Oakley,SI,379,0OO9436,1,NO,update
4802,888392376992,Oakley,SI,379,0OO9436,1,NO,update
4803,888392377012,Oakley,SI,379,0OO9436,1,NO,update
4804,888392377029,Oakley,SI,379,0OO9436,1,NO,update
4805,888392641366,Oakley,SI,379,0OO9437,1,NO,update
4806,888392641373,Oakley,SI,379,0OO9437,1,NO,update
4807,888392641380,Oakley,SI,379,0OO9437,1,NO,update
4808,888392641397,Oakley,SI,379,0OO9437,1,NO,update
4809,888392666352,Oakley,SI,379,0OO9437,1,NO,update
4810,888392666369,Oakley,SI,379,0OO9437,1,NO,update
4811,888392675040,Oakley,SI,379,0OO9437,1,NO,update
4812,888392687203,Oakley,SI,379,0OO9437,1,NO,update
4813,888392706089,Oakley,SI,379,0OO9437,0,NO,create
4814,888392408365,Oakley,SI,379,0OO9438,1,NO,update
4815,888392408402,Oakley,SI,379,0OO9438,1,NO,update
4816,888392666116,Oakley,SI,379,0OO9438,1,NO,update
4817,888392666123,Oakley,SI,379,0OO9438,1,NO,update
4818,888392666130,Oakley,SI,379,0OO9438,1,NO,update
4819,888392666147,Oakley,SI,379,0OO9438,1,NO,update
4820,888392675163,Oakley,SI,379,0OO9438,0,NO,create
4821,888392686855,Oakley,SI,379,0OO9438,0,NO,create
4822,888392695901,Oakley,SI,379,0OO9438,0,NO,create
4823,888392695918,Oakley,SI,379,0OO9438,0,NO,create
4824,888392695925,Oakley,SI,379,0OO9438,0,NO,create
4825,888392699640,Oakley,SI,379,0OO9438,0,NO,create
4826,888392701213,Oakley,SI,379,0OO9438,0,NO,create
4827,888392701220,Oakley,SI,379,0OO9438,0,NO,create
4828,888392708595,Oakley,SI,379,0OO9438,0,NO,create
4829,888392708601,Oakley,SI,379,0OO9438,0,NO,create
4830,888392402349,Oakley,SI,379,0OO9439,0,NO,create
4831,888392402356,Oakley,SI,379,0OO9439,0,NO,create
4832,888392402370,Oakley,SI,379,0OO9439,0,NO,create
4833,888392473448,Oakley,SI,379,0OO9439,0,NO,create
4834,888392606921,Oakley,SI,379,0OO9439,0,NO,create
4835,888392459893,Oakley,SI,379,0OO9440,1,NO,update
4836,888392459909,Oakley,SI,379,0OO9440,1,NO,update
4837,888392459930,Oakley,SI,379,0OO9440,1,NO,update
4838,888392499837,Oakley,SI,379,0OO9440,1,NO,update
4839,888392619730,Oakley,SI,379,0OO9440,0,NO,create
4840,888392675422,Oakley,SI,379,0OO9440,0,NO,create
4841,888392454904,Oakley,SI,379,0OO9448,1,NO,update
4842,888392454911,Oakley,SI,379,0OO9448,0,NO,create
4843,888392454928,Oakley,SI,379,0OO9448,1,NO,update
4844,888392454935,Oakley,SI,379,0OO9448,1,NO,update
4845,7895653240292,Oakley,SI,379,0OO9448,1,NO,update
4846,7895653240308,Oakley,SI,379,0OO9448,0,NO,create
4847,888392454959,Oakley,SI,379,0OO9448,1,NO,update
4848,7895653240315,Oakley,SI,379,0OO9448,1,NO,update
4849,888392498441,Oakley,SI,379,0OO9448,1,NO,update
4850,7895653240339,Oakley,SI,379,0OO9448,0,NO,create
4851,888392546388,Oakley,SI,379,0OO9448,1,NO,update
4852,888392568717,Oakley,SI,379,0OO9448,0,NO,create
4853,888392568724,Oakley,SI,379,0OO9448,0,NO,create
4854,7895653240346,Oakley,SI,379,0OO9448,0,NO,create
4855,888392575265,Oakley,SI,379,0OO9448,0,NO,create
4856,7895653243217,Oakley,SI,379,0OO9448,1,NO,update
4857,7895653268814,Oakley,SI,379,0OO9448,1,NO,update
4858,7895653347021,Oakley,SI,379,0OO9448,0,NO,create
4859,7895653361805,Oakley,SI,379,0OO9448,0,NO,create
4860,888392454966,Oakley,SI,379,0OO9449,0,NO,create
4861,888392454980,Oakley,SI,379,0OO9449,0,NO,create
4862,888392454997,Oakley,SI,379,0OO9449,1,NO,update
4863,888392455000,Oakley,SI,379,0OO9449,0,NO,create
4864,888392455017,Oakley,SI,379,0OO9449,1,NO,update
4865,888392498472,Oakley,SI,379,0OO9449,1,NO,update
4866,888392547590,Oakley,SI,379,0OO9449,0,NO,create
4867,888392547606,Oakley,SI,379,0OO9449,0,NO,create
4868,888392590237,Oakley,SI,379,0OO9449,0,NO,create
4869,7895653255418,Oakley,SI,379,0OO9449,0,NO,create
4870,7895653356955,Oakley,SI,379,0OO9449,0,NO,create
4871,888392454799,Oakley,SI,379,0OO9454,0,NO,create
4872,888392454805,Oakley,SI,379,0OO9454,1,NO,update
4873,888392454812,Oakley,SI,379,0OO9454,1,NO,update
4874,888392486646,Oakley,SI,379,0OO9454,1,NO,update
4875,888392489272,Oakley,SI,379,0OO9462,0,NO,create
4876,888392489289,Oakley,SI,379,0OO9462,0,NO,create
4877,888392489296,Oakley,SI,379,0OO9462,0,NO,create
4878,888392489302,Oakley,SI,379,0OO9462,1,NO,update
4879,888392489319,Oakley,SI,379,0OO9462,1,NO,update
4880,888392489326,Oakley,SI,379,0OO9462,0,NO,create
4881,888392562104,Oakley,SI,379,0OO9462,0,NO,create
4882,888392562111,Oakley,SI,379,0OO9462,0,NO,create
4883,888392577320,Oakley,SI,379,0OO9462,0,NO,create
4884,888392622983,Oakley,SI,379,0OO9462,0,NO,create
4885,888392698117,Oakley,SI,379,0OO9462,0,NO,create
4886,888392489333,Oakley,SI,379,0OO9463,1,NO,update
4887,888392489340,Oakley,SI,379,0OO9463,0,NO,create
4888,888392489357,Oakley,SI,379,0OO9463,1,NO,update
4889,888392489364,Oakley,SI,379,0OO9463,0,NO,create
4890,888392489371,Oakley,SI,379,0OO9463,1,NO,update
4891,888392489388,Oakley,SI,379,0OO9463,1,NO,update
4892,888392562166,Oakley,SI,379,0OO9463,0,NO,create
4893,888392562180,Oakley,SI,379,0OO9463,0,NO,create
4894,888392563620,Oakley,SI,379,0OO9463,0,NO,create
4895,888392568793,Oakley,SI,379,0OO9463,0,NO,create
4896,888392568809,Oakley,SI,379,0OO9463,1,NO,update
4897,888392588746,Oakley,SI,379,0OO9463,0,NO,create
4898,888392590886,Oakley,SI,379,0OO9463,1,NO,update
4899,888392590893,Oakley,SI,379,0OO9463,1,NO,update
4900,888392597595,Oakley,SI,379,0OO9463,0,NO,create
4901,888392601209,Oakley,SI,379,0OO9463,1,NO,update
4902,888392601919,Oakley,SI,379,0OO9463,0,NO,create
4903,888392609458,Oakley,SI,379,0OO9463,1,NO,update
4904,888392635495,Oakley,SI,379,0OO9463,1,NO,update
4905,888392640406,Oakley,SI,379,0OO9463,0,NO,create
4906,888392642820,Oakley,SI,379,0OO9463,0,NO,create
4907,888392662057,Oakley,SI,379,0OO9463,0,NO,create
4908,888392662040,Oakley,SI,379,0OO9463,0,NO,create
4909,888392669049,Oakley,SI,379,0OO9463,0,NO,create
4910,888392677853,Oakley,SI,379,0OO9463,0,NO,create
4911,888392684400,Oakley,SI,379,0OO9463,0,NO,create
4912,888392684431,Oakley,SI,379,0OO9463,0,NO,create
4913,888392684417,Oakley,SI,379,0OO9463,0,NO,create
4914,888392684424,Oakley,SI,379,0OO9463,0,NO,create
4915,888392687463,Oakley,SI,379,0OO9463,0,NO,create
4916,888392687821,Oakley,SI,379,0OO9463,0,NO,create
4917,888392695000,Oakley,SI,379,0OO9463,0,NO,create
4918,888392694997,Oakley,SI,379,0OO9463,0,NO,create
4919,888392701145,Oakley,SI,379,0OO9463,0,NO,create
4920,888392703682,Oakley,SI,379,0OO9463,0,NO,create
4921,888392703699,Oakley,SI,379,0OO9463,0,NO,create
4922,888392703705,Oakley,SI,379,0OO9463,0,NO,create
4923,888392708359,Oakley,SI,379,0OO9463,0,NO,create
4924,888392590633,Oakley,SI,379,0OO9464,0,NO,create
4925,888392530530,Oakley,SI,379,0OO9465,1,NO,update
4926,888392530554,Oakley,SI,379,0OO9465,1,NO,update
4927,888392530561,Oakley,SI,379,0OO9465,1,NO,update
4928,888392530578,Oakley,SI,379,0OO9465,1,NO,update
4929,888392603975,Oakley,SI,379,0OO9465,0,NO,create
4930,888392603982,Oakley,SI,379,0OO9465,1,NO,update
4931,888392608895,Oakley,SI,379,0OO9465,0,NO,create
4932,888392608901,Oakley,SI,379,0OO9465,0,NO,create
4933,888392666215,Oakley,SI,379,0OO9465,1,NO,update
4934,888392676986,Oakley,SI,379,0OO9465,0,NO,create
4935,888392677082,Oakley,SI,379,0OO9465,0,NO,create
4936,888392685698,Oakley,SI,379,0OO9465,0,NO,create
4937,888392686251,Oakley,SI,379,0OO9465,0,NO,create
4938,888392686916,Oakley,SI,379,0OO9465,0,NO,create
4939,888392687227,Oakley,SI,379,0OO9465,0,NO,create
4940,888392690012,Oakley,SI,379,0OO9465,0,NO,create
4941,888392701169,Oakley,SI,379,0OO9465,0,NO,create
4942,888392551771,Oakley,SI,379,0OO9467,0,NO,create
4943,888392551788,Oakley,SI,379,0OO9467,0,NO,create
4944,888392551795,Oakley,SI,379,0OO9467,0,NO,create
4945,888392551801,Oakley,SI,379,0OO9467,0,NO,create
4946,888392551818,Oakley,SI,379,0OO9467,0,NO,create
4947,888392552433,Oakley,SI,379,0OO9467,0,NO,create
4948,888392490575,Oakley,SI,379,0OO9469,0,NO,create
4949,888392490605,Oakley,SI,379,0OO9469,0,NO,create
4950,888392641793,Oakley,SI,379,0OO9470,0,NO,create
4951,888392641847,Oakley,SI,379,0OO9470,0,NO,create
4952,888392641830,Oakley,SI,379,0OO9470,0,NO,create
4953,888392641809,Oakley,SI,379,0OO9470,0,NO,create
4954,888392641786,Oakley,SI,379,0OO9470,0,NO,create
4955,888392641823,Oakley,SI,379,0OO9470,0,NO,create
4956,888392641816,Oakley,SI,379,0OO9470,0,NO,create
4957,888392557575,Oakley,SI,379,0OO9471,1,NO,update
4958,888392557582,Oakley,SI,379,0OO9471,0,NO,create
4959,888392619792,Oakley,SI,379,0OO9471,0,NO,create
4960,888392663627,Oakley,SI,379,0OO9471,0,NO,create
4961,888392555120,Oakley,SI,379,0OO9474,0,NO,create
4962,888392555151,Oakley,SI,379,0OO9474,0,NO,create
4963,888392555168,Oakley,SI,379,0OO9474,0,NO,create
4964,888392576897,Oakley,SI,379,0OO9474,0,NO,create
4965,888392617668,Oakley,SI,379,0OO9474,0,NO,create
4966,888392638861,Oakley,SI,379,0OO9474,0,NO,create
4967,888392555007,Oakley,SI,379,0OO9479,1,NO,update
4968,888392555014,Oakley,SI,379,0OO9479,0,NO,create
4969,888392555021,Oakley,SI,379,0OO9479,0,NO,create
4970,888392555045,Oakley,SI,379,0OO9479,0,NO,create
4971,888392555052,Oakley,SI,379,0OO9479,0,NO,create
4972,888392642677,Oakley,SI,379,0OO9480,0,NO,create
4973,888392642646,Oakley,SI,379,0OO9480,0,NO,create
4974,888392642622,Oakley,SI,379,0OO9480,0,NO,create
4975,888392642660,Oakley,SI,379,0OO9480,0,NO,create
4976,888392642639,Oakley,SI,379,0OO9480,0,NO,create
4977,888392642721,Oakley,SI,379,0OO9480,0,NO,create
4978,888392664464,Oakley,SI,379,0OO9480,0,NO,create
4979,888392664471,Oakley,SI,379,0OO9480,0,NO,create
4980,888392677051,Oakley,SI,379,0OO9480,0,NO,create
4981,888392701176,Oakley,SI,379,0OO9480,0,NO,create
4982,888392642486,Oakley,SI,379,0OO9481D,0,NO,create
4983,888392642509,Oakley,SI,379,0OO9481D,0,NO,create
4984,888392642516,Oakley,SI,379,0OO9481D,0,NO,create
4985,888392642493,Oakley,SI,379,0OO9481D,0,NO,create
4986,888392642462,Oakley,SI,379,0OO9481D,0,NO,create
4987,888392624840,Oakley,SI,379,0OO9482,1,NO,update
4988,888392624857,Oakley,SI,379,0OO9482,1,NO,update
4989,888392624864,Oakley,SI,379,0OO9482,1,NO,update
4990,888392624871,Oakley,SI,379,0OO9482,0,NO,create
4991,888392624888,Oakley,SI,379,0OO9483,0,NO,create
4992,888392624895,Oakley,SI,379,0OO9483,0,NO,create
4993,888392624901,Oakley,SI,379,0OO9483,0,NO,create
4994,888392624918,Oakley,SI,379,0OO9483,0,NO,create
4995,888392648006,Oakley,SI,379,0OO9484D,0,NO,create
4996,888392648013,Oakley,SI,379,0OO9484D,0,NO,create
4997,888392648020,Oakley,SI,379,0OO9484D,0,NO,create
4998,888392648037,Oakley,SI,379,0OO9484D,0,NO,create
4999,888392648044,Oakley,SI,379,0OO9484D,0,NO,create
5000,888392648051,Oakley,SI,379,0OO9484D,0,NO,create
5001,888392649195,Oakley,SI,379,0OO9484D,0,NO,create
5002,888392666376,Oakley,SI,379,0OO9484D,0,NO,create
5003,888392677075,Oakley,SI,379,0OO9484D,0,NO,create
5004,888392686923,Oakley,SI,379,0OO9484D,0,NO,create
5005,888392648471,Oakley,SI,379,0OO9485,0,NO,create
5006,888392648488,Oakley,SI,379,0OO9485,0,NO,create
5007,888392648495,Oakley,SI,379,0OO9485,0,NO,create
5008,888392667151,Oakley,SI,379,0OO9485,0,NO,create
5009,888392676665,Oakley,SI,379,0OO9485,0,NO,create
5010,888392686862,Oakley,SI,379,0OO9485,0,NO,create
5011,888392664525,Oakley,SI,379,0OO9486,0,NO,create
5012,888392664532,Oakley,SI,379,0OO9486,0,NO,create
5013,888392664549,Oakley,SI,379,0OO9486,1,NO,update
5014,888392664556,Oakley,SI,379,0OO9486,0,NO,create
5015,888392664563,Oakley,SI,379,0OO9486,0,NO,create
5016,888392664570,Oakley,SI,379,0OO9486,1,NO,update
5017,888392664587,Oakley,SI,379,0OO9486,1,NO,update
5018,888392666741,Oakley,SI,379,0OO9486,1,NO,update
5019,888392675019,Oakley,SI,379,0OO9486,0,NO,create
5020,888392675439,Oakley,SI,379,0OO9486,0,NO,create
5021,888392684141,Oakley,SI,379,0OO9486,0,NO,create
5022,888392684837,Oakley,SI,379,0OO9486,0,NO,create
5023,888392684820,Oakley,SI,379,0OO9486,0,NO,create
5024,888392701183,Oakley,SI,379,0OO9486,0,NO,create
5025,888392662729,Oakley,SI,379,0OO9487,0,NO,create
5026,888392664594,Oakley,SI,379,0OO9487,0,NO,create
5027,888392664600,Oakley,SI,379,0OO9487,0,NO,create
5028,888392664617,Oakley,SI,379,0OO9487,0,NO,create
5029,888392664624,Oakley,SI,379,0OO9487,0,NO,create
5030,888392664631,Oakley,SI,379,0OO9487,0,NO,create
5031,888392664648,Oakley,SI,379,0OO9487,0,NO,create
5032,888392664655,Oakley,SI,379,0OO9487,0,NO,create
5033,888392665959,Oakley,SI,379,0OO9488,0,NO,create
5034,888392665966,Oakley,SI,379,0OO9488,1,NO,update
5035,888392665973,Oakley,SI,379,0OO9488,0,NO,create
5036,888392665980,Oakley,SI,379,0OO9488,0,NO,create
5037,888392665997,Oakley,SI,379,0OO9488,1,NO,update
5038,888392666000,Oakley,SI,379,0OO9488,1,NO,update
5039,888392666017,Oakley,SI,379,0OO9488,1,NO,update
5040,888392666024,Oakley,SI,379,0OO9488,0,NO,create
5041,888392682499,Oakley,SI,379,0OO9488,0,NO,create
5042,888392684134,Oakley,SI,379,0OO9488,0,NO,create
5043,888392684363,Oakley,SI,379,0OO9488,0,NO,create
5044,888392684370,Oakley,SI,379,0OO9488,0,NO,create
5045,888392698131,Oakley,SI,379,0OO9488,0,NO,create
5046,888392666291,Oakley,SI,379,0OO9490,0,NO,create
5047,888392666307,Oakley,SI,379,0OO9490,0,NO,create
5048,888392666321,Oakley,SI,379,0OO9490,0,NO,create
5049,888392666338,Oakley,SI,379,0OO9490,0,NO,create
5050,888392666345,Oakley,SI,379,0OO9490,0,NO,create
5051,888392678133,Oakley,SI,379,0OO9490,0,NO,create
5052,888392686893,Oakley,SI,379,0OO9490,0,NO,create
5053,888392660442,Oakley,SI,379,0OO9491,1,NO,update
5054,888392660435,Oakley,SI,379,0OO9491,0,NO,create
5055,888392660428,Oakley,SI,379,0OO9491,0,NO,create
5056,888392675057,Oakley,SI,379,0OO9491,0,NO,create
5057,888392698896,Oakley,SI,379,0OO9491,0,NO,create
5058,888392660497,Oakley,SI,379,0OO9492,1,NO,update
5059,888392660480,Oakley,SI,379,0OO9492,0,NO,create
5060,888392660466,Oakley,SI,379,0OO9492,0,NO,create
5061,888392675064,Oakley,SI,379,0OO9492,0,NO,create
5062,888392676979,Oakley,SI,379,0OO9492,1,NO,update
5063,888392682505,Oakley,SI,379,0OO9492,0,NO,create
5064,888392687173,Oakley,SI,379,0OO9492,0,NO,create
5065,888392698889,Oakley,SI,379,0OO9492,0,NO,create
5066,888392660534,Oakley,SI,379,0OO9493,1,NO,update
5067,888392660527,Oakley,SI,379,0OO9493,0,NO,create
5068,888392677044,Oakley,SI,379,0OO9493,0,NO,create
5069,888392660558,Oakley,SI,379,0OO9494,0,NO,create
5070,888392660565,Oakley,SI,379,0OO9494,0,NO,create
5071,888392660572,Oakley,SI,379,0OO9494,0,NO,create
5072,888392675071,Oakley,SI,379,0OO9494,0,NO,create
5073,888392680839,Oakley,SI,379,0OO9494,0,NO,create
5074,888392687166,Oakley,SI,379,0OO9494,0,NO,create
5075,888392698902,Oakley,SI,379,0OO9494,0,NO,create
5076,888392667045,Oakley,SI,379,0OO9495D,0,NO,create
5077,888392667052,Oakley,SI,379,0OO9495D,0,NO,create
5078,888392667069,Oakley,SI,379,0OO9495D,0,NO,create
5079,888392667076,Oakley,SI,379,0OO9495D,0,NO,create
5080,888392667083,Oakley,SI,379,0OO9495D,0,NO,create
5081,888392667090,Oakley,SI,379,0OO9495D,0,NO,create
5082,888392667106,Oakley,SI,379,0OO9495D,0,NO,create
5083,888392667113,Oakley,SI,379,0OO9495D,0,NO,create
5084,888392667120,Oakley,SI,379,0OO9495D,0,NO,create
5085,888392665843,Oakley,SI,379,0OO9496,0,NO,create
5086,888392665850,Oakley,SI,379,0OO9496,0,NO,create
5087,888392665867,Oakley,SI,379,0OO9496,0,NO,create
5088,888392665874,Oakley,SI,379,0OO9496,0,NO,create
5089,888392665881,Oakley,SI,379,0OO9496,0,NO,create
5090,888392665898,Oakley,SI,379,0OO9496,1,NO,update
5091,888392665904,Oakley,SI,379,0OO9496,1,NO,update
5092,888392665911,Oakley,SI,379,0OO9496,0,NO,create
5093,888392665928,Oakley,SI,379,0OO9496,0,NO,create
5094,888392665935,Oakley,SI,379,0OO9496,0,NO,create
5095,888392665942,Oakley,SI,379,0OO9496,0,NO,create
5096,888392687272,Oakley,SI,379,0OO9496,1,NO,update
5097,888392675644,Oakley,SI,379,0OO9497,0,NO,create
5098,888392675651,Oakley,SI,379,0OO9497,1,NO,update
5099,888392675668,Oakley,SI,379,0OO9497,1,NO,update
5100,888392675675,Oakley,SI,379,0OO9497,0,NO,create
5101,888392675682,Oakley,SI,379,0OO9497,0,NO,create
5102,888392675699,Oakley,SI,379,0OO9497,0,NO,create
5103,888392675705,Oakley,SI,379,0OO9497,0,NO,create
5104,888392675712,Oakley,SI,379,0OO9497,0,NO,create
5105,888392686886,Oakley,SI,379,0OO9497,0,NO,create
5106,888392701893,Oakley,SI,379,0OO9497,0,NO,create
5107,888392665225,Oakley,SI,379,0OO9499,0,NO,create
5108,888392665232,Oakley,SI,379,0OO9499,0,NO,create
5109,888392665249,Oakley,SI,379,0OO9499,1,NO,update
5110,888392665256,Oakley,SI,379,0OO9499,0,NO,create
5111,888392665263,Oakley,SI,379,0OO9499,0,NO,create
5112,888392665270,Oakley,SI,379,0OO9499,0,NO,create
5113,888392665287,Oakley,SI,379,0OO9499,0,NO,create
5114,888392666055,Oakley,SI,379,0OO9499,0,NO,create
5115,888392675583,Oakley,SI,379,0OO9499,0,NO,create
5116,888392675576,Oakley,SI,379,0OO9499,0,NO,create
5117,888392684806,Oakley,SI,379,0OO9499,0,NO,create
5118,888392684790,Oakley,SI,379,0OO9499,0,NO,create
5119,888392684813,Oakley,SI,379,0OO9499,0,NO,create
5120,888392689016,Oakley,SI,379,0OO9499,0,NO,create
5121,888392672124,Oakley,SI,379,0OO9503,1,NO,update
5122,888392672131,Oakley,SI,379,0OO9503,0,NO,create
5123,888392672148,Oakley,SI,379,0OO9503,0,NO,create
5124,888392672155,Oakley,SI,379,0OO9503,0,NO,create
5125,888392672162,Oakley,SI,379,0OO9503,0,NO,create
5126,888392672179,Oakley,SI,379,0OO9503,0,NO,create
5127,888392672186,Oakley,SI,379,0OO9503,1,NO,update
5128,888392672193,Oakley,SI,379,0OO9503,0,NO,create
5129,888392672810,Oakley,SI,379,0OO9506D,1,NO,update
5130,888392672803,Oakley,SI,379,0OO9506D,1,NO,update
5131,888392672797,Oakley,SI,379,0OO9506D,0,NO,create
5132,888392672780,Oakley,SI,379,0OO9506D,0,NO,create
5133,888392672773,Oakley,SI,379,0OO9506D,1,NO,update
5134,888392672766,Oakley,SI,379,0OO9506D,1,NO,update
5135,888392672759,Oakley,SI,379,0OO9506D,1,NO,update
5136,888392673169,Oakley,SI,379,0OO9507D,0,NO,create
5137,888392673176,Oakley,SI,379,0OO9507D,0,NO,create
5138,888392673183,Oakley,SI,379,0OO9507D,0,NO,create
5139,888392673190,Oakley,SI,379,0OO9507D,0,NO,create
5140,888392673206,Oakley,SI,379,0OO9507D,0,NO,create
5141,888392673213,Oakley,SI,379,0OO9507D,0,NO,create
5142,888392673220,Oakley,SI,379,0OO9507D,0,NO,create
5143,888392668707,Oakley,SI,379,0OO9508,0,NO,create
5144,888392668714,Oakley,SI,379,0OO9508,0,NO,create
5145,888392668721,Oakley,SI,379,0OO9508,0,NO,create
5146,888392668738,Oakley,SI,379,0OO9508,0,NO,create
5147,888392668745,Oakley,SI,379,0OO9508,0,NO,create
5148,888392668752,Oakley,SI,379,0OO9508,0,NO,create
5149,888392677648,Oakley,SI,379,0OO9508,0,NO,create
5150,888392668769,Oakley,SI,379,0OO9509,0,NO,create
5151,888392668776,Oakley,SI,379,0OO9509,0,NO,create
5152,888392668790,Oakley,SI,379,0OO9509,0,NO,create
5153,888392668806,Oakley,SI,379,0OO9509,0,NO,create
5154,888392668813,Oakley,SI,379,0OO9509,0,NO,create
5155,888392668844,Oakley,SI,379,0OO9510,0,NO,create
5156,888392668868,Oakley,SI,379,0OO9510,0,NO,create
5157,888392668882,Oakley,SI,379,0OO9510,0,NO,create
5158,888392668820,Oakley,SI,379,0OO9510,0,NO,create
5159,888392668837,Oakley,SI,379,0OO9510,0,NO,create
5160,888392668851,Oakley,SI,379,0OO9510,0,NO,create
5161,888392668875,Oakley,SI,379,0OO9510,0,NO,create
5162,888392668899,Oakley,SI,379,0OO9510,0,NO,create
5163,888392668905,Oakley,SI,379,0OO9511,0,NO,create
5164,888392668912,Oakley,SI,379,0OO9511,0,NO,create
5165,888392668929,Oakley,SI,379,0OO9511,0,NO,create
5166,888392668936,Oakley,SI,379,0OO9511,0,NO,create
5167,888392668943,Oakley,SI,379,0OO9511,0,NO,create
5168,888392668950,Oakley,SI,379,0OO9511,0,NO,create
5169,888392668967,Oakley,SI,379,0OO9511,0,NO,create
5170,888392668974,Oakley,SI,379,0OO9511,0,NO,create
5171,888392672414,Oakley,SI,379,0OO9512D,0,NO,create
5172,888392672421,Oakley,SI,379,0OO9512D,0,NO,create
5173,888392672438,Oakley,SI,379,0OO9512D,0,NO,create
5174,888392672445,Oakley,SI,379,0OO9512D,0,NO,create
5175,888392672452,Oakley,SI,379,0OO9512D,0,NO,create
5176,888392672469,Oakley,SI,379,0OO9512D,0,NO,create
5177,888392698506,Oakley,SI,379,0OO9512D,0,NO,create
5178,888392698520,Oakley,SI,379,0OO9512D,0,NO,create
5179,888392672629,Oakley,SI,379,0OO9513D,1,NO,update
5180,888392672612,Oakley,SI,379,0OO9513D,1,NO,update
5181,888392672605,Oakley,SI,379,0OO9513D,1,NO,update
5182,888392672599,Oakley,SI,379,0OO9513D,0,NO,create
5183,888392672582,Oakley,SI,379,0OO9513D,0,NO,create
5184,888392672575,Oakley,SI,379,0OO9513D,0,NO,create
5185,888392698537,Oakley,SI,379,0OO9513D,0,NO,create
5186,888392698551,Oakley,SI,379,0OO9513D,0,NO,create
5187,888392680433,Oakley,SI,379,0OO9514,0,NO,create
5188,888392680440,Oakley,SI,379,0OO9514,1,NO,update
5189,888392680457,Oakley,SI,379,0OO9514,1,NO,update
5190,888392680464,Oakley,SI,379,0OO9514,0,NO,create
5191,888392680471,Oakley,SI,379,0OO9514,0,NO,create
5192,888392680488,Oakley,SI,379,0OO9514,0,NO,create
5193,888392680495,Oakley,SI,379,0OO9514,0,NO,create
5194,888392680501,Oakley,SI,379,0OO9514,0,NO,create
5195,888392686879,Oakley,SI,379,0OO9514,0,NO,create
5196,888392677242,Oakley,SI,379,0OO9517,0,NO,create
5197,888392677235,Oakley,SI,379,0OO9517,1,NO,update
5198,888392677228,Oakley,SI,379,0OO9517,1,NO,update
5199,888392677211,Oakley,SI,379,0OO9517,1,NO,update
5200,888392677204,Oakley,SI,379,0OO9517,1,NO,update
5201,888392677181,Oakley,SI,379,0OO9517,0,NO,create
5202,888392677174,Oakley,SI,379,0OO9517,1,NO,update
5203,888392677150,Oakley,SI,379,0OO9517,0,NO,create
5204,888392686268,Oakley,SI,379,0OO9517,0,NO,create
5205,888392689139,Oakley,SI,379,0OO9517,1,NO,update
5206,888392698483,Oakley,SI,379,0OO9517,0,NO,create
5207,888392677259,Oakley,SI,379,0OO9518,0,NO,create
5208,888392677266,Oakley,SI,379,0OO9518,0,NO,create
5209,888392677273,Oakley,SI,379,0OO9518,0,NO,create
5210,888392677280,Oakley,SI,379,0OO9518,0,NO,create
5211,888392677297,Oakley,SI,379,0OO9518,0,NO,create
5212,888392677310,Oakley,SI,379,0OO9518,0,NO,create
5213,888392677327,Oakley,SI,379,0OO9518,0,NO,create
5214,888392677341,Oakley,SI,379,0OO9518,0,NO,create
5215,888392689146,Oakley,SI,379,0OO9518,0,NO,create
5216,888392698490,Oakley,SI,379,0OO9518,0,NO,create
5217,888392675996,Oakley,SI,379,0OO9520,1,NO,update
5218,888392676009,Oakley,SI,379,0OO9520,1,NO,update
5219,888392676016,Oakley,SI,379,0OO9520,0,NO,create
5220,888392676023,Oakley,SI,379,0OO9520,1,NO,update
5221,888392687197,Oakley,SI,379,0OO9520,0,NO,create
5222,888392690159,Oakley,SI,379,0OO9520,1,NO,update
5223,888392698919,Oakley,SI,379,0OO9520,0,NO,create
5224,888392701923,Oakley,SI,379,0OO9520,0,NO,create
5225,888392704054,Oakley,SI,379,0OO9520,0,NO,create
5226,888392674852,Oakley,SI,379,0OO9521,0,NO,create
5227,888392674869,Oakley,SI,379,0OO9521,0,NO,create
5228,888392674876,Oakley,SI,379,0OO9521,0,NO,create
5229,888392674883,Oakley,SI,379,0OO9521,0,NO,create
5230,888392674890,Oakley,SI,379,0OO9521,0,NO,create
5231,888392674906,Oakley,SI,379,0OO9521,0,NO,create
5232,888392674913,Oakley,SI,379,0OO9521,0,NO,create
5233,888392677662,Oakley,SI,379,0OO9522,1,NO,update
5234,888392677693,Oakley,SI,379,0OO9522,1,NO,update
5235,888392677686,Oakley,SI,379,0OO9522,0,NO,create
5236,888392677679,Oakley,SI,379,0OO9522,1,NO,update
5237,888392687180,Oakley,SI,379,0OO9522,0,NO,create
5238,888392687470,Oakley,SI,379,0OO9522,0,NO,create
5239,888392698476,Oakley,SI,379,0OO9522,0,NO,create
5240,888392698933,Oakley,SI,379,0OO9522,0,NO,create
5241,888392683557,Oakley,SI,379,0OO9524D,0,NO,create
5242,888392683564,Oakley,SI,379,0OO9524D,0,NO,create
5243,888392683571,Oakley,SI,379,0OO9524D,0,NO,create
5244,888392683588,Oakley,SI,379,0OO9524D,0,NO,create
5245,888392683595,Oakley,SI,379,0OO9524D,0,NO,create
5246,888392683601,Oakley,SI,379,0OO9524D,0,NO,create
5247,888392683618,Oakley,SI,379,0OO9524D,0,NO,create
5248,888392683403,Oakley,SI,379,0OO9525,0,NO,create
5249,888392683410,Oakley,SI,379,0OO9525,0,NO,create
5250,888392683489,Oakley,SI,379,0OO9525,0,NO,create
5251,888392683496,Oakley,SI,379,0OO9525,0,NO,create
5252,888392683502,Oakley,SI,379,0OO9525,0,NO,create
5253,888392683519,Oakley,SI,379,0OO9525,0,NO,create
5254,888392683526,Oakley,SI,379,0OO9525,0,NO,create
5255,888392683533,Oakley,SI,379,0OO9525,0,NO,create
5256,888392684011,Oakley,SI,379,0OO9527D,0,NO,create
5257,888392684028,Oakley,SI,379,0OO9527D,0,NO,create
5258,888392684035,Oakley,SI,379,0OO9527D,0,NO,create
5259,888392684042,Oakley,SI,379,0OO9527D,0,NO,create
5260,888392684059,Oakley,SI,379,0OO9527D,0,NO,create
5261,888392684066,Oakley,SI,379,0OO9527D,0,NO,create
5262,888392684073,Oakley,SI,379,0OO9527D,0,NO,create
5263,888392684080,Oakley,SI,379,0OO9527D,0,NO,create
5264,888392684097,Oakley,SI,379,0OO9527D,0,NO,create
5265,888392686619,Oakley,SI,379,0OO9528,1,NO,update
5266,888392686626,Oakley,SI,379,0OO9528,0,NO,create
5267,888392686633,Oakley,SI,379,0OO9528,1,NO,update
5268,888392686640,Oakley,SI,379,0OO9528,1,NO,update
5269,888392686657,Oakley,SI,379,0OO9528,0,NO,create
5270,888392686664,Oakley,SI,379,0OO9528,0,NO,create
5271,888392687906,Oakley,SI,379,0OO9528,0,NO,create
5272,888392696342,Oakley,SI,379,0OO9528,0,NO,create
5273,888392698100,Oakley,SI,379,0OO9528,0,NO,create
5274,888392701916,Oakley,SI,379,0OO9528,0,NO,create
5275,888392687258,Oakley,SI,379,0OO9529,1,NO,update
5276,888392687265,Oakley,SI,379,0OO9529,1,NO,update
5277,888392687289,Oakley,SI,379,0OO9529,1,NO,update
5278,888392687296,Oakley,SI,379,0OO9529,1,NO,update
5279,888392687302,Oakley,SI,379,0OO9529,1,NO,update
5280,888392687326,Oakley,SI,379,0OO9529,1,NO,update
5281,888392687333,Oakley,SI,379,0OO9529,1,NO,update
5282,888392687340,Oakley,SI,379,0OO9529,1,NO,update
5283,888392701190,Oakley,SI,379,0OO9529,0,NO,create
5284,888392686688,Oakley,SI,379,0OO9530,1,NO,update
5285,888392686695,Oakley,SI,379,0OO9530,1,NO,update
5286,888392686701,Oakley,SI,379,0OO9530,0,NO,create
5287,888392686718,Oakley,SI,379,0OO9530,0,NO,create
5288,888392686725,Oakley,SI,379,0OO9530,1,NO,update
5289,888392686732,Oakley,SI,379,0OO9530,0,NO,create
5290,888392696359,Oakley,SI,379,0OO9530,0,NO,create
5291,888392697851,Oakley,SI,379,0OO9530,0,NO,create
5292,888392697868,Oakley,SI,379,0OO9530,0,NO,create
5293,888392688323,Oakley,SI,379,0OO9531,0,NO,create
5294,888392688330,Oakley,SI,379,0OO9531,0,NO,create
5295,888392688347,Oakley,SI,379,0OO9531,0,NO,create
5296,888392688354,Oakley,SI,379,0OO9531,0,NO,create
5297,888392688361,Oakley,SI,379,0OO9531,0,NO,create
5298,888392688378,Oakley,SI,379,0OO9531,0,NO,create
5299,888392688385,Oakley,SI,379,0OO9531,0,NO,create
5300,888392688392,Oakley,SI,379,0OO9531,0,NO,create
5301,888392689023,Oakley,SI,379,0OO9531,0,NO,create
5302,888392689030,Oakley,SI,379,0OO9531,0,NO,create
5303,888392688613,Oakley,SI,379,0OO9532,0,NO,create
5304,888392688620,Oakley,SI,379,0OO9532,0,NO,create
5305,888392688637,Oakley,SI,379,0OO9532,0,NO,create
5306,888392688644,Oakley,SI,379,0OO9532,1,NO,update
5307,888392688651,Oakley,SI,379,0OO9532,1,NO,update
5308,888392688668,Oakley,SI,379,0OO9532,1,NO,update
5309,888392688675,Oakley,SI,379,0OO9532,0,NO,create
5310,888392688682,Oakley,SI,379,0OO9532,0,NO,create
5311,888392688699,Oakley,SI,379,0OO9532,1,NO,update
5312,888392688705,Oakley,SI,379,0OO9532,0,NO,create
5313,888392697912,Oakley,SI,379,0OO9532,0,NO,create
5314,888392697929,Oakley,SI,379,0OO9532,0,NO,create
5315,888392687357,Oakley,SI,379,0OO9533,1,NO,update
5316,888392687364,Oakley,SI,379,0OO9533,1,NO,update
5317,888392687371,Oakley,SI,379,0OO9533,1,NO,update
5318,888392687388,Oakley,SI,379,0OO9533,1,NO,update
5319,888392687395,Oakley,SI,379,0OO9533,0,NO,create
5320,888392687401,Oakley,SI,379,0OO9533,0,NO,create
5321,888392687418,Oakley,SI,379,0OO9533,0,NO,create
5322,888392687425,Oakley,SI,379,0OO9533,0,NO,create
5323,888392687449,Oakley,SI,379,0OO9533,0,NO,create
5324,888392687456,Oakley,SI,379,0OO9533,0,NO,create
5325,888392701206,Oakley,SI,379,0OO9533,0,NO,create
5326,888392701909,Oakley,SI,379,0OO9533,0,NO,create
5327,888392701947,Oakley,SI,379,0OO9533,0,NO,create
5328,888392688088,Oakley,SI,379,0OO9534,0,NO,create
5329,888392688095,Oakley,SI,379,0OO9534,0,NO,create
5330,888392688101,Oakley,SI,379,0OO9534,0,NO,create
5331,888392688118,Oakley,SI,379,0OO9534,0,NO,create
5332,888392688125,Oakley,SI,379,0OO9534,0,NO,create
5333,888392688132,Oakley,SI,379,0OO9534,0,NO,create
5334,888392688149,Oakley,SI,379,0OO9534,0,NO,create
5335,888392688156,Oakley,SI,379,0OO9534,0,NO,create
5336,888392688163,Oakley,SI,379,0OO9534,0,NO,create
5337,888392691194,Oakley,SI,379,0OO9534,0,NO,create
5338,888392693846,Oakley,SI,379,0OO9536,0,NO,create
5339,888392693853,Oakley,SI,379,0OO9536,0,NO,create
5340,888392693860,Oakley,SI,379,0OO9536,0,NO,create
5341,888392693877,Oakley,SI,379,0OO9536,0,NO,create
5342,888392693921,Oakley,SI,379,0OO9536,0,NO,create
5343,888392693938,Oakley,SI,379,0OO9536,0,NO,create
5344,888392694249,Oakley,SI,379,0OO9537,0,NO,create
5345,888392694256,Oakley,SI,379,0OO9537,0,NO,create
5346,888392694270,Oakley,SI,379,0OO9537,0,NO,create
5347,888392694287,Oakley,SI,379,0OO9537,0,NO,create
5348,888392694300,Oakley,SI,379,0OO9537,0,NO,create
5349,888392694317,Oakley,SI,379,0OO9537,0,NO,create
5350,888392694324,Oakley,SI,379,0OO9537,0,NO,create
5351,888392697004,Oakley,SI,379,0OO9538D,0,NO,create
5352,888392697035,Oakley,SI,379,0OO9538D,0,NO,create
5353,888392697042,Oakley,SI,379,0OO9538D,0,NO,create
5354,888392697028,Oakley,SI,379,0OO9538D,0,NO,create
5355,888392696991,Oakley,SI,379,0OO9538D,0,NO,create
5356,888392702036,Oakley,SI,379,0OO9539,0,NO,create
5357,888392702043,Oakley,SI,379,0OO9539,0,NO,create
5358,888392702050,Oakley,SI,379,0OO9539,0,NO,create
5359,888392702074,Oakley,SI,379,0OO9539,0,NO,create
5360,888392702081,Oakley,SI,379,0OO9539,0,NO,create
5361,888392702104,Oakley,SI,379,0OO9539,0,NO,create
5362,888392702128,Oakley,SI,379,0OO9539,0,NO,create
5363,888392699060,Oakley,SI,379,0OO9541,0,NO,create
5364,888392699046,Oakley,SI,379,0OO9541,0,NO,create
5365,888392699053,Oakley,SI,379,0OO9541,0,NO,create
5366,888392698995,Oakley,SI,379,0OO9541,0,NO,create
5367,888392699039,Oakley,SI,379,0OO9541,0,NO,create
5368,888392699015,Oakley,SI,379,0OO9541,0,NO,create
5369,888392699008,Oakley,SI,379,0OO9541,0,NO,create
5370,888392713261,Oakley,SI,379,0OO9555,0,NO,create
5371,888392713278,Oakley,SI,379,0OO9555,0,NO,create
5372,888392713285,Oakley,SI,379,0OO9555,0,NO,create
5373,888392713292,Oakley,SI,379,0OO9555,0,NO,create
5374,888392713308,Oakley,SI,379,0OO9555,0,NO,create
5375,888392713315,Oakley,SI,379,0OO9555,0,NO,create
5376,888392713322,Oakley,SI,379,0OO9555,0,NO,create
5377,888392684172,Oakley,SI,379,AOO0005LS,0,NO,create
5378,888392684189,Oakley,SI,379,AOO0005LS,0,NO,create
5379,827934524910,Oliver Peoples,SI,248,0OV1002S,0,NO,create
5380,827934524903,Oliver Peoples,SI,248,0OV1002S,1,NO,update
5381,827934482951,Oliver Peoples,SI,248,0OV1002S,0,NO,create
5382,827934380400,Oliver Peoples,SI,248,0OV1002S,0,NO,create
5383,827934380424,Oliver Peoples,SI,248,0OV1002S,1,NO,update
5384,2001429901631,Oliver Peoples,SI,248,0OV1004S,0,NO,create
5385,827934407664,Oliver Peoples,SI,248,0OV1104S,1,NO,update
5386,827934482838,Oliver Peoples,SI,248,0OV1104S,1,NO,update
5387,827934400573,Oliver Peoples,SI,248,0OV1104,1,NO,update
5388,827934482760,Oliver Peoples,SI,248,0OV1104,0,NO,create
5389,827934400610,Oliver Peoples,SI,248,0OV1104,1,NO,update
5390,827934483583,Oliver Peoples,SI,248,0OV1144T,0,NO,create
5391,827934524927,Oliver Peoples,SI,248,0OV1150S,1,NO,update
5392,827934360532,Oliver Peoples,SI,248,0OV1150S,0,NO,create
5393,827934360495,Oliver Peoples,SI,248,0OV1150S,1,NO,update
5394,827934524934,Oliver Peoples,SI,248,0OV1150S,0,NO,create
5395,827934451100,Oliver Peoples,SI,248,0OV1150S,0,NO,create
5396,827934523661,Oliver Peoples,SI,248,0OV1150S,1,NO,update
5397,827934502611,Oliver Peoples,SI,248,0OV1185,1,NO,update
5398,827934524620,Oliver Peoples,SI,248,0OV1185,1,NO,update
5399,827934524637,Oliver Peoples,SI,248,0OV1185,1,NO,update
5400,827934449664,Oliver Peoples,SI,248,0OV1186S,1,NO,update
5401,827934449671,Oliver Peoples,SI,248,0OV1186S,1,NO,update
5402,827934449695,Oliver Peoples,SI,248,0OV1186S,1,NO,update
5403,827934449701,Oliver Peoples,SI,248,0OV1186S,0,NO,create
5404,827934381957,Oliver Peoples,SI,248,0OV1186,0,NO,create
5405,827934439962,Oliver Peoples,SI,248,0OV1186,0,NO,create
5406,827934526716,Oliver Peoples,SI,248,0OV1186,0,NO,create
5407,827934381933,Oliver Peoples,SI,248,0OV1186,1,NO,update
5408,827934439948,Oliver Peoples,SI,248,0OV1186,1,NO,update
5409,827934526686,Oliver Peoples,SI,248,0OV1186,1,NO,update
5410,827934502581,Oliver Peoples,SI,248,0OV1186,0,NO,create
5411,827934502574,Oliver Peoples,SI,248,0OV1186,1,NO,update
5412,827934526693,Oliver Peoples,SI,248,0OV1186,0,NO,create
5413,827934382909,Oliver Peoples,SI,248,0OV1186,1,NO,update
5414,827934439931,Oliver Peoples,SI,248,0OV1186,1,NO,update
5415,827934526655,Oliver Peoples,SI,248,0OV1186,0,NO,create
5416,827934426214,Oliver Peoples,SI,248,0OV1186,1,NO,update
5417,827934439979,Oliver Peoples,SI,248,0OV1186,1,NO,update
5418,827934526723,Oliver Peoples,SI,248,0OV1186,0,NO,create
5419,827934426221,Oliver Peoples,SI,248,0OV1186,0,NO,create
5420,827934439924,Oliver Peoples,SI,248,0OV1186,0,NO,create
5421,827934526648,Oliver Peoples,SI,248,0OV1186,0,NO,create
5422,827934469464,Oliver Peoples,SI,248,0OV1186,0,NO,create
5423,827934482982,Oliver Peoples,SI,248,0OV1220S,1,NO,update
5424,827934482999,Oliver Peoples,SI,248,0OV1220S,0,NO,create
5425,827934483002,Oliver Peoples,SI,248,0OV1220S,1,NO,update
5426,827934483026,Oliver Peoples,SI,248,0OV1220S,1,NO,update
5427,827934528383,Oliver Peoples,SI,248,0OV1223ST,0,NO,create
5428,827934528369,Oliver Peoples,SI,248,0OV1223ST,0,NO,create
5429,827934528376,Oliver Peoples,SI,248,0OV1223ST,0,NO,create
5430,827934528352,Oliver Peoples,SI,248,0OV1223ST,0,NO,create
5431,827934432611,Oliver Peoples,SI,248,0OV1258ST,0,NO,create
5432,827934438989,Oliver Peoples,SI,248,0OV1269ST,0,NO,create
5433,827934471313,Oliver Peoples,SI,248,0OV1276ST,0,NO,create
5434,827934471344,Oliver Peoples,SI,248,0OV1276ST,0,NO,create
5435,827934471320,Oliver Peoples,SI,248,0OV1276ST,0,NO,create
5436,827934450813,Oliver Peoples,SI,248,0OV1276ST,0,NO,create
5437,827934471337,Oliver Peoples,SI,248,0OV1276ST,0,NO,create
5438,827934452848,Oliver Peoples,SI,248,0OV1281,1,NO,update
5439,827934453098,Oliver Peoples,SI,248,0OV1282ST,0,NO,create
5440,827934453043,Oliver Peoples,SI,248,0OV1282ST,1,NO,update
5441,827934453142,Oliver Peoples,SI,248,0OV1285ST,1,NO,update
5442,827934468054,Oliver Peoples,SI,248,0OV1290T,0,NO,create
5443,827934468030,Oliver Peoples,SI,248,0OV1290T,0,NO,create
5444,827934468023,Oliver Peoples,SI,248,0OV1290T,0,NO,create
5445,827934468047,Oliver Peoples,SI,248,0OV1290T,0,NO,create
5446,827934468016,Oliver Peoples,SI,248,0OV1291T,0,NO,create
5447,827934467996,Oliver Peoples,SI,248,0OV1291T,0,NO,create
5448,827934467989,Oliver Peoples,SI,248,0OV1291T,0,NO,create
5449,827934468009,Oliver Peoples,SI,248,0OV1291T,0,NO,create
5450,827934466777,Oliver Peoples,SI,248,0OV1292T,0,NO,create
5451,827934479494,Oliver Peoples,SI,248,0OV1293ST,0,NO,create
5452,827934479531,Oliver Peoples,SI,248,0OV1293ST,0,NO,create
5453,827934466814,Oliver Peoples,SI,248,0OV1293ST,0,NO,create
5454,827934479500,Oliver Peoples,SI,248,0OV1293ST,0,NO,create
5455,827934466975,Oliver Peoples,SI,248,0OV1293ST,0,NO,create
5456,827934466807,Oliver Peoples,SI,248,0OV1293ST,1,NO,update
5457,827934466821,Oliver Peoples,SI,248,0OV1293ST,0,NO,create
5458,827934467941,Oliver Peoples,SI,248,0OV1298T,0,NO,create
5459,827934467903,Oliver Peoples,SI,248,0OV1298T,0,NO,create
5460,827934467927,Oliver Peoples,SI,248,0OV1298T,0,NO,create
5461,827934467910,Oliver Peoples,SI,248,0OV1298T,0,NO,create
5462,827934471528,Oliver Peoples,SI,248,0OV1303ST,0,NO,create
5463,827934471542,Oliver Peoples,SI,248,0OV1303ST,0,NO,create
5464,827934471559,Oliver Peoples,SI,248,0OV1303ST,1,NO,update
5465,827934500020,Oliver Peoples,SI,248,0OV1306ST,0,NO,create
5466,827934471733,Oliver Peoples,SI,248,0OV1306ST,0,NO,create
5467,827934470361,Oliver Peoples,SI,248,0OV1308,1,NO,update
5468,827934479913,Oliver Peoples,SI,248,0OV1309ST,0,NO,create
5469,827934478954,Oliver Peoples,SI,248,0OV1309ST,0,NO,create
5470,827934479302,Oliver Peoples,SI,248,0OV1311ST,0,NO,create
5471,827934479326,Oliver Peoples,SI,248,0OV1311ST,0,NO,create
5472,827934479340,Oliver Peoples,SI,248,0OV1311ST,0,NO,create
5473,827934478992,Oliver Peoples,SI,248,0OV1312,0,NO,create
5474,827934478671,Oliver Peoples,SI,248,0OV1313,0,NO,create
5475,827934478664,Oliver Peoples,SI,248,0OV1313,0,NO,create
5476,827934479562,Oliver Peoples,SI,248,0OV1314T,0,NO,create
5477,827934505537,Oliver Peoples,SI,248,0OV1318ST,0,NO,create
5478,827934505520,Oliver Peoples,SI,248,0OV1318ST,0,NO,create
5479,827934482449,Oliver Peoples,SI,248,0OV1318T,0,NO,create
5480,827934481541,Oliver Peoples,SI,248,0OV1319T,0,NO,create
5481,827934481558,Oliver Peoples,SI,248,0OV1319T,0,NO,create
5482,827934525009,Oliver Peoples,SI,248,0OV1320ST,1,NO,update
5483,827934482098,Oliver Peoples,SI,248,0OV1320ST,1,NO,update
5484,827934482111,Oliver Peoples,SI,248,0OV1320ST,1,NO,update
5485,827934505506,Oliver Peoples,SI,248,0OV1321ST,0,NO,create
5486,827934505513,Oliver Peoples,SI,248,0OV1321ST,0,NO,create
5487,827934499652,Oliver Peoples,SI,248,0OV1328S,0,NO,create
5488,827934528833,Oliver Peoples,SI,248,0OV1328S,0,NO,create
5489,827934499669,Oliver Peoples,SI,248,0OV1328S,1,NO,update
5490,827934499676,Oliver Peoples,SI,248,0OV1328S,1,NO,update
5491,827934499683,Oliver Peoples,SI,248,0OV1328S,1,NO,update
5492,827934507562,Oliver Peoples,SI,248,0OV1328,0,NO,create
5493,827934507555,Oliver Peoples,SI,248,0OV1328,0,NO,create
5494,827934507548,Oliver Peoples,SI,248,0OV1328,1,NO,update
5495,827934507579,Oliver Peoples,SI,248,0OV1328,0,NO,create
5496,827934499591,Oliver Peoples,SI,248,0OV1329ST,0,NO,create
5497,827934499607,Oliver Peoples,SI,248,0OV1329ST,0,NO,create
5498,827934499614,Oliver Peoples,SI,248,0OV1329ST,1,NO,update
5499,827934499621,Oliver Peoples,SI,248,0OV1329ST,0,NO,create
5500,827934499638,Oliver Peoples,SI,248,0OV1329ST,1,NO,update
5501,827934499386,Oliver Peoples,SI,248,0OV1331S,1,NO,update
5502,827934499393,Oliver Peoples,SI,248,0OV1331S,1,NO,update
5503,827934499324,Oliver Peoples,SI,248,0OV1333,0,NO,create
5504,827934501737,Oliver Peoples,SI,248,0OV1334,1,NO,update
5505,827934501744,Oliver Peoples,SI,248,0OV1334,0,NO,create
5506,827934501751,Oliver Peoples,SI,248,0OV1334,0,NO,create
5507,827934501768,Oliver Peoples,SI,248,0OV1334,0,NO,create
5508,827934501515,Oliver Peoples,SI,248,0OV1335ST,0,NO,create
5509,827934501522,Oliver Peoples,SI,248,0OV1335ST,0,NO,create
5510,827934501539,Oliver Peoples,SI,248,0OV1335ST,1,NO,update
5511,827934501546,Oliver Peoples,SI,248,0OV1335ST,1,NO,update
5512,827934502147,Oliver Peoples,SI,248,0OV1335ST,0,NO,create
5513,827934501478,Oliver Peoples,SI,248,0OV1336ST,0,NO,create
5514,827934501485,Oliver Peoples,SI,248,0OV1336ST,0,NO,create
5515,827934502154,Oliver Peoples,SI,248,0OV1336ST,0,NO,create
5516,827934501492,Oliver Peoples,SI,248,0OV1336ST,0,NO,create
5517,827934501508,Oliver Peoples,SI,248,0OV1336ST,1,NO,update
5518,827934501775,Oliver Peoples,SI,248,0OV1342S,1,NO,update
5519,827934501782,Oliver Peoples,SI,248,0OV1342S,0,NO,create
5520,827934501799,Oliver Peoples,SI,248,0OV1342S,1,NO,update
5521,827934502284,Oliver Peoples,SI,248,0OV1342S,0,NO,create
5522,827934501805,Oliver Peoples,SI,248,0OV1342S,0,NO,create
5523,827934509108,Oliver Peoples,SI,248,0OV1343S,0,NO,create
5524,827934508576,Oliver Peoples,SI,248,0OV1343S,0,NO,create
5525,827934504004,Oliver Peoples,SI,248,0OV1343S,0,NO,create
5526,827934504028,Oliver Peoples,SI,248,0OV1343S,0,NO,create
5527,827934506053,Oliver Peoples,SI,248,0OV1346S,0,NO,create
5528,827934507135,Oliver Peoples,SI,248,0OV1346S,1,NO,update
5529,827934506046,Oliver Peoples,SI,248,0OV1346S,1,NO,update
5530,827934505896,Oliver Peoples,SI,248,0OV1347ST,1,NO,update
5531,827934505889,Oliver Peoples,SI,248,0OV1347ST,1,NO,update
5532,827934505865,Oliver Peoples,SI,248,0OV1347ST,1,NO,update
5533,827934505872,Oliver Peoples,SI,248,0OV1347ST,0,NO,create
5534,827934505902,Oliver Peoples,SI,248,0OV1347ST,0,NO,create
5535,827934505551,Oliver Peoples,SI,248,0OV1348T,0,NO,create
5536,827934505575,Oliver Peoples,SI,248,0OV1348T,0,NO,create
5537,827934505568,Oliver Peoples,SI,248,0OV1348T,0,NO,create
5538,827934505582,Oliver Peoples,SI,248,0OV1348T,0,NO,create
5539,827934505940,Oliver Peoples,SI,248,0OV1349ST,0,NO,create
5540,827934505933,Oliver Peoples,SI,248,0OV1349ST,0,NO,create
5541,827934505926,Oliver Peoples,SI,248,0OV1349ST,0,NO,create
5542,827934505957,Oliver Peoples,SI,248,0OV1349ST,1,NO,update
5543,827934505667,Oliver Peoples,SI,248,0OV1350T,1,NO,update
5544,827934505674,Oliver Peoples,SI,248,0OV1350T,0,NO,create
5545,827934505698,Oliver Peoples,SI,248,0OV1350T,1,NO,update
5546,827934505681,Oliver Peoples,SI,248,0OV1350T,0,NO,create
5547,827934505131,Oliver Peoples,SI,248,0OV1351S,1,NO,update
5548,827934505124,Oliver Peoples,SI,248,0OV1351S,1,NO,update
5549,827934505117,Oliver Peoples,SI,248,0OV1351S,1,NO,update
5550,827934505148,Oliver Peoples,SI,248,0OV1351S,1,NO,update
5551,827934506770,Oliver Peoples,SI,248,0OV1352,1,NO,update
5552,827934507142,Oliver Peoples,SI,248,0OV1352,1,NO,update
5553,827934507951,Oliver Peoples,SI,248,0OV1353ST,1,NO,update
5554,827934507975,Oliver Peoples,SI,248,0OV1353ST,1,NO,update
5555,827934507982,Oliver Peoples,SI,248,0OV1353ST,1,NO,update
5556,827934507968,Oliver Peoples,SI,248,0OV1353ST,0,NO,create
5557,827934507463,Oliver Peoples,SI,248,0OV1354T,1,NO,update
5558,827934507487,Oliver Peoples,SI,248,0OV1354T,1,NO,update
5559,827934507494,Oliver Peoples,SI,248,0OV1354T,1,NO,update
5560,827934507470,Oliver Peoples,SI,248,0OV1354T,0,NO,create
5561,827934508477,Oliver Peoples,SI,248,0OV1355T,1,NO,update
5562,827934508491,Oliver Peoples,SI,248,0OV1355T,1,NO,update
5563,827934508484,Oliver Peoples,SI,248,0OV1355T,0,NO,create
5564,827934508507,Oliver Peoples,SI,248,0OV1355T,0,NO,create
5565,827934507623,Oliver Peoples,SI,248,0OV1356S,0,NO,create
5566,827934507630,Oliver Peoples,SI,248,0OV1356S,0,NO,create
5567,827934507647,Oliver Peoples,SI,248,0OV1356S,0,NO,create
5568,827934507388,Oliver Peoples,SI,248,0OV1357S,0,NO,create
5569,827934507371,Oliver Peoples,SI,248,0OV1357S,0,NO,create
5570,827934507395,Oliver Peoples,SI,248,0OV1357S,0,NO,create
5571,827934507401,Oliver Peoples,SI,248,0OV1357S,0,NO,create
5572,827934509863,Oliver Peoples,SI,248,0OV1357,0,NO,create
5573,827934509856,Oliver Peoples,SI,248,0OV1357,0,NO,create
5574,827934509849,Oliver Peoples,SI,248,0OV1357,0,NO,create
5575,827934509870,Oliver Peoples,SI,248,0OV1357,0,NO,create
5576,827934507449,Oliver Peoples,SI,248,0OV1358S,1,NO,update
5577,827934507425,Oliver Peoples,SI,248,0OV1358S,1,NO,update
5578,827934507432,Oliver Peoples,SI,248,0OV1358S,0,NO,create
5579,827934507418,Oliver Peoples,SI,248,0OV1358S,1,NO,update
5580,827934507456,Oliver Peoples,SI,248,0OV1358S,0,NO,create
5581,827934507692,Oliver Peoples,SI,248,0OV1359T,1,NO,update
5582,827934507708,Oliver Peoples,SI,248,0OV1359T,0,NO,create
5583,827934507715,Oliver Peoples,SI,248,0OV1359T,0,NO,create
5584,827934507722,Oliver Peoples,SI,248,0OV1359T,1,NO,update
5585,827934508668,Oliver Peoples,SI,248,0OV1360T,0,NO,create
5586,827934508644,Oliver Peoples,SI,248,0OV1360T,0,NO,create
5587,827934508675,Oliver Peoples,SI,248,0OV1360T,1,NO,update
5588,827934508651,Oliver Peoples,SI,248,0OV1360T,1,NO,update
5589,827934508828,Oliver Peoples,SI,248,0OV1361S,1,NO,update
5590,827934508002,Oliver Peoples,SI,248,0OV1361S,0,NO,create
5591,827934523531,Oliver Peoples,SI,248,0OV1362S,0,NO,create
5592,827934523524,Oliver Peoples,SI,248,0OV1362S,0,NO,create
5593,827934523517,Oliver Peoples,SI,248,0OV1362S,0,NO,create
5594,827934523128,Oliver Peoples,SI,248,0OV1363T,1,NO,update
5595,827934523142,Oliver Peoples,SI,248,0OV1363T,1,NO,update
5596,827934523159,Oliver Peoples,SI,248,0OV1363T,0,NO,create
5597,827934523135,Oliver Peoples,SI,248,0OV1363T,0,NO,create
5598,827934524361,Oliver Peoples,SI,248,0OV1364ST,0,NO,create
5599,827934524347,Oliver Peoples,SI,248,0OV1364ST,1,NO,update
5600,827934524354,Oliver Peoples,SI,248,0OV1364ST,0,NO,create
5601,827934525351,Oliver Peoples,SI,248,0OV1364ST,0,NO,create
5602,827934524545,Oliver Peoples,SI,248,0OV1365ST,0,NO,create
5603,827934524569,Oliver Peoples,SI,248,0OV1365ST,1,NO,update
5604,827934524552,Oliver Peoples,SI,248,0OV1365ST,1,NO,update
5605,827934525344,Oliver Peoples,SI,248,0OV1365ST,0,NO,create
5606,827934523784,Oliver Peoples,SI,248,0OV1366T,0,NO,create
5607,827934523807,Oliver Peoples,SI,248,0OV1366T,1,NO,update
5608,827934523814,Oliver Peoples,SI,248,0OV1366T,0,NO,create
5609,827934523791,Oliver Peoples,SI,248,0OV1366T,1,NO,update
5610,827934524798,Oliver Peoples,SI,248,0OV1367S,0,NO,create
5611,827934524804,Oliver Peoples,SI,248,0OV1367S,1,NO,update
5612,827934524811,Oliver Peoples,SI,248,0OV1367S,0,NO,create
5613,827934523746,Oliver Peoples,SI,248,0OV1368T,1,NO,update
5614,827934523760,Oliver Peoples,SI,248,0OV1368T,1,NO,update
5615,827934523753,Oliver Peoples,SI,248,0OV1368T,1,NO,update
5616,827934525122,Oliver Peoples,SI,248,0OV1369ST,1,NO,update
5617,827934525115,Oliver Peoples,SI,248,0OV1369ST,1,NO,update
5618,827934525139,Oliver Peoples,SI,248,0OV1369ST,0,NO,create
5619,827934525146,Oliver Peoples,SI,248,0OV1369ST,0,NO,create
5620,827934525047,Oliver Peoples,SI,248,0OV1370ST,1,NO,update
5621,827934525030,Oliver Peoples,SI,248,0OV1370ST,1,NO,update
5622,827934525054,Oliver Peoples,SI,248,0OV1370ST,0,NO,create
5623,827934525061,Oliver Peoples,SI,248,0OV1370ST,1,NO,update
5624,827934525085,Oliver Peoples,SI,248,0OV1371ST,0,NO,create
5625,827934525078,Oliver Peoples,SI,248,0OV1371ST,0,NO,create
5626,827934525092,Oliver Peoples,SI,248,0OV1371ST,0,NO,create
5627,827934525108,Oliver Peoples,SI,248,0OV1371ST,0,NO,create
5628,827934526297,Oliver Peoples,SI,248,0OV1372ST,0,NO,create
5629,827934526099,Oliver Peoples,SI,248,0OV1372ST,0,NO,create
5630,827934526105,Oliver Peoples,SI,248,0OV1372ST,0,NO,create
5631,827934526112,Oliver Peoples,SI,248,0OV1372ST,0,NO,create
5632,827934526334,Oliver Peoples,SI,248,0OV1373S,1,NO,update
5633,827934526341,Oliver Peoples,SI,248,0OV1373S,0,NO,create
5634,827934527607,Oliver Peoples,SI,248,0OV1373S,1,NO,update
5635,827934527614,Oliver Peoples,SI,248,0OV1373S,0,NO,create
5636,827934525627,Oliver Peoples,SI,248,0OV1374T,1,NO,update
5637,827934525634,Oliver Peoples,SI,248,0OV1374T,1,NO,update
5638,827934525658,Oliver Peoples,SI,248,0OV1374T,0,NO,create
5639,827934525641,Oliver Peoples,SI,248,0OV1374T,0,NO,create
5640,827934525580,Oliver Peoples,SI,248,0OV1375T,1,NO,update
5641,827934525610,Oliver Peoples,SI,248,0OV1375T,0,NO,create
5642,827934525603,Oliver Peoples,SI,248,0OV1375T,0,NO,create
5643,827934525597,Oliver Peoples,SI,248,0OV1375T,0,NO,create
5644,827934525733,Oliver Peoples,SI,248,0OV1376S,0,NO,create
5645,827934525702,Oliver Peoples,SI,248,0OV1376S,0,NO,create
5646,827934525726,Oliver Peoples,SI,248,0OV1376S,0,NO,create
5647,827934525719,Oliver Peoples,SI,248,0OV1376S,0,NO,create
5648,827934525696,Oliver Peoples,SI,248,0OV1376S,0,NO,create
5649,827934527683,Oliver Peoples,SI,248,0OV1377S,1,NO,update
5650,827934525689,Oliver Peoples,SI,248,0OV1377S,0,NO,create
5651,827934525665,Oliver Peoples,SI,248,0OV1377S,0,NO,create
5652,827934525672,Oliver Peoples,SI,248,0OV1377S,1,NO,update
5653,827934526327,Oliver Peoples,SI,248,0OV1378S,0,NO,create
5654,827934526310,Oliver Peoples,SI,248,0OV1378S,0,NO,create
5655,827934526303,Oliver Peoples,SI,248,0OV1378S,1,NO,update
5656,827934527881,Oliver Peoples,SI,248,0OV1378S,0,NO,create
5657,827934528925,Oliver Peoples,SI,248,0OV1379,0,NO,create
5658,827934528932,Oliver Peoples,SI,248,0OV1379,0,NO,create
5659,827934528949,Oliver Peoples,SI,248,0OV1379,0,NO,create
5660,827934528956,Oliver Peoples,SI,248,0OV1379,0,NO,create
5661,827934530256,Oliver Peoples,SI,248,0OV1380,0,NO,create
5662,827934530485,Oliver Peoples,SI,248,0OV1380,0,NO,create
5663,827934530324,Oliver Peoples,SI,248,0OV1380,0,NO,create
5664,827934530492,Oliver Peoples,SI,248,0OV1380,0,NO,create
5665,827934530331,Oliver Peoples,SI,248,0OV1381T,0,NO,create
5666,827934530348,Oliver Peoples,SI,248,0OV1381T,0,NO,create
5667,827934530362,Oliver Peoples,SI,248,0OV1381T,0,NO,create
5668,827934530355,Oliver Peoples,SI,248,0OV1381T,0,NO,create
5669,827934530287,Oliver Peoples,SI,248,0OV1382ST,0,NO,create
5670,827934530294,Oliver Peoples,SI,248,0OV1382ST,0,NO,create
5671,827934530300,Oliver Peoples,SI,248,0OV1382ST,0,NO,create
5672,827934530317,Oliver Peoples,SI,248,0OV1382ST,0,NO,create
5673,827934528314,Oliver Peoples,SI,248,0OV1383T,0,NO,create
5674,827934528321,Oliver Peoples,SI,248,0OV1383T,0,NO,create
5675,827934528345,Oliver Peoples,SI,248,0OV1383T,0,NO,create
5676,827934528338,Oliver Peoples,SI,248,0OV1383T,0,NO,create
5677,827934528680,Oliver Peoples,SI,248,0OV1384S,0,NO,create
5678,827934528673,Oliver Peoples,SI,248,0OV1384S,0,NO,create
5679,827934528666,Oliver Peoples,SI,248,0OV1384S,0,NO,create
5680,827934528697,Oliver Peoples,SI,248,0OV1384S,0,NO,create
5681,827934530744,Oliver Peoples,SI,248,0OV1385ST,0,NO,create
5682,827934530645,Oliver Peoples,SI,248,0OV1385ST,0,NO,create
5683,827934530713,Oliver Peoples,SI,248,0OV1385ST,0,NO,create
5684,827934530652,Oliver Peoples,SI,248,0OV1385ST,0,NO,create
5685,827934530928,Oliver Peoples,SI,248,0OV1386ST,0,NO,create
5686,827934530935,Oliver Peoples,SI,248,0OV1386ST,0,NO,create
5687,827934530898,Oliver Peoples,SI,248,0OV1387ST,0,NO,create
5688,827934530904,Oliver Peoples,SI,248,0OV1387ST,0,NO,create
5689,827934530911,Oliver Peoples,SI,248,0OV1387ST,0,NO,create
5690,827934530942,Oliver Peoples,SI,248,0OV1388ST,0,NO,create
5691,827934530959,Oliver Peoples,SI,248,0OV1388ST,0,NO,create
5692,827934530966,Oliver Peoples,SI,248,0OV1388ST,0,NO,create
5693,827934530973,Oliver Peoples,SI,248,0OV1388ST,0,NO,create
5694,827934467323,Oliver Peoples,SI,248,0OV5004SU,1,NO,update
5695,827934467361,Oliver Peoples,SI,248,0OV5004SU,1,NO,update
5696,827934467330,Oliver Peoples,SI,248,0OV5004SU,1,NO,update
5697,827934467354,Oliver Peoples,SI,248,0OV5004SU,1,NO,update
5698,827934467347,Oliver Peoples,SI,248,0OV5004SU,0,NO,create
5699,827934483149,Oliver Peoples,SI,248,0OV5004SU,1,NO,update
5700,827934526471,Oliver Peoples,SI,248,0OV5004SU,0,NO,create
5701,827934526488,Oliver Peoples,SI,248,0OV5004SU,0,NO,create
5702,827934299481,Oliver Peoples,SI,248,0OV5004,0,NO,create
5703,827934302891,Oliver Peoples,SI,248,0OV5004,0,NO,create
5704,827934467279,Oliver Peoples,SI,248,0OV5004,0,NO,create
5705,827934299412,Oliver Peoples,SI,248,0OV5004,0,NO,create
5706,827934299498,Oliver Peoples,SI,248,0OV5004,1,NO,update
5707,827934302907,Oliver Peoples,SI,248,0OV5004,1,NO,update
5708,827934467088,Oliver Peoples,SI,248,0OV5004,1,NO,update
5709,827934299436,Oliver Peoples,SI,248,0OV5004,0,NO,create
5710,827934299511,Oliver Peoples,SI,248,0OV5004,0,NO,create
5711,827934302921,Oliver Peoples,SI,248,0OV5004,1,NO,update
5712,827934467163,Oliver Peoples,SI,248,0OV5004,1,NO,update
5713,827934299528,Oliver Peoples,SI,248,0OV5004,0,NO,create
5714,827934302938,Oliver Peoples,SI,248,0OV5004,1,NO,update
5715,827934467118,Oliver Peoples,SI,248,0OV5004,0,NO,create
5716,827934376540,Oliver Peoples,SI,248,0OV5004,0,NO,create
5717,827934376526,Oliver Peoples,SI,248,0OV5004,1,NO,update
5718,827934467248,Oliver Peoples,SI,248,0OV5004,1,NO,update
5719,827934506114,Oliver Peoples,SI,248,0OV5004,1,NO,update
5720,827934506121,Oliver Peoples,SI,248,0OV5004,1,NO,update
5721,827934506138,Oliver Peoples,SI,248,0OV5004,1,NO,update
5722,827934500037,Oliver Peoples,SI,248,0OV5004,0,NO,create
5723,827934500044,Oliver Peoples,SI,248,0OV5004,0,NO,create
5724,827934500051,Oliver Peoples,SI,248,0OV5004,0,NO,create
5725,827934526419,Oliver Peoples,SI,248,0OV5004,0,NO,create
5726,827934526426,Oliver Peoples,SI,248,0OV5004,1,NO,update
5727,827934526433,Oliver Peoples,SI,248,0OV5004,0,NO,create
5728,827934526440,Oliver Peoples,SI,248,0OV5004,0,NO,create
5729,827934526457,Oliver Peoples,SI,248,0OV5004,0,NO,create
5730,827934526464,Oliver Peoples,SI,248,0OV5004,1,NO,update
5731,827934506145,Oliver Peoples,SI,248,0OV5004,0,NO,create
5732,827934506152,Oliver Peoples,SI,248,0OV5004,1,NO,update
5733,827934506169,Oliver Peoples,SI,248,0OV5004,1,NO,update
5734,827934434981,Oliver Peoples,SI,248,0OV5036S,1,NO,update
5735,827934434974,Oliver Peoples,SI,248,0OV5036S,1,NO,update
5736,827934459489,Oliver Peoples,SI,248,0OV5036S,1,NO,update
5737,827934466524,Oliver Peoples,SI,248,0OV5036S,0,NO,create
5738,827934528987,Oliver Peoples,SI,248,0OV5036S,0,NO,create
5739,827934529007,Oliver Peoples,SI,248,0OV5036S,0,NO,create
5740,827934401754,Oliver Peoples,SI,248,0OV5036,1,NO,update
5741,827934401761,Oliver Peoples,SI,248,0OV5036,1,NO,update
5742,827934527072,Oliver Peoples,SI,248,0OV5036,1,NO,update
5743,827934401693,Oliver Peoples,SI,248,0OV5036,1,NO,update
5744,827934401709,Oliver Peoples,SI,248,0OV5036,1,NO,update
5745,827934527324,Oliver Peoples,SI,248,0OV5036,1,NO,update
5746,827934482517,Oliver Peoples,SI,248,0OV5036,0,NO,create
5747,827934482524,Oliver Peoples,SI,248,0OV5036,0,NO,create
5748,827934527300,Oliver Peoples,SI,248,0OV5036,0,NO,create
5749,827934482791,Oliver Peoples,SI,248,0OV5036,1,NO,update
5750,827934482807,Oliver Peoples,SI,248,0OV5036,1,NO,update
5751,827934503618,Oliver Peoples,SI,248,0OV5036,0,NO,create
5752,827934503625,Oliver Peoples,SI,248,0OV5036,0,NO,create
5753,827934526983,Oliver Peoples,SI,248,0OV5036,0,NO,create
5754,827934298316,Oliver Peoples,SI,248,0OV5102,0,NO,create
5755,827934298354,Oliver Peoples,SI,248,0OV5102,0,NO,create
5756,827934468948,Oliver Peoples,SI,248,0OV5102,0,NO,create
5757,827934298323,Oliver Peoples,SI,248,0OV5102,1,NO,update
5758,827934298361,Oliver Peoples,SI,248,0OV5102,1,NO,update
5759,827934468863,Oliver Peoples,SI,248,0OV5102,1,NO,update
5760,827934304673,Oliver Peoples,SI,248,0OV5102,0,NO,create
5761,827934304666,Oliver Peoples,SI,248,0OV5102,0,NO,create
5762,827934468870,Oliver Peoples,SI,248,0OV5102,0,NO,create
5763,827934503595,Oliver Peoples,SI,248,0OV5102,0,NO,create
5764,827934503588,Oliver Peoples,SI,248,0OV5102,0,NO,create
5765,827934503601,Oliver Peoples,SI,248,0OV5102,0,NO,create
5766,827934503557,Oliver Peoples,SI,248,0OV5102,1,NO,update
5767,827934503540,Oliver Peoples,SI,248,0OV5102,1,NO,update
5768,827934503564,Oliver Peoples,SI,248,0OV5102,1,NO,update
5769,827934415454,Oliver Peoples,SI,248,0OV5183S,1,NO,update
5770,827934529625,Oliver Peoples,SI,248,0OV5183S,0,NO,create
5771,827934423848,Oliver Peoples,SI,248,0OV5183S,1,NO,update
5772,827934529618,Oliver Peoples,SI,248,0OV5183S,0,NO,create
5773,827934425118,Oliver Peoples,SI,248,0OV5183S,1,NO,update
5774,827934529823,Oliver Peoples,SI,248,0OV5183S,0,NO,create
5775,827934435278,Oliver Peoples,SI,248,0OV5183S,1,NO,update
5776,827934529885,Oliver Peoples,SI,248,0OV5183S,0,NO,create
5777,827934507852,Oliver Peoples,SI,248,0OV5183S,0,NO,create
5778,827934529595,Oliver Peoples,SI,248,0OV5183S,0,NO,create
5779,827934482869,Oliver Peoples,SI,248,0OV5183S,0,NO,create
5780,827934507869,Oliver Peoples,SI,248,0OV5183S,0,NO,create
5781,827934502765,Oliver Peoples,SI,248,0OV5183S,1,NO,update
5782,827934502772,Oliver Peoples,SI,248,0OV5183S,0,NO,create
5783,827934529922,Oliver Peoples,SI,248,0OV5183S,0,NO,create
5784,827934398047,Oliver Peoples,SI,248,0OV5183,1,NO,update
5785,827934405479,Oliver Peoples,SI,248,0OV5183,1,NO,update
5786,827934529359,Oliver Peoples,SI,248,0OV5183,0,NO,create
5787,827934398559,Oliver Peoples,SI,248,0OV5183,1,NO,update
5788,827934405516,Oliver Peoples,SI,248,0OV5183,1,NO,update
5789,827934529229,Oliver Peoples,SI,248,0OV5183,0,NO,create
5790,827934398061,Oliver Peoples,SI,248,0OV5183,1,NO,update
5791,827934405486,Oliver Peoples,SI,248,0OV5183,1,NO,update
5792,827934529458,Oliver Peoples,SI,248,0OV5183,0,NO,create
5793,827934453593,Oliver Peoples,SI,248,0OV5183,1,NO,update
5794,827934453586,Oliver Peoples,SI,248,0OV5183,1,NO,update
5795,827934529236,Oliver Peoples,SI,248,0OV5183,0,NO,create
5796,827934398085,Oliver Peoples,SI,248,0OV5183,1,NO,update
5797,827934405493,Oliver Peoples,SI,248,0OV5183,1,NO,update
5798,827934529465,Oliver Peoples,SI,248,0OV5183,0,NO,create
5799,827934507906,Oliver Peoples,SI,248,0OV5183,0,NO,create
5800,827934507890,Oliver Peoples,SI,248,0OV5183,0,NO,create
5801,827934529182,Oliver Peoples,SI,248,0OV5183,0,NO,create
5802,827934507883,Oliver Peoples,SI,248,0OV5183,1,NO,update
5803,827934507876,Oliver Peoples,SI,248,0OV5183,1,NO,update
5804,827934529175,Oliver Peoples,SI,248,0OV5183,0,NO,create
5805,827934502871,Oliver Peoples,SI,248,0OV5183,1,NO,update
5806,827934502864,Oliver Peoples,SI,248,0OV5183,1,NO,update
5807,827934529533,Oliver Peoples,SI,248,0OV5183,0,NO,create
5808,827934418509,Oliver Peoples,SI,248,0OV5184S,1,NO,update
5809,827934418424,Oliver Peoples,SI,248,0OV5184S,1,NO,update
5810,827934418448,Oliver Peoples,SI,248,0OV5184S,0,NO,create
5811,827934451452,Oliver Peoples,SI,248,0OV5184,1,NO,update
5812,827934451131,Oliver Peoples,SI,248,0OV5184,1,NO,update
5813,827934404618,Oliver Peoples,SI,248,0OV5184,1,NO,update
5814,827934316492,Oliver Peoples,SI,248,0OV5186,1,NO,update
5815,827934352216,Oliver Peoples,SI,248,0OV5186,1,NO,update
5816,827934459571,Oliver Peoples,SI,248,0OV5186,1,NO,update
5817,827934316485,Oliver Peoples,SI,248,0OV5186,1,NO,update
5818,827934352247,Oliver Peoples,SI,248,0OV5186,1,NO,update
5819,827934459670,Oliver Peoples,SI,248,0OV5186,1,NO,update
5820,827934316515,Oliver Peoples,SI,248,0OV5186,1,NO,update
5821,827934352223,Oliver Peoples,SI,248,0OV5186,1,NO,update
5822,827934459632,Oliver Peoples,SI,248,0OV5186,1,NO,update
5823,827934374850,Oliver Peoples,SI,248,0OV5186,1,NO,update
5824,827934374843,Oliver Peoples,SI,248,0OV5186,1,NO,update
5825,827934459618,Oliver Peoples,SI,248,0OV5186,0,NO,create
5826,827934375215,Oliver Peoples,SI,248,0OV5186,1,NO,update
5827,827934375208,Oliver Peoples,SI,248,0OV5186,1,NO,update
5828,827934459601,Oliver Peoples,SI,248,0OV5186,0,NO,create
5829,827934479258,Oliver Peoples,SI,248,0OV5186,1,NO,update
5830,827934479234,Oliver Peoples,SI,248,0OV5186,1,NO,update
5831,827934479241,Oliver Peoples,SI,248,0OV5186,0,NO,create
5832,827934459335,Oliver Peoples,SI,248,0OV5186,0,NO,create
5833,827934459328,Oliver Peoples,SI,248,0OV5186,1,NO,update
5834,827934459540,Oliver Peoples,SI,248,0OV5186,0,NO,create
5835,827934502536,Oliver Peoples,SI,248,0OV5186,1,NO,update
5836,827934502512,Oliver Peoples,SI,248,0OV5186,1,NO,update
5837,827934502529,Oliver Peoples,SI,248,0OV5186,0,NO,create
5838,827934502567,Oliver Peoples,SI,248,0OV5186,1,NO,update
5839,827934502543,Oliver Peoples,SI,248,0OV5186,1,NO,update
5840,827934502550,Oliver Peoples,SI,248,0OV5186,0,NO,create
5841,827934524132,Oliver Peoples,SI,248,0OV5186,1,NO,update
5842,827934524118,Oliver Peoples,SI,248,0OV5186,1,NO,update
5843,827934524125,Oliver Peoples,SI,248,0OV5186,0,NO,create
5844,827934318922,Oliver Peoples,SI,248,0OV5194,0,NO,create
5845,827934350472,Oliver Peoples,SI,248,0OV5194,0,NO,create
5846,827934339101,Oliver Peoples,SI,248,0OV5194,0,NO,create
5847,827934350526,Oliver Peoples,SI,248,0OV5194,0,NO,create
5848,827934508262,Oliver Peoples,SI,248,0OV5194,0,NO,create
5849,827934508255,Oliver Peoples,SI,248,0OV5194,0,NO,create
5850,827934465855,Oliver Peoples,SI,248,0OV5194,0,NO,create
5851,827934508286,Oliver Peoples,SI,248,0OV5194,0,NO,create
5852,827934508279,Oliver Peoples,SI,248,0OV5194,0,NO,create
5853,827934352513,Oliver Peoples,SI,248,0OV5217S,1,NO,update
5854,827934459847,Oliver Peoples,SI,248,0OV5217S,1,NO,update
5855,827934352537,Oliver Peoples,SI,248,0OV5217S,1,NO,update
5856,827934459731,Oliver Peoples,SI,248,0OV5217S,1,NO,update
5857,827934383098,Oliver Peoples,SI,248,0OV5217S,1,NO,update
5858,827934459939,Oliver Peoples,SI,248,0OV5217S,1,NO,update
5859,827934383111,Oliver Peoples,SI,248,0OV5217S,1,NO,update
5860,827934459755,Oliver Peoples,SI,248,0OV5217S,1,NO,update
5861,827934479265,Oliver Peoples,SI,248,0OV5217S,1,NO,update
5862,827934479272,Oliver Peoples,SI,248,0OV5217S,1,NO,update
5863,827934529113,Oliver Peoples,SI,248,0OV5217S,0,NO,create
5864,827934529120,Oliver Peoples,SI,248,0OV5217S,0,NO,create
5865,827934529090,Oliver Peoples,SI,248,0OV5217S,0,NO,create
5866,827934529106,Oliver Peoples,SI,248,0OV5217S,0,NO,create
5867,827934367067,Oliver Peoples,SI,248,0OV5219S,1,NO,update
5868,827934367050,Oliver Peoples,SI,248,0OV5219S,1,NO,update
5869,827934402607,Oliver Peoples,SI,248,0OV5219S,0,NO,create
5870,827934470583,Oliver Peoples,SI,248,0OV5219S,0,NO,create
5871,827934470590,Oliver Peoples,SI,248,0OV5219S,1,NO,update
5872,827934526358,Oliver Peoples,SI,248,0OV5219S,0,NO,create
5873,827934526365,Oliver Peoples,SI,248,0OV5219S,0,NO,create
5874,827934339491,Oliver Peoples,SI,248,0OV5219,0,NO,create
5875,827934339484,Oliver Peoples,SI,248,0OV5219,1,NO,update
5876,827934357860,Oliver Peoples,SI,248,0OV5219,1,NO,update
5877,827934506589,Oliver Peoples,SI,248,0OV5219,0,NO,create
5878,827934506596,Oliver Peoples,SI,248,0OV5219,1,NO,update
5879,827934506602,Oliver Peoples,SI,248,0OV5219,1,NO,update
5880,827934339477,Oliver Peoples,SI,248,0OV5219,0,NO,create
5881,827934339460,Oliver Peoples,SI,248,0OV5219,1,NO,update
5882,827934357839,Oliver Peoples,SI,248,0OV5219,1,NO,update
5883,827934341531,Oliver Peoples,SI,248,0OV5219,0,NO,create
5884,827934341524,Oliver Peoples,SI,248,0OV5219,0,NO,create
5885,827934357853,Oliver Peoples,SI,248,0OV5219,0,NO,create
5886,827934506947,Oliver Peoples,SI,248,0OV5219,0,NO,create
5887,827934506954,Oliver Peoples,SI,248,0OV5219,1,NO,update
5888,827934506961,Oliver Peoples,SI,248,0OV5219,1,NO,update
5889,827934470705,Oliver Peoples,SI,248,0OV5219,0,NO,create
5890,827934470835,Oliver Peoples,SI,248,0OV5219,0,NO,create
5891,827934470828,Oliver Peoples,SI,248,0OV5219,1,NO,update
5892,827934499881,Oliver Peoples,SI,248,0OV5219,0,NO,create
5893,827934499898,Oliver Peoples,SI,248,0OV5219,0,NO,create
5894,827934499904,Oliver Peoples,SI,248,0OV5219,0,NO,create
5895,827934526495,Oliver Peoples,SI,248,0OV5219,0,NO,create
5896,827934526501,Oliver Peoples,SI,248,0OV5219,1,NO,update
5897,827934526518,Oliver Peoples,SI,248,0OV5219,0,NO,create
5898,827934526525,Oliver Peoples,SI,248,0OV5219,0,NO,create
5899,827934526532,Oliver Peoples,SI,248,0OV5219,1,NO,update
5900,827934526549,Oliver Peoples,SI,248,0OV5219,1,NO,update
5901,827934339552,Oliver Peoples,SI,248,0OV5224,0,NO,create
5902,827934352377,Oliver Peoples,SI,248,0OV5224,0,NO,create
5903,827934339545,Oliver Peoples,SI,248,0OV5224,0,NO,create
5904,827934352360,Oliver Peoples,SI,248,0OV5224,0,NO,create
5905,827934383159,Oliver Peoples,SI,248,0OV5224,0,NO,create
5906,827934503779,Oliver Peoples,SI,248,0OV5224,0,NO,create
5907,827934503786,Oliver Peoples,SI,248,0OV5224,0,NO,create
5908,827934482708,Oliver Peoples,SI,248,0OV5279U,0,NO,create
5909,827934368767,Oliver Peoples,SI,248,0OV5279U,0,NO,create
5910,827934385856,Oliver Peoples,SI,248,0OV5279U,0,NO,create
5911,827934368781,Oliver Peoples,SI,248,0OV5279U,0,NO,create
5912,827934385870,Oliver Peoples,SI,248,0OV5279U,0,NO,create
5913,827934508309,Oliver Peoples,SI,248,0OV5279U,0,NO,create
5914,827934508293,Oliver Peoples,SI,248,0OV5279U,0,NO,create
5915,827934508323,Oliver Peoples,SI,248,0OV5279U,0,NO,create
5916,827934508316,Oliver Peoples,SI,248,0OV5279U,0,NO,create
5917,827934482722,Oliver Peoples,SI,248,0OV5279U,0,NO,create
5918,827934500693,Oliver Peoples,SI,248,0OV5298SU,0,NO,create
5919,827934379060,Oliver Peoples,SI,248,0OV5298SU,1,NO,update
5920,827934427600,Oliver Peoples,SI,248,0OV5298SU,1,NO,update
5921,827934379077,Oliver Peoples,SI,248,0OV5298SU,0,NO,create
5922,827934427624,Oliver Peoples,SI,248,0OV5298SU,0,NO,create
5923,827934381131,Oliver Peoples,SI,248,0OV5298SU,0,NO,create
5924,827934505797,Oliver Peoples,SI,248,0OV5298SU,0,NO,create
5925,827934505780,Oliver Peoples,SI,248,0OV5298SU,1,NO,update
5926,827934500105,Oliver Peoples,SI,248,0OV5298SU,1,NO,update
5927,827934500099,Oliver Peoples,SI,248,0OV5298SU,1,NO,update
5928,827934468665,Oliver Peoples,SI,248,0OV5298SU,1,NO,update
5929,827934468658,Oliver Peoples,SI,248,0OV5298SU,1,NO,update
5930,827934468641,Oliver Peoples,SI,248,0OV5298SU,1,NO,update
5931,827934468634,Oliver Peoples,SI,248,0OV5298SU,1,NO,update
5932,827934500129,Oliver Peoples,SI,248,0OV5298SU,0,NO,create
5933,827934526563,Oliver Peoples,SI,248,0OV5298SU,0,NO,create
5934,827934526556,Oliver Peoples,SI,248,0OV5298SU,0,NO,create
5935,827934526587,Oliver Peoples,SI,248,0OV5298SU,0,NO,create
5936,827934526570,Oliver Peoples,SI,248,0OV5298SU,0,NO,create
5937,827934505810,Oliver Peoples,SI,248,0OV5298SU,1,NO,update
5938,827934505803,Oliver Peoples,SI,248,0OV5298SU,0,NO,create
5939,827934526389,Oliver Peoples,SI,248,0OV5298U,1,NO,update
5940,827934526372,Oliver Peoples,SI,248,0OV5298U,1,NO,update
5941,827934381414,Oliver Peoples,SI,248,0OV5298U,1,NO,update
5942,827934381407,Oliver Peoples,SI,248,0OV5298U,1,NO,update
5943,827934468740,Oliver Peoples,SI,248,0OV5298U,0,NO,create
5944,827934468733,Oliver Peoples,SI,248,0OV5298U,0,NO,create
5945,827934526402,Oliver Peoples,SI,248,0OV5298U,1,NO,update
5946,827934526396,Oliver Peoples,SI,248,0OV5298U,0,NO,create
5947,827934381377,Oliver Peoples,SI,248,0OV5298U,1,NO,update
5948,827934381360,Oliver Peoples,SI,248,0OV5298U,1,NO,update
5949,827934507012,Oliver Peoples,SI,248,0OV5298U,1,NO,update
5950,827934507005,Oliver Peoples,SI,248,0OV5298U,1,NO,update
5951,827934468726,Oliver Peoples,SI,248,0OV5298U,0,NO,create
5952,827934468719,Oliver Peoples,SI,248,0OV5298U,0,NO,create
5953,827934523081,Oliver Peoples,SI,248,0OV5332SU,1,NO,update
5954,827934529991,Oliver Peoples,SI,248,0OV5332SU,0,NO,create
5955,827934523104,Oliver Peoples,SI,248,0OV5332SU,0,NO,create
5956,827934530010,Oliver Peoples,SI,248,0OV5332SU,0,NO,create
5957,827934523098,Oliver Peoples,SI,248,0OV5332SU,1,NO,update
5958,827934530003,Oliver Peoples,SI,248,0OV5332SU,0,NO,create
5959,827934523111,Oliver Peoples,SI,248,0OV5332SU,1,NO,update
5960,827934530027,Oliver Peoples,SI,248,0OV5332SU,0,NO,create
5961,827934482654,Oliver Peoples,SI,248,0OV5332U,0,NO,create
5962,827934482661,Oliver Peoples,SI,248,0OV5332U,0,NO,create
5963,827934503229,Oliver Peoples,SI,248,0OV5332U,0,NO,create
5964,827934466166,Oliver Peoples,SI,248,0OV5332U,0,NO,create
5965,827934479791,Oliver Peoples,SI,248,0OV5332U,0,NO,create
5966,827934503243,Oliver Peoples,SI,248,0OV5332U,0,NO,create
5967,827934398160,Oliver Peoples,SI,248,0OV5332U,1,NO,update
5968,827934398191,Oliver Peoples,SI,248,0OV5332U,1,NO,update
5969,827934479777,Oliver Peoples,SI,248,0OV5332U,1,NO,update
5970,827934503205,Oliver Peoples,SI,248,0OV5332U,0,NO,create
5971,827934466173,Oliver Peoples,SI,248,0OV5332U,0,NO,create
5972,827934479807,Oliver Peoples,SI,248,0OV5332U,0,NO,create
5973,827934503250,Oliver Peoples,SI,248,0OV5332U,0,NO,create
5974,827934524187,Oliver Peoples,SI,248,0OV5332U,0,NO,create
5975,827934524194,Oliver Peoples,SI,248,0OV5332U,0,NO,create
5976,827934524170,Oliver Peoples,SI,248,0OV5332U,0,NO,create
5977,827934402409,Oliver Peoples,SI,248,0OV5343D,0,NO,create
5978,827934403161,Oliver Peoples,SI,248,0OV5343D,1,NO,update
5979,827934403154,Oliver Peoples,SI,248,0OV5343D,1,NO,update
5980,827934503823,Oliver Peoples,SI,248,0OV5343D,0,NO,create
5981,827934503816,Oliver Peoples,SI,248,0OV5343D,0,NO,create
5982,827934503847,Oliver Peoples,SI,248,0OV5343D,0,NO,create
5983,827934503830,Oliver Peoples,SI,248,0OV5343D,0,NO,create
5984,827934483293,Oliver Peoples,SI,248,0OV5349S,0,NO,create
5985,827934404496,Oliver Peoples,SI,248,0OV5349S,0,NO,create
5986,827934483309,Oliver Peoples,SI,248,0OV5349S,0,NO,create
5987,827934404458,Oliver Peoples,SI,248,0OV5349S,0,NO,create
5988,827934483316,Oliver Peoples,SI,248,0OV5349S,0,NO,create
5989,827934418486,Oliver Peoples,SI,248,0OV5350S,0,NO,create
5990,827934418493,Oliver Peoples,SI,248,0OV5350S,1,NO,update
5991,827934469389,Oliver Peoples,SI,248,0OV5350S,0,NO,create
5992,827934469396,Oliver Peoples,SI,248,0OV5350S,0,NO,create
5993,827934407442,Oliver Peoples,SI,248,0OV5355SU,0,NO,create
5994,827934407435,Oliver Peoples,SI,248,0OV5355SU,0,NO,create
5995,827934407619,Oliver Peoples,SI,248,0OV5359,0,NO,create
5996,827934460669,Oliver Peoples,SI,248,0OV5359,1,NO,update
5997,827934407602,Oliver Peoples,SI,248,0OV5359,1,NO,update
5998,827934460683,Oliver Peoples,SI,248,0OV5359,1,NO,update
5999,827934465824,Oliver Peoples,SI,248,0OV5359,0,NO,create
6000,827934465831,Oliver Peoples,SI,248,0OV5359,0,NO,create
6001,827934409842,Oliver Peoples,SI,248,0OV5362U,0,NO,create
6002,827934414914,Oliver Peoples,SI,248,0OV5371D,0,NO,create
6003,827934451636,Oliver Peoples,SI,248,0OV5371D,0,NO,create
6004,827934414907,Oliver Peoples,SI,248,0OV5371D,0,NO,create
6005,827934414921,Oliver Peoples,SI,248,0OV5371D,0,NO,create
6006,827934451612,Oliver Peoples,SI,248,0OV5371D,0,NO,create
6007,827934414938,Oliver Peoples,SI,248,0OV5371D,0,NO,create
6008,827934426283,Oliver Peoples,SI,248,0OV5372SU,0,NO,create
6009,827934453517,Oliver Peoples,SI,248,0OV5372SU,0,NO,create
6010,827934414587,Oliver Peoples,SI,248,0OV5374U,1,NO,update
6011,827934524095,Oliver Peoples,SI,248,0OV5374U,1,NO,update
6012,827934470545,Oliver Peoples,SI,248,0OV5374U,0,NO,create
6013,827934524101,Oliver Peoples,SI,248,0OV5374U,1,NO,update
6014,827934414549,Oliver Peoples,SI,248,0OV5375U,1,NO,update
6015,827934505704,Oliver Peoples,SI,248,0OV5375U,0,NO,create
6016,827934426320,Oliver Peoples,SI,248,0OV5375U,0,NO,create
6017,827934505711,Oliver Peoples,SI,248,0OV5375U,1,NO,update
6018,827934418981,Oliver Peoples,SI,248,0OV5382SU,1,NO,update
6019,827934482937,Oliver Peoples,SI,248,0OV5382SU,1,NO,update
6020,827934419698,Oliver Peoples,SI,248,0OV5382SU,1,NO,update
6021,827934524088,Oliver Peoples,SI,248,0OV5382SU,1,NO,update
6022,827934524071,Oliver Peoples,SI,248,0OV5382SU,1,NO,update
6023,827934423275,Oliver Peoples,SI,248,0OV5389D,0,NO,create
6024,827934423299,Oliver Peoples,SI,248,0OV5389D,0,NO,create
6025,827934444416,Oliver Peoples,SI,248,0OV5393SU,1,NO,update
6026,827934444430,Oliver Peoples,SI,248,0OV5393SU,1,NO,update
6027,827934524200,Oliver Peoples,SI,248,0OV5393SU,1,NO,update
6028,827934524217,Oliver Peoples,SI,248,0OV5393SU,1,NO,update
6029,827934449503,Oliver Peoples,SI,248,0OV5393SU,0,NO,create
6030,827934427808,Oliver Peoples,SI,248,0OV5393SU,1,NO,update
6031,827934427914,Oliver Peoples,SI,248,0OV5393SU,1,NO,update
6032,827934524224,Oliver Peoples,SI,248,0OV5393SU,0,NO,create
6033,827934524231,Oliver Peoples,SI,248,0OV5393SU,1,NO,update
6034,827934427877,Oliver Peoples,SI,248,0OV5393SU,1,NO,update
6035,827934497474,Oliver Peoples,SI,248,0OV5393SU,1,NO,update
6036,827934497481,Oliver Peoples,SI,248,0OV5393SU,1,NO,update
6037,827934428058,Oliver Peoples,SI,248,0OV5393U,1,NO,update
6038,827934429192,Oliver Peoples,SI,248,0OV5393U,1,NO,update
6039,827934499911,Oliver Peoples,SI,248,0OV5393U,0,NO,create
6040,827934445000,Oliver Peoples,SI,248,0OV5393U,0,NO,create
6041,827934445017,Oliver Peoples,SI,248,0OV5393U,1,NO,update
6042,827934428010,Oliver Peoples,SI,248,0OV5393U,1,NO,update
6043,827934429154,Oliver Peoples,SI,248,0OV5393U,1,NO,update
6044,827934426597,Oliver Peoples,SI,248,0OV5397U,0,NO,create
6045,827934429307,Oliver Peoples,SI,248,0OV5397U,0,NO,create
6046,827934426573,Oliver Peoples,SI,248,0OV5397U,1,NO,update
6047,827934429284,Oliver Peoples,SI,248,0OV5397U,0,NO,create
6048,827934426580,Oliver Peoples,SI,248,0OV5397U,1,NO,update
6049,827934429291,Oliver Peoples,SI,248,0OV5397U,1,NO,update
6050,827934468689,Oliver Peoples,SI,248,0OV5397U,0,NO,create
6051,827934468672,Oliver Peoples,SI,248,0OV5397U,0,NO,create
6052,827934524897,Oliver Peoples,SI,248,0OV5397U,1,NO,update
6053,827934524880,Oliver Peoples,SI,248,0OV5397U,1,NO,update
6054,827934506831,Oliver Peoples,SI,248,0OV5397U,0,NO,create
6055,827934506824,Oliver Peoples,SI,248,0OV5397U,0,NO,create
6056,827934524873,Oliver Peoples,SI,248,0OV5397U,1,NO,update
6057,827934524866,Oliver Peoples,SI,248,0OV5397U,1,NO,update
6058,827934479180,Oliver Peoples,SI,248,0OV5413SU,0,NO,create
6059,827934429659,Oliver Peoples,SI,248,0OV5413SU,1,NO,update
6060,827934429642,Oliver Peoples,SI,248,0OV5413SU,1,NO,update
6061,827934451346,Oliver Peoples,SI,248,0OV5413SU,1,NO,update
6062,827934451339,Oliver Peoples,SI,248,0OV5413SU,1,NO,update
6063,827934429628,Oliver Peoples,SI,248,0OV5413SU,1,NO,update
6064,827934429611,Oliver Peoples,SI,248,0OV5413SU,1,NO,update
6065,827934502819,Oliver Peoples,SI,248,0OV5413SU,1,NO,update
6066,827934502802,Oliver Peoples,SI,248,0OV5413SU,1,NO,update
6067,827934508347,Oliver Peoples,SI,248,0OV5413SU,0,NO,create
6068,827934508330,Oliver Peoples,SI,248,0OV5413SU,0,NO,create
6069,827934508361,Oliver Peoples,SI,248,0OV5413SU,0,NO,create
6070,827934508354,Oliver Peoples,SI,248,0OV5413SU,0,NO,create
6071,827934429826,Oliver Peoples,SI,248,0OV5413U,1,NO,update
6072,827934469297,Oliver Peoples,SI,248,0OV5413U,0,NO,create
6073,827934429840,Oliver Peoples,SI,248,0OV5413U,1,NO,update
6074,827934469327,Oliver Peoples,SI,248,0OV5413U,0,NO,create
6075,827934429802,Oliver Peoples,SI,248,0OV5413U,1,NO,update
6076,827934469358,Oliver Peoples,SI,248,0OV5413U,0,NO,create
6077,827934507944,Oliver Peoples,SI,248,0OV5413U,1,NO,update
6078,827934507937,Oliver Peoples,SI,248,0OV5413U,0,NO,create
6079,827934507920,Oliver Peoples,SI,248,0OV5413U,1,NO,update
6080,827934507913,Oliver Peoples,SI,248,0OV5413U,0,NO,create
6081,827934529083,Oliver Peoples,SI,248,0OV5413U,0,NO,create
6082,827934529076,Oliver Peoples,SI,248,0OV5413U,0,NO,create
6083,827934529069,Oliver Peoples,SI,248,0OV5413U,0,NO,create
6084,827934529052,Oliver Peoples,SI,248,0OV5413U,0,NO,create
6085,827934502833,Oliver Peoples,SI,248,0OV5413U,1,NO,update
6086,827934502826,Oliver Peoples,SI,248,0OV5413U,0,NO,create
6087,827934502857,Oliver Peoples,SI,248,0OV5413U,1,NO,update
6088,827934502840,Oliver Peoples,SI,248,0OV5413U,0,NO,create
6089,827934431591,Oliver Peoples,SI,248,0OV5414SU,1,NO,update
6090,827934429512,Oliver Peoples,SI,248,0OV5414SU,1,NO,update
6091,827934470552,Oliver Peoples,SI,248,0OV5414SU,0,NO,create
6092,827934470569,Oliver Peoples,SI,248,0OV5414SU,0,NO,create
6093,827934432130,Oliver Peoples,SI,248,0OV5417SU,0,NO,create
6094,827934435438,Oliver Peoples,SI,248,0OV5419SU,1,NO,update
6095,827934445086,Oliver Peoples,SI,248,0OV5419SU,1,NO,update
6096,827934435445,Oliver Peoples,SI,248,0OV5419SU,0,NO,create
6097,827934445116,Oliver Peoples,SI,248,0OV5419SU,1,NO,update
6098,827934432291,Oliver Peoples,SI,248,0OV5419U,0,NO,create
6099,827934467385,Oliver Peoples,SI,248,0OV5420SU,1,NO,update
6100,827934502680,Oliver Peoples,SI,248,0OV5427U,0,NO,create
6101,827934502697,Oliver Peoples,SI,248,0OV5427U,0,NO,create
6102,827934469204,Oliver Peoples,SI,248,0OV5427U,0,NO,create
6103,827934438927,Oliver Peoples,SI,248,0OV5427U,1,NO,update
6104,827934469235,Oliver Peoples,SI,248,0OV5427U,0,NO,create
6105,827934438880,Oliver Peoples,SI,248,0OV5427U,0,NO,create
6106,827934469228,Oliver Peoples,SI,248,0OV5427U,0,NO,create
6107,827934439429,Oliver Peoples,SI,248,0OV5429U,0,NO,create
6108,827934439603,Oliver Peoples,SI,248,0OV5432U,0,NO,create
6109,827934439634,Oliver Peoples,SI,248,0OV5433U,1,NO,update
6110,827934471085,Oliver Peoples,SI,248,0OV5438U,0,NO,create
6111,827934450196,Oliver Peoples,SI,248,0OV5438U,0,NO,create
6112,827934471047,Oliver Peoples,SI,248,0OV5438U,0,NO,create
6113,827934450189,Oliver Peoples,SI,248,0OV5438U,0,NO,create
6114,827934471054,Oliver Peoples,SI,248,0OV5438U,0,NO,create
6115,827934450219,Oliver Peoples,SI,248,0OV5438U,0,NO,create
6116,827934471078,Oliver Peoples,SI,248,0OV5438U,0,NO,create
6117,827934450202,Oliver Peoples,SI,248,0OV5438U,0,NO,create
6118,827934450295,Oliver Peoples,SI,248,0OV5439U,1,NO,update
6119,827934526792,Oliver Peoples,SI,248,0OV5439U,1,NO,update
6120,827934450288,Oliver Peoples,SI,248,0OV5439U,1,NO,update
6121,827934526785,Oliver Peoples,SI,248,0OV5439U,1,NO,update
6122,827934450318,Oliver Peoples,SI,248,0OV5439U,1,NO,update
6123,827934526778,Oliver Peoples,SI,248,0OV5439U,1,NO,update
6124,827934453302,Oliver Peoples,SI,248,0OV5444SU,0,NO,create
6125,827934453319,Oliver Peoples,SI,248,0OV5444SU,0,NO,create
6126,827934468269,Oliver Peoples,SI,248,0OV5446U,0,NO,create
6127,827934468252,Oliver Peoples,SI,248,0OV5446U,0,NO,create
6128,827934524507,Oliver Peoples,SI,248,0OV5446U,0,NO,create
6129,827934452688,Oliver Peoples,SI,248,0OV5446U,0,NO,create
6130,827934452695,Oliver Peoples,SI,248,0OV5446U,0,NO,create
6131,827934524460,Oliver Peoples,SI,248,0OV5446U,0,NO,create
6132,827934452732,Oliver Peoples,SI,248,0OV5446U,0,NO,create
6133,827934452725,Oliver Peoples,SI,248,0OV5446U,0,NO,create
6134,827934524484,Oliver Peoples,SI,248,0OV5446U,0,NO,create
6135,827934452886,Oliver Peoples,SI,248,0OV5448T,0,NO,create
6136,827934452879,Oliver Peoples,SI,248,0OV5448T,0,NO,create
6137,827934470118,Oliver Peoples,SI,248,0OV5449SU,1,NO,update
6138,827934470156,Oliver Peoples,SI,248,0OV5449SU,0,NO,create
6139,827934470132,Oliver Peoples,SI,248,0OV5449SU,0,NO,create
6140,827934453005,Oliver Peoples,SI,248,0OV5450SU,0,NO,create
6141,827934453371,Oliver Peoples,SI,248,0OV5451SU,0,NO,create
6142,827934470422,Oliver Peoples,SI,248,0OV5454SU,1,NO,update
6143,827934470446,Oliver Peoples,SI,248,0OV5454SU,1,NO,update
6144,827934470460,Oliver Peoples,SI,248,0OV5454SU,1,NO,update
6145,827934470484,Oliver Peoples,SI,248,0OV5454SU,1,NO,update
6146,827934483798,Oliver Peoples,SI,248,0OV5454SU,0,NO,create
6147,827934453951,Oliver Peoples,SI,248,0OV5454U,1,NO,update
6148,827934459281,Oliver Peoples,SI,248,0OV5454U,0,NO,create
6149,827934503687,Oliver Peoples,SI,248,0OV5454U,0,NO,create
6150,827934459984,Oliver Peoples,SI,248,0OV5456SU,1,NO,update
6151,827934471146,Oliver Peoples,SI,248,0OV5456SU,0,NO,create
6152,827934459182,Oliver Peoples,SI,248,0OV5457U,0,NO,create
6153,827934479852,Oliver Peoples,SI,248,0OV5457U,0,NO,create
6154,827934478848,Oliver Peoples,SI,248,0OV5459SU,1,NO,update
6155,827934499942,Oliver Peoples,SI,248,0OV5459SU,0,NO,create
6156,827934499935,Oliver Peoples,SI,248,0OV5459SU,0,NO,create
6157,827934478893,Oliver Peoples,SI,248,0OV5459SU,1,NO,update
6158,827934478886,Oliver Peoples,SI,248,0OV5459SU,1,NO,update
6159,827934478862,Oliver Peoples,SI,248,0OV5459SU,1,NO,update
6160,827934502734,Oliver Peoples,SI,248,0OV5459SU,0,NO,create
6161,827934502741,Oliver Peoples,SI,248,0OV5459SU,0,NO,create
6162,827934470095,Oliver Peoples,SI,248,0OV5459U,1,NO,update
6163,827934470088,Oliver Peoples,SI,248,0OV5459U,1,NO,update
6164,827934482890,Oliver Peoples,SI,248,0OV5459U,0,NO,create
6165,827934502888,Oliver Peoples,SI,248,0OV5459U,0,NO,create
6166,827934467774,Oliver Peoples,SI,248,0OV5466U,1,NO,update
6167,827934467798,Oliver Peoples,SI,248,0OV5466U,1,NO,update
6168,827934482913,Oliver Peoples,SI,248,0OV5470U,0,NO,create
6169,827934469921,Oliver Peoples,SI,248,0OV5474U,0,NO,create
6170,827934470040,Oliver Peoples,SI,248,0OV5475U,0,NO,create
6171,827934471214,Oliver Peoples,SI,248,0OV5480U,1,NO,update
6172,827934499836,Oliver Peoples,SI,248,0OV5480U,0,NO,create
6173,827934499812,Oliver Peoples,SI,248,0OV5481U,1,NO,update
6174,827934505636,Oliver Peoples,SI,248,0OV5488U,0,NO,create
6175,827934478114,Oliver Peoples,SI,248,0OV5488U,1,NO,update
6176,827934505629,Oliver Peoples,SI,248,0OV5488U,0,NO,create
6177,827934478107,Oliver Peoples,SI,248,0OV5488U,1,NO,update
6178,827934505643,Oliver Peoples,SI,248,0OV5488U,0,NO,create
6179,827934502505,Oliver Peoples,SI,248,0OV5488U,0,NO,create
6180,827934478084,Oliver Peoples,SI,248,0OV5488U,1,NO,update
6181,827934505599,Oliver Peoples,SI,248,0OV5488U,1,NO,update
6182,827934478077,Oliver Peoples,SI,248,0OV5488U,1,NO,update
6183,827934479647,Oliver Peoples,SI,248,0OV5489U,0,NO,create
6184,827934479906,Oliver Peoples,SI,248,0OV5489U,0,NO,create
6185,827934478756,Oliver Peoples,SI,248,0OV5490SU,1,NO,update
6186,827934478794,Oliver Peoples,SI,248,0OV5490SU,0,NO,create
6187,827934478497,Oliver Peoples,SI,248,0OV5491SU,1,NO,update
6188,827934478503,Oliver Peoples,SI,248,0OV5491SU,1,NO,update
6189,827934478589,Oliver Peoples,SI,248,0OV5491SU,0,NO,create
6190,827934478572,Oliver Peoples,SI,248,0OV5491SU,1,NO,update
6191,827934478510,Oliver Peoples,SI,248,0OV5491SU,1,NO,update
6192,827934478527,Oliver Peoples,SI,248,0OV5491SU,1,NO,update
6193,827934478565,Oliver Peoples,SI,248,0OV5491SU,1,NO,update
6194,827934505841,Oliver Peoples,SI,248,0OV5491SU,0,NO,create
6195,827934505858,Oliver Peoples,SI,248,0OV5491SU,0,NO,create
6196,827934505827,Oliver Peoples,SI,248,0OV5491SU,0,NO,create
6197,827934505834,Oliver Peoples,SI,248,0OV5491SU,0,NO,create
6198,827934478343,Oliver Peoples,SI,248,0OV5491U,1,NO,update
6199,827934478350,Oliver Peoples,SI,248,0OV5491U,1,NO,update
6200,827934478367,Oliver Peoples,SI,248,0OV5491U,1,NO,update
6201,827934478374,Oliver Peoples,SI,248,0OV5491U,1,NO,update
6202,827934478404,Oliver Peoples,SI,248,0OV5491U,0,NO,create
6203,827934478411,Oliver Peoples,SI,248,0OV5491U,0,NO,create
6204,827934478435,Oliver Peoples,SI,248,0OV5491U,0,NO,create
6205,827934502635,Oliver Peoples,SI,248,0OV5491U,0,NO,create
6206,827934502642,Oliver Peoples,SI,248,0OV5491U,1,NO,update
6207,827934502659,Oliver Peoples,SI,248,0OV5491U,1,NO,update
6208,827934478459,Oliver Peoples,SI,248,0OV5496,0,NO,create
6209,827934480049,Oliver Peoples,SI,248,0OV5498SU,1,NO,update
6210,827934507029,Oliver Peoples,SI,248,0OV5498SU,0,NO,create
6211,827934480063,Oliver Peoples,SI,248,0OV5498SU,1,NO,update
6212,827934480070,Oliver Peoples,SI,248,0OV5498SU,0,NO,create
6213,827934507043,Oliver Peoples,SI,248,0OV5498SU,1,NO,update
6214,827934507036,Oliver Peoples,SI,248,0OV5498SU,0,NO,create
6215,827934481473,Oliver Peoples,SI,248,0OV5501U,0,NO,create
6216,827934481596,Oliver Peoples,SI,248,0OV5501U,0,NO,create
6217,827934482180,Oliver Peoples,SI,248,0OV5502U,0,NO,create
6218,827934482197,Oliver Peoples,SI,248,0OV5502U,1,NO,update
6219,827934482203,Oliver Peoples,SI,248,0OV5502U,0,NO,create
6220,827934483200,Oliver Peoples,SI,248,0OV5502U,0,NO,create
6221,827934482210,Oliver Peoples,SI,248,0OV5502U,0,NO,create
6222,827934481640,Oliver Peoples,SI,248,0OV5503U,0,NO,create
6223,827934481657,Oliver Peoples,SI,248,0OV5503U,0,NO,create
6224,827934481664,Oliver Peoples,SI,248,0OV5503U,0,NO,create
6225,827934481671,Oliver Peoples,SI,248,0OV5503U,0,NO,create
6226,827934481688,Oliver Peoples,SI,248,0OV5503U,0,NO,create
6227,827934481770,Oliver Peoples,SI,248,0OV5504SU,1,NO,update
6228,827934503083,Oliver Peoples,SI,248,0OV5504SU,0,NO,create
6229,827934503106,Oliver Peoples,SI,248,0OV5504SU,0,NO,create
6230,827934481794,Oliver Peoples,SI,248,0OV5504SU,1,NO,update
6231,827934503090,Oliver Peoples,SI,248,0OV5504SU,0,NO,create
6232,827934481800,Oliver Peoples,SI,248,0OV5504SU,1,NO,update
6233,827934481992,Oliver Peoples,SI,248,0OV5504SU,1,NO,update
6234,827934503120,Oliver Peoples,SI,248,0OV5504SU,0,NO,create
6235,827934483088,Oliver Peoples,SI,248,0OV5504U,1,NO,update
6236,827934503137,Oliver Peoples,SI,248,0OV5504U,0,NO,create
6237,827934503168,Oliver Peoples,SI,248,0OV5504U,0,NO,create
6238,827934498280,Oliver Peoples,SI,248,0OV5504U,0,NO,create
6239,827934503175,Oliver Peoples,SI,248,0OV5504U,0,NO,create
6240,827934483118,Oliver Peoples,SI,248,0OV5504U,1,NO,update
6241,827934503144,Oliver Peoples,SI,248,0OV5504U,0,NO,create
6242,827934483125,Oliver Peoples,SI,248,0OV5504U,0,NO,create
6243,827934498266,Oliver Peoples,SI,248,0OV5504U,0,NO,create
6244,827934503151,Oliver Peoples,SI,248,0OV5504U,0,NO,create
6245,827934482333,Oliver Peoples,SI,248,0OV5507U,0,NO,create
6246,827934481619,Oliver Peoples,SI,248,0OV5508U,0,NO,create
6247,827934481626,Oliver Peoples,SI,248,0OV5508U,0,NO,create
6248,827934481633,Oliver Peoples,SI,248,0OV5508U,0,NO,create
6249,827934481817,Oliver Peoples,SI,248,0OV5509SU,0,NO,create
6250,827934481824,Oliver Peoples,SI,248,0OV5509SU,1,NO,update
6251,827934498174,Oliver Peoples,SI,248,0OV5509SU,0,NO,create
6252,827934498181,Oliver Peoples,SI,248,0OV5509SU,0,NO,create
6253,827934482074,Oliver Peoples,SI,248,0OV5509SU,1,NO,update
6254,827934481879,Oliver Peoples,SI,248,0OV5509SU,0,NO,create
6255,827934505773,Oliver Peoples,SI,248,0OV5509SU,0,NO,create
6256,827934505759,Oliver Peoples,SI,248,0OV5509SU,0,NO,create
6257,827934482289,Oliver Peoples,SI,248,0OV5510SU,1,NO,update
6258,827934481947,Oliver Peoples,SI,248,0OV5511SU,1,NO,update
6259,827934481954,Oliver Peoples,SI,248,0OV5511SU,1,NO,update
6260,827934481961,Oliver Peoples,SI,248,0OV5511SU,0,NO,create
6261,827934481978,Oliver Peoples,SI,248,0OV5511SU,1,NO,update
6262,827934481893,Oliver Peoples,SI,248,0OV5512SU,1,NO,update
6263,827934481909,Oliver Peoples,SI,248,0OV5512SU,0,NO,create
6264,827934500594,Oliver Peoples,SI,248,0OV5512SU,0,NO,create
6265,827934528963,Oliver Peoples,SI,248,0OV5512SU,0,NO,create
6266,827934528062,Oliver Peoples,SI,248,0OV5512SU,0,NO,create
6267,827934481916,Oliver Peoples,SI,248,0OV5512SU,1,NO,update
6268,827934528079,Oliver Peoples,SI,248,0OV5512SU,0,NO,create
6269,827934481923,Oliver Peoples,SI,248,0OV5512SU,0,NO,create
6270,827934481930,Oliver Peoples,SI,248,0OV5512SU,1,NO,update
6271,827934483156,Oliver Peoples,SI,248,0OV5513SU,1,NO,update
6272,827934483163,Oliver Peoples,SI,248,0OV5513SU,0,NO,create
6273,827934483170,Oliver Peoples,SI,248,0OV5513SU,1,NO,update
6274,827934528970,Oliver Peoples,SI,248,0OV5513SU,0,NO,create
6275,827934483187,Oliver Peoples,SI,248,0OV5513SU,1,NO,update
6276,827934483194,Oliver Peoples,SI,248,0OV5513SU,0,NO,create
6277,827934481749,Oliver Peoples,SI,248,0OV5514SU,0,NO,create
6278,827934506848,Oliver Peoples,SI,248,0OV5514SU,0,NO,create
6279,827934506855,Oliver Peoples,SI,248,0OV5514SU,0,NO,create
6280,827934506862,Oliver Peoples,SI,248,0OV5514SU,0,NO,create
6281,827934500587,Oliver Peoples,SI,248,0OV5520SU,1,NO,update
6282,827934499744,Oliver Peoples,SI,248,0OV5520SU,1,NO,update
6283,827934499751,Oliver Peoples,SI,248,0OV5520SU,1,NO,update
6284,827934505407,Oliver Peoples,SI,248,0OV5520SU,1,NO,update
6285,827934499508,Oliver Peoples,SI,248,0OV5521SU,1,NO,update
6286,827934499515,Oliver Peoples,SI,248,0OV5521SU,1,NO,update
6287,827934499522,Oliver Peoples,SI,248,0OV5521SU,1,NO,update
6288,827934499416,Oliver Peoples,SI,248,0OV5522SU,1,NO,update
6289,827934499430,Oliver Peoples,SI,248,0OV5522SU,0,NO,create
6290,827934499454,Oliver Peoples,SI,248,0OV5522SU,1,NO,update
6291,827934499690,Oliver Peoples,SI,248,0OV5523SU,1,NO,update
6292,827934499713,Oliver Peoples,SI,248,0OV5523SU,1,NO,update
6293,827934499720,Oliver Peoples,SI,248,0OV5523SU,1,NO,update
6294,827934499737,Oliver Peoples,SI,248,0OV5523SU,1,NO,update
6295,827934505421,Oliver Peoples,SI,248,0OV5523SU,1,NO,update
6296,827934499133,Oliver Peoples,SI,248,0OV5524SU,1,NO,update
6297,827934499140,Oliver Peoples,SI,248,0OV5524SU,1,NO,update
6298,827934499157,Oliver Peoples,SI,248,0OV5524SU,1,NO,update
6299,827934499164,Oliver Peoples,SI,248,0OV5524SU,0,NO,create
6300,827934499171,Oliver Peoples,SI,248,0OV5524SU,1,NO,update
6301,827934499089,Oliver Peoples,SI,248,0OV5524U,0,NO,create
6302,827934499102,Oliver Peoples,SI,248,0OV5524U,1,NO,update
6303,827934499119,Oliver Peoples,SI,248,0OV5524U,1,NO,update
6304,827934499126,Oliver Peoples,SI,248,0OV5524U,1,NO,update
6305,827934499232,Oliver Peoples,SI,248,0OV5525U,1,NO,update
6306,827934499256,Oliver Peoples,SI,248,0OV5525U,0,NO,create
6307,827934499263,Oliver Peoples,SI,248,0OV5525U,1,NO,update
6308,827934500730,Oliver Peoples,SI,248,0OV5525U,0,NO,create
6309,827934499553,Oliver Peoples,SI,248,0OV5526SU,0,NO,create
6310,827934499560,Oliver Peoples,SI,248,0OV5526SU,1,NO,update
6311,827934499577,Oliver Peoples,SI,248,0OV5526SU,0,NO,create
6312,827934499584,Oliver Peoples,SI,248,0OV5526SU,0,NO,create
6313,827934498778,Oliver Peoples,SI,248,0OV5527U,1,NO,update
6314,827934498792,Oliver Peoples,SI,248,0OV5527U,0,NO,create
6315,827934498808,Oliver Peoples,SI,248,0OV5527U,1,NO,update
6316,827934498822,Oliver Peoples,SI,248,0OV5527U,1,NO,update
6317,827934498716,Oliver Peoples,SI,248,0OV5528U,1,NO,update
6318,827934530089,Oliver Peoples,SI,248,0OV5528U,0,NO,create
6319,827934498723,Oliver Peoples,SI,248,0OV5528U,0,NO,create
6320,827934530126,Oliver Peoples,SI,248,0OV5528U,0,NO,create
6321,827934498730,Oliver Peoples,SI,248,0OV5528U,1,NO,update
6322,827934530096,Oliver Peoples,SI,248,0OV5528U,0,NO,create
6323,827934498938,Oliver Peoples,SI,248,0OV5529SU,0,NO,create
6324,827934498945,Oliver Peoples,SI,248,0OV5529SU,1,NO,update
6325,827934498952,Oliver Peoples,SI,248,0OV5529SU,0,NO,create
6326,827934498976,Oliver Peoples,SI,248,0OV5529SU,0,NO,create
6327,827934498983,Oliver Peoples,SI,248,0OV5529SU,1,NO,update
6328,827934499003,Oliver Peoples,SI,248,0OV5529SU,1,NO,update
6329,827934499027,Oliver Peoples,SI,248,0OV5529SU,0,NO,create
6330,827934498839,Oliver Peoples,SI,248,0OV5529U,1,NO,update
6331,827934498846,Oliver Peoples,SI,248,0OV5529U,1,NO,update
6332,827934498860,Oliver Peoples,SI,248,0OV5529U,1,NO,update
6333,827934498884,Oliver Peoples,SI,248,0OV5529U,1,NO,update
6334,827934498914,Oliver Peoples,SI,248,0OV5529U,1,NO,update
6335,827934498921,Oliver Peoples,SI,248,0OV5529U,1,NO,update
6336,827934499034,Oliver Peoples,SI,248,0OV5532U,0,NO,create
6337,827934506916,Oliver Peoples,SI,248,0OV5532U,0,NO,create
6338,827934499041,Oliver Peoples,SI,248,0OV5532U,0,NO,create
6339,827934506909,Oliver Peoples,SI,248,0OV5532U,0,NO,create
6340,827934499058,Oliver Peoples,SI,248,0OV5532U,1,NO,update
6341,827934506886,Oliver Peoples,SI,248,0OV5532U,0,NO,create
6342,827934499065,Oliver Peoples,SI,248,0OV5532U,0,NO,create
6343,827934506893,Oliver Peoples,SI,248,0OV5532U,0,NO,create
6344,827934499072,Oliver Peoples,SI,248,0OV5532U,1,NO,update
6345,827934499195,Oliver Peoples,SI,248,0OV5533U,0,NO,create
6346,827934501553,Oliver Peoples,SI,248,0OV5538U,1,NO,update
6347,827934501560,Oliver Peoples,SI,248,0OV5538U,1,NO,update
6348,827934508231,Oliver Peoples,SI,248,0OV5538U,0,NO,create
6349,827934501577,Oliver Peoples,SI,248,0OV5538U,1,NO,update
6350,827934501584,Oliver Peoples,SI,248,0OV5538U,1,NO,update
6351,827934501591,Oliver Peoples,SI,248,0OV5538U,0,NO,create
6352,827934508248,Oliver Peoples,SI,248,0OV5538U,0,NO,create
6353,827934506466,Oliver Peoples,SI,248,0OV5539SU,0,NO,create
6354,827934506442,Oliver Peoples,SI,248,0OV5539SU,0,NO,create
6355,827934529021,Oliver Peoples,SI,248,0OV5539SU,0,NO,create
6356,827934501324,Oliver Peoples,SI,248,0OV5540SU,0,NO,create
6357,827934501331,Oliver Peoples,SI,248,0OV5540SU,0,NO,create
6358,827934501348,Oliver Peoples,SI,248,0OV5540SU,1,NO,update
6359,827934501355,Oliver Peoples,SI,248,0OV5540SU,0,NO,create
6360,827934501362,Oliver Peoples,SI,248,0OV5540SU,1,NO,update
6361,827934501607,Oliver Peoples,SI,248,0OV5540U,1,NO,update
6362,827934501614,Oliver Peoples,SI,248,0OV5540U,1,NO,update
6363,827934501621,Oliver Peoples,SI,248,0OV5540U,0,NO,create
6364,827934501638,Oliver Peoples,SI,248,0OV5540U,1,NO,update
6365,827934501645,Oliver Peoples,SI,248,0OV5540U,1,NO,update
6366,827934501379,Oliver Peoples,SI,248,0OV5541SU,0,NO,create
6367,827934501386,Oliver Peoples,SI,248,0OV5541SU,0,NO,create
6368,827934501393,Oliver Peoples,SI,248,0OV5541SU,1,NO,update
6369,827934501409,Oliver Peoples,SI,248,0OV5541SU,0,NO,create
6370,827934501416,Oliver Peoples,SI,248,0OV5541SU,0,NO,create
6371,827934501423,Oliver Peoples,SI,248,0OV5542SU,1,NO,update
6372,827934501430,Oliver Peoples,SI,248,0OV5542SU,1,NO,update
6373,827934501447,Oliver Peoples,SI,248,0OV5542SU,1,NO,update
6374,827934501454,Oliver Peoples,SI,248,0OV5542SU,0,NO,create
6375,827934501461,Oliver Peoples,SI,248,0OV5542SU,0,NO,create
6376,827934524163,Oliver Peoples,SI,248,0OV5542SU,0,NO,create
6377,827934523210,Oliver Peoples,SI,248,0OV5542U,1,NO,update
6378,827934523203,Oliver Peoples,SI,248,0OV5542U,0,NO,create
6379,827934523234,Oliver Peoples,SI,248,0OV5542U,0,NO,create
6380,827934523227,Oliver Peoples,SI,248,0OV5542U,0,NO,create
6381,827934501690,Oliver Peoples,SI,248,0OV5543,0,NO,create
6382,827934501706,Oliver Peoples,SI,248,0OV5543,0,NO,create
6383,827934501713,Oliver Peoples,SI,248,0OV5543,1,NO,update
6384,827934501720,Oliver Peoples,SI,248,0OV5543,1,NO,update
6385,827934502260,Oliver Peoples,SI,248,0OV5543,1,NO,update
6386,827934501812,Oliver Peoples,SI,248,0OV5544,1,NO,update
6387,827934501829,Oliver Peoples,SI,248,0OV5544,0,NO,create
6388,827934501836,Oliver Peoples,SI,248,0OV5544,0,NO,create
6389,827934502208,Oliver Peoples,SI,248,0OV5544,1,NO,update
6390,827934502215,Oliver Peoples,SI,248,0OV5544,1,NO,update
6391,827934502048,Oliver Peoples,SI,248,0OV5545U,1,NO,update
6392,827934502055,Oliver Peoples,SI,248,0OV5545U,1,NO,update
6393,827934502062,Oliver Peoples,SI,248,0OV5545U,1,NO,update
6394,827934502079,Oliver Peoples,SI,248,0OV5545U,0,NO,create
6395,827934501997,Oliver Peoples,SI,248,0OV5546SU,0,NO,create
6396,827934502000,Oliver Peoples,SI,248,0OV5546SU,0,NO,create
6397,827934502017,Oliver Peoples,SI,248,0OV5546SU,1,NO,update
6398,827934502031,Oliver Peoples,SI,248,0OV5546SU,1,NO,update
6399,827934503014,Oliver Peoples,SI,248,0OV5546SU,0,NO,create
6400,827934501652,Oliver Peoples,SI,248,0OV5546U,0,NO,create
6401,827934501669,Oliver Peoples,SI,248,0OV5546U,0,NO,create
6402,827934501676,Oliver Peoples,SI,248,0OV5546U,0,NO,create
6403,827934501683,Oliver Peoples,SI,248,0OV5546U,0,NO,create
6404,827934502277,Oliver Peoples,SI,248,0OV5546U,0,NO,create
6405,827934502161,Oliver Peoples,SI,248,0OV5547SU,0,NO,create
6406,827934502178,Oliver Peoples,SI,248,0OV5547SU,0,NO,create
6407,827934502307,Oliver Peoples,SI,248,0OV5547SU,0,NO,create
6408,827934502185,Oliver Peoples,SI,248,0OV5547SU,0,NO,create
6409,827934502192,Oliver Peoples,SI,248,0OV5547SU,1,NO,update
6410,827934501232,Oliver Peoples,SI,248,0OV5547U,0,NO,create
6411,827934501249,Oliver Peoples,SI,248,0OV5547U,0,NO,create
6412,827934501256,Oliver Peoples,SI,248,0OV5547U,0,NO,create
6413,827934501263,Oliver Peoples,SI,248,0OV5547U,0,NO,create
6414,827934502291,Oliver Peoples,SI,248,0OV5547U,0,NO,create
6415,827934503038,Oliver Peoples,SI,248,0OV5548SU,1,NO,update
6416,827934503045,Oliver Peoples,SI,248,0OV5548SU,0,NO,create
6417,827934503052,Oliver Peoples,SI,248,0OV5548SU,1,NO,update
6418,827934503069,Oliver Peoples,SI,248,0OV5548SU,0,NO,create
6419,827934502239,Oliver Peoples,SI,248,0OV5549SU,0,NO,create
6420,827934502246,Oliver Peoples,SI,248,0OV5549SU,0,NO,create
6421,827934502253,Oliver Peoples,SI,248,0OV5549SU,0,NO,create
6422,827934502314,Oliver Peoples,SI,248,0OV5549SU,0,NO,create
6423,827934502321,Oliver Peoples,SI,248,0OV5551SU,0,NO,create
6424,827934502345,Oliver Peoples,SI,248,0OV5551SU,0,NO,create
6425,827934502338,Oliver Peoples,SI,248,0OV5551SU,0,NO,create
6426,827934502352,Oliver Peoples,SI,248,0OV5551SU,0,NO,create
6427,827934503489,Oliver Peoples,SI,248,0OV5552SU,0,NO,create
6428,827934506244,Oliver Peoples,SI,248,0OV5552SU,1,NO,update
6429,827934503496,Oliver Peoples,SI,248,0OV5552SU,0,NO,create
6430,827934506268,Oliver Peoples,SI,248,0OV5552SU,0,NO,create
6431,827934503502,Oliver Peoples,SI,248,0OV5552SU,1,NO,update
6432,827934506275,Oliver Peoples,SI,248,0OV5552SU,0,NO,create
6433,827934503519,Oliver Peoples,SI,248,0OV5552SU,0,NO,create
6434,827934503526,Oliver Peoples,SI,248,0OV5552SU,0,NO,create
6435,827934506534,Oliver Peoples,SI,248,0OV5552U,0,NO,create
6436,827934506541,Oliver Peoples,SI,248,0OV5552U,0,NO,create
6437,827934506558,Oliver Peoples,SI,248,0OV5552U,0,NO,create
6438,827934506565,Oliver Peoples,SI,248,0OV5552U,1,NO,update
6439,827934506572,Oliver Peoples,SI,248,0OV5552U,0,NO,create
6440,827934504141,Oliver Peoples,SI,248,0OV5553SU,1,NO,update
6441,827934524026,Oliver Peoples,SI,248,0OV5553SU,1,NO,update
6442,827934504165,Oliver Peoples,SI,248,0OV5553SU,1,NO,update
6443,827934524040,Oliver Peoples,SI,248,0OV5553SU,1,NO,update
6444,827934524651,Oliver Peoples,SI,248,0OV5553SU,1,NO,update
6445,827934524644,Oliver Peoples,SI,248,0OV5553SU,1,NO,update
6446,827934524675,Oliver Peoples,SI,248,0OV5553SU,0,NO,create
6447,827934524668,Oliver Peoples,SI,248,0OV5553SU,0,NO,create
6448,827934504400,Oliver Peoples,SI,248,0OV5553U,1,NO,update
6449,827934504424,Oliver Peoples,SI,248,0OV5553U,1,NO,update
6450,827934504196,Oliver Peoples,SI,248,0OV5554SU,1,NO,update
6451,827934504202,Oliver Peoples,SI,248,0OV5554SU,0,NO,create
6452,827934504219,Oliver Peoples,SI,248,0OV5554SU,1,NO,update
6453,827934504226,Oliver Peoples,SI,248,0OV5554SU,1,NO,update
6454,827934504325,Oliver Peoples,SI,248,0OV5554SU,0,NO,create
6455,827934524323,Oliver Peoples,SI,248,0OV5555SU,0,NO,create
6456,827934524316,Oliver Peoples,SI,248,0OV5555SU,1,NO,update
6457,827934503991,Oliver Peoples,SI,248,0OV5555SU,1,NO,update
6458,827934503977,Oliver Peoples,SI,248,0OV5555SU,1,NO,update
6459,827934506701,Oliver Peoples,SI,248,0OV5560S,1,NO,update
6460,827934506732,Oliver Peoples,SI,248,0OV5560S,1,NO,update
6461,827934505209,Oliver Peoples,SI,248,0OV5561U,0,NO,create
6462,827934505230,Oliver Peoples,SI,248,0OV5561U,1,NO,update
6463,827934505216,Oliver Peoples,SI,248,0OV5561U,0,NO,create
6464,827934505223,Oliver Peoples,SI,248,0OV5561U,1,NO,update
6465,827934504967,Oliver Peoples,SI,248,0OV5562SU,0,NO,create
6466,827934504974,Oliver Peoples,SI,248,0OV5562SU,0,NO,create
6467,827934504981,Oliver Peoples,SI,248,0OV5562SU,1,NO,update
6468,827934504998,Oliver Peoples,SI,248,0OV5562SU,1,NO,update
6469,827934505001,Oliver Peoples,SI,248,0OV5562SU,1,NO,update
6470,827934504912,Oliver Peoples,SI,248,0OV5562U,0,NO,create
6471,827934504929,Oliver Peoples,SI,248,0OV5562U,0,NO,create
6472,827934504936,Oliver Peoples,SI,248,0OV5562U,0,NO,create
6473,827934504950,Oliver Peoples,SI,248,0OV5562U,0,NO,create
6474,827934504943,Oliver Peoples,SI,248,0OV5562U,1,NO,update
6475,827934505063,Oliver Peoples,SI,248,0OV5564SU,0,NO,create
6476,827934505094,Oliver Peoples,SI,248,0OV5564SU,0,NO,create
6477,827934505087,Oliver Peoples,SI,248,0OV5564SU,0,NO,create
6478,827934505070,Oliver Peoples,SI,248,0OV5564SU,1,NO,update
6479,827934505100,Oliver Peoples,SI,248,0OV5564SU,1,NO,update
6480,827934505308,Oliver Peoples,SI,248,0OV5565SU,1,NO,update
6481,827934506282,Oliver Peoples,SI,248,0OV5565SU,0,NO,create
6482,827934505315,Oliver Peoples,SI,248,0OV5565SU,1,NO,update
6483,827934506305,Oliver Peoples,SI,248,0OV5565SU,1,NO,update
6484,827934506299,Oliver Peoples,SI,248,0OV5565SU,1,NO,update
6485,827934524156,Oliver Peoples,SI,248,0OV5565SU,1,NO,update
6486,827934505155,Oliver Peoples,SI,248,0OV5566U,0,NO,create
6487,827934505179,Oliver Peoples,SI,248,0OV5566U,1,NO,update
6488,827934505162,Oliver Peoples,SI,248,0OV5566U,0,NO,create
6489,827934505186,Oliver Peoples,SI,248,0OV5566U,0,NO,create
6490,827934505193,Oliver Peoples,SI,248,0OV5566U,1,NO,update
6491,827934524149,Oliver Peoples,SI,248,0OV5566U,0,NO,create
6492,827934504813,Oliver Peoples,SI,248,0OV5567U,1,NO,update
6493,827934504837,Oliver Peoples,SI,248,0OV5567U,1,NO,update
6494,827934504844,Oliver Peoples,SI,248,0OV5567U,0,NO,create
6495,827934504851,Oliver Peoples,SI,248,0OV5567U,0,NO,create
6496,827934505018,Oliver Peoples,SI,248,0OV5568U,1,NO,update
6497,827934524576,Oliver Peoples,SI,248,0OV5568U,0,NO,create
6498,827934505025,Oliver Peoples,SI,248,0OV5568U,1,NO,update
6499,827934524583,Oliver Peoples,SI,248,0OV5568U,0,NO,create
6500,827934505049,Oliver Peoples,SI,248,0OV5568U,0,NO,create
6501,827934524606,Oliver Peoples,SI,248,0OV5568U,0,NO,create
6502,827934505032,Oliver Peoples,SI,248,0OV5568U,1,NO,update
6503,827934524590,Oliver Peoples,SI,248,0OV5568U,0,NO,create
6504,827934505056,Oliver Peoples,SI,248,0OV5568U,1,NO,update
6505,827934524613,Oliver Peoples,SI,248,0OV5568U,0,NO,create
6506,827934506398,Oliver Peoples,SI,248,0OV5570U,0,NO,create
6507,827934506404,Oliver Peoples,SI,248,0OV5570U,0,NO,create
6508,827934529038,Oliver Peoples,SI,248,0OV5570U,0,NO,create
6509,827934506480,Oliver Peoples,SI,248,0OV5571SU,0,NO,create
6510,827934506510,Oliver Peoples,SI,248,0OV5571SU,0,NO,create
6511,827934529045,Oliver Peoples,SI,248,0OV5571SU,0,NO,create
6512,827934505964,Oliver Peoples,SI,248,0OV5572S,1,NO,update
6513,827934505971,Oliver Peoples,SI,248,0OV5572S,1,NO,update
6514,827934505261,Oliver Peoples,SI,248,0OV5573SU,1,NO,update
6515,827934505254,Oliver Peoples,SI,248,0OV5573SU,1,NO,update
6516,827934505285,Oliver Peoples,SI,248,0OV5573SU,1,NO,update
6517,827934505292,Oliver Peoples,SI,248,0OV5573SU,1,NO,update
6518,827934505476,Oliver Peoples,SI,248,0OV5574SU,1,NO,update
6519,827934505469,Oliver Peoples,SI,248,0OV5574SU,1,NO,update
6520,827934505988,Oliver Peoples,SI,248,0OV5574SU,1,NO,update
6521,827934509894,Oliver Peoples,SI,248,0OV5574U,1,NO,update
6522,827934509887,Oliver Peoples,SI,248,0OV5574U,1,NO,update
6523,827934509900,Oliver Peoples,SI,248,0OV5574U,0,NO,create
6524,827934509917,Oliver Peoples,SI,248,0OV5574U,0,NO,create
6525,827934505360,Oliver Peoples,SI,248,0OV5575SU,1,NO,update
6526,827934505377,Oliver Peoples,SI,248,0OV5575SU,1,NO,update
6527,827934505384,Oliver Peoples,SI,248,0OV5575SU,0,NO,create
6528,827934506985,Oliver Peoples,SI,248,0OV5575SU,0,NO,create
6529,827934507173,Oliver Peoples,SI,248,0OV5577,1,NO,update
6530,827934507180,Oliver Peoples,SI,248,0OV5577,1,NO,update
6531,827934507197,Oliver Peoples,SI,248,0OV5577,1,NO,update
6532,827934507203,Oliver Peoples,SI,248,0OV5577,0,NO,create
6533,827934507524,Oliver Peoples,SI,248,0OV5578,1,NO,update
6534,827934530065,Oliver Peoples,SI,248,0OV5578,0,NO,create
6535,827934507531,Oliver Peoples,SI,248,0OV5578,1,NO,update
6536,827934530072,Oliver Peoples,SI,248,0OV5578,0,NO,create
6537,827934507500,Oliver Peoples,SI,248,0OV5578,1,NO,update
6538,827934530041,Oliver Peoples,SI,248,0OV5578,0,NO,create
6539,827934507517,Oliver Peoples,SI,248,0OV5578,0,NO,create
6540,827934530058,Oliver Peoples,SI,248,0OV5578,0,NO,create
6541,827934507210,Oliver Peoples,SI,248,0OV5579U,0,NO,create
6542,827934530201,Oliver Peoples,SI,248,0OV5579U,0,NO,create
6543,827934507227,Oliver Peoples,SI,248,0OV5579U,1,NO,update
6544,827934530225,Oliver Peoples,SI,248,0OV5579U,0,NO,create
6545,827934507234,Oliver Peoples,SI,248,0OV5579U,1,NO,update
6546,827934530218,Oliver Peoples,SI,248,0OV5579U,0,NO,create
6547,827934507241,Oliver Peoples,SI,248,0OV5579U,0,NO,create
6548,827934530195,Oliver Peoples,SI,248,0OV5579U,0,NO,create
6549,827934507258,Oliver Peoples,SI,248,0OV5580SU,1,NO,update
6550,827934507272,Oliver Peoples,SI,248,0OV5580SU,1,NO,update
6551,827934507265,Oliver Peoples,SI,248,0OV5580SU,1,NO,update
6552,827934507289,Oliver Peoples,SI,248,0OV5580SU,1,NO,update
6553,827934528802,Oliver Peoples,SI,248,0OV5580U,0,NO,create
6554,827934528819,Oliver Peoples,SI,248,0OV5580U,0,NO,create
6555,827934528826,Oliver Peoples,SI,248,0OV5580U,0,NO,create
6556,827934528796,Oliver Peoples,SI,248,0OV5580U,0,NO,create
6557,827934507296,Oliver Peoples,SI,248,0OV5581SU,1,NO,update
6558,827934507326,Oliver Peoples,SI,248,0OV5581SU,1,NO,update
6559,827934507319,Oliver Peoples,SI,248,0OV5581SU,1,NO,update
6560,827934507302,Oliver Peoples,SI,248,0OV5581SU,1,NO,update
6561,827934507333,Oliver Peoples,SI,248,0OV5581U,1,NO,update
6562,827934530584,Oliver Peoples,SI,248,0OV5581U,0,NO,create
6563,827934507357,Oliver Peoples,SI,248,0OV5581U,1,NO,update
6564,827934530607,Oliver Peoples,SI,248,0OV5581U,0,NO,create
6565,827934507364,Oliver Peoples,SI,248,0OV5581U,1,NO,update
6566,827934530614,Oliver Peoples,SI,248,0OV5581U,0,NO,create
6567,827934507340,Oliver Peoples,SI,248,0OV5581U,1,NO,update
6568,827934530591,Oliver Peoples,SI,248,0OV5581U,0,NO,create
6569,827934508125,Oliver Peoples,SI,248,0OV5582SU,1,NO,update
6570,827934508118,Oliver Peoples,SI,248,0OV5582SU,1,NO,update
6571,827934508132,Oliver Peoples,SI,248,0OV5582SU,0,NO,create
6572,827934509245,Oliver Peoples,SI,248,0OV5582SU,1,NO,update
6573,827934508156,Oliver Peoples,SI,248,0OV5583SU,1,NO,update
6574,827934508149,Oliver Peoples,SI,248,0OV5583SU,1,NO,update
6575,827934508163,Oliver Peoples,SI,248,0OV5583SU,0,NO,create
6576,827934509238,Oliver Peoples,SI,248,0OV5583SU,0,NO,create
6577,827934507746,Oliver Peoples,SI,248,0OV5584U,1,NO,update
6578,827934507739,Oliver Peoples,SI,248,0OV5584U,1,NO,update
6579,827934528918,Oliver Peoples,SI,248,0OV5584U,0,NO,create
6580,827934507753,Oliver Peoples,SI,248,0OV5584U,1,NO,update
6581,827934528086,Oliver Peoples,SI,248,0OV5584U,0,NO,create
6582,827934507586,Oliver Peoples,SI,248,0OV5585U,0,NO,create
6583,827934507593,Oliver Peoples,SI,248,0OV5585U,0,NO,create
6584,827934507609,Oliver Peoples,SI,248,0OV5585U,0,NO,create
6585,827934507616,Oliver Peoples,SI,248,0OV5585U,0,NO,create
6586,827934509382,Oliver Peoples,SI,248,0OV5586SU,0,NO,create
6587,827934509399,Oliver Peoples,SI,248,0OV5586SU,1,NO,update
6588,827934509368,Oliver Peoples,SI,248,0OV5586SU,0,NO,create
6589,827934509375,Oliver Peoples,SI,248,0OV5586SU,0,NO,create
6590,827934509405,Oliver Peoples,SI,248,0OV5586SU,0,NO,create
6591,827934509412,Oliver Peoples,SI,248,0OV5586SU,1,NO,update
6592,827934509429,Oliver Peoples,SI,248,0OV5586SU,0,NO,create
6593,827934509436,Oliver Peoples,SI,248,0OV5586SU,1,NO,update
6594,827934528000,Oliver Peoples,SI,248,0OV5586U,0,NO,create
6595,827934528017,Oliver Peoples,SI,248,0OV5586U,0,NO,create
6596,827934528024,Oliver Peoples,SI,248,0OV5586U,0,NO,create
6597,827934528031,Oliver Peoples,SI,248,0OV5586U,0,NO,create
6598,827934528048,Oliver Peoples,SI,248,0OV5586U,0,NO,create
6599,827934528055,Oliver Peoples,SI,248,0OV5586U,0,NO,create
6600,827934509320,Oliver Peoples,SI,248,0OV5587SU,0,NO,create
6601,827934509337,Oliver Peoples,SI,248,0OV5587SU,1,NO,update
6602,827934509351,Oliver Peoples,SI,248,0OV5587SU,1,NO,update
6603,827934509344,Oliver Peoples,SI,248,0OV5587SU,0,NO,create
6604,827934509283,Oliver Peoples,SI,248,0OV5588SU,1,NO,update
6605,827934509290,Oliver Peoples,SI,248,0OV5588SU,1,NO,update
6606,827934509313,Oliver Peoples,SI,248,0OV5588SU,1,NO,update
6607,827934509306,Oliver Peoples,SI,248,0OV5588SU,0,NO,create
6608,827934527898,Oliver Peoples,SI,248,0OV5588U,0,NO,create
6609,827934527904,Oliver Peoples,SI,248,0OV5588U,0,NO,create
6610,827934527911,Oliver Peoples,SI,248,0OV5588U,0,NO,create
6611,827934527928,Oliver Peoples,SI,248,0OV5588U,0,NO,create
6612,827934527935,Oliver Peoples,SI,248,0OV5588U,0,NO,create
6613,827934527942,Oliver Peoples,SI,248,0OV5588U,0,NO,create
6614,827934507661,Oliver Peoples,SI,248,0OV5590SU,1,NO,update
6615,827934507685,Oliver Peoples,SI,248,0OV5590SU,1,NO,update
6616,827934509115,Oliver Peoples,SI,248,0OV5591SU,1,NO,update
6617,827934509122,Oliver Peoples,SI,248,0OV5591SU,0,NO,create
6618,827934508170,Oliver Peoples,SI,248,0OV5591SU,0,NO,create
6619,827934508521,Oliver Peoples,SI,248,0OV5592S,1,NO,update
6620,827934508767,Oliver Peoples,SI,248,0OV5592S,1,NO,update
6621,827934527867,Oliver Peoples,SI,248,0OV5592S,0,NO,create
6622,827934508545,Oliver Peoples,SI,248,0OV5592S,1,NO,update
6623,827934508569,Oliver Peoples,SI,248,0OV5592S,0,NO,create
6624,827934508613,Oliver Peoples,SI,248,0OV5593S,1,NO,update
6625,827934508774,Oliver Peoples,SI,248,0OV5593S,1,NO,update
6626,827934508637,Oliver Peoples,SI,248,0OV5593S,0,NO,create
6627,827934508620,Oliver Peoples,SI,248,0OV5593S,0,NO,create
6628,827934509993,Oliver Peoples,SI,248,0OV5596SU,0,NO,create
6629,827934509986,Oliver Peoples,SI,248,0OV5596SU,0,NO,create
6630,827934509962,Oliver Peoples,SI,248,0OV5596SU,1,NO,update
6631,827934509979,Oliver Peoples,SI,248,0OV5596SU,1,NO,update
6632,827934523678,Oliver Peoples,SI,248,0OV5597SU,0,NO,create
6633,827934523685,Oliver Peoples,SI,248,0OV5597SU,1,NO,update
6634,827934523692,Oliver Peoples,SI,248,0OV5597SU,0,NO,create
6635,827934527874,Oliver Peoples,SI,248,0OV5597SU,0,NO,create
6636,827934523449,Oliver Peoples,SI,248,0OV5598SU,1,NO,update
6637,827934523456,Oliver Peoples,SI,248,0OV5598SU,1,NO,update
6638,827934523463,Oliver Peoples,SI,248,0OV5598SU,1,NO,update
6639,827934523470,Oliver Peoples,SI,248,0OV5598SU,1,NO,update
6640,827934523418,Oliver Peoples,SI,248,0OV5599U,0,NO,create
6641,827934523432,Oliver Peoples,SI,248,0OV5599U,1,NO,update
6642,827934523425,Oliver Peoples,SI,248,0OV5599U,1,NO,update
6643,827934523401,Oliver Peoples,SI,248,0OV5599U,0,NO,create
6644,827934523241,Oliver Peoples,SI,248,0OV5601SU,1,NO,update
6645,827934523265,Oliver Peoples,SI,248,0OV5601SU,0,NO,create
6646,827934523272,Oliver Peoples,SI,248,0OV5601SU,0,NO,create
6647,827934523258,Oliver Peoples,SI,248,0OV5601SU,1,NO,update
6648,827934523326,Oliver Peoples,SI,248,0OV5602U,0,NO,create
6649,827934523333,Oliver Peoples,SI,248,0OV5602U,1,NO,update
6650,827934523340,Oliver Peoples,SI,248,0OV5602U,0,NO,create
6651,827934523357,Oliver Peoples,SI,248,0OV5602U,0,NO,create
6652,827934523289,Oliver Peoples,SI,248,0OV5602U,0,NO,create
6653,827934523296,Oliver Peoples,SI,248,0OV5602U,0,NO,create
6654,827934523302,Oliver Peoples,SI,248,0OV5602U,1,NO,update
6655,827934523319,Oliver Peoples,SI,248,0OV5602U,0,NO,create
6656,827934523388,Oliver Peoples,SI,248,0OV5603U,1,NO,update
6657,827934523371,Oliver Peoples,SI,248,0OV5603U,0,NO,create
6658,827934523395,Oliver Peoples,SI,248,0OV5603U,0,NO,create
6659,827934523364,Oliver Peoples,SI,248,0OV5603U,1,NO,update
6660,827934523616,Oliver Peoples,SI,248,0OV5605SU,0,NO,create
6661,827934523647,Oliver Peoples,SI,248,0OV5605SU,0,NO,create
6662,827934523630,Oliver Peoples,SI,248,0OV5605SU,1,NO,update
6663,827934523623,Oliver Peoples,SI,248,0OV5605SU,0,NO,create
6664,827934524828,Oliver Peoples,SI,248,0OV5606SU,1,NO,update
6665,827934524859,Oliver Peoples,SI,248,0OV5606SU,1,NO,update
6666,827934524835,Oliver Peoples,SI,248,0OV5606SU,1,NO,update
6667,827934524842,Oliver Peoples,SI,248,0OV5606SU,0,NO,create
6668,827934523715,Oliver Peoples,SI,248,0OV5607SU,1,NO,update
6669,827934523739,Oliver Peoples,SI,248,0OV5607SU,0,NO,create
6670,827934523708,Oliver Peoples,SI,248,0OV5607SU,1,NO,update
6671,827934523722,Oliver Peoples,SI,248,0OV5607SU,0,NO,create
6672,827934524699,Oliver Peoples,SI,248,0OV5608U,1,NO,update
6673,827934524712,Oliver Peoples,SI,248,0OV5608U,0,NO,create
6674,827934524705,Oliver Peoples,SI,248,0OV5608U,0,NO,create
6675,827934524682,Oliver Peoples,SI,248,0OV5608U,0,NO,create
6676,827934526600,Oliver Peoples,SI,248,0OV5609SU,1,NO,update
6677,827934526594,Oliver Peoples,SI,248,0OV5609SU,1,NO,update
6678,827934526617,Oliver Peoples,SI,248,0OV5609SU,0,NO,create
6679,827934526624,Oliver Peoples,SI,248,0OV5609SU,1,NO,update
6680,827934525214,Oliver Peoples,SI,248,0OV5610SU,1,NO,update
6681,827934525207,Oliver Peoples,SI,248,0OV5610SU,1,NO,update
6682,827934525221,Oliver Peoples,SI,248,0OV5610SU,0,NO,create
6683,827934525238,Oliver Peoples,SI,248,0OV5610SU,1,NO,update
6684,827934525252,Oliver Peoples,SI,248,0OV5611SU,1,NO,update
6685,827934525245,Oliver Peoples,SI,248,0OV5611SU,1,NO,update
6686,827934525269,Oliver Peoples,SI,248,0OV5611SU,1,NO,update
6687,827934525306,Oliver Peoples,SI,248,0OV5611SU,1,NO,update
6688,827934525160,Oliver Peoples,SI,248,0OV5612SU,1,NO,update
6689,827934525153,Oliver Peoples,SI,248,0OV5612SU,1,NO,update
6690,827934525177,Oliver Peoples,SI,248,0OV5612SU,1,NO,update
6691,827934525184,Oliver Peoples,SI,248,0OV5612SU,1,NO,update
6692,827934526037,Oliver Peoples,SI,248,0OV5613SU,0,NO,create
6693,827934526044,Oliver Peoples,SI,248,0OV5613SU,1,NO,update
6694,827934526259,Oliver Peoples,SI,248,0OV5613SU,1,NO,update
6695,827934526051,Oliver Peoples,SI,248,0OV5613SU,0,NO,create
6696,827934526242,Oliver Peoples,SI,248,0OV5614SU,1,NO,update
6697,827934526068,Oliver Peoples,SI,248,0OV5614SU,1,NO,update
6698,827934526075,Oliver Peoples,SI,248,0OV5614SU,1,NO,update
6699,827934526082,Oliver Peoples,SI,248,0OV5614SU,0,NO,create
6700,827934526006,Oliver Peoples,SI,248,0OV5615SU,1,NO,update
6701,827934526013,Oliver Peoples,SI,248,0OV5615SU,1,NO,update
6702,827934526020,Oliver Peoples,SI,248,0OV5615SU,1,NO,update
6703,827934526235,Oliver Peoples,SI,248,0OV5615SU,0,NO,create
6704,827934525818,Oliver Peoples,SI,248,0OV5616U,1,NO,update
6705,827934525825,Oliver Peoples,SI,248,0OV5616U,1,NO,update
6706,827934525801,Oliver Peoples,SI,248,0OV5616U,0,NO,create
6707,827934525832,Oliver Peoples,SI,248,0OV5616U,0,NO,create
6708,827934525917,Oliver Peoples,SI,248,0OV5617U,0,NO,create
6709,827934525887,Oliver Peoples,SI,248,0OV5617U,0,NO,create
6710,827934525894,Oliver Peoples,SI,248,0OV5617U,1,NO,update
6711,827934525900,Oliver Peoples,SI,248,0OV5617U,0,NO,create
6712,827934525870,Oliver Peoples,SI,248,0OV5618U,1,NO,update
6713,827934525849,Oliver Peoples,SI,248,0OV5618U,0,NO,create
6714,827934525856,Oliver Peoples,SI,248,0OV5618U,0,NO,create
6715,827934525863,Oliver Peoples,SI,248,0OV5618U,0,NO,create
6716,827934527812,Oliver Peoples,SI,248,0OV5619SU,1,NO,update
6717,827934527829,Oliver Peoples,SI,248,0OV5619SU,0,NO,create
6718,827934527843,Oliver Peoples,SI,248,0OV5619SU,0,NO,create
6719,827934527836,Oliver Peoples,SI,248,0OV5619SU,0,NO,create
6720,827934525931,Oliver Peoples,SI,248,0OV5620U,0,NO,create
6721,827934525924,Oliver Peoples,SI,248,0OV5620U,1,NO,update
6722,827934525948,Oliver Peoples,SI,248,0OV5620U,1,NO,update
6723,827934525955,Oliver Peoples,SI,248,0OV5620U,0,NO,create
6724,827934525757,Oliver Peoples,SI,248,0OV5621SU,1,NO,update
6725,827934525771,Oliver Peoples,SI,248,0OV5621SU,0,NO,create
6726,827934525740,Oliver Peoples,SI,248,0OV5621SU,1,NO,update
6727,827934525788,Oliver Peoples,SI,248,0OV5621SU,0,NO,create
6728,827934525764,Oliver Peoples,SI,248,0OV5621SU,0,NO,create
6729,827934525993,Oliver Peoples,SI,248,0OV5622U,1,NO,update
6730,827934525962,Oliver Peoples,SI,248,0OV5622U,1,NO,update
6731,827934525979,Oliver Peoples,SI,248,0OV5622U,0,NO,create
6732,827934525986,Oliver Peoples,SI,248,0OV5622U,0,NO,create
6733,827934525528,Oliver Peoples,SI,248,0OV5623S,1,NO,update
6734,827934525542,Oliver Peoples,SI,248,0OV5623S,1,NO,update
6735,827934525535,Oliver Peoples,SI,248,0OV5623S,1,NO,update
6736,827934527690,Oliver Peoples,SI,248,0OV5624SU,1,NO,update
6737,827934526143,Oliver Peoples,SI,248,0OV5624SU,1,NO,update
6738,827934526136,Oliver Peoples,SI,248,0OV5624SU,1,NO,update
6739,827934526129,Oliver Peoples,SI,248,0OV5624SU,1,NO,update
6740,827934527621,Oliver Peoples,SI,248,0OV5625SU,0,NO,create
6741,827934527638,Oliver Peoples,SI,248,0OV5625SU,0,NO,create
6742,827934527652,Oliver Peoples,SI,248,0OV5625SU,0,NO,create
6743,827934527645,Oliver Peoples,SI,248,0OV5625SU,0,NO,create
6744,827934528437,Oliver Peoples,SI,248,0OV5626SU,0,NO,create
6745,827934527386,Oliver Peoples,SI,248,0OV5626SU,0,NO,create
6746,827934528444,Oliver Peoples,SI,248,0OV5626SU,0,NO,create
6747,827934527973,Oliver Peoples,SI,248,0OV5628U,0,NO,create
6748,827934527980,Oliver Peoples,SI,248,0OV5628U,0,NO,create
6749,827934527997,Oliver Peoples,SI,248,0OV5628U,0,NO,create
6750,827934528871,Oliver Peoples,SI,248,0OV5629SU,0,NO,create
6751,827934528888,Oliver Peoples,SI,248,0OV5629SU,0,NO,create
6752,827934530546,Oliver Peoples,SI,248,0OV5629SU,0,NO,create
6753,827934530553,Oliver Peoples,SI,248,0OV5629SU,0,NO,create
6754,827934528895,Oliver Peoples,SI,248,0OV5629SU,0,NO,create
6755,827934528901,Oliver Peoples,SI,248,0OV5629SU,0,NO,create
6756,827934528857,Oliver Peoples,SI,248,0OV5629SU,0,NO,create
6757,827934528864,Oliver Peoples,SI,248,0OV5629SU,0,NO,create
6758,827934528536,Oliver Peoples,SI,248,0OV5630U,0,NO,create
6759,827934528543,Oliver Peoples,SI,248,0OV5630U,0,NO,create
6760,827934528529,Oliver Peoples,SI,248,0OV5630U,0,NO,create
6761,827934528512,Oliver Peoples,SI,248,0OV5630U,0,NO,create
6762,827934528574,Oliver Peoples,SI,248,0OV5631U,0,NO,create
6763,827934528581,Oliver Peoples,SI,248,0OV5631U,0,NO,create
6764,827934528598,Oliver Peoples,SI,248,0OV5631U,0,NO,create
6765,827934528604,Oliver Peoples,SI,248,0OV5631U,0,NO,create
6766,827934528611,Oliver Peoples,SI,248,0OV5631U,0,NO,create
6767,827934528628,Oliver Peoples,SI,248,0OV5631U,0,NO,create
6768,827934528550,Oliver Peoples,SI,248,0OV5631U,0,NO,create
6769,827934528567,Oliver Peoples,SI,248,0OV5631U,0,NO,create
6770,827934528468,Oliver Peoples,SI,248,0OV5632SU,0,NO,create
6771,827934528451,Oliver Peoples,SI,248,0OV5632SU,0,NO,create
6772,827934528475,Oliver Peoples,SI,248,0OV5632SU,0,NO,create
6773,827934530683,Oliver Peoples,SI,248,0OV5632SU,0,NO,create
6774,827934530508,Oliver Peoples,SI,248,0OV5633SU,0,NO,create
6775,827934530515,Oliver Peoples,SI,248,0OV5633SU,0,NO,create
6776,827934530522,Oliver Peoples,SI,248,0OV5633SU,0,NO,create
6777,827934530539,Oliver Peoples,SI,248,0OV5633SU,0,NO,create
6778,827934528482,Oliver Peoples,SI,248,0OV5634SU,0,NO,create
6779,827934528505,Oliver Peoples,SI,248,0OV5634SU,0,NO,create
6780,827934528499,Oliver Peoples,SI,248,0OV5634SU,0,NO,create
6781,827934528840,Oliver Peoples,SI,248,0OV5634SU,0,NO,create
6782,827934530478,Oliver Peoples,SI,248,0OV5635U,0,NO,create
6783,827934530249,Oliver Peoples,SI,248,0OV5635U,0,NO,create
6784,827934530232,Oliver Peoples,SI,248,0OV5635U,0,NO,create
6785,827934530461,Oliver Peoples,SI,248,0OV5635U,0,NO,create
6786,827934530386,Oliver Peoples,SI,248,0OV5636SU,0,NO,create
6787,827934530379,Oliver Peoples,SI,248,0OV5636SU,0,NO,create
6788,827934530393,Oliver Peoples,SI,248,0OV5636SU,0,NO,create
6789,827934528789,Oliver Peoples,SI,248,0OV5637SU,0,NO,create
6790,827934528765,Oliver Peoples,SI,248,0OV5637SU,0,NO,create
6791,827934528741,Oliver Peoples,SI,248,0OV5637SU,0,NO,create
6792,827934528758,Oliver Peoples,SI,248,0OV5637SU,0,NO,create
6793,827934528772,Oliver Peoples,SI,248,0OV5637SU,0,NO,create
6794,827934528727,Oliver Peoples,SI,248,0OV5638SU,0,NO,create
6795,827934528710,Oliver Peoples,SI,248,0OV5638SU,0,NO,create
6796,827934528703,Oliver Peoples,SI,248,0OV5638SU,0,NO,create
6797,827934528734,Oliver Peoples,SI,248,0OV5638SU,0,NO,create
6798,827934530416,Oliver Peoples,SI,248,0OV5642SU,0,NO,create
6799,827934530638,Oliver Peoples,SI,248,0OV5642SU,0,NO,create
6800,827934530409,Oliver Peoples,SI,248,0OV5642SU,0,NO,create
6801,827934530423,Oliver Peoples,SI,248,0OV5642SU,0,NO,create
6802,827934530447,Oliver Peoples,SI,248,0OV5643SU,0,NO,create
6803,827934530720,Oliver Peoples,SI,248,0OV5643SU,0,NO,create
6804,827934530430,Oliver Peoples,SI,248,0OV5643SU,0,NO,create
6805,827934530454,Oliver Peoples,SI,248,0OV5643SU,0,NO,create
6806,3062003674319,Oliver Peoples,SI,248,0OV7018T,0,NO,create
6807,3062003674333,Oliver Peoples,SI,248,0OV7018T,0,NO,create
6808,3062003674326,Oliver Peoples,SI,248,0OV7018T,0,NO,create
6809,3062003674340,Oliver Peoples,SI,248,0OV7018T,0,NO,create
6810,8056597936088,Ray Ban,SI,215,0RB0298S,1,NO,update
6811,8056262475119,Ray Ban,SI,215,0RB0298S,1,NO,update
6812,8056597936095,Ray Ban,SI,215,0RB0298S,0,NO,create
6813,8056597936118,Ray Ban,SI,215,0RB0298S,1,NO,update
6814,8056597936125,Ray Ban,SI,215,0RB0298S,1,NO,update
6815,8056597936132,Ray Ban,SI,215,0RB0298S,1,NO,update
6816,8056597837095,Ray Ban,SI,215,0RB0316S,1,NO,update
6817,8056262536063,Ray Ban,SI,215,0RB0316S,0,NO,create
6818,8056262536070,Ray Ban,SI,215,0RB0316S,1,NO,update
6819,8056597837156,Ray Ban,SI,215,0RB0316S,1,NO,update
6820,8056597837163,Ray Ban,SI,215,0RB0316S,1,NO,update
6821,8056597888813,Ray Ban,SI,215,0RB0316S,0,NO,create
6822,8056597837170,Ray Ban,SI,215,0RB0316S,1,NO,update
6823,8056597837187,Ray Ban,SI,215,0RB0316S,1,NO,update
6824,8056262031209,Ray Ban,SI,215,0RB0360S,1,NO,update
6825,8056262031247,Ray Ban,SI,215,0RB0360S,1,NO,update
6826,8056262031261,Ray Ban,SI,215,0RB0360S,1,NO,update
6827,8056262031278,Ray Ban,SI,215,0RB0360S,1,NO,update
6828,8056597722872,Ray Ban,SI,215,0RB0707SM,0,NO,create
6829,8056597722896,Ray Ban,SI,215,0RB0707SM,0,NO,create
6830,8056597722902,Ray Ban,SI,215,0RB0707SM,0,NO,create
6831,8056597720311,Ray Ban,SI,215,0RB0707S,0,NO,create
6832,8056597720410,Ray Ban,SI,215,0RB0707S,1,NO,update
6833,8056262956588,Ray Ban,SI,215,0RB0832S,1,NO,update
6834,8056262834312,Ray Ban,SI,215,0RB0832S,0,NO,create
6835,8056262834329,Ray Ban,SI,215,0RB0832S,1,NO,update
6836,8056262834336,Ray Ban,SI,215,0RB0832S,0,NO,create
6837,8056262834343,Ray Ban,SI,215,0RB0832S,1,NO,update
6838,8056262834350,Ray Ban,SI,215,0RB0832S,0,NO,create
6839,8056262834367,Ray Ban,SI,215,0RB0832S,1,NO,update
6840,8056262892190,Ray Ban,SI,215,0RB0832S,0,NO,create
6841,8056262892206,Ray Ban,SI,215,0RB0832S,1,NO,update
6842,8056262892213,Ray Ban,SI,215,0RB0832S,0,NO,create
6843,8056262892220,Ray Ban,SI,215,0RB0832S,0,NO,create
6844,8056262834374,Ray Ban,SI,215,0RB0832S,0,NO,create
6845,8056262834381,Ray Ban,SI,215,0RB0832S,1,NO,update
6846,8056262834398,Ray Ban,SI,215,0RB0832S,0,NO,create
6847,8056262834404,Ray Ban,SI,215,0RB0832S,1,NO,update
6848,8056262098363,Ray Ban,SI,215,0RB0840S,0,NO,create
6849,8056597720663,Ray Ban,SI,215,0RB0840S,1,NO,update
6850,8056597856409,Ray Ban,SI,215,0RB0840S,1,NO,update
6851,8056262537794,Ray Ban,SI,215,0RB0840S,1,NO,update
6852,8056262885574,Ray Ban,SI,215,0RB0840S,1,NO,update
6853,8056262885581,Ray Ban,SI,215,0RB0840S,0,NO,create
6854,8056262885598,Ray Ban,SI,215,0RB0840S,0,NO,create
6855,8056262848364,Ray Ban,SI,215,0RB0840S,1,NO,update
6856,8056597720670,Ray Ban,SI,215,0RB0840S,1,NO,update
6857,8056597720687,Ray Ban,SI,215,0RB0840S,1,NO,update
6858,8056262484753,Ray Ban,SI,215,0RB0840S,0,NO,create
6859,8056262997338,Ray Ban,SI,215,0RB0840S,0,NO,create
6860,8056262484739,Ray Ban,SI,215,0RB0840S,1,NO,update
6861,8056262484722,Ray Ban,SI,215,0RB0840S,1,NO,update
6862,8056262484746,Ray Ban,SI,215,0RB0840S,1,NO,update
6863,8056597720564,Ray Ban,SI,215,0RB0880S,0,NO,create
6864,8056597720571,Ray Ban,SI,215,0RB0880S,0,NO,create
6865,8056597720625,Ray Ban,SI,215,0RB0880S,1,NO,update
6866,8056262061329,Ray Ban,SI,215,0RB0947S,0,NO,create
6867,8056262061336,Ray Ban,SI,215,0RB0947S,1,NO,update
6868,8056262061305,Ray Ban,SI,215,0RB0947S,1,NO,update
6869,8056262061350,Ray Ban,SI,215,0RB0947S,1,NO,update
6870,8056597177061,Ray Ban,SI,215,0RB1969,1,NO,update
6871,8056597177085,Ray Ban,SI,215,0RB1969,0,NO,create
6872,8056597177436,Ray Ban,SI,215,0RB1970,1,NO,update
6873,8056597753173,Ray Ban,SI,215,0RB1971,0,NO,create
6874,8056597214360,Ray Ban,SI,215,0RB1971,1,NO,update
6875,8056597753180,Ray Ban,SI,215,0RB1971,0,NO,create
6876,8056597262095,Ray Ban,SI,215,0RB1972,0,NO,create
6877,8056597177498,Ray Ban,SI,215,0RB1972,1,NO,update
6878,8056597177504,Ray Ban,SI,215,0RB1972,0,NO,create
6879,8056597199933,Ray Ban,SI,215,0RB1972,1,NO,update
6880,8056597377430,Ray Ban,SI,215,0RB1972,0,NO,create
6881,8056597139908,Ray Ban,SI,215,0RB2016,1,NO,update
6882,805289626541,Ray Ban,SI,215,0RB2016,1,NO,update
6883,805289029748,Ray Ban,SI,215,0RB2027,0,NO,create
6884,805289614098,Ray Ban,SI,215,0RB2027,1,NO,update
6885,8056597148450,Ray Ban,SI,215,0RB2132M,1,NO,update
6886,8056597148474,Ray Ban,SI,215,0RB2132M,1,NO,update
6887,713132838310,Ray Ban,SI,215,0RB2132,1,NO,update
6888,713132838327,Ray Ban,SI,215,0RB2132,1,NO,update
6889,8053672153736,Ray Ban,SI,215,0RB2132,0,NO,create
6890,8053672153767,Ray Ban,SI,215,0RB2132,0,NO,create
6891,8053672561937,Ray Ban,SI,215,0RB2132,0,NO,create
6892,8053672210798,Ray Ban,SI,215,0RB2132,1,NO,update
6893,8053672153743,Ray Ban,SI,215,0RB2132,0,NO,create
6894,8053672153774,Ray Ban,SI,215,0RB2132,0,NO,create
6895,805289421795,Ray Ban,SI,215,0RB2132,1,NO,update
6896,805289421788,Ray Ban,SI,215,0RB2132,1,NO,update
6897,8053672562286,Ray Ban,SI,215,0RB2132,1,NO,update
6898,8053672266894,Ray Ban,SI,215,0RB2132,1,NO,update
6899,8053672266900,Ray Ban,SI,215,0RB2132,1,NO,update
6900,8053672394382,Ray Ban,SI,215,0RB2132,0,NO,create
6901,8053672394405,Ray Ban,SI,215,0RB2132,0,NO,create
6902,8053672131581,Ray Ban,SI,215,0RB2132,0,NO,create
6903,8053672131598,Ray Ban,SI,215,0RB2132,1,NO,update
6904,8056262052327,Ray Ban,SI,215,0RB2132,0,NO,create
6905,8056262052334,Ray Ban,SI,215,0RB2132,0,NO,create
6906,8056262052310,Ray Ban,SI,215,0RB2132,0,NO,create
6907,8056597364935,Ray Ban,SI,215,0RB2132,0,NO,create
6908,8056597662048,Ray Ban,SI,215,0RB2132,0,NO,create
6909,8056597662055,Ray Ban,SI,215,0RB2132,1,NO,update
6910,8056597662031,Ray Ban,SI,215,0RB2132,1,NO,update
6911,8056597140010,Ray Ban,SI,215,0RB2132,0,NO,create
6912,8056597140027,Ray Ban,SI,215,0RB2132,1,NO,update
6913,8056597140003,Ray Ban,SI,215,0RB2132,1,NO,update
6914,8056597662246,Ray Ban,SI,215,0RB2132,1,NO,update
6915,8056262098349,Ray Ban,SI,215,0RB2132,1,NO,update
6916,8056262502525,Ray Ban,SI,215,0RB2132,0,NO,create
6917,8056262502532,Ray Ban,SI,215,0RB2132,1,NO,update
6918,8056262502556,Ray Ban,SI,215,0RB2132,1,NO,update
6919,805289126850,Ray Ban,SI,215,0RB2132,0,NO,create
6920,805289126867,Ray Ban,SI,215,0RB2132,0,NO,create
6921,8053672562293,Ray Ban,SI,215,0RB2132,1,NO,update
6922,805289295532,Ray Ban,SI,215,0RB2132,0,NO,create
6923,805289295549,Ray Ban,SI,215,0RB2132,1,NO,update
6924,8053672562767,Ray Ban,SI,215,0RB2132,0,NO,create
6925,805289374633,Ray Ban,SI,215,0RB2132,0,NO,create
6926,8056262052402,Ray Ban,SI,215,0RB2132,0,NO,create
6927,713132436707,Ray Ban,SI,215,0RB2132,0,NO,create
6928,713132838297,Ray Ban,SI,215,0RB2132,0,NO,create
6929,713132838303,Ray Ban,SI,215,0RB2132,0,NO,create
6930,805289048527,Ray Ban,SI,215,0RB2132,1,NO,update
6931,8053672562682,Ray Ban,SI,215,0RB2132,1,NO,update
6932,805289083061,Ray Ban,SI,215,0RB2132,1,NO,update
6933,805289083078,Ray Ban,SI,215,0RB2132,1,NO,update
6934,8053672562569,Ray Ban,SI,215,0RB2132,1,NO,update
6935,805289052418,Ray Ban,SI,215,0RB2132,1,NO,update
6936,805289048534,Ray Ban,SI,215,0RB2132,1,NO,update
6937,8053672562712,Ray Ban,SI,215,0RB2132,1,NO,update
6938,805289083092,Ray Ban,SI,215,0RB2132,0,NO,create
6939,805289330462,Ray Ban,SI,215,0RB2132,1,NO,update
6940,805289330479,Ray Ban,SI,215,0RB2132,1,NO,update
6941,8053672562484,Ray Ban,SI,215,0RB2132,1,NO,update
6942,805289052432,Ray Ban,SI,215,0RB2132,1,NO,update
6943,805289442639,Ray Ban,SI,215,0RB2132,0,NO,create
6944,8056597427074,Ray Ban,SI,215,0RB2140CO,0,NO,create
6945,8056597427081,Ray Ban,SI,215,0RB2140CO,0,NO,create
6946,8056597859998,Ray Ban,SI,215,0RB2140F,1,NO,update
6947,8056262672563,Ray Ban,SI,215,0RB2140,1,NO,update
6948,8056597366144,Ray Ban,SI,215,0RB2140,0,NO,create
6949,8056597662284,Ray Ban,SI,215,0RB2140,1,NO,update
6950,8056262056011,Ray Ban,SI,215,0RB2140,1,NO,update
6951,8056262056028,Ray Ban,SI,215,0RB2140,0,NO,create
6952,8056597693172,Ray Ban,SI,215,0RB2140,0,NO,create
6953,8056597693189,Ray Ban,SI,215,0RB2140,1,NO,update
6954,8056597695206,Ray Ban,SI,215,0RB2140,0,NO,create
6955,8056597695213,Ray Ban,SI,215,0RB2140,0,NO,create
6956,8056262099216,Ray Ban,SI,215,0RB2140,1,NO,update
6957,8056262099223,Ray Ban,SI,215,0RB2140,0,NO,create
6958,8056262099230,Ray Ban,SI,215,0RB2140,1,NO,update
6959,8056262099247,Ray Ban,SI,215,0RB2140,1,NO,update
6960,8056262099353,Ray Ban,SI,215,0RB2140,1,NO,update
6961,8056262672594,Ray Ban,SI,215,0RB2140,1,NO,update
6962,8056262672570,Ray Ban,SI,215,0RB2140,0,NO,create
6963,8056262672587,Ray Ban,SI,215,0RB2140,1,NO,update
6964,8056266001772,Ray Ban,SI,215,0RB2140,0,NO,create
6965,8056266001765,Ray Ban,SI,215,0RB2140,0,NO,create
6966,8056597683777,Ray Ban,SI,215,0RB2140,1,NO,update
6967,8056262098356,Ray Ban,SI,215,0RB2140,1,NO,update
6968,8056266001796,Ray Ban,SI,215,0RB2140,0,NO,create
6969,8056266001789,Ray Ban,SI,215,0RB2140,0,NO,create
6970,8056266001819,Ray Ban,SI,215,0RB2140,0,NO,create
6971,8056266001802,Ray Ban,SI,215,0RB2140,0,NO,create
6972,8056262848371,Ray Ban,SI,215,0RB2140,1,NO,update
6973,805289126577,Ray Ban,SI,215,0RB2140,1,NO,update
6974,8056262993491,Ray Ban,SI,215,0RB2140,0,NO,create
6975,805289126584,Ray Ban,SI,215,0RB2140,1,NO,update
6976,805289183051,Ray Ban,SI,215,0RB2140,0,NO,create
6977,805289126591,Ray Ban,SI,215,0RB2140,1,NO,update
6978,8056262995600,Ray Ban,SI,215,0RB2140,0,NO,create
6979,805289126607,Ray Ban,SI,215,0RB2140,1,NO,update
6980,8056266001833,Ray Ban,SI,215,0RB2140,0,NO,create
6981,8056266001826,Ray Ban,SI,215,0RB2140,0,NO,create
6982,805289126638,Ray Ban,SI,215,0RB2140,1,NO,update
6983,8056262993019,Ray Ban,SI,215,0RB2140,0,NO,create
6984,805289126645,Ray Ban,SI,215,0RB2140,1,NO,update
6985,805289183082,Ray Ban,SI,215,0RB2140,1,NO,update
6986,805289126652,Ray Ban,SI,215,0RB2140,1,NO,update
6987,805289346944,Ray Ban,SI,215,0RB2140,1,NO,update
6988,8056597463546,Ray Ban,SI,215,0RB2140,1,NO,update
6989,805289126676,Ray Ban,SI,215,0RB2140,1,NO,update
6990,8053672994780,Ray Ban,SI,215,0RB2168,0,NO,create
6991,8056597752602,Ray Ban,SI,215,0RB2176,1,NO,update
6992,8053672125597,Ray Ban,SI,215,0RB2176,1,NO,update
6993,8053672358575,Ray Ban,SI,215,0RB2180,1,NO,update
6994,8053672546941,Ray Ban,SI,215,0RB2180,1,NO,update
6995,8053672358605,Ray Ban,SI,215,0RB2180,1,NO,update
6996,8053672546989,Ray Ban,SI,215,0RB2180,0,NO,create
6997,8056262314562,Ray Ban,SI,215,0RB2180,0,NO,create
6998,8056262314555,Ray Ban,SI,215,0RB2180,1,NO,update
6999,8056262314586,Ray Ban,SI,215,0RB2180,1,NO,update
7000,8056262314579,Ray Ban,SI,215,0RB2180,0,NO,create
7001,8056597949781,Ray Ban,SI,215,0RB2180,1,NO,update
7002,8056597949774,Ray Ban,SI,215,0RB2180,1,NO,update
7003,8053672358612,Ray Ban,SI,215,0RB2180,1,NO,update
7004,8053672546958,Ray Ban,SI,215,0RB2180,1,NO,update
7005,8053672416039,Ray Ban,SI,215,0RB2180,1,NO,update
7006,8056597177627,Ray Ban,SI,215,0RB2186,1,NO,update
7007,8056597439619,Ray Ban,SI,215,0RB2186,1,NO,update
7008,8056597445580,Ray Ban,SI,215,0RB2186,1,NO,update
7009,8056597445597,Ray Ban,SI,215,0RB2186,1,NO,update
7010,8056597559850,Ray Ban,SI,215,0RB2186,1,NO,update
7011,8056597559867,Ray Ban,SI,215,0RB2186,1,NO,update
7012,8056597559874,Ray Ban,SI,215,0RB2186,0,NO,create
7013,8056597559881,Ray Ban,SI,215,0RB2186,0,NO,create
7014,8056597559904,Ray Ban,SI,215,0RB2186,0,NO,create
7015,8056597559898,Ray Ban,SI,215,0RB2186,0,NO,create
7016,8056262581261,Ray Ban,SI,215,0RB2186,1,NO,update
7017,8056262581278,Ray Ban,SI,215,0RB2186,1,NO,update
7018,8056597177603,Ray Ban,SI,215,0RB2186,1,NO,update
7019,8056597439725,Ray Ban,SI,215,0RB2186,1,NO,update
7020,8056597242691,Ray Ban,SI,215,0RB2187,1,NO,update
7021,8056597362597,Ray Ban,SI,215,0RB2190,0,NO,create
7022,8056597435819,Ray Ban,SI,215,0RB2191,1,NO,update
7023,8056597432054,Ray Ban,SI,215,0RB2192,1,NO,update
7024,8056597318006,Ray Ban,SI,215,0RB2193,0,NO,create
7025,8056597855945,Ray Ban,SI,215,0RB2193,0,NO,create
7026,8056597317887,Ray Ban,SI,215,0RB2193,1,NO,update
7027,8056597318020,Ray Ban,SI,215,0RB2193,1,NO,update
7028,8056597317924,Ray Ban,SI,215,0RB2193,1,NO,update
7029,8056597318044,Ray Ban,SI,215,0RB2193,0,NO,create
7030,8056597362382,Ray Ban,SI,215,0RB2194,1,NO,update
7031,8056597364010,Ray Ban,SI,215,0RB2195,0,NO,create
7032,8056597364027,Ray Ban,SI,215,0RB2195,1,NO,update
7033,8056597364041,Ray Ban,SI,215,0RB2195,1,NO,update
7034,8056597364058,Ray Ban,SI,215,0RB2195,1,NO,update
7035,8056597364065,Ray Ban,SI,215,0RB2195,1,NO,update
7036,8056597435741,Ray Ban,SI,215,0RB2196,1,NO,update
7037,8056597625845,Ray Ban,SI,215,0RB2197,1,NO,update
7038,8056597625869,Ray Ban,SI,215,0RB2197,0,NO,create
7039,8056597956666,Ray Ban,SI,215,0RB2197,1,NO,update
7040,8056262581605,Ray Ban,SI,215,0RB2197,0,NO,create
7041,8056262581612,Ray Ban,SI,215,0RB2197,0,NO,create
7042,8056597431552,Ray Ban,SI,215,0RB2197,1,NO,update
7043,8056597625883,Ray Ban,SI,215,0RB2197,1,NO,update
7044,8056597625906,Ray Ban,SI,215,0RB2197,1,NO,update
7045,8056597529679,Ray Ban,SI,215,0RB2198,1,NO,update
7046,8056597529662,Ray Ban,SI,215,0RB2198,1,NO,update
7047,8056597559393,Ray Ban,SI,215,0RB2198,0,NO,create
7048,8056597529716,Ray Ban,SI,215,0RB2198,1,NO,update
7049,8056597529709,Ray Ban,SI,215,0RB2198,1,NO,update
7050,8056262897621,Ray Ban,SI,215,0RB2198,1,NO,update
7051,8056262897607,Ray Ban,SI,215,0RB2198,1,NO,update
7052,8056597529730,Ray Ban,SI,215,0RB2198,0,NO,create
7053,8056597529723,Ray Ban,SI,215,0RB2198,0,NO,create
7054,8056262899342,Ray Ban,SI,215,0RB2198,1,NO,update
7055,8056597529754,Ray Ban,SI,215,0RB2198,0,NO,create
7056,8056597529747,Ray Ban,SI,215,0RB2198,0,NO,create
7057,8056597529778,Ray Ban,SI,215,0RB2198,1,NO,update
7058,8056597529761,Ray Ban,SI,215,0RB2198,1,NO,update
7059,8056597461610,Ray Ban,SI,215,0RB2199,0,NO,create
7060,8056597936330,Ray Ban,SI,215,0RB2203,0,NO,create
7061,8056597936347,Ray Ban,SI,215,0RB2203,0,NO,create
7062,8056597936378,Ray Ban,SI,215,0RB2203,1,NO,update
7063,8056597936385,Ray Ban,SI,215,0RB2203,1,NO,update
7064,8056597936422,Ray Ban,SI,215,0RB2203,0,NO,create
7065,8056262474303,Ray Ban,SI,215,0RB2203,0,NO,create
7066,8056262474327,Ray Ban,SI,215,0RB2203,0,NO,create
7067,8056597936453,Ray Ban,SI,215,0RB2203,1,NO,update
7068,8056597936460,Ray Ban,SI,215,0RB2203,1,NO,update
7069,8056597936491,Ray Ban,SI,215,0RB2203,0,NO,create
7070,8056597936507,Ray Ban,SI,215,0RB2203,0,NO,create
7071,8056597936392,Ray Ban,SI,215,0RB2204,0,NO,create
7072,8056597936408,Ray Ban,SI,215,0RB2204,0,NO,create
7073,8056597936439,Ray Ban,SI,215,0RB2204,1,NO,update
7074,8056597936446,Ray Ban,SI,215,0RB2204,1,NO,update
7075,8056597936477,Ray Ban,SI,215,0RB2204,0,NO,create
7076,8056597936484,Ray Ban,SI,215,0RB2204,0,NO,create
7077,8056262998519,Ray Ban,SI,215,0RB2204,0,NO,create
7078,8056262998526,Ray Ban,SI,215,0RB2204,0,NO,create
7079,8056262473313,Ray Ban,SI,215,0RB2204,1,NO,update
7080,8056262473320,Ray Ban,SI,215,0RB2204,1,NO,update
7081,8056262473337,Ray Ban,SI,215,0RB2204,1,NO,update
7082,8056262473344,Ray Ban,SI,215,0RB2204,1,NO,update
7083,8056262473351,Ray Ban,SI,215,0RB2204,1,NO,update
7084,8056262473368,Ray Ban,SI,215,0RB2204,0,NO,create
7085,8056262998533,Ray Ban,SI,215,0RB2204,0,NO,create
7086,8056262998540,Ray Ban,SI,215,0RB2204,0,NO,create
7087,8056597936514,Ray Ban,SI,215,0RB2204,1,NO,update
7088,8056597936521,Ray Ban,SI,215,0RB2204,1,NO,update
7089,8056597936552,Ray Ban,SI,215,0RB2204,1,NO,update
7090,8056597936569,Ray Ban,SI,215,0RB2204,1,NO,update
7091,8056597936576,Ray Ban,SI,215,0RB2204,0,NO,create
7092,8056597936583,Ray Ban,SI,215,0RB2204,0,NO,create
7093,8056597936149,Ray Ban,SI,215,0RB2205,0,NO,create
7094,8056597936156,Ray Ban,SI,215,0RB2205,0,NO,create
7095,8056597965507,Ray Ban,SI,215,0RB2205,0,NO,create
7096,8056597936170,Ray Ban,SI,215,0RB2205,0,NO,create
7097,8056597936194,Ray Ban,SI,215,0RB2205,1,NO,update
7098,8056597936200,Ray Ban,SI,215,0RB2205,0,NO,create
7099,8056597936217,Ray Ban,SI,215,0RB2205,1,NO,update
7100,8056597936224,Ray Ban,SI,215,0RB2205,0,NO,create
7101,8056597936231,Ray Ban,SI,215,0RB2205,1,NO,update
7102,8056597936248,Ray Ban,SI,215,0RB2205,0,NO,create
7103,8056597936255,Ray Ban,SI,215,0RB2205,1,NO,update
7104,8056262042731,Ray Ban,SI,215,0RB2206D,1,NO,update
7105,8056262042748,Ray Ban,SI,215,0RB2206D,0,NO,create
7106,8056262484340,Ray Ban,SI,215,0RB2206D,1,NO,update
7107,8056262042762,Ray Ban,SI,215,0RB2206D,1,NO,update
7108,8056262042779,Ray Ban,SI,215,0RB2206D,1,NO,update
7109,8056262887011,Ray Ban,SI,215,0RB2210,0,NO,create
7110,8056262030585,Ray Ban,SI,215,0RB2210,1,NO,update
7111,8056262030592,Ray Ban,SI,215,0RB2210,1,NO,update
7112,8056262030608,Ray Ban,SI,215,0RB2210,1,NO,update
7113,8056262887028,Ray Ban,SI,215,0RB2210,0,NO,create
7114,8056262030615,Ray Ban,SI,215,0RB2210,1,NO,update
7115,8056262030622,Ray Ban,SI,215,0RB2210,1,NO,update
7116,8056262030639,Ray Ban,SI,215,0RB2210,1,NO,update
7117,8056262030646,Ray Ban,SI,215,0RB2210,1,NO,update
7118,8056262031650,Ray Ban,SI,215,0RB2212,1,NO,update
7119,8056262031667,Ray Ban,SI,215,0RB2212,0,NO,create
7120,8056262031674,Ray Ban,SI,215,0RB2212,1,NO,update
7121,8056262031681,Ray Ban,SI,215,0RB2212,1,NO,update
7122,8056262297254,Ray Ban,SI,215,0RB2213CH,0,NO,create
7123,8056262297285,Ray Ban,SI,215,0RB2213CH,0,NO,create
7124,8056262282830,Ray Ban,SI,215,0RB2213,0,NO,create
7125,8056262282854,Ray Ban,SI,215,0RB2213,0,NO,create
7126,8056262282861,Ray Ban,SI,215,0RB2213,1,NO,update
7127,8056262282878,Ray Ban,SI,215,0RB2213,1,NO,update
7128,8056262282885,Ray Ban,SI,215,0RB2213,1,NO,update
7129,8056262282892,Ray Ban,SI,215,0RB2213,1,NO,update
7130,8056262282908,Ray Ban,SI,215,0RB2213,1,NO,update
7131,8056262412817,Ray Ban,SI,215,0RB2215,0,NO,create
7132,8056262412824,Ray Ban,SI,215,0RB2215,1,NO,update
7133,8056262412831,Ray Ban,SI,215,0RB2215,0,NO,create
7134,8056262412848,Ray Ban,SI,215,0RB2215,1,NO,update
7135,8056262412879,Ray Ban,SI,215,0RB2215,0,NO,create
7136,8056262412909,Ray Ban,SI,215,0RB2215,1,NO,update
7137,8056262412923,Ray Ban,SI,215,0RB2215,1,NO,update
7138,8056262495230,Ray Ban,SI,215,0RB2215,0,NO,create
7139,8056262495247,Ray Ban,SI,215,0RB2215,0,NO,create
7140,8056262412947,Ray Ban,SI,215,0RB2215,1,NO,update
7141,8056262412954,Ray Ban,SI,215,0RB2215,1,NO,update
7142,8056262412961,Ray Ban,SI,215,0RB2215,1,NO,update
7143,8056262412978,Ray Ban,SI,215,0RB2215,1,NO,update
7144,8056262412534,Ray Ban,SI,215,0RB2216,0,NO,create
7145,8056262412541,Ray Ban,SI,215,0RB2216,1,NO,update
7146,8056262412558,Ray Ban,SI,215,0RB2216,0,NO,create
7147,8056262412565,Ray Ban,SI,215,0RB2216,1,NO,update
7148,8056262412572,Ray Ban,SI,215,0RB2216,0,NO,create
7149,8056262412589,Ray Ban,SI,215,0RB2216,1,NO,update
7150,8056262412596,Ray Ban,SI,215,0RB2216,1,NO,update
7151,8056262412602,Ray Ban,SI,215,0RB2216,1,NO,update
7152,8056262412619,Ray Ban,SI,215,0RB2216,0,NO,create
7153,8056262412626,Ray Ban,SI,215,0RB2216,1,NO,update
7154,8056262412633,Ray Ban,SI,215,0RB2216,1,NO,update
7155,8056262412640,Ray Ban,SI,215,0RB2216,1,NO,update
7156,8056262495254,Ray Ban,SI,215,0RB2216,1,NO,update
7157,8056262495261,Ray Ban,SI,215,0RB2216,0,NO,create
7158,8056262547731,Ray Ban,SI,215,0RB2217M,0,NO,create
7159,8056262477892,Ray Ban,SI,215,0RB2217M,0,NO,create
7160,8056266184161,Ray Ban,SI,215,0RB2217M,0,NO,create
7161,8056262477908,Ray Ban,SI,215,0RB2217M,0,NO,create
7162,8056262477922,Ray Ban,SI,215,0RB2217M,0,NO,create
7163,8056262477939,Ray Ban,SI,215,0RB2217M,0,NO,create
7164,8056266184178,Ray Ban,SI,215,0RB2217M,0,NO,create
7165,8056262477946,Ray Ban,SI,215,0RB2217M,0,NO,create
7166,8056262547571,Ray Ban,SI,215,0RB2217M,0,NO,create
7167,8056266184154,Ray Ban,SI,215,0RB2217M,0,NO,create
7168,8056262561324,Ray Ban,SI,215,0RB2218,1,NO,update
7169,8056262561348,Ray Ban,SI,215,0RB2218,0,NO,create
7170,8056262561331,Ray Ban,SI,215,0RB2218,0,NO,create
7171,8056262561355,Ray Ban,SI,215,0RB2218,0,NO,create
7172,8056262561300,Ray Ban,SI,215,0RB2218,0,NO,create
7173,8056262561317,Ray Ban,SI,215,0RB2218,1,NO,update
7174,8056597122177,Ray Ban,SI,215,0RB2219,0,NO,create
7175,8056262561409,Ray Ban,SI,215,0RB2221,1,NO,update
7176,8056262561416,Ray Ban,SI,215,0RB2221,1,NO,update
7177,8056266001444,Ray Ban,SI,215,0RB2221,0,NO,create
7178,8056266001451,Ray Ban,SI,215,0RB2221,0,NO,create
7179,8056266001468,Ray Ban,SI,215,0RB2221,0,NO,create
7180,8056266001475,Ray Ban,SI,215,0RB2221,0,NO,create
7181,8056262561386,Ray Ban,SI,215,0RB2221,1,NO,update
7182,8056262561393,Ray Ban,SI,215,0RB2221,1,NO,update
7183,8056262561423,Ray Ban,SI,215,0RB2221,1,NO,update
7184,8056262561430,Ray Ban,SI,215,0RB2221,1,NO,update
7185,8056262561447,Ray Ban,SI,215,0RB2221,1,NO,update
7186,8056262561454,Ray Ban,SI,215,0RB2221,1,NO,update
7187,8056262561461,Ray Ban,SI,215,0RB2221,0,NO,create
7188,8056262561478,Ray Ban,SI,215,0RB2221,1,NO,update
7189,8056262560907,Ray Ban,SI,215,0RB2222,0,NO,create
7190,8056262560914,Ray Ban,SI,215,0RB2222,1,NO,update
7191,8056262560860,Ray Ban,SI,215,0RB2222,0,NO,create
7192,8056262560877,Ray Ban,SI,215,0RB2222,1,NO,update
7193,8056262560822,Ray Ban,SI,215,0RB2222,0,NO,create
7194,8056262560839,Ray Ban,SI,215,0RB2222,1,NO,update
7195,8056262576625,Ray Ban,SI,215,0RB2222,0,NO,create
7196,8056262576632,Ray Ban,SI,215,0RB2222,0,NO,create
7197,8056262560846,Ray Ban,SI,215,0RB2222,0,NO,create
7198,8056262560853,Ray Ban,SI,215,0RB2222,0,NO,create
7199,8056262560884,Ray Ban,SI,215,0RB2222,0,NO,create
7200,8056262560891,Ray Ban,SI,215,0RB2222,1,NO,update
7201,8056262834411,Ray Ban,SI,215,0RB2223,0,NO,create
7202,8056262834428,Ray Ban,SI,215,0RB2223,1,NO,update
7203,8056262834435,Ray Ban,SI,215,0RB2223,1,NO,update
7204,8056262892169,Ray Ban,SI,215,0RB2223,1,NO,update
7205,8056262834459,Ray Ban,SI,215,0RB2223,1,NO,update
7206,8056262834466,Ray Ban,SI,215,0RB2223,1,NO,update
7207,8056262834473,Ray Ban,SI,215,0RB2223,1,NO,update
7208,8056262831854,Ray Ban,SI,215,0RB2224,0,NO,create
7209,8056262831861,Ray Ban,SI,215,0RB2224,0,NO,create
7210,8056262831878,Ray Ban,SI,215,0RB2224,1,NO,update
7211,8056262831885,Ray Ban,SI,215,0RB2224,0,NO,create
7212,8056262831892,Ray Ban,SI,215,0RB2224,0,NO,create
7213,8056262831908,Ray Ban,SI,215,0RB2224,0,NO,create
7214,8056262890905,Ray Ban,SI,215,0RB2224,1,NO,update
7215,8056262890912,Ray Ban,SI,215,0RB2224,0,NO,create
7216,8056262890929,Ray Ban,SI,215,0RB2224,0,NO,create
7217,8056262890936,Ray Ban,SI,215,0RB2224,0,NO,create
7218,8056262890943,Ray Ban,SI,215,0RB2224,1,NO,update
7219,8056262890950,Ray Ban,SI,215,0RB2224,0,NO,create
7220,8056262832479,Ray Ban,SI,215,0RB2225,0,NO,create
7221,8056262885970,Ray Ban,SI,215,0RB2225,0,NO,create
7222,8056262832493,Ray Ban,SI,215,0RB2225,0,NO,create
7223,8056262885963,Ray Ban,SI,215,0RB2225,0,NO,create
7224,8056262832516,Ray Ban,SI,215,0RB2225,0,NO,create
7225,8056262885987,Ray Ban,SI,215,0RB2225,0,NO,create
7226,8056262832530,Ray Ban,SI,215,0RB2225,0,NO,create
7227,8056262885949,Ray Ban,SI,215,0RB2225,0,NO,create
7228,8056262892077,Ray Ban,SI,215,0RB2225,1,NO,update
7229,8056262892060,Ray Ban,SI,215,0RB2225,0,NO,create
7230,8056262892091,Ray Ban,SI,215,0RB2225,0,NO,create
7231,8056262892084,Ray Ban,SI,215,0RB2225,0,NO,create
7232,8056262840047,Ray Ban,SI,215,0RB2226,0,NO,create
7233,8056262832271,Ray Ban,SI,215,0RB2226,0,NO,create
7234,8056262840030,Ray Ban,SI,215,0RB2226,0,NO,create
7235,8056262832318,Ray Ban,SI,215,0RB2226,1,NO,update
7236,8056262840054,Ray Ban,SI,215,0RB2226,0,NO,create
7237,8056262832356,Ray Ban,SI,215,0RB2226,0,NO,create
7238,8056262840023,Ray Ban,SI,215,0RB2226,1,NO,update
7239,8056262832387,Ray Ban,SI,215,0RB2226,0,NO,create
7240,8056262892114,Ray Ban,SI,215,0RB2226,0,NO,create
7241,8056262892107,Ray Ban,SI,215,0RB2226,0,NO,create
7242,8056262892138,Ray Ban,SI,215,0RB2226,1,NO,update
7243,8056262892121,Ray Ban,SI,215,0RB2226,0,NO,create
7244,8056262889015,Ray Ban,SI,215,0RB2228M,0,NO,create
7245,8056262889022,Ray Ban,SI,215,0RB2228M,0,NO,create
7246,8056262889039,Ray Ban,SI,215,0RB2228M,0,NO,create
7247,8056262889046,Ray Ban,SI,215,0RB2228M,0,NO,create
7248,8056262889053,Ray Ban,SI,215,0RB2228M,0,NO,create
7249,8056262979198,Ray Ban,SI,215,0RB2228,0,NO,create
7250,8056262979204,Ray Ban,SI,215,0RB2228,0,NO,create
7251,8056266007736,Ray Ban,SI,215,0RB2228,0,NO,create
7252,8056266185397,Ray Ban,SI,215,0RB2228,0,NO,create
7253,8056262979211,Ray Ban,SI,215,0RB2228,0,NO,create
7254,8056262979228,Ray Ban,SI,215,0RB2228,0,NO,create
7255,8056266183928,Ray Ban,SI,215,0RB2229,0,NO,create
7256,8056266183911,Ray Ban,SI,215,0RB2229,0,NO,create
7257,8056266183942,Ray Ban,SI,215,0RB2229,0,NO,create
7258,8056266183959,Ray Ban,SI,215,0RB2229,0,NO,create
7259,8056266183935,Ray Ban,SI,215,0RB2229,0,NO,create
7260,8056266183904,Ray Ban,SI,215,0RB2229,0,NO,create
7261,8056262673003,Ray Ban,SI,215,0RB2230,0,NO,create
7262,8056262673010,Ray Ban,SI,215,0RB2230,0,NO,create
7263,8056262673027,Ray Ban,SI,215,0RB2230,0,NO,create
7264,8056262673034,Ray Ban,SI,215,0RB2230,1,NO,update
7265,8056262314050,Ray Ban,SI,215,0RB2230,1,NO,update
7266,8056262314074,Ray Ban,SI,215,0RB2230,0,NO,create
7267,8056262246030,Ray Ban,SI,215,0RB2230,1,NO,update
7268,8056262246047,Ray Ban,SI,215,0RB2230,0,NO,create
7269,8056262246054,Ray Ban,SI,215,0RB2230,1,NO,update
7270,8056262246061,Ray Ban,SI,215,0RB2230,0,NO,create
7271,8056262246078,Ray Ban,SI,215,0RB2230,1,NO,update
7272,8056262246085,Ray Ban,SI,215,0RB2230,1,NO,update
7273,8056262246092,Ray Ban,SI,215,0RB2230,1,NO,update
7274,8056262246108,Ray Ban,SI,215,0RB2230,1,NO,update
7275,8056262245781,Ray Ban,SI,215,0RB2231,1,NO,update
7276,8056262245798,Ray Ban,SI,215,0RB2231,0,NO,create
7277,8056262245804,Ray Ban,SI,215,0RB2231,1,NO,update
7278,8056262245811,Ray Ban,SI,215,0RB2231,1,NO,update
7279,8056262245828,Ray Ban,SI,215,0RB2231,1,NO,update
7280,8056262245835,Ray Ban,SI,215,0RB2231,1,NO,update
7281,8056262245842,Ray Ban,SI,215,0RB2231,1,NO,update
7282,8056262245859,Ray Ban,SI,215,0RB2231,1,NO,update
7283,8056262245866,Ray Ban,SI,215,0RB2231,1,NO,update
7284,8056262245873,Ray Ban,SI,215,0RB2231,1,NO,update
7285,8056262562154,Ray Ban,SI,215,0RB2232,0,NO,create
7286,8056262562161,Ray Ban,SI,215,0RB2232,1,NO,update
7287,8056262562079,Ray Ban,SI,215,0RB2232,0,NO,create
7288,8056262562086,Ray Ban,SI,215,0RB2232,1,NO,update
7289,8056262562116,Ray Ban,SI,215,0RB2232,0,NO,create
7290,8056262562123,Ray Ban,SI,215,0RB2232,0,NO,create
7291,8056262562093,Ray Ban,SI,215,0RB2232,1,NO,update
7292,8056262562109,Ray Ban,SI,215,0RB2232,1,NO,update
7293,8056262562178,Ray Ban,SI,215,0RB2232,1,NO,update
7294,8056262562185,Ray Ban,SI,215,0RB2232,1,NO,update
7295,8056266183850,Ray Ban,SI,215,0RB2233,0,NO,create
7296,8056266183867,Ray Ban,SI,215,0RB2233,0,NO,create
7297,8056266183836,Ray Ban,SI,215,0RB2233,0,NO,create
7298,8056266183829,Ray Ban,SI,215,0RB2233,0,NO,create
7299,8056266183874,Ray Ban,SI,215,0RB2233,0,NO,create
7300,8056266183843,Ray Ban,SI,215,0RB2233,0,NO,create
7301,8056262975596,Ray Ban,SI,215,0RB2234,0,NO,create
7302,8056262975602,Ray Ban,SI,215,0RB2234,0,NO,create
7303,8056262975619,Ray Ban,SI,215,0RB2234,0,NO,create
7304,8056262975626,Ray Ban,SI,215,0RB2234,0,NO,create
7305,8056262975640,Ray Ban,SI,215,0RB2234,0,NO,create
7306,8056262975657,Ray Ban,SI,215,0RB2234,0,NO,create
7307,8056262975664,Ray Ban,SI,215,0RB2234,0,NO,create
7308,8056262975671,Ray Ban,SI,215,0RB2234,0,NO,create
7309,8056262975688,Ray Ban,SI,215,0RB2234,0,NO,create
7310,8056262975695,Ray Ban,SI,215,0RB2234,0,NO,create
7311,8056262975701,Ray Ban,SI,215,0RB2234,0,NO,create
7312,8056262975718,Ray Ban,SI,215,0RB2234,0,NO,create
7313,8056266093784,Ray Ban,SI,215,0RB2234,0,NO,create
7314,8056266093791,Ray Ban,SI,215,0RB2234,0,NO,create
7315,8056262975732,Ray Ban,SI,215,0RB2234,0,NO,create
7316,8056262975749,Ray Ban,SI,215,0RB2234,0,NO,create
7317,8056262976043,Ray Ban,SI,215,0RB2235,0,NO,create
7318,8056262976067,Ray Ban,SI,215,0RB2235,0,NO,create
7319,8056262976081,Ray Ban,SI,215,0RB2235,0,NO,create
7320,8056262976111,Ray Ban,SI,215,0RB2235,0,NO,create
7321,8056262976135,Ray Ban,SI,215,0RB2235,0,NO,create
7322,8056262976166,Ray Ban,SI,215,0RB2235,0,NO,create
7323,8056262979105,Ray Ban,SI,215,0RB2236,0,NO,create
7324,8056262979112,Ray Ban,SI,215,0RB2236,0,NO,create
7325,8056262979129,Ray Ban,SI,215,0RB2236,0,NO,create
7326,8056262979136,Ray Ban,SI,215,0RB2236,0,NO,create
7327,8056262979143,Ray Ban,SI,215,0RB2236,0,NO,create
7328,8056262979150,Ray Ban,SI,215,0RB2236,0,NO,create
7329,8056262977378,Ray Ban,SI,215,0RB2237,0,NO,create
7330,8056262977385,Ray Ban,SI,215,0RB2237,0,NO,create
7331,8056262977392,Ray Ban,SI,215,0RB2237,0,NO,create
7332,8056262977408,Ray Ban,SI,215,0RB2237,0,NO,create
7333,8056262977415,Ray Ban,SI,215,0RB2237,0,NO,create
7334,8056262977422,Ray Ban,SI,215,0RB2237,0,NO,create
7335,8056262977439,Ray Ban,SI,215,0RB2237,0,NO,create
7336,8056262976180,Ray Ban,SI,215,0RB2238,0,NO,create
7337,8056262976197,Ray Ban,SI,215,0RB2238,0,NO,create
7338,8056262976203,Ray Ban,SI,215,0RB2238,0,NO,create
7339,8056262976210,Ray Ban,SI,215,0RB2238,0,NO,create
7340,8056262976227,Ray Ban,SI,215,0RB2238,0,NO,create
7341,8056262976234,Ray Ban,SI,215,0RB2238,0,NO,create
7342,8056262563212,Ray Ban,SI,215,0RB2240,1,NO,update
7343,8056262563151,Ray Ban,SI,215,0RB2240,1,NO,update
7344,8056262563168,Ray Ban,SI,215,0RB2240,1,NO,update
7345,8056262563175,Ray Ban,SI,215,0RB2240,1,NO,update
7346,8056262563182,Ray Ban,SI,215,0RB2240,1,NO,update
7347,8056262722855,Ray Ban,SI,215,0RB2240,1,NO,update
7348,8056262563229,Ray Ban,SI,215,0RB2240,1,NO,update
7349,8056262563205,Ray Ban,SI,215,0RB2240,1,NO,update
7350,8056262030981,Ray Ban,SI,215,0RB2241,0,NO,create
7351,8056262030998,Ray Ban,SI,215,0RB2241,1,NO,update
7352,8056262031001,Ray Ban,SI,215,0RB2241,0,NO,create
7353,8056262031018,Ray Ban,SI,215,0RB2241,1,NO,update
7354,8056262031025,Ray Ban,SI,215,0RB2241,0,NO,create
7355,8056262031032,Ray Ban,SI,215,0RB2241,1,NO,update
7356,8056262031049,Ray Ban,SI,215,0RB2241,1,NO,update
7357,8056262031056,Ray Ban,SI,215,0RB2241,1,NO,update
7358,8056262031063,Ray Ban,SI,215,0RB2241,1,NO,update
7359,8056262031070,Ray Ban,SI,215,0RB2241,1,NO,update
7360,8056262031087,Ray Ban,SI,215,0RB2241,0,NO,create
7361,8056262031094,Ray Ban,SI,215,0RB2241,0,NO,create
7362,8056262030776,Ray Ban,SI,215,0RB2242,0,NO,create
7363,8056262030783,Ray Ban,SI,215,0RB2242,0,NO,create
7364,8056262030790,Ray Ban,SI,215,0RB2242,0,NO,create
7365,8056262030806,Ray Ban,SI,215,0RB2242,1,NO,update
7366,8056262030813,Ray Ban,SI,215,0RB2242,0,NO,create
7367,8056262030820,Ray Ban,SI,215,0RB2242,1,NO,update
7368,8056262134030,Ray Ban,SI,215,0RB2242,0,NO,create
7369,8056262134047,Ray Ban,SI,215,0RB2242,0,NO,create
7370,8056262134054,Ray Ban,SI,215,0RB2242,0,NO,create
7371,8056262134061,Ray Ban,SI,215,0RB2242,0,NO,create
7372,8056262134078,Ray Ban,SI,215,0RB2242,0,NO,create
7373,8056262030837,Ray Ban,SI,215,0RB2242,0,NO,create
7374,8056262030844,Ray Ban,SI,215,0RB2242,1,NO,update
7375,8056262042342,Ray Ban,SI,215,0RB2242,0,NO,create
7376,8056262042359,Ray Ban,SI,215,0RB2242,0,NO,create
7377,8056262030851,Ray Ban,SI,215,0RB2242,0,NO,create
7378,8056262030868,Ray Ban,SI,215,0RB2242,1,NO,update
7379,8056262030875,Ray Ban,SI,215,0RB2242,0,NO,create
7380,8056262030882,Ray Ban,SI,215,0RB2242,0,NO,create
7381,8056266002250,Ray Ban,SI,215,0RB2243D,0,NO,create
7382,8056266002267,Ray Ban,SI,215,0RB2243D,0,NO,create
7383,8056266002274,Ray Ban,SI,215,0RB2243D,0,NO,create
7384,8056266002281,Ray Ban,SI,215,0RB2243D,0,NO,create
7385,8056266002298,Ray Ban,SI,215,0RB2243D,0,NO,create
7386,8056597556446,Ray Ban,SI,215,0RB2283,0,NO,create
7387,8056597556460,Ray Ban,SI,215,0RB2283,1,NO,update
7388,8056597556507,Ray Ban,SI,215,0RB2283,1,NO,update
7389,8056597556491,Ray Ban,SI,215,0RB2283,1,NO,update
7390,8056597556415,Ray Ban,SI,215,0RB2283,1,NO,update
7391,8056262246290,Ray Ban,SI,215,0RB2286,1,NO,update
7392,8056262246306,Ray Ban,SI,215,0RB2286,1,NO,update
7393,8056262313671,Ray Ban,SI,215,0RB2286,1,NO,update
7394,8056262313695,Ray Ban,SI,215,0RB2286,1,NO,update
7395,8056262246337,Ray Ban,SI,215,0RB2286,1,NO,update
7396,8056262246344,Ray Ban,SI,215,0RB2286,1,NO,update
7397,8056262246351,Ray Ban,SI,215,0RB2286,0,NO,create
7398,8056262246368,Ray Ban,SI,215,0RB2286,1,NO,update
7399,8056262246375,Ray Ban,SI,215,0RB2286,1,NO,update
7400,8056262246382,Ray Ban,SI,215,0RB2286,1,NO,update
7401,8056262268162,Ray Ban,SI,215,0RB2289,0,NO,create
7402,8056262268193,Ray Ban,SI,215,0RB2289,1,NO,update
7403,8056262848388,Ray Ban,SI,215,0RB2289,0,NO,create
7404,8056262536001,Ray Ban,SI,215,0RB2289,0,NO,create
7405,8056262536018,Ray Ban,SI,215,0RB2289,1,NO,update
7406,8056262268209,Ray Ban,SI,215,0RB2289,1,NO,update
7407,8056262268216,Ray Ban,SI,215,0RB2289,1,NO,update
7408,8056262268223,Ray Ban,SI,215,0RB2289,1,NO,update
7409,8056262268230,Ray Ban,SI,215,0RB2289,1,NO,update
7410,8056262268247,Ray Ban,SI,215,0RB2289,0,NO,create
7411,8056262268254,Ray Ban,SI,215,0RB2289,0,NO,create
7412,8056597626682,Ray Ban,SI,215,0RB2298,0,NO,create
7413,8056597626699,Ray Ban,SI,215,0RB2298,1,NO,update
7414,8056597626712,Ray Ban,SI,215,0RB2298,0,NO,create
7415,8056597626729,Ray Ban,SI,215,0RB2298,0,NO,create
7416,8056597626767,Ray Ban,SI,215,0RB2298,1,NO,update
7417,8056597548731,Ray Ban,SI,215,0RB2299,0,NO,create
7418,8056597548748,Ray Ban,SI,215,0RB2299,1,NO,update
7419,8056597763028,Ray Ban,SI,215,0RB2299,0,NO,create
7420,8056597763011,Ray Ban,SI,215,0RB2299,0,NO,create
7421,8056597548779,Ray Ban,SI,215,0RB2299,1,NO,update
7422,8056262895535,Ray Ban,SI,215,0RB2299,0,NO,create
7423,8056262895542,Ray Ban,SI,215,0RB2299,1,NO,update
7424,8056262895559,Ray Ban,SI,215,0RB2299,1,NO,update
7425,8056597550383,Ray Ban,SI,215,0RB2299,1,NO,update
7426,8056597548939,Ray Ban,SI,215,0RB2299,1,NO,update
7427,8056262413050,Ray Ban,SI,215,0RB2341,0,NO,create
7428,8056262413067,Ray Ban,SI,215,0RB2341,1,NO,update
7429,8056262413074,Ray Ban,SI,215,0RB2341,0,NO,create
7430,8056262413098,Ray Ban,SI,215,0RB2341,1,NO,update
7431,8056262413104,Ray Ban,SI,215,0RB2341,1,NO,update
7432,8056262413128,Ray Ban,SI,215,0RB2341,1,NO,update
7433,8056262413142,Ray Ban,SI,215,0RB2341,1,NO,update
7434,8056262413159,Ray Ban,SI,215,0RB2341,1,NO,update
7435,8056262413197,Ray Ban,SI,215,0RB2341,1,NO,update
7436,8056262246719,Ray Ban,SI,215,0RB2389,0,NO,create
7437,8056262246726,Ray Ban,SI,215,0RB2389,1,NO,update
7438,8056262246801,Ray Ban,SI,215,0RB2389,1,NO,update
7439,8056262246832,Ray Ban,SI,215,0RB2389,0,NO,create
7440,8056262246849,Ray Ban,SI,215,0RB2389,1,NO,update
7441,8056262246870,Ray Ban,SI,215,0RB2389,1,NO,update
7442,8056262246887,Ray Ban,SI,215,0RB2389,1,NO,update
7443,8053672684452,Ray Ban,SI,215,0RB2447N,0,NO,create
7444,8053672358629,Ray Ban,SI,215,0RB2447,0,NO,create
7445,8056262563236,Ray Ban,SI,215,0RB2489,0,NO,create
7446,8056262563243,Ray Ban,SI,215,0RB2489,0,NO,create
7447,8056262563250,Ray Ban,SI,215,0RB2489,0,NO,create
7448,8056262563267,Ray Ban,SI,215,0RB2489,0,NO,create
7449,8056262563274,Ray Ban,SI,215,0RB2489,0,NO,create
7450,8056262563281,Ray Ban,SI,215,0RB2489,0,NO,create
7451,8056262563298,Ray Ban,SI,215,0RB2489,0,NO,create
7452,8056262563304,Ray Ban,SI,215,0RB2489,0,NO,create
7453,8053672226966,Ray Ban,SI,215,0RB3016,1,NO,update
7454,8053672226973,Ray Ban,SI,215,0RB3016,1,NO,update
7455,8053672973310,Ray Ban,SI,215,0RB3016,0,NO,create
7456,8053672973334,Ray Ban,SI,215,0RB3016,0,NO,create
7457,8056262316610,Ray Ban,SI,215,0RB3016,1,NO,update
7458,8056262998366,Ray Ban,SI,215,0RB3016,0,NO,create
7459,8056262998373,Ray Ban,SI,215,0RB3016,0,NO,create
7460,8056262998380,Ray Ban,SI,215,0RB3016,0,NO,create
7461,8056597260268,Ray Ban,SI,215,0RB3016,0,NO,create
7462,8056597260275,Ray Ban,SI,215,0RB3016,1,NO,update
7463,8056597260282,Ray Ban,SI,215,0RB3016,0,NO,create
7464,8056597260299,Ray Ban,SI,215,0RB3016,1,NO,update
7465,8056597462976,Ray Ban,SI,215,0RB3016,1,NO,update
7466,8056597462990,Ray Ban,SI,215,0RB3016,0,NO,create
7467,8056597463003,Ray Ban,SI,215,0RB3016,0,NO,create
7468,8056597755269,Ray Ban,SI,215,0RB3016,0,NO,create
7469,8056597755276,Ray Ban,SI,215,0RB3016,0,NO,create
7470,8056597848114,Ray Ban,SI,215,0RB3016,1,NO,update
7471,8056262889305,Ray Ban,SI,215,0RB3016,1,NO,update
7472,8056262889312,Ray Ban,SI,215,0RB3016,1,NO,update
7473,8056262889329,Ray Ban,SI,215,0RB3016,0,NO,create
7474,805289346890,Ray Ban,SI,215,0RB3016,1,NO,update
7475,805289346883,Ray Ban,SI,215,0RB3016,1,NO,update
7476,8056597847889,Ray Ban,SI,215,0RB3016,1,NO,update
7477,8056597377461,Ray Ban,SI,215,0RB3016,1,NO,update
7478,8056597377485,Ray Ban,SI,215,0RB3016,1,NO,update
7479,805289346913,Ray Ban,SI,215,0RB3016,1,NO,update
7480,805289346906,Ray Ban,SI,215,0RB3016,1,NO,update
7481,8056597847834,Ray Ban,SI,215,0RB3016,1,NO,update
7482,8053672603880,Ray Ban,SI,215,0RB3016,0,NO,create
7483,8053672603828,Ray Ban,SI,215,0RB3016,0,NO,create
7484,8053672603835,Ray Ban,SI,215,0RB3016,0,NO,create
7485,805289653653,Ray Ban,SI,215,0RB3016,1,NO,update
7486,805289304449,Ray Ban,SI,215,0RB3016,1,NO,update
7487,8056597847926,Ray Ban,SI,215,0RB3016,1,NO,update
7488,805289653660,Ray Ban,SI,215,0RB3016,1,NO,update
7489,805289304456,Ray Ban,SI,215,0RB3016,1,NO,update
7490,8056597847957,Ray Ban,SI,215,0RB3016,1,NO,update
7491,805289090212,Ray Ban,SI,215,0RB3025,1,NO,update
7492,805289178316,Ray Ban,SI,215,0RB3025,0,NO,create
7493,805289178323,Ray Ban,SI,215,0RB3025,0,NO,create
7494,805289178330,Ray Ban,SI,215,0RB3025,0,NO,create
7495,805289007838,Ray Ban,SI,215,0RB3025,0,NO,create
7496,805289007845,Ray Ban,SI,215,0RB3025,1,NO,update
7497,805289090229,Ray Ban,SI,215,0RB3025,0,NO,create
7498,805289307655,Ray Ban,SI,215,0RB3025,1,NO,update
7499,805289307662,Ray Ban,SI,215,0RB3025,1,NO,update
7500,805289307679,Ray Ban,SI,215,0RB3025,1,NO,update
7501,8056597855730,Ray Ban,SI,215,0RB3025,1,NO,update
7502,8056597855754,Ray Ban,SI,215,0RB3025,1,NO,update
7503,8056597855747,Ray Ban,SI,215,0RB3025,0,NO,create
7504,8056262581018,Ray Ban,SI,215,0RB3025,1,NO,update
7505,8056262581001,Ray Ban,SI,215,0RB3025,0,NO,create
7506,805289305026,Ray Ban,SI,215,0RB3025,1,NO,update
7507,805289305033,Ray Ban,SI,215,0RB3025,1,NO,update
7508,805289305040,Ray Ban,SI,215,0RB3025,1,NO,update
7509,805289346623,Ray Ban,SI,215,0RB3025,1,NO,update
7510,805289346630,Ray Ban,SI,215,0RB3025,0,NO,create
7511,805289114550,Ray Ban,SI,215,0RB3025,1,NO,update
7512,805289114567,Ray Ban,SI,215,0RB3025,1,NO,update
7513,805289114574,Ray Ban,SI,215,0RB3025,1,NO,update
7514,8056262581032,Ray Ban,SI,215,0RB3025,1,NO,update
7515,8056262581025,Ray Ban,SI,215,0RB3025,0,NO,create
7516,805289441557,Ray Ban,SI,215,0RB3025,1,NO,update
7517,8056597328111,Ray Ban,SI,215,0RB3025,1,NO,update
7518,8053672561470,Ray Ban,SI,215,0RB3025,0,NO,create
7519,8053672561456,Ray Ban,SI,215,0RB3025,1,NO,update
7520,8053672561463,Ray Ban,SI,215,0RB3025,1,NO,update
7521,8056597855778,Ray Ban,SI,215,0RB3025,0,NO,create
7522,805289115687,Ray Ban,SI,215,0RB3025,0,NO,create
7523,805289115694,Ray Ban,SI,215,0RB3025,1,NO,update
7524,805289115700,Ray Ban,SI,215,0RB3025,1,NO,update
7525,8056262997277,Ray Ban,SI,215,0RB3025,0,NO,create
7526,8056262997291,Ray Ban,SI,215,0RB3025,0,NO,create
7527,8056262997284,Ray Ban,SI,215,0RB3025,0,NO,create
7528,805289101161,Ray Ban,SI,215,0RB3025,0,NO,create
7529,805289101178,Ray Ban,SI,215,0RB3025,1,NO,update
7530,805289101185,Ray Ban,SI,215,0RB3025,0,NO,create
7531,805289307686,Ray Ban,SI,215,0RB3025,1,NO,update
7532,805289307693,Ray Ban,SI,215,0RB3025,1,NO,update
7533,805289307709,Ray Ban,SI,215,0RB3025,1,NO,update
7534,805289090243,Ray Ban,SI,215,0RB3025,1,NO,update
7535,8056262897690,Ray Ban,SI,215,0RB3025,1,NO,update
7536,805289178347,Ray Ban,SI,215,0RB3025,1,NO,update
7537,805289178354,Ray Ban,SI,215,0RB3025,1,NO,update
7538,805289178361,Ray Ban,SI,215,0RB3025,1,NO,update
7539,805289063230,Ray Ban,SI,215,0RB3025,1,NO,update
7540,805289090267,Ray Ban,SI,215,0RB3025,0,NO,create
7541,8056597855808,Ray Ban,SI,215,0RB3025,0,NO,create
7542,8056597855822,Ray Ban,SI,215,0RB3025,0,NO,create
7543,8056597855815,Ray Ban,SI,215,0RB3025,0,NO,create
7544,805289467076,Ray Ban,SI,215,0RB3025,1,NO,update
7545,805289467052,Ray Ban,SI,215,0RB3025,1,NO,update
7546,805289467069,Ray Ban,SI,215,0RB3025,1,NO,update
7547,8056262897638,Ray Ban,SI,215,0RB3025,1,NO,update
7548,8056262897683,Ray Ban,SI,215,0RB3025,1,NO,update
7549,8053672016949,Ray Ban,SI,215,0RB3025,1,NO,update
7550,8053672158656,Ray Ban,SI,215,0RB3025,0,NO,create
7551,8053672000504,Ray Ban,SI,215,0RB3025,0,NO,create
7552,8053672000481,Ray Ban,SI,215,0RB3025,1,NO,update
7553,8053672000498,Ray Ban,SI,215,0RB3025,1,NO,update
7554,8053672460636,Ray Ban,SI,215,0RB3025,0,NO,create
7555,8053672256123,Ray Ban,SI,215,0RB3025,1,NO,update
7556,713132584712,Ray Ban,SI,215,0RB3025,0,NO,create
7557,713132584699,Ray Ban,SI,215,0RB3025,0,NO,create
7558,8053672087925,Ray Ban,SI,215,0RB3025,0,NO,create
7559,8053672087901,Ray Ban,SI,215,0RB3025,0,NO,create
7560,8053672495140,Ray Ban,SI,215,0RB3025,1,NO,update
7561,8053672495157,Ray Ban,SI,215,0RB3025,1,NO,update
7562,8053672495171,Ray Ban,SI,215,0RB3025,0,NO,create
7563,8053672495188,Ray Ban,SI,215,0RB3025,0,NO,create
7564,8053672731651,Ray Ban,SI,215,0RB3025,1,NO,update
7565,8053672731637,Ray Ban,SI,215,0RB3025,1,NO,update
7566,8056597259811,Ray Ban,SI,215,0RB3025,0,NO,create
7567,8056597259835,Ray Ban,SI,215,0RB3025,1,NO,update
7568,8056597259828,Ray Ban,SI,215,0RB3025,1,NO,update
7569,8056597662512,Ray Ban,SI,215,0RB3025,0,NO,create
7570,8056597662314,Ray Ban,SI,215,0RB3025,0,NO,create
7571,8056597260077,Ray Ban,SI,215,0RB3025,0,NO,create
7572,8056597855846,Ray Ban,SI,215,0RB3025,0,NO,create
7573,8056597855921,Ray Ban,SI,215,0RB3025,0,NO,create
7574,8056262997307,Ray Ban,SI,215,0RB3025,0,NO,create
7575,8056262997321,Ray Ban,SI,215,0RB3025,0,NO,create
7576,8056262997314,Ray Ban,SI,215,0RB3025,0,NO,create
7577,8056597463737,Ray Ban,SI,215,0RB3025,0,NO,create
7578,8056262302262,Ray Ban,SI,215,0RB3025,1,NO,update
7579,8056262302293,Ray Ban,SI,215,0RB3025,1,NO,update
7580,8056262302286,Ray Ban,SI,215,0RB3025,0,NO,create
7581,8056262581056,Ray Ban,SI,215,0RB3025,0,NO,create
7582,8056262581049,Ray Ban,SI,215,0RB3025,0,NO,create
7583,8056262997345,Ray Ban,SI,215,0RB3025,0,NO,create
7584,8056262997369,Ray Ban,SI,215,0RB3025,0,NO,create
7585,8056262997352,Ray Ban,SI,215,0RB3025,0,NO,create
7586,805289602057,Ray Ban,SI,215,0RB3025,1,NO,update
7587,805289628231,Ray Ban,SI,215,0RB3025,1,NO,update
7588,805289601708,Ray Ban,SI,215,0RB3025,1,NO,update
7589,805289004783,Ray Ban,SI,215,0RB3025,1,NO,update
7590,805289005612,Ray Ban,SI,215,0RB3025,1,NO,update
7591,8053672130867,Ray Ban,SI,215,0RB3025,0,NO,create
7592,8056597316675,Ray Ban,SI,215,0RB3025,0,NO,create
7593,805289628217,Ray Ban,SI,215,0RB3026,1,NO,update
7594,805289628460,Ray Ban,SI,215,0RB3026,1,NO,update
7595,8056262901908,Ray Ban,SI,215,0RB3029M,0,NO,create
7596,8056262900864,Ray Ban,SI,215,0RB3029M,1,NO,update
7597,8056262901922,Ray Ban,SI,215,0RB3029M,0,NO,create
7598,8056262900956,Ray Ban,SI,215,0RB3029M,1,NO,update
7599,8056262922712,Ray Ban,SI,215,0RB3029M,1,NO,update
7600,8056262922705,Ray Ban,SI,215,0RB3029M,1,NO,update
7601,8056262922750,Ray Ban,SI,215,0RB3029M,0,NO,create
7602,8056262922743,Ray Ban,SI,215,0RB3029M,1,NO,update
7603,8056262901915,Ray Ban,SI,215,0RB3029M,0,NO,create
7604,8056262900901,Ray Ban,SI,215,0RB3029M,1,NO,update
7605,8056262901977,Ray Ban,SI,215,0RB3029M,0,NO,create
7606,8056262901120,Ray Ban,SI,215,0RB3029M,1,NO,update
7607,8053672494433,Ray Ban,SI,215,0RB3029,1,NO,update
7608,805289602163,Ray Ban,SI,215,0RB3030,1,NO,update
7609,805289695004,Ray Ban,SI,215,0RB3030,1,NO,update
7610,8056597316620,Ray Ban,SI,215,0RB3030,1,NO,update
7611,805289602071,Ray Ban,SI,215,0RB3044,0,NO,create
7612,8056597122092,Ray Ban,SI,215,0RB3119M,1,NO,update
7613,8056262051887,Ray Ban,SI,215,0RB3119M,0,NO,create
7614,8056597122153,Ray Ban,SI,215,0RB3119M,1,NO,update
7615,8056597122108,Ray Ban,SI,215,0RB3119M,1,NO,update
7616,8056262956670,Ray Ban,SI,215,0RB3119M,1,NO,update
7617,805289003472,Ray Ban,SI,215,0RB3136,1,NO,update
7618,805289003595,Ray Ban,SI,215,0RB3136,0,NO,create
7619,8053672494501,Ray Ban,SI,215,0RB3136,0,NO,create
7620,8056262902059,Ray Ban,SI,215,0RB3138M,0,NO,create
7621,8056262901045,Ray Ban,SI,215,0RB3138M,1,NO,update
7622,8056262922736,Ray Ban,SI,215,0RB3138M,1,NO,update
7623,8056262922729,Ray Ban,SI,215,0RB3138M,1,NO,update
7624,8056262902066,Ray Ban,SI,215,0RB3138M,0,NO,create
7625,8056262901144,Ray Ban,SI,215,0RB3138M,1,NO,update
7626,8056262922774,Ray Ban,SI,215,0RB3138M,0,NO,create
7627,8056262922767,Ray Ban,SI,215,0RB3138M,1,NO,update
7628,8056262902073,Ray Ban,SI,215,0RB3138M,0,NO,create
7629,8056262901168,Ray Ban,SI,215,0RB3138M,1,NO,update
7630,8056262902042,Ray Ban,SI,215,0RB3138M,1,NO,update
7631,8056262900994,Ray Ban,SI,215,0RB3138M,1,NO,update
7632,805289003694,Ray Ban,SI,215,0RB3138,1,NO,update
7633,805289006534,Ray Ban,SI,215,0RB3138,0,NO,create
7634,8056597316637,Ray Ban,SI,215,0RB3138,1,NO,update
7635,805289528791,Ray Ban,SI,215,0RB3183,1,NO,update
7636,805289018919,Ray Ban,SI,215,0RB3183,1,NO,update
7637,805289018926,Ray Ban,SI,215,0RB3183,1,NO,update
7638,805289018933,Ray Ban,SI,215,0RB3183,1,NO,update
7639,805289018940,Ray Ban,SI,215,0RB3183,1,NO,update
7640,805289275251,Ray Ban,SI,215,0RB3362,1,NO,update
7641,805289275268,Ray Ban,SI,215,0RB3362,1,NO,update
7642,805289270898,Ray Ban,SI,215,0RB3362,0,NO,create
7643,805289160908,Ray Ban,SI,215,0RB3362,0,NO,create
7644,805289160915,Ray Ban,SI,215,0RB3362,0,NO,create
7645,805289204275,Ray Ban,SI,215,0RB3386,1,NO,update
7646,805289204282,Ray Ban,SI,215,0RB3386,1,NO,update
7647,805289204336,Ray Ban,SI,215,0RB3386,1,NO,update
7648,805289204343,Ray Ban,SI,215,0RB3386,0,NO,create
7649,805289204350,Ray Ban,SI,215,0RB3386,0,NO,create
7650,805289204367,Ray Ban,SI,215,0RB3386,0,NO,create
7651,805289346838,Ray Ban,SI,215,0RB3386,1,NO,update
7652,805289346821,Ray Ban,SI,215,0RB3386,1,NO,update
7653,805289447481,Ray Ban,SI,215,0RB3445,0,NO,create
7654,805289447535,Ray Ban,SI,215,0RB3445,1,NO,update
7655,805289463214,Ray Ban,SI,215,0RB3445,1,NO,update
7656,8056597446457,Ray Ban,SI,215,0RB3447JM,1,NO,update
7657,8056597446488,Ray Ban,SI,215,0RB3447JM,0,NO,create
7658,8056597446495,Ray Ban,SI,215,0RB3447JM,1,NO,update
7659,8053672878219,Ray Ban,SI,215,0RB3447N,1,NO,update
7660,8053672882162,Ray Ban,SI,215,0RB3447N,0,NO,create
7661,8053672611489,Ray Ban,SI,215,0RB3447N,1,NO,update
7662,8053672878233,Ray Ban,SI,215,0RB3447N,1,NO,update
7663,8053672882216,Ray Ban,SI,215,0RB3447N,1,NO,update
7664,8053672611502,Ray Ban,SI,215,0RB3447N,1,NO,update
7665,8053672878271,Ray Ban,SI,215,0RB3447N,0,NO,create
7666,8053672882278,Ray Ban,SI,215,0RB3447N,1,NO,update
7667,8053672878257,Ray Ban,SI,215,0RB3447N,0,NO,create
7668,8053672882261,Ray Ban,SI,215,0RB3447N,0,NO,create
7669,805289439899,Ray Ban,SI,215,0RB3447,1,NO,update
7670,8053672666878,Ray Ban,SI,215,0RB3447,1,NO,update
7671,8056597858168,Ray Ban,SI,215,0RB3447,0,NO,create
7672,8056597858175,Ray Ban,SI,215,0RB3447,0,NO,create
7673,8056597858199,Ray Ban,SI,215,0RB3447,1,NO,update
7674,8056597858205,Ray Ban,SI,215,0RB3447,0,NO,create
7675,8056262999479,Ray Ban,SI,215,0RB3447,0,NO,create
7676,8056262999455,Ray Ban,SI,215,0RB3447,0,NO,create
7677,8056262999462,Ray Ban,SI,215,0RB3447,0,NO,create
7678,8056597142441,Ray Ban,SI,215,0RB3447,1,NO,update
7679,8056597858229,Ray Ban,SI,215,0RB3447,1,NO,update
7680,8056262051658,Ray Ban,SI,215,0RB3447,1,NO,update
7681,8056262051665,Ray Ban,SI,215,0RB3447,0,NO,create
7682,8056262999523,Ray Ban,SI,215,0RB3447,0,NO,create
7683,8056262999509,Ray Ban,SI,215,0RB3447,0,NO,create
7684,8056262999516,Ray Ban,SI,215,0RB3447,0,NO,create
7685,805289439936,Ray Ban,SI,215,0RB3447,1,NO,update
7686,8053672666861,Ray Ban,SI,215,0RB3447,1,NO,update
7687,8056262999554,Ray Ban,SI,215,0RB3447,0,NO,create
7688,8056262999530,Ray Ban,SI,215,0RB3447,0,NO,create
7689,8056262999547,Ray Ban,SI,215,0RB3447,0,NO,create
7690,8053672416107,Ray Ban,SI,215,0RB3447,1,NO,update
7691,8053672227086,Ray Ban,SI,215,0RB3447,1,NO,update
7692,8053672666953,Ray Ban,SI,215,0RB3447,0,NO,create
7693,8053672684322,Ray Ban,SI,215,0RB3447,1,NO,update
7694,8053672684339,Ray Ban,SI,215,0RB3447,0,NO,create
7695,8053672684353,Ray Ban,SI,215,0RB3447,0,NO,create
7696,8053672684360,Ray Ban,SI,215,0RB3447,0,NO,create
7697,8056597197496,Ray Ban,SI,215,0RB3447,1,NO,update
7698,8056597197502,Ray Ban,SI,215,0RB3447,1,NO,update
7699,8056597365093,Ray Ban,SI,215,0RB3447,1,NO,update
7700,8056597365109,Ray Ban,SI,215,0RB3447,0,NO,create
7701,8056597377379,Ray Ban,SI,215,0RB3447,0,NO,create
7702,8056597365130,Ray Ban,SI,215,0RB3447,1,NO,update
7703,8056597365154,Ray Ban,SI,215,0RB3447,1,NO,update
7704,8056597365178,Ray Ban,SI,215,0RB3447,1,NO,update
7705,8056597365185,Ray Ban,SI,215,0RB3447,1,NO,update
7706,8056597365208,Ray Ban,SI,215,0RB3447,1,NO,update
7707,8056262051689,Ray Ban,SI,215,0RB3447,0,NO,create
7708,8056262051696,Ray Ban,SI,215,0RB3447,0,NO,create
7709,8056597858496,Ray Ban,SI,215,0RB3447,0,NO,create
7710,8056597858502,Ray Ban,SI,215,0RB3447,0,NO,create
7711,8056262999585,Ray Ban,SI,215,0RB3447,0,NO,create
7712,8056262999561,Ray Ban,SI,215,0RB3447,0,NO,create
7713,8056262999578,Ray Ban,SI,215,0RB3447,0,NO,create
7714,8056597549059,Ray Ban,SI,215,0RB3447,1,NO,update
7715,8056597549066,Ray Ban,SI,215,0RB3447,0,NO,create
7716,8056262484678,Ray Ban,SI,215,0RB3447,1,NO,update
7717,8056262484685,Ray Ban,SI,215,0RB3447,0,NO,create
7718,8056262484654,Ray Ban,SI,215,0RB3447,1,NO,update
7719,8056262484661,Ray Ban,SI,215,0RB3447,0,NO,create
7720,805289453024,Ray Ban,SI,215,0RB3449,1,NO,update
7721,805289444312,Ray Ban,SI,215,0RB3449,1,NO,update
7722,713132452936,Ray Ban,SI,215,0RB3471,0,NO,create
7723,8053672949872,Ray Ban,SI,215,0RB3483,0,NO,create
7724,713132572108,Ray Ban,SI,215,0RB3498,0,NO,create
7725,713132572146,Ray Ban,SI,215,0RB3498,0,NO,create
7726,713132572085,Ray Ban,SI,215,0RB3498,0,NO,create
7727,713132582558,Ray Ban,SI,215,0RB3498,0,NO,create
7728,8053672303667,Ray Ban,SI,215,0RB3498,0,NO,create
7729,8053672069297,Ray Ban,SI,215,0RB3507,0,NO,create
7730,8056597759755,Ray Ban,SI,215,0RB3507,0,NO,create
7731,8053672298635,Ray Ban,SI,215,0RB3522,0,NO,create
7732,8053672298680,Ray Ban,SI,215,0RB3522,0,NO,create
7733,8053672298642,Ray Ban,SI,215,0RB3522,0,NO,create
7734,8053672298697,Ray Ban,SI,215,0RB3522,0,NO,create
7735,8053672298659,Ray Ban,SI,215,0RB3522,0,NO,create
7736,8053672298703,Ray Ban,SI,215,0RB3522,0,NO,create
7737,8053672497878,Ray Ban,SI,215,0RB3533,0,NO,create
7738,8053672565393,Ray Ban,SI,215,0RB3539,1,NO,update
7739,8056597445948,Ray Ban,SI,215,0RB3539,0,NO,create
7740,8056597445962,Ray Ban,SI,215,0RB3539,0,NO,create
7741,8056597445979,Ray Ban,SI,215,0RB3539,0,NO,create
7742,8053672672336,Ray Ban,SI,215,0RB3546,0,NO,create
7743,8053672672343,Ray Ban,SI,215,0RB3546,0,NO,create
7744,8053672611526,Ray Ban,SI,215,0RB3547N,0,NO,create
7745,8053672878295,Ray Ban,SI,215,0RB3547N,0,NO,create
7746,8056262501030,Ray Ban,SI,215,0RB3547N,1,NO,update
7747,8056262501023,Ray Ban,SI,215,0RB3547N,1,NO,update
7748,8056262895344,Ray Ban,SI,215,0RB3547N,0,NO,create
7749,8056262895351,Ray Ban,SI,215,0RB3547N,0,NO,create
7750,8056262895368,Ray Ban,SI,215,0RB3547N,0,NO,create
7751,8056262895375,Ray Ban,SI,215,0RB3547N,0,NO,create
7752,8056262484067,Ray Ban,SI,215,0RB3547,1,NO,update
7753,8056597018357,Ray Ban,SI,215,0RB3547,1,NO,update
7754,8056597018340,Ray Ban,SI,215,0RB3547,1,NO,update
7755,8056597033787,Ray Ban,SI,215,0RB3547,1,NO,update
7756,8056597033770,Ray Ban,SI,215,0RB3547,0,NO,create
7757,8056262484043,Ray Ban,SI,215,0RB3547,1,NO,update
7758,8056262322864,Ray Ban,SI,215,0RB3547,1,NO,update
7759,8056262322857,Ray Ban,SI,215,0RB3547,1,NO,update
7760,8056262484005,Ray Ban,SI,215,0RB3547,1,NO,update
7761,8056262484029,Ray Ban,SI,215,0RB3547,1,NO,update
7762,8056597663113,Ray Ban,SI,215,0RB3547,1,NO,update
7763,8056597663106,Ray Ban,SI,215,0RB3547,1,NO,update
7764,8056262322888,Ray Ban,SI,215,0RB3547,1,NO,update
7765,8056262322871,Ray Ban,SI,215,0RB3547,0,NO,create
7766,8056597044752,Ray Ban,SI,215,0RB3547,0,NO,create
7767,8056597982382,Ray Ban,SI,215,0RB3547,1,NO,update
7768,8053672611649,Ray Ban,SI,215,0RB3548N,1,NO,update
7769,8053672689679,Ray Ban,SI,215,0RB3548N,1,NO,update
7770,8053672743821,Ray Ban,SI,215,0RB3548N,1,NO,update
7771,8053672743838,Ray Ban,SI,215,0RB3548N,0,NO,create
7772,8056597142496,Ray Ban,SI,215,0RB3548N,1,NO,update
7773,8056262316627,Ray Ban,SI,215,0RB3548N,0,NO,create
7774,8056597243315,Ray Ban,SI,215,0RB3548N,0,NO,create
7775,8056262895382,Ray Ban,SI,215,0RB3548N,1,NO,update
7776,8056262895399,Ray Ban,SI,215,0RB3548N,0,NO,create
7777,8053672743852,Ray Ban,SI,215,0RB3548N,1,NO,update
7778,8053672743869,Ray Ban,SI,215,0RB3548N,1,NO,update
7779,8056262895405,Ray Ban,SI,215,0RB3548N,1,NO,update
7780,8056262895412,Ray Ban,SI,215,0RB3548N,0,NO,create
7781,8056262895429,Ray Ban,SI,215,0RB3548N,0,NO,create
7782,8056262895436,Ray Ban,SI,215,0RB3548N,0,NO,create
7783,8056262895443,Ray Ban,SI,215,0RB3548N,0,NO,create
7784,8056262895450,Ray Ban,SI,215,0RB3548N,0,NO,create
7785,8056262316634,Ray Ban,SI,215,0RB3548N,1,NO,update
7786,8056597077347,Ray Ban,SI,215,0RB3548N,1,NO,update
7787,8056597077354,Ray Ban,SI,215,0RB3548N,0,NO,create
7788,8056262999677,Ray Ban,SI,215,0RB3548N,0,NO,create
7789,8056262999684,Ray Ban,SI,215,0RB3548N,0,NO,create
7790,8056262999691,Ray Ban,SI,215,0RB3548N,0,NO,create
7791,8056597077309,Ray Ban,SI,215,0RB3548N,1,NO,update
7792,8056597077316,Ray Ban,SI,215,0RB3548N,1,NO,update
7793,8056597077323,Ray Ban,SI,215,0RB3548N,0,NO,create
7794,8056597077279,Ray Ban,SI,215,0RB3548N,1,NO,update
7795,8056597077286,Ray Ban,SI,215,0RB3548N,1,NO,update
7796,8056597077293,Ray Ban,SI,215,0RB3548N,1,NO,update
7797,8056597077361,Ray Ban,SI,215,0RB3548N,0,NO,create
7798,8056597077378,Ray Ban,SI,215,0RB3548N,1,NO,update
7799,8056597077385,Ray Ban,SI,215,0RB3548N,0,NO,create
7800,8056597559652,Ray Ban,SI,215,0RB3548N,1,NO,update
7801,8056597463805,Ray Ban,SI,215,0RB3548,1,NO,update
7802,8056597463799,Ray Ban,SI,215,0RB3548,1,NO,update
7803,8056597463836,Ray Ban,SI,215,0RB3548,1,NO,update
7804,8056597463829,Ray Ban,SI,215,0RB3548,1,NO,update
7805,8056262055014,Ray Ban,SI,215,0RB3548,0,NO,create
7806,8056262055007,Ray Ban,SI,215,0RB3548,0,NO,create
7807,8056597463867,Ray Ban,SI,215,0RB3548,0,NO,create
7808,8056597463850,Ray Ban,SI,215,0RB3548,0,NO,create
7809,8056597209694,Ray Ban,SI,215,0RB3548,1,NO,update
7810,8056597209663,Ray Ban,SI,215,0RB3548,1,NO,update
7811,8056262055038,Ray Ban,SI,215,0RB3548,0,NO,create
7812,8056262055021,Ray Ban,SI,215,0RB3548,0,NO,create
7813,8053672879025,Ray Ban,SI,215,0RB3549,1,NO,update
7814,8053672879018,Ray Ban,SI,215,0RB3549,0,NO,create
7815,8053672879049,Ray Ban,SI,215,0RB3549,0,NO,create
7816,8053672879032,Ray Ban,SI,215,0RB3549,0,NO,create
7817,8053672671087,Ray Ban,SI,215,0RB3549,0,NO,create
7818,8053672671070,Ray Ban,SI,215,0RB3549,0,NO,create
7819,8053672672725,Ray Ban,SI,215,0RB3556N,1,NO,update
7820,8056597077507,Ray Ban,SI,215,0RB3556N,1,NO,update
7821,8056597368964,Ray Ban,SI,215,0RB3557,0,NO,create
7822,8056597368988,Ray Ban,SI,215,0RB3557,0,NO,create
7823,8056597583558,Ray Ban,SI,215,0RB3565,1,NO,update
7824,8056597445122,Ray Ban,SI,215,0RB3565,1,NO,update
7825,8056597846905,Ray Ban,SI,215,0RB3565,0,NO,create
7826,8056262998700,Ray Ban,SI,215,0RB3565,0,NO,create
7827,8056262998694,Ray Ban,SI,215,0RB3565,0,NO,create
7828,8056597584937,Ray Ban,SI,215,0RB3565,0,NO,create
7829,8056597584920,Ray Ban,SI,215,0RB3565,0,NO,create
7830,8056597846875,Ray Ban,SI,215,0RB3565,0,NO,create
7831,8056262054918,Ray Ban,SI,215,0RB3565,1,NO,update
7832,8056262054901,Ray Ban,SI,215,0RB3565,1,NO,update
7833,8056262054925,Ray Ban,SI,215,0RB3565,0,NO,create
7834,8056597583480,Ray Ban,SI,215,0RB3565,0,NO,create
7835,8056597445139,Ray Ban,SI,215,0RB3565,1,NO,update
7836,8056597769174,Ray Ban,SI,215,0RB3565,0,NO,create
7837,8056262998724,Ray Ban,SI,215,0RB3565,0,NO,create
7838,8056262998717,Ray Ban,SI,215,0RB3565,0,NO,create
7839,8056597583510,Ray Ban,SI,215,0RB3565,0,NO,create
7840,8056597445146,Ray Ban,SI,215,0RB3565,1,NO,update
7841,8056597846790,Ray Ban,SI,215,0RB3565,0,NO,create
7842,8056597583565,Ray Ban,SI,215,0RB3565,0,NO,create
7843,8056597445160,Ray Ban,SI,215,0RB3565,1,NO,update
7844,8056597846912,Ray Ban,SI,215,0RB3565,0,NO,create
7845,8056597691086,Ray Ban,SI,215,0RB3565,0,NO,create
7846,8056597583541,Ray Ban,SI,215,0RB3565,1,NO,update
7847,8056597445184,Ray Ban,SI,215,0RB3565,1,NO,update
7848,8056597846899,Ray Ban,SI,215,0RB3565,0,NO,create
7849,8056262054949,Ray Ban,SI,215,0RB3565,0,NO,create
7850,8056262484906,Ray Ban,SI,215,0RB3565,1,NO,update
7851,8056262484913,Ray Ban,SI,215,0RB3565,0,NO,create
7852,8056262484920,Ray Ban,SI,215,0RB3565,1,NO,update
7853,8056262484937,Ray Ban,SI,215,0RB3565,0,NO,create
7854,8053672828894,Ray Ban,SI,215,0RB3569,1,NO,update
7855,8053672828870,Ray Ban,SI,215,0RB3569,0,NO,create
7856,8056597625777,Ray Ban,SI,215,0RB3582,1,NO,update
7857,8056597625838,Ray Ban,SI,215,0RB3582,1,NO,update
7858,8053672830323,Ray Ban,SI,215,0RB3584N,0,NO,create
7859,8056597036184,Ray Ban,SI,215,0RB3588,1,NO,update
7860,8053672836998,Ray Ban,SI,215,0RB3588,1,NO,update
7861,8053672837001,Ray Ban,SI,215,0RB3588,0,NO,create
7862,8056597759724,Ray Ban,SI,215,0RB3588,1,NO,update
7863,8053672837063,Ray Ban,SI,215,0RB3589,0,NO,create
7864,8053672919547,Ray Ban,SI,215,0RB3597,0,NO,create
7865,8053672919523,Ray Ban,SI,215,0RB3597,1,NO,update
7866,8056597642620,Ray Ban,SI,215,0RB3625,1,NO,update
7867,8056597650304,Ray Ban,SI,215,0RB3625,0,NO,create
7868,8056597641623,Ray Ban,SI,215,0RB3625,0,NO,create
7869,8056597642637,Ray Ban,SI,215,0RB3625,1,NO,update
7870,8056597650298,Ray Ban,SI,215,0RB3625,1,NO,update
7871,8056597665070,Ray Ban,SI,215,0RB3625,1,NO,update
7872,8056597665094,Ray Ban,SI,215,0RB3625,0,NO,create
7873,8056597641678,Ray Ban,SI,215,0RB3625,1,NO,update
7874,8056597650328,Ray Ban,SI,215,0RB3625,0,NO,create
7875,8056597948456,Ray Ban,SI,215,0RB3636,0,NO,create
7876,8056597948449,Ray Ban,SI,215,0RB3636,0,NO,create
7877,8056597642651,Ray Ban,SI,215,0RB3636,0,NO,create
7878,8056597641753,Ray Ban,SI,215,0RB3636,0,NO,create
7879,8056597641791,Ray Ban,SI,215,0RB3636,1,NO,update
7880,8056597665148,Ray Ban,SI,215,0RB3636,0,NO,create
7881,8056597641647,Ray Ban,SI,215,0RB3637,1,NO,update
7882,8056597641760,Ray Ban,SI,215,0RB3637,1,NO,update
7883,8056597641814,Ray Ban,SI,215,0RB3637,1,NO,update
7884,8056597641807,Ray Ban,SI,215,0RB3637,1,NO,update
7885,8056597665186,Ray Ban,SI,215,0RB3637,0,NO,create
7886,8056597650366,Ray Ban,SI,215,0RB3637,0,NO,create
7887,8053672737622,Ray Ban,SI,215,0RB3647N,1,NO,update
7888,8053672742299,Ray Ban,SI,215,0RB3647N,1,NO,update
7889,8053672737660,Ray Ban,SI,215,0RB3647N,0,NO,create
7890,8053672737677,Ray Ban,SI,215,0RB3647N,1,NO,update
7891,8053672737615,Ray Ban,SI,215,0RB3647N,1,NO,update
7892,8053672834338,Ray Ban,SI,215,0RB3647N,1,NO,update
7893,8053672974843,Ray Ban,SI,215,0RB3647N,1,NO,update
7894,8053672974850,Ray Ban,SI,215,0RB3647N,1,NO,update
7895,8056597365062,Ray Ban,SI,215,0RB3647N,1,NO,update
7896,8056597663403,Ray Ban,SI,215,0RB3647N,0,NO,create
7897,8056262905470,Ray Ban,SI,215,0RB3647N,0,NO,create
7898,8056262905487,Ray Ban,SI,215,0RB3647N,0,NO,create
7899,8056262905494,Ray Ban,SI,215,0RB3647N,0,NO,create
7900,8056597073165,Ray Ban,SI,215,0RB3648M,1,NO,update
7901,8056597073219,Ray Ban,SI,215,0RB3648M,0,NO,create
7902,8056597073202,Ray Ban,SI,215,0RB3648M,0,NO,create
7903,8056597073172,Ray Ban,SI,215,0RB3648M,1,NO,update
7904,8056597148443,Ray Ban,SI,215,0RB3659M,0,NO,create
7905,8056597148429,Ray Ban,SI,215,0RB3659M,1,NO,update
7906,8056597242950,Ray Ban,SI,215,0RB3663,1,NO,update
7907,8056597242899,Ray Ban,SI,215,0RB3663,0,NO,create
7908,8056597242943,Ray Ban,SI,215,0RB3663,1,NO,update
7909,8056597242936,Ray Ban,SI,215,0RB3663,1,NO,update
7910,8056262673072,Ray Ban,SI,215,0RB3671CH,0,NO,create
7911,8056597363280,Ray Ban,SI,215,0RB3671CH,1,NO,update
7912,8056262673065,Ray Ban,SI,215,0RB3671CH,0,NO,create
7913,8056597363303,Ray Ban,SI,215,0RB3671CH,0,NO,create
7914,8056597363327,Ray Ban,SI,215,0RB3671CH,0,NO,create
7915,8056597382717,Ray Ban,SI,215,0RB3673M,0,NO,create
7916,8056597382779,Ray Ban,SI,215,0RB3673M,0,NO,create
7917,8056266184192,Ray Ban,SI,215,0RB3673M,0,NO,create
7918,8056266184185,Ray Ban,SI,215,0RB3673M,0,NO,create
7919,8056597432207,Ray Ban,SI,215,0RB3675,0,NO,create
7920,8056597530972,Ray Ban,SI,215,0RB3681,1,NO,update
7921,8056597530989,Ray Ban,SI,215,0RB3681,1,NO,update
7922,8056597530996,Ray Ban,SI,215,0RB3681,1,NO,update
7923,8056597531108,Ray Ban,SI,215,0RB3682,1,NO,update
7924,8056597523134,Ray Ban,SI,215,0RB3683,1,NO,update
7925,8056597523158,Ray Ban,SI,215,0RB3683,0,NO,create
7926,8056597523165,Ray Ban,SI,215,0RB3683,1,NO,update
7927,8056597523189,Ray Ban,SI,215,0RB3683,0,NO,create
7928,8056597523196,Ray Ban,SI,215,0RB3683,0,NO,create
7929,8056597625494,Ray Ban,SI,215,0RB3686,1,NO,update
7930,8056266001505,Ray Ban,SI,215,0RB3686,0,NO,create
7931,8056597625500,Ray Ban,SI,215,0RB3686,1,NO,update
7932,8056597625517,Ray Ban,SI,215,0RB3686,0,NO,create
7933,8056266001512,Ray Ban,SI,215,0RB3686,0,NO,create
7934,8056597625524,Ray Ban,SI,215,0RB3686,0,NO,create
7935,8056597625531,Ray Ban,SI,215,0RB3686,1,NO,update
7936,8056597950626,Ray Ban,SI,215,0RB3688,0,NO,create
7937,8056597626064,Ray Ban,SI,215,0RB3688,1,NO,update
7938,8056597950640,Ray Ban,SI,215,0RB3688,0,NO,create
7939,8056597626088,Ray Ban,SI,215,0RB3688,1,NO,update
7940,8056597549707,Ray Ban,SI,215,0RB3689,0,NO,create
7941,8056597549738,Ray Ban,SI,215,0RB3689,0,NO,create
7942,8056597139311,Ray Ban,SI,215,0RB3689,0,NO,create
7943,8056597260541,Ray Ban,SI,215,0RB3689,0,NO,create
7944,8056597260558,Ray Ban,SI,215,0RB3689,0,NO,create
7945,8056597260619,Ray Ban,SI,215,0RB3689,0,NO,create
7946,8056597039482,Ray Ban,SI,215,0RB3689,1,NO,update
7947,8056597148504,Ray Ban,SI,215,0RB3689,1,NO,update
7948,8056597041935,Ray Ban,SI,215,0RB3689,1,NO,update
7949,8056597148566,Ray Ban,SI,215,0RB3689,0,NO,create
7950,8056597041911,Ray Ban,SI,215,0RB3689,0,NO,create
7951,8056597148597,Ray Ban,SI,215,0RB3689,0,NO,create
7952,8056597625395,Ray Ban,SI,215,0RB3690,1,NO,update
7953,8056597625357,Ray Ban,SI,215,0RB3691,0,NO,create
7954,8056597721257,Ray Ban,SI,215,0RB3694,1,NO,update
7955,8056597721240,Ray Ban,SI,215,0RB3694,1,NO,update
7956,8056597948838,Ray Ban,SI,215,0RB3694,1,NO,update
7957,8056597948821,Ray Ban,SI,215,0RB3694,0,NO,create
7958,8056597721271,Ray Ban,SI,215,0RB3694,1,NO,update
7959,8056597721264,Ray Ban,SI,215,0RB3694,1,NO,update
7960,8056597721295,Ray Ban,SI,215,0RB3694,0,NO,create
7961,8056597721288,Ray Ban,SI,215,0RB3694,0,NO,create
7962,8056597948883,Ray Ban,SI,215,0RB3694,0,NO,create
7963,8056597767903,Ray Ban,SI,215,0RB3694,0,NO,create
7964,8056262302392,Ray Ban,SI,215,0RB3694,1,NO,update
7965,8056262302385,Ray Ban,SI,215,0RB3694,0,NO,create
7966,8056262302453,Ray Ban,SI,215,0RB3694,1,NO,update
7967,8056262302446,Ray Ban,SI,215,0RB3694,0,NO,create
7968,8056262221662,Ray Ban,SI,215,0RB3697M,0,NO,create
7969,8056262221679,Ray Ban,SI,215,0RB3697M,0,NO,create
7970,8056262221709,Ray Ban,SI,215,0RB3697M,0,NO,create
7971,8056597071512,Ray Ban,SI,215,0RB3697,0,NO,create
7972,8056597071499,Ray Ban,SI,215,0RB3697,1,NO,update
7973,8056597645379,Ray Ban,SI,215,0RB3698M,0,NO,create
7974,8056597645409,Ray Ban,SI,215,0RB3698M,0,NO,create
7975,8056597719575,Ray Ban,SI,215,0RB3699,1,NO,update
7976,8056597719568,Ray Ban,SI,215,0RB3699,1,NO,update
7977,8056597719582,Ray Ban,SI,215,0RB3699,0,NO,create
7978,8056597719612,Ray Ban,SI,215,0RB3699,1,NO,update
7979,8056597719605,Ray Ban,SI,215,0RB3699,1,NO,update
7980,8056597719636,Ray Ban,SI,215,0RB3699,0,NO,create
7981,8056597719629,Ray Ban,SI,215,0RB3699,0,NO,create
7982,8056597719650,Ray Ban,SI,215,0RB3699,1,NO,update
7983,8056597719643,Ray Ban,SI,215,0RB3699,1,NO,update
7984,8056597728362,Ray Ban,SI,215,0RB3701,1,NO,update
7985,8056597728379,Ray Ban,SI,215,0RB3701,1,NO,update
7986,8056597728386,Ray Ban,SI,215,0RB3701,1,NO,update
7987,8056597728393,Ray Ban,SI,215,0RB3701,0,NO,create
7988,8056597728409,Ray Ban,SI,215,0RB3701,1,NO,update
7989,8056597768382,Ray Ban,SI,215,0RB3703M,0,NO,create
7990,8056597768399,Ray Ban,SI,215,0RB3703M,0,NO,create
7991,8056597768405,Ray Ban,SI,215,0RB3703M,0,NO,create
7992,8056266184390,Ray Ban,SI,215,0RB3703M,0,NO,create
7993,8056266184420,Ray Ban,SI,215,0RB3703M,0,NO,create
7994,8056597835558,Ray Ban,SI,215,0RB3706,0,NO,create
7995,8056597835565,Ray Ban,SI,215,0RB3706,0,NO,create
7996,8056597835633,Ray Ban,SI,215,0RB3706,0,NO,create
7997,8056597835640,Ray Ban,SI,215,0RB3706,0,NO,create
7998,8056597834230,Ray Ban,SI,215,0RB3707,1,NO,update
7999,8056597834247,Ray Ban,SI,215,0RB3707,1,NO,update
8000,8056597834278,Ray Ban,SI,215,0RB3707,1,NO,update
8001,8056597834285,Ray Ban,SI,215,0RB3707,1,NO,update
8002,8056597834292,Ray Ban,SI,215,0RB3707,0,NO,create
8003,8056597834308,Ray Ban,SI,215,0RB3707,1,NO,update
8004,8056597834315,Ray Ban,SI,215,0RB3707,0,NO,create
8005,8056597834339,Ray Ban,SI,215,0RB3707,0,NO,create
8006,8056597834346,Ray Ban,SI,215,0RB3707,0,NO,create
8007,8056597846165,Ray Ban,SI,215,0RB3713D,1,NO,update
8008,8056597846172,Ray Ban,SI,215,0RB3713D,0,NO,create
8009,8056597846202,Ray Ban,SI,215,0RB3713D,1,NO,update
8010,8056597852692,Ray Ban,SI,215,0RB3715M,0,NO,create
8011,8056597852708,Ray Ban,SI,215,0RB3715M,0,NO,create
8012,8056597852722,Ray Ban,SI,215,0RB3715M,0,NO,create
8013,8056597852739,Ray Ban,SI,215,0RB3715M,0,NO,create
8014,8056597215688,Ray Ban,SI,215,0RB3716,1,NO,update
8015,8053672867060,Ray Ban,SI,215,0RB3716,1,NO,update
8016,8053672867145,Ray Ban,SI,215,0RB3716,1,NO,update
8017,8053672867107,Ray Ban,SI,215,0RB3716,1,NO,update
8018,8056597835695,Ray Ban,SI,215,0RB3717,1,NO,update
8019,8056597835718,Ray Ban,SI,215,0RB3717,1,NO,update
8020,8056597835756,Ray Ban,SI,215,0RB3717,0,NO,create
8021,8056597835763,Ray Ban,SI,215,0RB3717,0,NO,create
8022,8056597935562,Ray Ban,SI,215,0RB3719,1,NO,update
8023,8056597935579,Ray Ban,SI,215,0RB3719,1,NO,update
8024,8056262672686,Ray Ban,SI,215,0RB3719,0,NO,create
8025,8056597935586,Ray Ban,SI,215,0RB3719,1,NO,update
8026,8056597935593,Ray Ban,SI,215,0RB3719,1,NO,update
8027,8056262672709,Ray Ban,SI,215,0RB3719,0,NO,create
8028,8056597935616,Ray Ban,SI,215,0RB3719,1,NO,update
8029,8056597935647,Ray Ban,SI,215,0RB3719,0,NO,create
8030,8056262672693,Ray Ban,SI,215,0RB3719,1,NO,update
8031,8056597939966,Ray Ban,SI,215,0RB3721CH,0,NO,create
8032,8056266001536,Ray Ban,SI,215,0RB3721CH,0,NO,create
8033,8056597939973,Ray Ban,SI,215,0RB3721CH,0,NO,create
8034,8056597939997,Ray Ban,SI,215,0RB3721CH,0,NO,create
8035,8056266001611,Ray Ban,SI,215,0RB3721,0,NO,create
8036,8056597936620,Ray Ban,SI,215,0RB3721,1,NO,update
8037,8056597936644,Ray Ban,SI,215,0RB3721,1,NO,update
8038,8056597936651,Ray Ban,SI,215,0RB3721,1,NO,update
8039,8056597945271,Ray Ban,SI,215,0RB3724D,1,NO,update
8040,8056597945288,Ray Ban,SI,215,0RB3724D,1,NO,update
8041,8056597964616,Ray Ban,SI,215,0RB3724D,1,NO,update
8042,8056597964623,Ray Ban,SI,215,0RB3724D,1,NO,update
8043,8056262301418,Ray Ban,SI,215,0RB3724D,0,NO,create
8044,8056597931175,Ray Ban,SI,215,0RB3726M,0,NO,create
8045,8056597931182,Ray Ban,SI,215,0RB3726M,0,NO,create
8046,8056597931212,Ray Ban,SI,215,0RB3726M,0,NO,create
8047,8056262672716,Ray Ban,SI,215,0RB3727D,0,NO,create
8048,8056262017760,Ray Ban,SI,215,0RB3727D,1,NO,update
8049,8056262017777,Ray Ban,SI,215,0RB3727D,0,NO,create
8050,8056262017791,Ray Ban,SI,215,0RB3727D,0,NO,create
8051,8056262017807,Ray Ban,SI,215,0RB3727D,1,NO,update
8052,8056262016961,Ray Ban,SI,215,0RB3728,0,NO,create
8053,8056262016978,Ray Ban,SI,215,0RB3728,1,NO,update
8054,8056262016985,Ray Ban,SI,215,0RB3728,0,NO,create
8055,8056262017012,Ray Ban,SI,215,0RB3728,1,NO,update
8056,8056262017029,Ray Ban,SI,215,0RB3728,1,NO,update
8057,8056262017036,Ray Ban,SI,215,0RB3728,1,NO,update
8058,8056262017043,Ray Ban,SI,215,0RB3728,1,NO,update
8059,8056262017210,Ray Ban,SI,215,0RB3730,1,NO,update
8060,8056262017227,Ray Ban,SI,215,0RB3730,1,NO,update
8061,8056262017234,Ray Ban,SI,215,0RB3730,1,NO,update
8062,8056262017241,Ray Ban,SI,215,0RB3730,1,NO,update
8063,8056262017067,Ray Ban,SI,215,0RB3731,1,NO,update
8064,8056262017074,Ray Ban,SI,215,0RB3731,0,NO,create
8065,8056262017081,Ray Ban,SI,215,0RB3731,0,NO,create
8066,8056262017098,Ray Ban,SI,215,0RB3731,0,NO,create
8067,8056262017104,Ray Ban,SI,215,0RB3731,1,NO,update
8068,8056262017128,Ray Ban,SI,215,0RB3731,1,NO,update
8069,8056262042144,Ray Ban,SI,215,0RB3732,1,NO,update
8070,8056262042168,Ray Ban,SI,215,0RB3732,0,NO,create
8071,8056262042175,Ray Ban,SI,215,0RB3732,0,NO,create
8072,8056262042212,Ray Ban,SI,215,0RB3732,0,NO,create
8073,8056262030677,Ray Ban,SI,215,0RB3733,0,NO,create
8074,8056262041079,Ray Ban,SI,215,0RB3734,1,NO,update
8075,8056262041093,Ray Ban,SI,215,0RB3734,0,NO,create
8076,8056262041109,Ray Ban,SI,215,0RB3734,1,NO,update
8077,8056262041130,Ray Ban,SI,215,0RB3734,1,NO,update
8078,8056262041147,Ray Ban,SI,215,0RB3734,1,NO,update
8079,8056262041192,Ray Ban,SI,215,0RB3734,0,NO,create
8080,8056262043387,Ray Ban,SI,215,0RB3735,1,NO,update
8081,8056262043394,Ray Ban,SI,215,0RB3735,0,NO,create
8082,8056262043400,Ray Ban,SI,215,0RB3735,1,NO,update
8083,8056262043417,Ray Ban,SI,215,0RB3735,0,NO,create
8084,8056262043424,Ray Ban,SI,215,0RB3735,0,NO,create
8085,8056262043431,Ray Ban,SI,215,0RB3735,0,NO,create
8086,8056262043448,Ray Ban,SI,215,0RB3735,0,NO,create
8087,8056262043462,Ray Ban,SI,215,0RB3735,0,NO,create
8088,8056262043479,Ray Ban,SI,215,0RB3735,0,NO,create
8089,8056262043486,Ray Ban,SI,215,0RB3735,0,NO,create
8090,8056262043493,Ray Ban,SI,215,0RB3735,0,NO,create
8091,8056262668030,Ray Ban,SI,215,0RB3735,1,NO,update
8092,8056262668047,Ray Ban,SI,215,0RB3735,0,NO,create
8093,8056262668054,Ray Ban,SI,215,0RB3735,0,NO,create
8094,8056262668061,Ray Ban,SI,215,0RB3735,0,NO,create
8095,8056262043509,Ray Ban,SI,215,0RB3735,0,NO,create
8096,8056262043516,Ray Ban,SI,215,0RB3735,0,NO,create
8097,8056262043523,Ray Ban,SI,215,0RB3735,0,NO,create
8098,8056262043530,Ray Ban,SI,215,0RB3735,0,NO,create
8099,8056262559444,Ray Ban,SI,215,0RB3736CH,0,NO,create
8100,8056262034521,Ray Ban,SI,215,0RB3736CH,0,NO,create
8101,8056262040966,Ray Ban,SI,215,0RB3736,0,NO,create
8102,8056262040980,Ray Ban,SI,215,0RB3736,1,NO,update
8103,8056262033852,Ray Ban,SI,215,0RB3737CH,0,NO,create
8104,8056262033876,Ray Ban,SI,215,0RB3737CH,1,NO,update
8105,8056262033890,Ray Ban,SI,215,0RB3737CH,1,NO,update
8106,8056262041888,Ray Ban,SI,215,0RB3737,0,NO,create
8107,8056262041901,Ray Ban,SI,215,0RB3737,0,NO,create
8108,8056262016848,Ray Ban,SI,215,0RB3741,0,NO,create
8109,8056262016855,Ray Ban,SI,215,0RB3741,1,NO,update
8110,8056262142660,Ray Ban,SI,215,0RB3741,0,NO,create
8111,8056262142677,Ray Ban,SI,215,0RB3741,1,NO,update
8112,8056262016886,Ray Ban,SI,215,0RB3741,0,NO,create
8113,8056262016909,Ray Ban,SI,215,0RB3741,0,NO,create
8114,8056262016916,Ray Ban,SI,215,0RB3741,1,NO,update
8115,8056262011997,Ray Ban,SI,215,0RB3743M,0,NO,create
8116,8056262012000,Ray Ban,SI,215,0RB3743M,0,NO,create
8117,8056262012031,Ray Ban,SI,215,0RB3743M,0,NO,create
8118,8056262282144,Ray Ban,SI,215,0RB3746,1,NO,update
8119,8056262282151,Ray Ban,SI,215,0RB3746,0,NO,create
8120,8056262895863,Ray Ban,SI,215,0RB3746,1,NO,update
8121,8056262895870,Ray Ban,SI,215,0RB3746,0,NO,create
8122,8056262282175,Ray Ban,SI,215,0RB3746,1,NO,update
8123,8056262282182,Ray Ban,SI,215,0RB3746,0,NO,create
8124,8056262895887,Ray Ban,SI,215,0RB3746,1,NO,update
8125,8056262895894,Ray Ban,SI,215,0RB3746,0,NO,create
8126,8056262895900,Ray Ban,SI,215,0RB3746,1,NO,update
8127,8056262895917,Ray Ban,SI,215,0RB3746,0,NO,create
8128,8056262282205,Ray Ban,SI,215,0RB3746,1,NO,update
8129,8056262282212,Ray Ban,SI,215,0RB3746,1,NO,update
8130,8056262282250,Ray Ban,SI,215,0RB3746,0,NO,create
8131,8056262282267,Ray Ban,SI,215,0RB3746,1,NO,update
8132,8056262282281,Ray Ban,SI,215,0RB3749,1,NO,update
8133,8056262282298,Ray Ban,SI,215,0RB3749,1,NO,update
8134,8056262667057,Ray Ban,SI,215,0RB3749,1,NO,update
8135,8056262667064,Ray Ban,SI,215,0RB3749,0,NO,create
8136,8056262282304,Ray Ban,SI,215,0RB3749,1,NO,update
8137,8056262282311,Ray Ban,SI,215,0RB3749,1,NO,update
8138,8056262667101,Ray Ban,SI,215,0RB3749,1,NO,update
8139,8056262667118,Ray Ban,SI,215,0RB3749,0,NO,create
8140,8056262282328,Ray Ban,SI,215,0RB3749,1,NO,update
8141,8056262282335,Ray Ban,SI,215,0RB3749,1,NO,update
8142,8056262282342,Ray Ban,SI,215,0RB3749,1,NO,update
8143,8056262282366,Ray Ban,SI,215,0RB3749,1,NO,update
8144,8056262282373,Ray Ban,SI,215,0RB3749,1,NO,update
8145,8056262667088,Ray Ban,SI,215,0RB3749,0,NO,create
8146,8056262667095,Ray Ban,SI,215,0RB3749,0,NO,create
8147,8056262246672,Ray Ban,SI,215,0RB3750,0,NO,create
8148,8056262246689,Ray Ban,SI,215,0RB3750,1,NO,update
8149,8056262246696,Ray Ban,SI,215,0RB3750,0,NO,create
8150,8056262246702,Ray Ban,SI,215,0RB3750,1,NO,update
8151,8056262246733,Ray Ban,SI,215,0RB3750,0,NO,create
8152,8056262246740,Ray Ban,SI,215,0RB3750,1,NO,update
8153,8056262246771,Ray Ban,SI,215,0RB3750,0,NO,create
8154,8056262295595,Ray Ban,SI,215,0RB3751CH,1,NO,update
8155,8056262295625,Ray Ban,SI,215,0RB3751CH,1,NO,update
8156,8056262295632,Ray Ban,SI,215,0RB3751CH,1,NO,update
8157,8056262295670,Ray Ban,SI,215,0RB3751CH,0,NO,create
8158,8056262295410,Ray Ban,SI,215,0RB3751,0,NO,create
8159,8056262295427,Ray Ban,SI,215,0RB3751,1,NO,update
8160,8056262295434,Ray Ban,SI,215,0RB3751,0,NO,create
8161,8056262295441,Ray Ban,SI,215,0RB3751,1,NO,update
8162,8056262295458,Ray Ban,SI,215,0RB3751,0,NO,create
8163,8056262295465,Ray Ban,SI,215,0RB3751,1,NO,update
8164,8056262295472,Ray Ban,SI,215,0RB3751,0,NO,create
8165,8056262416075,Ray Ban,SI,215,0RB3754,1,NO,update
8166,8056262416082,Ray Ban,SI,215,0RB3754,1,NO,update
8167,8056262416099,Ray Ban,SI,215,0RB3754,1,NO,update
8168,8056262416112,Ray Ban,SI,215,0RB3754,0,NO,create
8169,8056262415825,Ray Ban,SI,215,0RB3755,1,NO,update
8170,8056262415832,Ray Ban,SI,215,0RB3755,1,NO,update
8171,8056262866290,Ray Ban,SI,215,0RB3755,0,NO,create
8172,8056262866306,Ray Ban,SI,215,0RB3755,0,NO,create
8173,8056262866313,Ray Ban,SI,215,0RB3755,1,NO,update
8174,8056262866320,Ray Ban,SI,215,0RB3755,0,NO,create
8175,8056262415849,Ray Ban,SI,215,0RB3755,0,NO,create
8176,8056262415856,Ray Ban,SI,215,0RB3755,0,NO,create
8177,8056262484944,Ray Ban,SI,215,0RB3755,0,NO,create
8178,8056262484951,Ray Ban,SI,215,0RB3755,0,NO,create
8179,8056262415863,Ray Ban,SI,215,0RB3755,1,NO,update
8180,8056262415870,Ray Ban,SI,215,0RB3755,1,NO,update
8181,8056262415887,Ray Ban,SI,215,0RB3755,1,NO,update
8182,8056262415900,Ray Ban,SI,215,0RB3755,1,NO,update
8183,8056262415917,Ray Ban,SI,215,0RB3755,0,NO,create
8184,8056262866337,Ray Ban,SI,215,0RB3755,1,NO,update
8185,8056262866344,Ray Ban,SI,215,0RB3755,0,NO,create
8186,8056262415306,Ray Ban,SI,215,0RB3756CH,0,NO,create
8187,8056262415351,Ray Ban,SI,215,0RB3756CH,0,NO,create
8188,8056262415436,Ray Ban,SI,215,0RB3756CH,0,NO,create
8189,8056262504611,Ray Ban,SI,215,0RB3756,0,NO,create
8190,8056262504628,Ray Ban,SI,215,0RB3756,0,NO,create
8191,8056262415283,Ray Ban,SI,215,0RB3756,0,NO,create
8192,8056262415290,Ray Ban,SI,215,0RB3756,1,NO,update
8193,8056262415368,Ray Ban,SI,215,0RB3756,1,NO,update
8194,8056262415375,Ray Ban,SI,215,0RB3756,1,NO,update
8195,8056262415405,Ray Ban,SI,215,0RB3756,1,NO,update
8196,8056262415412,Ray Ban,SI,215,0RB3756,1,NO,update
8197,8056262415443,Ray Ban,SI,215,0RB3756,1,NO,update
8198,8056262415450,Ray Ban,SI,215,0RB3756,1,NO,update
8199,8056262526156,Ray Ban,SI,215,0RB3757,1,NO,update
8200,8056262453896,Ray Ban,SI,215,0RB3757,1,NO,update
8201,8056266001628,Ray Ban,SI,215,0RB3757,0,NO,create
8202,8056266001635,Ray Ban,SI,215,0RB3757,0,NO,create
8203,8056262453940,Ray Ban,SI,215,0RB3757,0,NO,create
8204,8056262453957,Ray Ban,SI,215,0RB3757,0,NO,create
8205,8056262454008,Ray Ban,SI,215,0RB3757,1,NO,update
8206,8056262454015,Ray Ban,SI,215,0RB3757,1,NO,update
8207,8056262454046,Ray Ban,SI,215,0RB3757,1,NO,update
8208,8056262454053,Ray Ban,SI,215,0RB3757,1,NO,update
8209,8056266001642,Ray Ban,SI,215,0RB3757,0,NO,create
8210,8056266001659,Ray Ban,SI,215,0RB3757,0,NO,create
8211,8056262887110,Ray Ban,SI,215,0RB3757,0,NO,create
8212,8056262887127,Ray Ban,SI,215,0RB3757,0,NO,create
8213,8056262454107,Ray Ban,SI,215,0RB3757,1,NO,update
8214,8056262454114,Ray Ban,SI,215,0RB3757,1,NO,update
8215,8056262453841,Ray Ban,SI,215,0RB3758,0,NO,create
8216,8056262453858,Ray Ban,SI,215,0RB3758,1,NO,update
8217,8056262453865,Ray Ban,SI,215,0RB3758,0,NO,create
8218,8056262453872,Ray Ban,SI,215,0RB3758,1,NO,update
8219,8056262465011,Ray Ban,SI,215,0RB3758,0,NO,create
8220,8056262465028,Ray Ban,SI,215,0RB3758,1,NO,update
8221,8056262483978,Ray Ban,SI,215,0RB3758,0,NO,create
8222,8056262483985,Ray Ban,SI,215,0RB3758,1,NO,update
8223,8056262453964,Ray Ban,SI,215,0RB3758,0,NO,create
8224,8056262453971,Ray Ban,SI,215,0RB3758,1,NO,update
8225,8056266001703,Ray Ban,SI,215,0RB3758,0,NO,create
8226,8056266001710,Ray Ban,SI,215,0RB3758,0,NO,create
8227,8056262483374,Ray Ban,SI,215,0RB3762M,0,NO,create
8228,8056262483411,Ray Ban,SI,215,0RB3762M,0,NO,create
8229,8056262483428,Ray Ban,SI,215,0RB3762M,0,NO,create
8230,8056262483848,Ray Ban,SI,215,0RB3763M,0,NO,create
8231,8056262483831,Ray Ban,SI,215,0RB3763M,0,NO,create
8232,8056262483862,Ray Ban,SI,215,0RB3763M,0,NO,create
8233,8056597936033,Ray Ban,SI,215,0RB3765,1,NO,update
8234,8056597936064,Ray Ban,SI,215,0RB3765,1,NO,update
8235,8056597936071,Ray Ban,SI,215,0RB3765,1,NO,update
8236,8056597949170,Ray Ban,SI,215,0RB3765,0,NO,create
8237,8056262895467,Ray Ban,SI,215,0RB3765,0,NO,create
8238,8056262895474,Ray Ban,SI,215,0RB3765,0,NO,create
8239,8056262895481,Ray Ban,SI,215,0RB3765,0,NO,create
8240,8056262565483,Ray Ban,SI,215,0RB3766CH,1,NO,update
8241,8056262565490,Ray Ban,SI,215,0RB3766CH,0,NO,create
8242,8056262565469,Ray Ban,SI,215,0RB3766CH,0,NO,create
8243,8056262565476,Ray Ban,SI,215,0RB3766CH,0,NO,create
8244,8056262565506,Ray Ban,SI,215,0RB3766CH,0,NO,create
8245,8056262565513,Ray Ban,SI,215,0RB3766CH,0,NO,create
8246,8056262565520,Ray Ban,SI,215,0RB3766CH,0,NO,create
8247,8056262565537,Ray Ban,SI,215,0RB3766CH,0,NO,create
8248,8056262565438,Ray Ban,SI,215,0RB3766CH,0,NO,create
8249,8056262565445,Ray Ban,SI,215,0RB3766CH,0,NO,create
8250,8056262563335,Ray Ban,SI,215,0RB3767,1,NO,update
8251,8056262563359,Ray Ban,SI,215,0RB3767,1,NO,update
8252,8056262563311,Ray Ban,SI,215,0RB3767,1,NO,update
8253,8056262563342,Ray Ban,SI,215,0RB3767,1,NO,update
8254,8056262563328,Ray Ban,SI,215,0RB3767,1,NO,update
8255,8056262563366,Ray Ban,SI,215,0RB3767,1,NO,update
8256,8056262829240,Ray Ban,SI,215,0RB3767,0,NO,create
8257,8056262829264,Ray Ban,SI,215,0RB3767,0,NO,create
8258,8056262562246,Ray Ban,SI,215,0RB3768,1,NO,update
8259,8056262562260,Ray Ban,SI,215,0RB3768,1,NO,update
8260,8056262562284,Ray Ban,SI,215,0RB3768,1,NO,update
8261,8056262562314,Ray Ban,SI,215,0RB3768,1,NO,update
8262,8056262562277,Ray Ban,SI,215,0RB3768,1,NO,update
8263,8056262562253,Ray Ban,SI,215,0RB3768,1,NO,update
8264,8056262829295,Ray Ban,SI,215,0RB3768,0,NO,create
8265,8056262829301,Ray Ban,SI,215,0RB3768,0,NO,create
8266,8056262563397,Ray Ban,SI,215,0RB3770,1,NO,update
8267,8056262563403,Ray Ban,SI,215,0RB3770,1,NO,update
8268,8056262563410,Ray Ban,SI,215,0RB3770,0,NO,create
8269,8056262563427,Ray Ban,SI,215,0RB3770,0,NO,create
8270,8056262563373,Ray Ban,SI,215,0RB3770,1,NO,update
8271,8056262563380,Ray Ban,SI,215,0RB3770,0,NO,create
8272,8056262563458,Ray Ban,SI,215,0RB3770,0,NO,create
8273,8056262563465,Ray Ban,SI,215,0RB3770,0,NO,create
8274,8056262563434,Ray Ban,SI,215,0RB3770,0,NO,create
8275,8056262563441,Ray Ban,SI,215,0RB3770,0,NO,create
8276,8056597625258,Ray Ban,SI,215,0RB3772,0,NO,create
8277,8056597625272,Ray Ban,SI,215,0RB3772,0,NO,create
8278,8056597625289,Ray Ban,SI,215,0RB3772,1,NO,update
8279,8056266001888,Ray Ban,SI,215,0RB3774D,0,NO,create
8280,8056266001895,Ray Ban,SI,215,0RB3774D,0,NO,create
8281,8056262667033,Ray Ban,SI,215,0RB3774D,1,NO,update
8282,8056266001901,Ray Ban,SI,215,0RB3774D,0,NO,create
8283,8056262667040,Ray Ban,SI,215,0RB3774D,1,NO,update
8284,8056262667019,Ray Ban,SI,215,0RB3774D,1,NO,update
8285,8056262667026,Ray Ban,SI,215,0RB3774D,1,NO,update
8286,8056262668467,Ray Ban,SI,215,0RB3775M,0,NO,create
8287,8056262668498,Ray Ban,SI,215,0RB3775M,0,NO,create
8288,8056262668436,Ray Ban,SI,215,0RB3775M,0,NO,create
8289,8056262668528,Ray Ban,SI,215,0RB3775M,0,NO,create
8290,8056262668559,Ray Ban,SI,215,0RB3775M,0,NO,create
8291,8056262672747,Ray Ban,SI,215,0RB3776M,0,NO,create
8292,8056262672730,Ray Ban,SI,215,0RB3776M,0,NO,create
8293,8056262672723,Ray Ban,SI,215,0RB3776M,0,NO,create
8294,8056262672761,Ray Ban,SI,215,0RB3776M,0,NO,create
8295,8056262672754,Ray Ban,SI,215,0RB3776M,0,NO,create
8296,8056262832554,Ray Ban,SI,215,0RB3777,0,NO,create
8297,8056262832561,Ray Ban,SI,215,0RB3777,1,NO,update
8298,8056262832578,Ray Ban,SI,215,0RB3777,0,NO,create
8299,8056262832585,Ray Ban,SI,215,0RB3777,1,NO,update
8300,8056262832615,Ray Ban,SI,215,0RB3777,0,NO,create
8301,8056262832622,Ray Ban,SI,215,0RB3777,0,NO,create
8302,8056262832639,Ray Ban,SI,215,0RB3777,0,NO,create
8303,8056262832646,Ray Ban,SI,215,0RB3777,0,NO,create
8304,8056262832653,Ray Ban,SI,215,0RB3777,0,NO,create
8305,8056262832660,Ray Ban,SI,215,0RB3777,0,NO,create
8306,8056262832677,Ray Ban,SI,215,0RB3777,0,NO,create
8307,8056262832684,Ray Ban,SI,215,0RB3777,0,NO,create
8308,8056262832691,Ray Ban,SI,215,0RB3778,0,NO,create
8309,8056262832707,Ray Ban,SI,215,0RB3778,1,NO,update
8310,8056262832714,Ray Ban,SI,215,0RB3778,0,NO,create
8311,8056262832721,Ray Ban,SI,215,0RB3778,0,NO,create
8312,8056262832738,Ray Ban,SI,215,0RB3778,0,NO,create
8313,8056262832745,Ray Ban,SI,215,0RB3778,1,NO,update
8314,8056262832752,Ray Ban,SI,215,0RB3778,0,NO,create
8315,8056262832769,Ray Ban,SI,215,0RB3778,0,NO,create
8316,8056262832776,Ray Ban,SI,215,0RB3778,0,NO,create
8317,8056262832783,Ray Ban,SI,215,0RB3778,0,NO,create
8318,8056262832790,Ray Ban,SI,215,0RB3778,0,NO,create
8319,8056262832806,Ray Ban,SI,215,0RB3778,1,NO,update
8320,8056262834756,Ray Ban,SI,215,0RB3779,1,NO,update
8321,8056262834763,Ray Ban,SI,215,0RB3779,1,NO,update
8322,8056262834817,Ray Ban,SI,215,0RB3779,1,NO,update
8323,8056262834824,Ray Ban,SI,215,0RB3779,1,NO,update
8324,8056262834879,Ray Ban,SI,215,0RB3779,1,NO,update
8325,8056262834886,Ray Ban,SI,215,0RB3779,0,NO,create
8326,8056262834916,Ray Ban,SI,215,0RB3779,0,NO,create
8327,8056262834923,Ray Ban,SI,215,0RB3779,0,NO,create
8328,8056262834954,Ray Ban,SI,215,0RB3779,1,NO,update
8329,8056262834961,Ray Ban,SI,215,0RB3779,0,NO,create
8330,8056262834978,Ray Ban,SI,215,0RB3779,0,NO,create
8331,8056262834985,Ray Ban,SI,215,0RB3779,1,NO,update
8332,8056262834992,Ray Ban,SI,215,0RB3779,1,NO,update
8333,8056262835005,Ray Ban,SI,215,0RB3779,0,NO,create
8334,8056262837139,Ray Ban,SI,215,0RB3780,1,NO,update
8335,8056262837146,Ray Ban,SI,215,0RB3780,0,NO,create
8336,8056262837153,Ray Ban,SI,215,0RB3780,0,NO,create
8337,8056262837160,Ray Ban,SI,215,0RB3780,0,NO,create
8338,8056262837177,Ray Ban,SI,215,0RB3780,0,NO,create
8339,8056262837184,Ray Ban,SI,215,0RB3780,0,NO,create
8340,8056262833964,Ray Ban,SI,215,0RB3781,1,NO,update
8341,8056262833971,Ray Ban,SI,215,0RB3781,1,NO,update
8342,8056262889299,Ray Ban,SI,215,0RB3781,1,NO,update
8343,8056262834008,Ray Ban,SI,215,0RB3781,0,NO,create
8344,8056262834077,Ray Ban,SI,215,0RB3782,0,NO,create
8345,8056262834084,Ray Ban,SI,215,0RB3782,0,NO,create
8346,8056262834091,Ray Ban,SI,215,0RB3782,0,NO,create
8347,8056262834107,Ray Ban,SI,215,0RB3782,1,NO,update
8348,8056262834138,Ray Ban,SI,215,0RB3782,0,NO,create
8349,8056262834145,Ray Ban,SI,215,0RB3782,1,NO,update
8350,8056262834176,Ray Ban,SI,215,0RB3782,0,NO,create
8351,8056262834183,Ray Ban,SI,215,0RB3782,1,NO,update
8352,8056262948668,Ray Ban,SI,215,0RB3782,0,NO,create
8353,8056262834213,Ray Ban,SI,215,0RB3782,0,NO,create
8354,8056262834220,Ray Ban,SI,215,0RB3782,1,NO,update
8355,8056262834114,Ray Ban,SI,215,0RB3783,0,NO,create
8356,8056262834121,Ray Ban,SI,215,0RB3783,1,NO,update
8357,8056262834152,Ray Ban,SI,215,0RB3783,1,NO,update
8358,8056262834169,Ray Ban,SI,215,0RB3783,1,NO,update
8359,8056262834190,Ray Ban,SI,215,0RB3783,0,NO,create
8360,8056262834206,Ray Ban,SI,215,0RB3783,1,NO,update
8361,8056262834237,Ray Ban,SI,215,0RB3783,0,NO,create
8362,8056262834244,Ray Ban,SI,215,0RB3783,1,NO,update
8363,8056266070259,Ray Ban,SI,215,0RB3783,0,NO,create
8364,8056266070273,Ray Ban,SI,215,0RB3783,0,NO,create
8365,8056262834251,Ray Ban,SI,215,0RB3783,1,NO,update
8366,8056262834268,Ray Ban,SI,215,0RB3783,1,NO,update
8367,8056266070303,Ray Ban,SI,215,0RB3783,0,NO,create
8368,8056266070310,Ray Ban,SI,215,0RB3783,0,NO,create
8369,8056262875384,Ray Ban,SI,215,0RB3784D,0,NO,create
8370,8056262847565,Ray Ban,SI,215,0RB3784D,0,NO,create
8371,8056262847589,Ray Ban,SI,215,0RB3784D,0,NO,create
8372,8056262847602,Ray Ban,SI,215,0RB3784D,0,NO,create
8373,8056262847626,Ray Ban,SI,215,0RB3784D,0,NO,create
8374,8056262889114,Ray Ban,SI,215,0RB3789M,0,NO,create
8375,8056262889121,Ray Ban,SI,215,0RB3789M,0,NO,create
8376,8056262889138,Ray Ban,SI,215,0RB3789M,0,NO,create
8377,8056262889145,Ray Ban,SI,215,0RB3789M,0,NO,create
8378,8056262889152,Ray Ban,SI,215,0RB3789M,0,NO,create
8379,8056262977156,Ray Ban,SI,215,0RB3791,0,NO,create
8380,8056262977163,Ray Ban,SI,215,0RB3791,0,NO,create
8381,8056262977170,Ray Ban,SI,215,0RB3791,0,NO,create
8382,8056262977187,Ray Ban,SI,215,0RB3791,0,NO,create
8383,8056262977194,Ray Ban,SI,215,0RB3791,0,NO,create
8384,8056262977200,Ray Ban,SI,215,0RB3791,0,NO,create
8385,8056266092220,Ray Ban,SI,215,0RB3791,0,NO,create
8386,8056266092237,Ray Ban,SI,215,0RB3791,0,NO,create
8387,8056266092268,Ray Ban,SI,215,0RB3791,0,NO,create
8388,8056266092275,Ray Ban,SI,215,0RB3791,0,NO,create
8389,8056262977231,Ray Ban,SI,215,0RB3791,0,NO,create
8390,8056262977248,Ray Ban,SI,215,0RB3791,0,NO,create
8391,8056262977255,Ray Ban,SI,215,0RB3791,0,NO,create
8392,8056262977262,Ray Ban,SI,215,0RB3791,0,NO,create
8393,8056266092244,Ray Ban,SI,215,0RB3791,0,NO,create
8394,8056266092251,Ray Ban,SI,215,0RB3791,0,NO,create
8395,8056262977279,Ray Ban,SI,215,0RB3791,0,NO,create
8396,8056262977286,Ray Ban,SI,215,0RB3791,0,NO,create
8397,8056262979341,Ray Ban,SI,215,0RB3792,0,NO,create
8398,8056262979358,Ray Ban,SI,215,0RB3792,0,NO,create
8399,8056262979365,Ray Ban,SI,215,0RB3792,0,NO,create
8400,8056262990810,Ray Ban,SI,215,0RB3792,0,NO,create
8401,8056262990827,Ray Ban,SI,215,0RB3792,0,NO,create
8402,8056262979372,Ray Ban,SI,215,0RB3792,0,NO,create
8403,8056266092299,Ray Ban,SI,215,0RB3792,0,NO,create
8404,8056266092282,Ray Ban,SI,215,0RB3792,0,NO,create
8405,8056266092305,Ray Ban,SI,215,0RB3792,0,NO,create
8406,8056262979389,Ray Ban,SI,215,0RB3792,0,NO,create
8407,8056262972953,Ray Ban,SI,215,0RB3793,0,NO,create
8408,8056262972960,Ray Ban,SI,215,0RB3793,0,NO,create
8409,8056262972977,Ray Ban,SI,215,0RB3793,0,NO,create
8410,8056262972984,Ray Ban,SI,215,0RB3793,0,NO,create
8411,8056262972991,Ray Ban,SI,215,0RB3793,0,NO,create
8412,8056262973004,Ray Ban,SI,215,0RB3793,0,NO,create
8413,8056262973011,Ray Ban,SI,215,0RB3793,0,NO,create
8414,8056262973028,Ray Ban,SI,215,0RB3793,0,NO,create
8415,8056262973035,Ray Ban,SI,215,0RB3793,0,NO,create
8416,8056262973042,Ray Ban,SI,215,0RB3793,0,NO,create
8417,8056262973059,Ray Ban,SI,215,0RB3793,0,NO,create
8418,8056262973066,Ray Ban,SI,215,0RB3793,0,NO,create
8419,8056266185403,Ray Ban,SI,215,0RB3793,0,NO,create
8420,8056262012093,Ray Ban,SI,215,0RB3794M,0,NO,create
8421,8056262012116,Ray Ban,SI,215,0RB3794M,0,NO,create
8422,8056262012123,Ray Ban,SI,215,0RB3794M,0,NO,create
8423,8056597836975,Ray Ban,SI,215,0RB3796,0,NO,create
8424,8056597836999,Ray Ban,SI,215,0RB3796,1,NO,update
8425,8056597837026,Ray Ban,SI,215,0RB3796,0,NO,create
8426,8056597837033,Ray Ban,SI,215,0RB3796,0,NO,create
8427,8056266007231,Ray Ban,SI,215,0RB3797M,0,NO,create
8428,8056266007255,Ray Ban,SI,215,0RB3797M,0,NO,create
8429,8056266007248,Ray Ban,SI,215,0RB3797M,0,NO,create
8430,8056266007293,Ray Ban,SI,215,0RB3797M,0,NO,create
8431,8056266007279,Ray Ban,SI,215,0RB3797M,0,NO,create
8432,8056266007286,Ray Ban,SI,215,0RB3797M,0,NO,create
8433,8056266002311,Ray Ban,SI,215,0RB3798D,0,NO,create
8434,8056266007132,Ray Ban,SI,215,0RB3798D,0,NO,create
8435,8056266002335,Ray Ban,SI,215,0RB3798D,0,NO,create
8436,8056266002342,Ray Ban,SI,215,0RB3798D,0,NO,create
8437,8056262324592,Ray Ban,SI,215,0RB3807M,0,NO,create
8438,8056262221280,Ray Ban,SI,215,0RB3807M,0,NO,create
8439,8056262221297,Ray Ban,SI,215,0RB3807M,0,NO,create
8440,8056262221303,Ray Ban,SI,215,0RB3807M,0,NO,create
8441,8056597935876,Ray Ban,SI,215,0RB3809,1,NO,update
8442,8056597935869,Ray Ban,SI,215,0RB3809,0,NO,create
8443,8056597935913,Ray Ban,SI,215,0RB3809,1,NO,update
8444,8056597935951,Ray Ban,SI,215,0RB3809,1,NO,update
8445,8056597935975,Ray Ban,SI,215,0RB3809,0,NO,create
8446,8056262889060,Ray Ban,SI,215,0RB3819M,0,NO,create
8447,8056262889077,Ray Ban,SI,215,0RB3819M,0,NO,create
8448,8056262889084,Ray Ban,SI,215,0RB3819M,0,NO,create
8449,8056262889091,Ray Ban,SI,215,0RB3819M,0,NO,create
8450,8056262889107,Ray Ban,SI,215,0RB3819M,0,NO,create
8451,8056262039946,Ray Ban,SI,215,0RB3825,1,NO,update
8452,8056262039953,Ray Ban,SI,215,0RB3825,0,NO,create
8453,8056262039908,Ray Ban,SI,215,0RB3825,1,NO,update
8454,8056262039915,Ray Ban,SI,215,0RB3825,0,NO,create
8455,8056262040102,Ray Ban,SI,215,0RB3825,0,NO,create
8456,8056262040065,Ray Ban,SI,215,0RB3825,0,NO,create
8457,8056262040072,Ray Ban,SI,215,0RB3825,0,NO,create
8458,8056262039922,Ray Ban,SI,215,0RB3825,0,NO,create
8459,8056262039939,Ray Ban,SI,215,0RB3825,0,NO,create
8460,8056262563472,Ray Ban,SI,215,0RB3832,1,NO,update
8461,8056262563489,Ray Ban,SI,215,0RB3832,1,NO,update
8462,8056262563533,Ray Ban,SI,215,0RB3832,1,NO,update
8463,8056262563540,Ray Ban,SI,215,0RB3832,1,NO,update
8464,8056262563496,Ray Ban,SI,215,0RB3832,1,NO,update
8465,8056262563502,Ray Ban,SI,215,0RB3832,1,NO,update
8466,8056262563519,Ray Ban,SI,215,0RB3832,1,NO,update
8467,8056262563526,Ray Ban,SI,215,0RB3832,1,NO,update
8468,8056262563557,Ray Ban,SI,215,0RB3832,0,NO,create
8469,8056262563564,Ray Ban,SI,215,0RB3832,0,NO,create
8470,8056262246115,Ray Ban,SI,215,0RB3845,1,NO,update
8471,8056262246122,Ray Ban,SI,215,0RB3845,1,NO,update
8472,8056262246139,Ray Ban,SI,215,0RB3845,0,NO,create
8473,8056262246146,Ray Ban,SI,215,0RB3845,1,NO,update
8474,8056262246153,Ray Ban,SI,215,0RB3845,0,NO,create
8475,8056262246160,Ray Ban,SI,215,0RB3845,1,NO,update
8476,8056262246177,Ray Ban,SI,215,0RB3845,0,NO,create
8477,8056262246184,Ray Ban,SI,215,0RB3845,1,NO,update
8478,8056262246191,Ray Ban,SI,215,0RB3845,1,NO,update
8479,8056262246207,Ray Ban,SI,215,0RB3845,1,NO,update
8480,8056597769273,Ray Ban,SI,215,0RB3857,0,NO,create
8481,8056597178426,Ray Ban,SI,215,0RB3857,0,NO,create
8482,8056597346702,Ray Ban,SI,215,0RB3857,0,NO,create
8483,8056597178501,Ray Ban,SI,215,0RB3857,0,NO,create
8484,8056597856201,Ray Ban,SI,215,0RB3857,0,NO,create
8485,8056262899250,Ray Ban,SI,215,0RB3875,0,NO,create
8486,8056262899243,Ray Ban,SI,215,0RB3875,0,NO,create
8487,8056262435205,Ray Ban,SI,215,0RB3875,0,NO,create
8488,8056262435199,Ray Ban,SI,215,0RB3875,1,NO,update
8489,8056262435229,Ray Ban,SI,215,0RB3875,0,NO,create
8490,8056262435212,Ray Ban,SI,215,0RB3875,0,NO,create
8491,8056262435236,Ray Ban,SI,215,0RB3875,0,NO,create
8492,8056262435267,Ray Ban,SI,215,0RB3875,0,NO,create
8493,8056262435250,Ray Ban,SI,215,0RB3875,0,NO,create
8494,8056262435281,Ray Ban,SI,215,0RB3875,1,NO,update
8495,8056262435274,Ray Ban,SI,215,0RB3875,1,NO,update
8496,8056262435298,Ray Ban,SI,215,0RB3875,0,NO,create
8497,8056262033821,Ray Ban,SI,215,0RB3897,0,NO,create
8498,8056262033838,Ray Ban,SI,215,0RB3897,0,NO,create
8499,8056262664087,Ray Ban,SI,215,0RB3925,1,NO,update
8500,8056262664094,Ray Ban,SI,215,0RB3925,0,NO,create
8501,8056262664100,Ray Ban,SI,215,0RB3925,1,NO,update
8502,8056262664117,Ray Ban,SI,215,0RB3925,0,NO,create
8503,8056262664124,Ray Ban,SI,215,0RB3925,0,NO,create
8504,8056262664131,Ray Ban,SI,215,0RB3925,0,NO,create
8505,8056262664155,Ray Ban,SI,215,0RB3925,1,NO,update
8506,8056262664162,Ray Ban,SI,215,0RB3925,0,NO,create
8507,8056262664179,Ray Ban,SI,215,0RB3925,1,NO,update
8508,8056262664186,Ray Ban,SI,215,0RB3925,0,NO,create
8509,8056262664193,Ray Ban,SI,215,0RB3925,0,NO,create
8510,8056262664209,Ray Ban,SI,215,0RB3925,0,NO,create
8511,8056262664216,Ray Ban,SI,215,0RB3925,0,NO,create
8512,8056262664223,Ray Ban,SI,215,0RB3925,0,NO,create
8513,8056262897591,Ray Ban,SI,215,0RB3925,0,NO,create
8514,8056262897577,Ray Ban,SI,215,0RB3925,1,NO,update
8515,8056262897584,Ray Ban,SI,215,0RB3925,1,NO,update
8516,8056266185373,Ray Ban,SI,215,0RB3925,0,NO,create
8517,8056262904008,Ray Ban,SI,215,0RB3927,1,NO,update
8518,8056262904022,Ray Ban,SI,215,0RB3927,1,NO,update
8519,8056262904046,Ray Ban,SI,215,0RB3927,1,NO,update
8520,8056262904145,Ray Ban,SI,215,0RB3927,0,NO,create
8521,8056262904107,Ray Ban,SI,215,0RB3927,1,NO,update
8522,8056262904060,Ray Ban,SI,215,0RB3927,1,NO,update
8523,8056262904015,Ray Ban,SI,215,0RB3927,1,NO,update
8524,8056262905807,Ray Ban,SI,215,0RB3928,1,NO,update
8525,8056262905814,Ray Ban,SI,215,0RB3928,1,NO,update
8526,8056262905838,Ray Ban,SI,215,0RB3928,1,NO,update
8527,8056262905821,Ray Ban,SI,215,0RB3928,0,NO,create
8528,8056262905791,Ray Ban,SI,215,0RB3928,1,NO,update
8529,8056262905784,Ray Ban,SI,215,0RB3928,1,NO,update
8530,8056262905845,Ray Ban,SI,215,0RB3928,1,NO,update
8531,8056262905715,Ray Ban,SI,215,0RB3929,1,NO,update
8532,8056262905722,Ray Ban,SI,215,0RB3929,1,NO,update
8533,8056262905753,Ray Ban,SI,215,0RB3929,1,NO,update
8534,8056262905777,Ray Ban,SI,215,0RB3929,0,NO,create
8535,8056262905739,Ray Ban,SI,215,0RB3929,1,NO,update
8536,8056262905746,Ray Ban,SI,215,0RB3929,1,NO,update
8537,8056262905760,Ray Ban,SI,215,0RB3929,1,NO,update
8538,8056262904039,Ray Ban,SI,215,0RB3931,1,NO,update
8539,8056262904152,Ray Ban,SI,215,0RB3931,1,NO,update
8540,8056262904220,Ray Ban,SI,215,0RB3931,1,NO,update
8541,8056262904206,Ray Ban,SI,215,0RB3931,1,NO,update
8542,8056262904053,Ray Ban,SI,215,0RB3931,0,NO,create
8543,8056262904077,Ray Ban,SI,215,0RB3931,1,NO,update
8544,8056262904114,Ray Ban,SI,215,0RB3931,1,NO,update
8545,8056262564387,Ray Ban,SI,215,0RB3945,1,NO,update
8546,8056262564394,Ray Ban,SI,215,0RB3945,0,NO,create
8547,8056262564424,Ray Ban,SI,215,0RB3945,0,NO,create
8548,8056262564431,Ray Ban,SI,215,0RB3945,0,NO,create
8549,8056262564400,Ray Ban,SI,215,0RB3945,1,NO,update
8550,8056262564417,Ray Ban,SI,215,0RB3945,0,NO,create
8551,8056262564448,Ray Ban,SI,215,0RB3945,0,NO,create
8552,8056262564455,Ray Ban,SI,215,0RB3945,0,NO,create
8553,8056262564363,Ray Ban,SI,215,0RB3945,1,NO,update
8554,8056262564370,Ray Ban,SI,215,0RB3945,0,NO,create
8555,8056262564462,Ray Ban,SI,215,0RB3947,0,NO,create
8556,8056262564479,Ray Ban,SI,215,0RB3947,1,NO,update
8557,8056262564523,Ray Ban,SI,215,0RB3947,0,NO,create
8558,8056262564530,Ray Ban,SI,215,0RB3947,1,NO,update
8559,8056262564486,Ray Ban,SI,215,0RB3947,0,NO,create
8560,8056262564493,Ray Ban,SI,215,0RB3947,1,NO,update
8561,8056262564509,Ray Ban,SI,215,0RB3947,0,NO,create
8562,8056262564516,Ray Ban,SI,215,0RB3947,0,NO,create
8563,8056262564554,Ray Ban,SI,215,0RB3947,0,NO,create
8564,8056262564561,Ray Ban,SI,215,0RB3947,1,NO,update
8565,8056597533508,Ray Ban,SI,215,0RB3957,0,NO,create
8566,8056597535663,Ray Ban,SI,215,0RB3958,0,NO,create
8567,8056597535533,Ray Ban,SI,215,0RB3958,1,NO,update
8568,8056597535595,Ray Ban,SI,215,0RB3958,0,NO,create
8569,805289086543,Ray Ban,SI,215,0RB4068,1,NO,update
8570,805289086581,Ray Ban,SI,215,0RB4068,1,NO,update
8571,805289143826,Ray Ban,SI,215,0RB4068,1,NO,update
8572,8056597139922,Ray Ban,SI,215,0RB4089,1,NO,update
8573,805289126089,Ray Ban,SI,215,0RB4089,1,NO,update
8574,8056262848395,Ray Ban,SI,215,0RB4089,1,NO,update
8575,8056262051726,Ray Ban,SI,215,0RB4089,0,NO,create
8576,805289206071,Ray Ban,SI,215,0RB4098,1,NO,update
8577,8056597365864,Ray Ban,SI,215,0RB4098,1,NO,update
8578,805289162315,Ray Ban,SI,215,0RB4098,0,NO,create
8579,8053672789782,Ray Ban,SI,215,0RB4101,1,NO,update
8580,8056597661027,Ray Ban,SI,215,0RB4101,0,NO,create
8581,8056262896518,Ray Ban,SI,215,0RB4101,0,NO,create
8582,805289162438,Ray Ban,SI,215,0RB4101,1,NO,update
8583,8056262896525,Ray Ban,SI,215,0RB4101,0,NO,create
8584,8053672789775,Ray Ban,SI,215,0RB4101,1,NO,update
8585,8056262896532,Ray Ban,SI,215,0RB4101,0,NO,create
8586,805289529194,Ray Ban,SI,215,0RB4101,0,NO,create
8587,805289154587,Ray Ban,SI,215,0RB4105,1,NO,update
8588,805289161196,Ray Ban,SI,215,0RB4105,1,NO,update
8589,805289154594,Ray Ban,SI,215,0RB4105,1,NO,update
8590,805289161202,Ray Ban,SI,215,0RB4105,1,NO,update
8591,805289154600,Ray Ban,SI,215,0RB4105,1,NO,update
8592,805289161219,Ray Ban,SI,215,0RB4105,0,NO,create
8593,8056266185380,Ray Ban,SI,215,0RB4105,0,NO,create
8594,805289154624,Ray Ban,SI,215,0RB4105,1,NO,update
8595,805289161226,Ray Ban,SI,215,0RB4105,1,NO,update
8596,8056262500989,Ray Ban,SI,215,0RB4105,1,NO,update
8597,805289745563,Ray Ban,SI,215,0RB4105,1,NO,update
8598,805289745570,Ray Ban,SI,215,0RB4105,1,NO,update
8599,8056262500965,Ray Ban,SI,215,0RB4105,0,NO,create
8600,8056262500972,Ray Ban,SI,215,0RB4105,1,NO,update
8601,805289288671,Ray Ban,SI,215,0RB4125,0,NO,create
8602,8056262897720,Ray Ban,SI,215,0RB4125,1,NO,update
8603,8056262897706,Ray Ban,SI,215,0RB4125,1,NO,update
8604,8056262897713,Ray Ban,SI,215,0RB4125,1,NO,update
8605,805289288695,Ray Ban,SI,215,0RB4125,1,NO,update
8606,805289391579,Ray Ban,SI,215,0RB4147,1,NO,update
8607,805289391616,Ray Ban,SI,215,0RB4147,1,NO,update
8608,8056597364423,Ray Ban,SI,215,0RB4147,1,NO,update
8609,805289391586,Ray Ban,SI,215,0RB4147,1,NO,update
8610,805289391623,Ray Ban,SI,215,0RB4147,1,NO,update
8611,8053672476194,Ray Ban,SI,215,0RB4165,1,NO,update
8612,713132587096,Ray Ban,SI,215,0RB4165,1,NO,update
8613,805289526575,Ray Ban,SI,215,0RB4165,1,NO,update
8614,8053672508147,Ray Ban,SI,215,0RB4165,1,NO,update
8615,8053672416145,Ray Ban,SI,215,0RB4165,1,NO,update
8616,8053672416183,Ray Ban,SI,215,0RB4165,1,NO,update
8617,8053672416152,Ray Ban,SI,215,0RB4165,0,NO,create
8618,8053672416169,Ray Ban,SI,215,0RB4165,1,NO,update
8619,8053672416206,Ray Ban,SI,215,0RB4165,1,NO,update
8620,8053672416176,Ray Ban,SI,215,0RB4165,1,NO,update
8621,8053672416213,Ray Ban,SI,215,0RB4165,1,NO,update
8622,8053672495652,Ray Ban,SI,215,0RB4165,1,NO,update
8623,8056262999790,Ray Ban,SI,215,0RB4165,0,NO,create
8624,8056262999783,Ray Ban,SI,215,0RB4165,0,NO,create
8625,8056262559376,Ray Ban,SI,215,0RB4165,0,NO,create
8626,8056262559369,Ray Ban,SI,215,0RB4165,1,NO,update
8627,8056597366861,Ray Ban,SI,215,0RB4165,1,NO,update
8628,8056597366854,Ray Ban,SI,215,0RB4165,1,NO,update
8629,8056597617604,Ray Ban,SI,215,0RB4165,0,NO,create
8630,8056597617598,Ray Ban,SI,215,0RB4165,1,NO,update
8631,8056262999813,Ray Ban,SI,215,0RB4165,0,NO,create
8632,8056262999806,Ray Ban,SI,215,0RB4165,0,NO,create
8633,8056262475171,Ray Ban,SI,215,0RB4165,1,NO,update
8634,8056262475188,Ray Ban,SI,215,0RB4165,0,NO,create
8635,8056262898819,Ray Ban,SI,215,0RB4165,0,NO,create
8636,8056262898802,Ray Ban,SI,215,0RB4165,1,NO,update
8637,8056262898796,Ray Ban,SI,215,0RB4165,0,NO,create
8638,8056262898789,Ray Ban,SI,215,0RB4165,1,NO,update
8639,8056262898833,Ray Ban,SI,215,0RB4165,0,NO,create
8640,8056262898826,Ray Ban,SI,215,0RB4165,1,NO,update
8641,8056262999837,Ray Ban,SI,215,0RB4165,0,NO,create
8642,8056262999820,Ray Ban,SI,215,0RB4165,0,NO,create
8643,713132587102,Ray Ban,SI,215,0RB4165,1,NO,update
8644,805289526599,Ray Ban,SI,215,0RB4165,1,NO,update
8645,713132587119,Ray Ban,SI,215,0RB4165,1,NO,update
8646,805289526612,Ray Ban,SI,215,0RB4165,1,NO,update
8647,8056262999851,Ray Ban,SI,215,0RB4165,0,NO,create
8648,8056262999844,Ray Ban,SI,215,0RB4165,0,NO,create
8649,8056262094334,Ray Ban,SI,215,0RB4165,1,NO,update
8650,8056262094341,Ray Ban,SI,215,0RB4165,0,NO,create
8651,8056262094358,Ray Ban,SI,215,0RB4165,0,NO,create
8652,8053672495683,Ray Ban,SI,215,0RB4165,1,NO,update
8653,8053672027884,Ray Ban,SI,215,0RB4171,1,NO,update
8654,8053672495942,Ray Ban,SI,215,0RB4171,1,NO,update
8655,8053672495737,Ray Ban,SI,215,0RB4171,0,NO,create
8656,805289742463,Ray Ban,SI,215,0RB4171,1,NO,update
8657,8056597142526,Ray Ban,SI,215,0RB4171,1,NO,update
8658,8056597369374,Ray Ban,SI,215,0RB4171,1,NO,update
8659,8056597369381,Ray Ban,SI,215,0RB4171,1,NO,update
8660,8056597369404,Ray Ban,SI,215,0RB4171,1,NO,update
8661,8056597616706,Ray Ban,SI,215,0RB4171,0,NO,create
8662,8056597616713,Ray Ban,SI,215,0RB4171,0,NO,create
8663,8056597616720,Ray Ban,SI,215,0RB4171,0,NO,create
8664,8056597948593,Ray Ban,SI,215,0RB4171,1,NO,update
8665,8056262999998,Ray Ban,SI,215,0RB4171,0,NO,create
8666,8056597948685,Ray Ban,SI,215,0RB4171,1,NO,update
8667,8056266000010,Ray Ban,SI,215,0RB4171,0,NO,create
8668,8056262484623,Ray Ban,SI,215,0RB4171,1,NO,update
8669,8056262484630,Ray Ban,SI,215,0RB4171,1,NO,update
8670,8056262484647,Ray Ban,SI,215,0RB4171,1,NO,update
8671,8053672475920,Ray Ban,SI,215,0RB4171,1,NO,update
8672,8053672495744,Ray Ban,SI,215,0RB4171,1,NO,update
8673,805289742470,Ray Ban,SI,215,0RB4171,1,NO,update
8674,713132438992,Ray Ban,SI,215,0RB4175,0,NO,create
8675,8053672789355,Ray Ban,SI,215,0RB4175,0,NO,create
8676,8056597458221,Ray Ban,SI,215,0RB4179M,1,NO,update
8677,8053672305180,Ray Ban,SI,215,0RB4179,0,NO,create
8678,713132449325,Ray Ban,SI,215,0RB4179,1,NO,update
8679,713132449226,Ray Ban,SI,215,0RB4181,1,NO,update
8680,713132449233,Ray Ban,SI,215,0RB4181,0,NO,create
8681,713132452646,Ray Ban,SI,215,0RB4181,1,NO,update
8682,713132452639,Ray Ban,SI,215,0RB4181,1,NO,update
8683,8053672897074,Ray Ban,SI,215,0RB4184,0,NO,create
8684,713132581124,Ray Ban,SI,215,0RB4187,1,NO,update
8685,8053672977219,Ray Ban,SI,215,0RB4187,1,NO,update
8686,8056597760072,Ray Ban,SI,215,0RB4187,1,NO,update
8687,8056597760089,Ray Ban,SI,215,0RB4187,0,NO,create
8688,8053672475937,Ray Ban,SI,215,0RB4187,1,NO,update
8689,713132581131,Ray Ban,SI,215,0RB4187,1,NO,update
8690,8053672819755,Ray Ban,SI,215,0RB4195M,1,NO,update
8691,8053672819762,Ray Ban,SI,215,0RB4195M,1,NO,update
8692,8053672067118,Ray Ban,SI,215,0RB4195,1,NO,update
8693,8053672879186,Ray Ban,SI,215,0RB4195,0,NO,create
8694,8053672188868,Ray Ban,SI,215,0RB4202,0,NO,create
8695,8053672188905,Ray Ban,SI,215,0RB4202,1,NO,update
8696,8053672388930,Ray Ban,SI,215,0RB4216,0,NO,create
8697,8056597759977,Ray Ban,SI,215,0RB4246,0,NO,create
8698,8053672602432,Ray Ban,SI,215,0RB4259,1,NO,update
8699,8053672790382,Ray Ban,SI,215,0RB4259,1,NO,update
8700,8053672602449,Ray Ban,SI,215,0RB4259,1,NO,update
8701,8053672790405,Ray Ban,SI,215,0RB4259,0,NO,create
8702,8056597027700,Ray Ban,SI,215,0RB4260D,1,NO,update
8703,8053672614503,Ray Ban,SI,215,0RB4260D,0,NO,create
8704,8053672614480,Ray Ban,SI,215,0RB4260D,1,NO,update
8705,8053672883947,Ray Ban,SI,215,0RB4260D,0,NO,create
8706,8056597757928,Ray Ban,SI,215,0RB4260D,0,NO,create
8707,8056597036023,Ray Ban,SI,215,0RB4264,0,NO,create
8708,8056597036030,Ray Ban,SI,215,0RB4264,1,NO,update
8709,8056262672679,Ray Ban,SI,215,0RB4264,0,NO,create
8710,8056262672662,Ray Ban,SI,215,0RB4264,0,NO,create
8711,8053672644951,Ray Ban,SI,215,0RB4264,1,NO,update
8712,8056597792028,Ray Ban,SI,215,0RB4264,0,NO,create
8713,8053672644968,Ray Ban,SI,215,0RB4264,0,NO,create
8714,8053672644944,Ray Ban,SI,215,0RB4264,1,NO,update
8715,8056597458276,Ray Ban,SI,215,0RB4296M,0,NO,create
8716,8056597071598,Ray Ban,SI,215,0RB4305,1,NO,update
8717,8056597071642,Ray Ban,SI,215,0RB4305,1,NO,update
8718,8056597071628,Ray Ban,SI,215,0RB4305,1,NO,update
8719,8056597071604,Ray Ban,SI,215,0RB4305,1,NO,update
8720,8056597071659,Ray Ban,SI,215,0RB4305,1,NO,update
8721,8056597071611,Ray Ban,SI,215,0RB4305,1,NO,update
8722,8056597072991,Ray Ban,SI,215,0RB4306,1,NO,update
8723,8056597072977,Ray Ban,SI,215,0RB4306,1,NO,update
8724,8056597072960,Ray Ban,SI,215,0RB4306,1,NO,update
8725,8056597260404,Ray Ban,SI,215,0RB4306,0,NO,create
8726,8056597548977,Ray Ban,SI,215,0RB4306,0,NO,create
8727,8056262314647,Ray Ban,SI,215,0RB4306,1,NO,update
8728,8056262898772,Ray Ban,SI,215,0RB4306,0,NO,create
8729,8056262898758,Ray Ban,SI,215,0RB4306,0,NO,create
8730,8056262898765,Ray Ban,SI,215,0RB4306,0,NO,create
8731,8056597073004,Ray Ban,SI,215,0RB4306,1,NO,update
8732,8056597073011,Ray Ban,SI,215,0RB4306,1,NO,update
8733,8056262895498,Ray Ban,SI,215,0RB4315,0,NO,create
8734,8056262895504,Ray Ban,SI,215,0RB4315,0,NO,create
8735,8056262895511,Ray Ban,SI,215,0RB4315,0,NO,create
8736,8053672970760,Ray Ban,SI,215,0RB4315,1,NO,update
8737,8056262895528,Ray Ban,SI,215,0RB4315,0,NO,create
8738,8053672970777,Ray Ban,SI,215,0RB4315,1,NO,update
8739,8056597122573,Ray Ban,SI,215,0RB4323,0,NO,create
8740,8056597156998,Ray Ban,SI,215,0RB4324,0,NO,create
8741,8056597133029,Ray Ban,SI,215,0RB4325,0,NO,create
8742,8056597122870,Ray Ban,SI,215,0RB4330CH,0,NO,create
8743,8056597122856,Ray Ban,SI,215,0RB4330CH,1,NO,update
8744,8056597846295,Ray Ban,SI,215,0RB4333D,0,NO,create
8745,8056597953665,Ray Ban,SI,215,0RB4333D,0,NO,create
8746,8056262048696,Ray Ban,SI,215,0RB4333D,0,NO,create
8747,8056597213134,Ray Ban,SI,215,0RB4333D,0,NO,create
8748,8056597179607,Ray Ban,SI,215,0RB4333D,0,NO,create
8749,8056597953672,Ray Ban,SI,215,0RB4333D,0,NO,create
8750,8056597179614,Ray Ban,SI,215,0RB4333D,0,NO,create
8751,8056262301777,Ray Ban,SI,215,0RB4334D,0,NO,create
8752,8056262301784,Ray Ban,SI,215,0RB4334D,0,NO,create
8753,8056597179652,Ray Ban,SI,215,0RB4334D,0,NO,create
8754,8056597954457,Ray Ban,SI,215,0RB4334D,0,NO,create
8755,8056597846103,Ray Ban,SI,215,0RB4334D,0,NO,create
8756,8056597179669,Ray Ban,SI,215,0RB4334D,1,NO,update
8757,8056597213141,Ray Ban,SI,215,0RB4334D,1,NO,update
8758,8053672770421,Ray Ban,SI,215,0RB4340,1,NO,update
8759,8053672770452,Ray Ban,SI,215,0RB4340,1,NO,update
8760,8056262671252,Ray Ban,SI,215,0RB4340,1,NO,update
8761,8056262997628,Ray Ban,SI,215,0RB4340,0,NO,create
8762,8053672977332,Ray Ban,SI,215,0RB4340,1,NO,update
8763,8056262997635,Ray Ban,SI,215,0RB4340,0,NO,create
8764,8053672770438,Ray Ban,SI,215,0RB4340,1,NO,update
8765,8056262997642,Ray Ban,SI,215,0RB4340,0,NO,create
8766,8056262671245,Ray Ban,SI,215,0RB4340,1,NO,update
8767,8056597432283,Ray Ban,SI,215,0RB4344,0,NO,create
8768,8056597439312,Ray Ban,SI,215,0RB4347,1,NO,update
8769,8056597518949,Ray Ban,SI,215,0RB4362,1,NO,update
8770,8056597518963,Ray Ban,SI,215,0RB4362,1,NO,update
8771,8056597519007,Ray Ban,SI,215,0RB4362,1,NO,update
8772,8056597519014,Ray Ban,SI,215,0RB4362,1,NO,update
8773,8056597626583,Ray Ban,SI,215,0RB4376,1,NO,update
8774,8056597626590,Ray Ban,SI,215,0RB4376,1,NO,update
8775,8056597626620,Ray Ban,SI,215,0RB4376,1,NO,update
8776,8056597856171,Ray Ban,SI,215,0RB4378,1,NO,update
8777,8056597626859,Ray Ban,SI,215,0RB4378,1,NO,update
8778,8056597626866,Ray Ban,SI,215,0RB4378,1,NO,update
8779,8056597626897,Ray Ban,SI,215,0RB4378,1,NO,update
8780,8056597665544,Ray Ban,SI,215,0RB4379D,0,NO,create
8781,8056597846363,Ray Ban,SI,215,0RB4379D,1,NO,update
8782,8056597665568,Ray Ban,SI,215,0RB4379D,0,NO,create
8783,8056597725934,Ray Ban,SI,215,0RB4385,1,NO,update
8784,8056597725941,Ray Ban,SI,215,0RB4385,1,NO,update
8785,8056597725958,Ray Ban,SI,215,0RB4385,0,NO,create
8786,8053672986587,Ray Ban,SI,215,0RB4387,1,NO,update
8787,8053672986570,Ray Ban,SI,215,0RB4387,1,NO,update
8788,8053672169355,Ray Ban,SI,215,0RB4387,0,NO,create
8789,8056597718394,Ray Ban,SI,215,0RB4389,1,NO,update
8790,8056597718424,Ray Ban,SI,215,0RB4389,1,NO,update
8791,8056597718431,Ray Ban,SI,215,0RB4389,1,NO,update
8792,8056597714112,Ray Ban,SI,215,0RB4392D,0,NO,create
8793,8056597953498,Ray Ban,SI,215,0RB4392D,0,NO,create
8794,8056597714129,Ray Ban,SI,215,0RB4392D,1,NO,update
8795,8056597953504,Ray Ban,SI,215,0RB4392D,0,NO,create
8796,8056597714136,Ray Ban,SI,215,0RB4392D,1,NO,update
8797,8056597714143,Ray Ban,SI,215,0RB4392D,0,NO,create
8798,8056597761987,Ray Ban,SI,215,0RB4394M,0,NO,create
8799,8056262134610,Ray Ban,SI,215,0RB4395,1,NO,update
8800,8056597829304,Ray Ban,SI,215,0RB4395,1,NO,update
8801,8056262052112,Ray Ban,SI,215,0RB4395,0,NO,create
8802,8056262052129,Ray Ban,SI,215,0RB4395,0,NO,create
8803,8056597829311,Ray Ban,SI,215,0RB4395,0,NO,create
8804,8056597829328,Ray Ban,SI,215,0RB4395,0,NO,create
8805,8056597829342,Ray Ban,SI,215,0RB4395,0,NO,create
8806,8056262134443,Ray Ban,SI,215,0RB4396,1,NO,update
8807,8056262134450,Ray Ban,SI,215,0RB4396,1,NO,update
8808,8056597829120,Ray Ban,SI,215,0RB4396,1,NO,update
8809,8056597829137,Ray Ban,SI,215,0RB4396,1,NO,update
8810,8056262052136,Ray Ban,SI,215,0RB4396,1,NO,update
8811,8056262052143,Ray Ban,SI,215,0RB4396,1,NO,update
8812,8056597829199,Ray Ban,SI,215,0RB4396,0,NO,create
8813,8056597829205,Ray Ban,SI,215,0RB4396,1,NO,update
8814,8056597829212,Ray Ban,SI,215,0RB4396,1,NO,update
8815,8056262052099,Ray Ban,SI,215,0RB4397,1,NO,update
8816,8056597829540,Ray Ban,SI,215,0RB4397,0,NO,create
8817,8056597829564,Ray Ban,SI,215,0RB4397,0,NO,create
8818,8056597829571,Ray Ban,SI,215,0RB4397,0,NO,create
8819,8056262301630,Ray Ban,SI,215,0RB4398,0,NO,create
8820,8056262301654,Ray Ban,SI,215,0RB4398,0,NO,create
8821,8056597828857,Ray Ban,SI,215,0RB4398,0,NO,create
8822,8056597828888,Ray Ban,SI,215,0RB4398,1,NO,update
8823,8056597829380,Ray Ban,SI,215,0RB4399,0,NO,create
8824,8056597829427,Ray Ban,SI,215,0RB4399,1,NO,update
8825,8056597829410,Ray Ban,SI,215,0RB4399,1,NO,update
8826,8056597829441,Ray Ban,SI,215,0RB4399,1,NO,update
8827,8056597829434,Ray Ban,SI,215,0RB4399,1,NO,update
8828,8056597846059,Ray Ban,SI,215,0RB4401D,1,NO,update
8829,8056262281734,Ray Ban,SI,215,0RB4401D,0,NO,create
8830,8056262048511,Ray Ban,SI,215,0RB4401D,0,NO,create
8831,8056262301807,Ray Ban,SI,215,0RB4401D,0,NO,create
8832,8056262301814,Ray Ban,SI,215,0RB4401D,0,NO,create
8833,8056262049846,Ray Ban,SI,215,0RB4401D,1,NO,update
8834,8056597846066,Ray Ban,SI,215,0RB4401D,1,NO,update
8835,8056262281772,Ray Ban,SI,215,0RB4401D,1,NO,update
8836,8056597846073,Ray Ban,SI,215,0RB4401D,1,NO,update
8837,8056262281796,Ray Ban,SI,215,0RB4401D,0,NO,create
8838,8056597846080,Ray Ban,SI,215,0RB4401D,0,NO,create
8839,8056262281789,Ray Ban,SI,215,0RB4401D,0,NO,create
8840,8056597846097,Ray Ban,SI,215,0RB4401D,0,NO,create
8841,8056597853774,Ray Ban,SI,215,0RB4404M,0,NO,create
8842,8056597853705,Ray Ban,SI,215,0RB4405M,0,NO,create
8843,8056597936293,Ray Ban,SI,215,0RB4407,1,NO,update
8844,8056597936316,Ray Ban,SI,215,0RB4407,0,NO,create
8845,8056597936323,Ray Ban,SI,215,0RB4407,0,NO,create
8846,8056597936361,Ray Ban,SI,215,0RB4407,1,NO,update
8847,8056597936965,Ray Ban,SI,215,0RB4408,1,NO,update
8848,8056597930468,Ray Ban,SI,215,0RB4413M,0,NO,create
8849,8056597930475,Ray Ban,SI,215,0RB4413M,0,NO,create
8850,8056597930499,Ray Ban,SI,215,0RB4413M,0,NO,create
8851,8056597930505,Ray Ban,SI,215,0RB4413M,0,NO,create
8852,8056597929349,Ray Ban,SI,215,0RB4414M,0,NO,create
8853,8056597929387,Ray Ban,SI,215,0RB4414M,0,NO,create
8854,8056597721325,Ray Ban,SI,215,0RB4416,1,NO,update
8855,8056597721332,Ray Ban,SI,215,0RB4416,1,NO,update
8856,8056262997710,Ray Ban,SI,215,0RB4416,0,NO,create
8857,8056262997727,Ray Ban,SI,215,0RB4416,0,NO,create
8858,8056597721349,Ray Ban,SI,215,0RB4416,0,NO,create
8859,8056597721356,Ray Ban,SI,215,0RB4416,1,NO,update
8860,8056597721363,Ray Ban,SI,215,0RB4416,0,NO,create
8861,8056597721387,Ray Ban,SI,215,0RB4416,0,NO,create
8862,8056597721400,Ray Ban,SI,215,0RB4416,0,NO,create
8863,8056597721417,Ray Ban,SI,215,0RB4416,0,NO,create
8864,8056597953009,Ray Ban,SI,215,0RB4416,0,NO,create
8865,8056597953023,Ray Ban,SI,215,0RB4416,1,NO,update
8866,8056597953030,Ray Ban,SI,215,0RB4416,1,NO,update
8867,8056262997734,Ray Ban,SI,215,0RB4416,0,NO,create
8868,8056262997741,Ray Ban,SI,215,0RB4416,0,NO,create
8869,8056262997758,Ray Ban,SI,215,0RB4416,0,NO,create
8870,8056262997765,Ray Ban,SI,215,0RB4416,0,NO,create
8871,8056597721424,Ray Ban,SI,215,0RB4416,1,NO,update
8872,8056597721431,Ray Ban,SI,215,0RB4416,1,NO,update
8873,8056597943567,Ray Ban,SI,215,0RB4418D,0,NO,create
8874,8056597943581,Ray Ban,SI,215,0RB4418D,0,NO,create
8875,8056597943598,Ray Ban,SI,215,0RB4418D,0,NO,create
8876,8056266001482,Ray Ban,SI,215,0RB4420,0,NO,create
8877,8056597959339,Ray Ban,SI,215,0RB4420,1,NO,update
8878,8056597959346,Ray Ban,SI,215,0RB4420,1,NO,update
8879,8056266001499,Ray Ban,SI,215,0RB4420,0,NO,create
8880,8056597959353,Ray Ban,SI,215,0RB4420,1,NO,update
8881,8056262080948,Ray Ban,SI,215,0RB4421D,1,NO,update
8882,8056262080955,Ray Ban,SI,215,0RB4421D,1,NO,update
8883,8056262051603,Ray Ban,SI,215,0RB4423D,0,NO,create
8884,8056262051610,Ray Ban,SI,215,0RB4423D,1,NO,update
8885,8056262484357,Ray Ban,SI,215,0RB4423D,1,NO,update
8886,8056262051641,Ray Ban,SI,215,0RB4423D,1,NO,update
8887,8056262016787,Ray Ban,SI,215,0RB4425,1,NO,update
8888,8056262016794,Ray Ban,SI,215,0RB4425,1,NO,update
8889,8056262016817,Ray Ban,SI,215,0RB4425,1,NO,update
8890,8056597963237,Ray Ban,SI,215,0RB4426,0,NO,create
8891,8056262014486,Ray Ban,SI,215,0RB4427,1,NO,update
8892,8056262014509,Ray Ban,SI,215,0RB4427,1,NO,update
8893,8056597939140,Ray Ban,SI,215,0RB4428,1,NO,update
8894,8056597939164,Ray Ban,SI,215,0RB4428,1,NO,update
8895,8056597939188,Ray Ban,SI,215,0RB4428,0,NO,create
8896,8056597939249,Ray Ban,SI,215,0RB4428,0,NO,create
8897,8056597938952,Ray Ban,SI,215,0RB4429,1,NO,update
8898,8056597938969,Ray Ban,SI,215,0RB4429,1,NO,update
8899,8056597946025,Ray Ban,SI,215,0RB4429,0,NO,create
8900,8056597938990,Ray Ban,SI,215,0RB4429,0,NO,create
8901,8056597939089,Ray Ban,SI,215,0RB4429,1,NO,update
8902,8056597939096,Ray Ban,SI,215,0RB4429,1,NO,update
8903,8056262475133,Ray Ban,SI,215,0RB4430,1,NO,update
8904,8056262475140,Ray Ban,SI,215,0RB4430,1,NO,update
8905,8056262887097,Ray Ban,SI,215,0RB4430,1,NO,update
8906,8056262887103,Ray Ban,SI,215,0RB4430,1,NO,update
8907,8056262475157,Ray Ban,SI,215,0RB4430,1,NO,update
8908,8056262475164,Ray Ban,SI,215,0RB4430,1,NO,update
8909,8056266001352,Ray Ban,SI,215,0RB4430,0,NO,create
8910,8056266001369,Ray Ban,SI,215,0RB4430,0,NO,create
8911,8056262142608,Ray Ban,SI,215,0RB4430,0,NO,create
8912,8056262142615,Ray Ban,SI,215,0RB4430,0,NO,create
8913,8056262016657,Ray Ban,SI,215,0RB4430,1,NO,update
8914,8056262016664,Ray Ban,SI,215,0RB4430,1,NO,update
8915,8056262016671,Ray Ban,SI,215,0RB4430,1,NO,update
8916,8056262016688,Ray Ban,SI,215,0RB4430,1,NO,update
8917,8056262016695,Ray Ban,SI,215,0RB4430,1,NO,update
8918,8056262016701,Ray Ban,SI,215,0RB4430,1,NO,update
8919,8056262016725,Ray Ban,SI,215,0RB4430,1,NO,update
8920,8056266001376,Ray Ban,SI,215,0RB4430,0,NO,create
8921,8056266001383,Ray Ban,SI,215,0RB4430,0,NO,create
8922,8056266001390,Ray Ban,SI,215,0RB4430,0,NO,create
8923,8056266001406,Ray Ban,SI,215,0RB4430,0,NO,create
8924,8056262017722,Ray Ban,SI,215,0RB4431,1,NO,update
8925,8056262017753,Ray Ban,SI,215,0RB4431,1,NO,update
8926,8056262017432,Ray Ban,SI,215,0RB4432,0,NO,create
8927,8056262012048,Ray Ban,SI,215,0RB4433M,0,NO,create
8928,8056262012055,Ray Ban,SI,215,0RB4433M,0,NO,create
8929,8056262012062,Ray Ban,SI,215,0RB4433M,0,NO,create
8930,8056262012079,Ray Ban,SI,215,0RB4433M,0,NO,create
8931,8056262031384,Ray Ban,SI,215,0RB4435,1,NO,update
8932,8056262031438,Ray Ban,SI,215,0RB4435,0,NO,create
8933,8056262031445,Ray Ban,SI,215,0RB4435,1,NO,update
8934,8056262044520,Ray Ban,SI,215,0RB4435,0,NO,create
8935,8056262031513,Ray Ban,SI,215,0RB4435,0,NO,create
8936,8056262085936,Ray Ban,SI,215,0RB4436D,1,NO,update
8937,8056262085943,Ray Ban,SI,215,0RB4436D,1,NO,update
8938,8056262268940,Ray Ban,SI,215,0RB4439D,1,NO,update
8939,8056262268957,Ray Ban,SI,215,0RB4439D,1,NO,update
8940,8056262675106,Ray Ban,SI,215,0RB4439D,1,NO,update
8941,8056262268964,Ray Ban,SI,215,0RB4439D,1,NO,update
8942,8056262675090,Ray Ban,SI,215,0RB4439D,0,NO,create
8943,8056262268971,Ray Ban,SI,215,0RB4439D,1,NO,update
8944,8056262268988,Ray Ban,SI,215,0RB4439D,1,NO,update
8945,8053672919073,Ray Ban,SI,215,0RB4440N,0,NO,create
8946,8056262675793,Ray Ban,SI,215,0RB4441D,1,NO,update
8947,8056262268902,Ray Ban,SI,215,0RB4441D,1,NO,update
8948,8056266002205,Ray Ban,SI,215,0RB4441D,0,NO,create
8949,8056262268919,Ray Ban,SI,215,0RB4441D,1,NO,update
8950,8056262675786,Ray Ban,SI,215,0RB4441D,1,NO,update
8951,8056262268926,Ray Ban,SI,215,0RB4441D,1,NO,update
8952,8056262268933,Ray Ban,SI,215,0RB4441D,1,NO,update
8953,8056262529584,Ray Ban,SI,215,0RB4441D,0,NO,create
8954,8056262221136,Ray Ban,SI,215,0RB4443M,0,NO,create
8955,8056262221143,Ray Ban,SI,215,0RB4443M,0,NO,create
8956,8056262221150,Ray Ban,SI,215,0RB4443M,0,NO,create
8957,8056262221174,Ray Ban,SI,215,0RB4443M,0,NO,create
8958,8056262415603,Ray Ban,SI,215,0RB4451,0,NO,create
8959,8056262415610,Ray Ban,SI,215,0RB4451,1,NO,update
8960,8056262415641,Ray Ban,SI,215,0RB4451,1,NO,update
8961,8056262415658,Ray Ban,SI,215,0RB4451,1,NO,update
8962,8056262495216,Ray Ban,SI,215,0RB4451,0,NO,create
8963,8056262495223,Ray Ban,SI,215,0RB4451,0,NO,create
8964,8056262415689,Ray Ban,SI,215,0RB4451,0,NO,create
8965,8056262415696,Ray Ban,SI,215,0RB4451,1,NO,update
8966,8056262415726,Ray Ban,SI,215,0RB4451,0,NO,create
8967,8056262415733,Ray Ban,SI,215,0RB4451,1,NO,update
8968,8056262415764,Ray Ban,SI,215,0RB4451,0,NO,create
8969,8056262415771,Ray Ban,SI,215,0RB4451,1,NO,update
8970,8056262415788,Ray Ban,SI,215,0RB4451,1,NO,update
8971,8056262415795,Ray Ban,SI,215,0RB4451,1,NO,update
8972,8056262484166,Ray Ban,SI,215,0RB4452CH,0,NO,create
8973,8056262484180,Ray Ban,SI,215,0RB4452CH,0,NO,create
8974,8056262484197,Ray Ban,SI,215,0RB4452CH,0,NO,create
8975,8056262484203,Ray Ban,SI,215,0RB4452CH,0,NO,create
8976,8056262484210,Ray Ban,SI,215,0RB4452CH,0,NO,create
8977,8056262484227,Ray Ban,SI,215,0RB4452CH,0,NO,create
8978,8056262484258,Ray Ban,SI,215,0RB4452CH,0,NO,create
8979,8056262481677,Ray Ban,SI,215,0RB4452,0,NO,create
8980,8056262481721,Ray Ban,SI,215,0RB4452,0,NO,create
8981,8056262481646,Ray Ban,SI,215,0RB4452,0,NO,create
8982,8056262481691,Ray Ban,SI,215,0RB4452,0,NO,create
8983,8056262481639,Ray Ban,SI,215,0RB4452,0,NO,create
8984,8056262481684,Ray Ban,SI,215,0RB4452,1,NO,update
8985,8056262481653,Ray Ban,SI,215,0RB4452,0,NO,create
8986,8056262481707,Ray Ban,SI,215,0RB4452,1,NO,update
8987,8056262481660,Ray Ban,SI,215,0RB4452,0,NO,create
8988,8056262481752,Ray Ban,SI,215,0RB4453,1,NO,update
8989,8056262481776,Ray Ban,SI,215,0RB4453,0,NO,create
8990,8056262481745,Ray Ban,SI,215,0RB4453,1,NO,update
8991,8056262481738,Ray Ban,SI,215,0RB4453,1,NO,update
8992,8056262906606,Ray Ban,SI,215,0RB4454M,0,NO,create
8993,8056262416211,Ray Ban,SI,215,0RB4454,0,NO,create
8994,8056262416228,Ray Ban,SI,215,0RB4454,1,NO,update
8995,8056262418437,Ray Ban,SI,215,0RB4454,0,NO,create
8996,8056262418444,Ray Ban,SI,215,0RB4454,0,NO,create
8997,8056262886946,Ray Ban,SI,215,0RB4454,0,NO,create
8998,8056262886953,Ray Ban,SI,215,0RB4454,0,NO,create
8999,8056262886977,Ray Ban,SI,215,0RB4454,0,NO,create
9000,8056262886984,Ray Ban,SI,215,0RB4454,0,NO,create
9001,8056262416303,Ray Ban,SI,215,0RB4454,0,NO,create
9002,8056262416310,Ray Ban,SI,215,0RB4454,1,NO,update
9003,8056262416341,Ray Ban,SI,215,0RB4454,0,NO,create
9004,8056262416365,Ray Ban,SI,215,0RB4454,1,NO,update
9005,8056262416402,Ray Ban,SI,215,0RB4454,1,NO,update
9006,8056262416426,Ray Ban,SI,215,0RB4454,0,NO,create
9007,8056262886991,Ray Ban,SI,215,0RB4454,0,NO,create
9008,8056262887004,Ray Ban,SI,215,0RB4454,0,NO,create
9009,8056262454022,Ray Ban,SI,215,0RB4455,1,NO,update
9010,8056262454039,Ray Ban,SI,215,0RB4455,1,NO,update
9011,8056262885550,Ray Ban,SI,215,0RB4455,1,NO,update
9012,8056262885567,Ray Ban,SI,215,0RB4455,1,NO,update
9013,8056262464991,Ray Ban,SI,215,0RB4455,1,NO,update
9014,8056262465004,Ray Ban,SI,215,0RB4455,1,NO,update
9015,8056262454084,Ray Ban,SI,215,0RB4455,1,NO,update
9016,8056262526194,Ray Ban,SI,215,0RB4455,1,NO,update
9017,8056262454145,Ray Ban,SI,215,0RB4455,1,NO,update
9018,8056262454152,Ray Ban,SI,215,0RB4455,1,NO,update
9019,8056262454169,Ray Ban,SI,215,0RB4455,1,NO,update
9020,8056262526187,Ray Ban,SI,215,0RB4456,1,NO,update
9021,8056262453926,Ray Ban,SI,215,0RB4456,1,NO,update
9022,8056262453933,Ray Ban,SI,215,0RB4456,1,NO,update
9023,8056266001666,Ray Ban,SI,215,0RB4456,0,NO,create
9024,8056266001673,Ray Ban,SI,215,0RB4456,0,NO,create
9025,8056262464656,Ray Ban,SI,215,0RB4456,1,NO,update
9026,8056262464663,Ray Ban,SI,215,0RB4456,1,NO,update
9027,8056266001680,Ray Ban,SI,215,0RB4456,0,NO,create
9028,8056266001697,Ray Ban,SI,215,0RB4456,0,NO,create
9029,8056262453988,Ray Ban,SI,215,0RB4456,1,NO,update
9030,8056262453995,Ray Ban,SI,215,0RB4456,1,NO,update
9031,8056262492307,Ray Ban,SI,215,0RB4456,1,NO,update
9032,8056262492314,Ray Ban,SI,215,0RB4456,1,NO,update
9033,8056262454121,Ray Ban,SI,215,0RB4456,1,NO,update
9034,8056262454138,Ray Ban,SI,215,0RB4456,1,NO,update
9035,8056262458129,Ray Ban,SI,215,0RB4457D,1,NO,update
9036,8056262458136,Ray Ban,SI,215,0RB4457D,1,NO,update
9037,8056262458143,Ray Ban,SI,215,0RB4457D,1,NO,update
9038,8056262848265,Ray Ban,SI,215,0RB4457D,1,NO,update
9039,8056262458150,Ray Ban,SI,215,0RB4457D,1,NO,update
9040,8056262848272,Ray Ban,SI,215,0RB4457D,1,NO,update
9041,8056262458167,Ray Ban,SI,215,0RB4458D,0,NO,create
9042,8056262847572,Ray Ban,SI,215,0RB4458D,1,NO,update
9043,8056262458174,Ray Ban,SI,215,0RB4458D,1,NO,update
9044,8056262458181,Ray Ban,SI,215,0RB4458D,1,NO,update
9045,8056262458198,Ray Ban,SI,215,0RB4458D,1,NO,update
9046,8056262458204,Ray Ban,SI,215,0RB4458D,1,NO,update
9047,8056262464052,Ray Ban,SI,215,0RB4459D,1,NO,update
9048,8056262464069,Ray Ban,SI,215,0RB4459D,1,NO,update
9049,8056262464076,Ray Ban,SI,215,0RB4459D,1,NO,update
9050,8056262464083,Ray Ban,SI,215,0RB4459D,1,NO,update
9051,8056262464090,Ray Ban,SI,215,0RB4459D,1,NO,update
9052,8056262848258,Ray Ban,SI,215,0RB4461D,0,NO,create
9053,8056262457993,Ray Ban,SI,215,0RB4461D,1,NO,update
9054,8056262458006,Ray Ban,SI,215,0RB4461D,1,NO,update
9055,8056262458013,Ray Ban,SI,215,0RB4461D,1,NO,update
9056,8056262458020,Ray Ban,SI,215,0RB4461D,1,NO,update
9057,8056262458037,Ray Ban,SI,215,0RB4461D,1,NO,update
9058,8056262667996,Ray Ban,SI,215,0RB4466D,0,NO,create
9059,8056262667972,Ray Ban,SI,215,0RB4466D,1,NO,update
9060,8056262727133,Ray Ban,SI,215,0RB4466D,0,NO,create
9061,8056262668009,Ray Ban,SI,215,0RB4466D,0,NO,create
9062,8056266006463,Ray Ban,SI,215,0RB4466D,0,NO,create
9063,8056262667989,Ray Ban,SI,215,0RB4466D,1,NO,update
9064,8056262847893,Ray Ban,SI,215,0RB4468,0,NO,create
9065,8056262847916,Ray Ban,SI,215,0RB4468,0,NO,create
9066,8056262847930,Ray Ban,SI,215,0RB4468,0,NO,create
9067,8056262847961,Ray Ban,SI,215,0RB4468,0,NO,create
9068,8056262847985,Ray Ban,SI,215,0RB4468,0,NO,create
9069,8056262847909,Ray Ban,SI,215,0RB4469,0,NO,create
9070,8056262847923,Ray Ban,SI,215,0RB4469,1,NO,update
9071,8056262847947,Ray Ban,SI,215,0RB4469,1,NO,update
9072,8056262847978,Ray Ban,SI,215,0RB4469,1,NO,update
9073,8056262847992,Ray Ban,SI,215,0RB4469,0,NO,create
9074,8056262847725,Ray Ban,SI,215,0RB4470CH,0,NO,create
9075,8056262847732,Ray Ban,SI,215,0RB4470CH,0,NO,create
9076,8056262847749,Ray Ban,SI,215,0RB4470CH,0,NO,create
9077,8056262847756,Ray Ban,SI,215,0RB4470CH,0,NO,create
9078,8056262847763,Ray Ban,SI,215,0RB4470CH,0,NO,create
9079,8056262847770,Ray Ban,SI,215,0RB4470CH,1,NO,update
9080,8056262847787,Ray Ban,SI,215,0RB4470CH,0,NO,create
9081,8056262847794,Ray Ban,SI,215,0RB4470CH,1,NO,update
9082,8056262847800,Ray Ban,SI,215,0RB4470CH,0,NO,create
9083,8056262847817,Ray Ban,SI,215,0RB4470CH,0,NO,create
9084,8056262847824,Ray Ban,SI,215,0RB4470CH,0,NO,create
9085,8056262847831,Ray Ban,SI,215,0RB4470CH,1,NO,update
9086,8056262833902,Ray Ban,SI,215,0RB4472,1,NO,update
9087,8056262833919,Ray Ban,SI,215,0RB4472,1,NO,update
9088,8056262998564,Ray Ban,SI,215,0RB4472,0,NO,create
9089,8056262998571,Ray Ban,SI,215,0RB4472,0,NO,create
9090,8056262833926,Ray Ban,SI,215,0RB4472,1,NO,update
9091,8056262833933,Ray Ban,SI,215,0RB4472,1,NO,update
9092,8056262888933,Ray Ban,SI,215,0RB4472,1,NO,update
9093,8056262888940,Ray Ban,SI,215,0RB4472,1,NO,update
9094,8056262833940,Ray Ban,SI,215,0RB4472,0,NO,create
9095,8056262833957,Ray Ban,SI,215,0RB4472,1,NO,update
9096,8056262833988,Ray Ban,SI,215,0RB4472,1,NO,update
9097,8056262833995,Ray Ban,SI,215,0RB4472,1,NO,update
9098,8056262834015,Ray Ban,SI,215,0RB4472,0,NO,create
9099,8056262834022,Ray Ban,SI,215,0RB4472,1,NO,update
9100,8056262948613,Ray Ban,SI,215,0RB4472,0,NO,create
9101,8056262840146,Ray Ban,SI,215,0RB4473D,1,NO,update
9102,8056262840160,Ray Ban,SI,215,0RB4473D,1,NO,update
9103,8056262840177,Ray Ban,SI,215,0RB4473D,1,NO,update
9104,8056262840184,Ray Ban,SI,215,0RB4473D,1,NO,update
9105,8056262875391,Ray Ban,SI,215,0RB4474D,0,NO,create
9106,8056262847619,Ray Ban,SI,215,0RB4474D,1,NO,update
9107,8056262847640,Ray Ban,SI,215,0RB4474D,1,NO,update
9108,8056262847664,Ray Ban,SI,215,0RB4474D,0,NO,create
9109,8056262847688,Ray Ban,SI,215,0RB4474D,1,NO,update
9110,8056262847633,Ray Ban,SI,215,0RB4475CH,0,NO,create
9111,8056262847657,Ray Ban,SI,215,0RB4475CH,0,NO,create
9112,8056262847671,Ray Ban,SI,215,0RB4475CH,0,NO,create
9113,8056262847695,Ray Ban,SI,215,0RB4475CH,1,NO,update
9114,8056262847701,Ray Ban,SI,215,0RB4475CH,0,NO,create
9115,8056262847718,Ray Ban,SI,215,0RB4475CH,1,NO,update
9116,8056266007163,Ray Ban,SI,215,0RB4479M,0,NO,create
9117,8056266007156,Ray Ban,SI,215,0RB4479M,0,NO,create
9118,8056266007170,Ray Ban,SI,215,0RB4479M,0,NO,create
9119,8056266007194,Ray Ban,SI,215,0RB4479M,0,NO,create
9120,8056266007187,Ray Ban,SI,215,0RB4479M,0,NO,create
9121,8056597717830,Ray Ban,SI,215,0RB4487,0,NO,create
9122,8056597717854,Ray Ban,SI,215,0RB4487,0,NO,create
9123,8056597939331,Ray Ban,SI,215,0RB4547,0,NO,create
9124,8056597939348,Ray Ban,SI,215,0RB4547,1,NO,update
9125,8056597939355,Ray Ban,SI,215,0RB4547,1,NO,update
9126,8056597939362,Ray Ban,SI,215,0RB4547,0,NO,create
9127,8056597939379,Ray Ban,SI,215,0RB4547,1,NO,update
9128,8056597939386,Ray Ban,SI,215,0RB4547,1,NO,update
9129,8056597939430,Ray Ban,SI,215,0RB4547,0,NO,create
9130,8056597939447,Ray Ban,SI,215,0RB4547,1,NO,update
9131,8056597939454,Ray Ban,SI,215,0RB4547,0,NO,create
9132,8056597939461,Ray Ban,SI,215,0RB4547,0,NO,create
9133,8056262011386,Ray Ban,SI,215,0RB4607M,0,NO,create
9134,8056262011393,Ray Ban,SI,215,0RB4607M,0,NO,create
9135,8056262282496,Ray Ban,SI,215,0RB4840S,1,NO,update
9136,8056262282519,Ray Ban,SI,215,0RB4840S,1,NO,update
9137,8056262282533,Ray Ban,SI,215,0RB4840S,1,NO,update
9138,8056262282564,Ray Ban,SI,215,0RB4840S,1,NO,update
9139,8056262282571,Ray Ban,SI,215,0RB4840S,1,NO,update
9140,8056262282595,Ray Ban,SI,215,0RB4840S,1,NO,update
9141,8056262282601,Ray Ban,SI,215,0RB4840S,1,NO,update
9142,8056262282618,Ray Ban,SI,215,0RB4840S,1,NO,update
9143,8056262960127,Ray Ban,SI,215,0RB4925,1,NO,update
9144,8056262960110,Ray Ban,SI,215,0RB4925,1,NO,update
9145,8056262960103,Ray Ban,SI,215,0RB4925,0,NO,create
9146,8056262960097,Ray Ban,SI,215,0RB4925,1,NO,update
9147,8056262960080,Ray Ban,SI,215,0RB4925,0,NO,create
9148,8056262960073,Ray Ban,SI,215,0RB4925,1,NO,update
9149,8056262960066,Ray Ban,SI,215,0RB4925,0,NO,create
9150,8056262960059,Ray Ban,SI,215,0RB4925,1,NO,update
9151,8056262960042,Ray Ban,SI,215,0RB4925,1,NO,update
9152,8056262960035,Ray Ban,SI,215,0RB4925,1,NO,update
9153,8056262915974,Ray Ban,SI,215,0RB4940BP,0,NO,create
9154,8056262916582,Ray Ban,SI,215,0RB4940BP,0,NO,create
9155,8056262910597,Ray Ban,SI,215,0RB4940BP,0,NO,create
9156,8056262900802,Ray Ban,SI,215,0RB4940BP,0,NO,create
9157,8056262845004,Ray Ban,SI,215,0RB4940BP,1,NO,update
9158,8056262849866,Ray Ban,SI,215,0RB4940BP,1,NO,update
9159,8056262849897,Ray Ban,SI,215,0RB4940BP,0,NO,create
9160,8056262900819,Ray Ban,SI,215,0RB4940BP,0,NO,create
9161,8056262845011,Ray Ban,SI,215,0RB4940B,0,NO,create
9162,8056262845035,Ray Ban,SI,215,0RB4940B,0,NO,create
9163,8056262845059,Ray Ban,SI,215,0RB4940B,0,NO,create
9164,8056262845066,Ray Ban,SI,215,0RB4940B,1,NO,update
9165,8056262845073,Ray Ban,SI,215,0RB4940B,1,NO,update
9166,8056262915943,Ray Ban,SI,215,0RB4940B,0,NO,create
9167,8056262915929,Ray Ban,SI,215,0RB4940B,0,NO,create
9168,8056262910580,Ray Ban,SI,215,0RB4940B,0,NO,create
9169,8056262900789,Ray Ban,SI,215,0RB4940B,0,NO,create
9170,8056262845080,Ray Ban,SI,215,0RB4940B,1,NO,update
9171,8056262900796,Ray Ban,SI,215,0RB4940B,0,NO,create
9172,8056262916056,Ray Ban,SI,215,0RB4940,0,NO,create
9173,8056262916049,Ray Ban,SI,215,0RB4940,1,NO,update
9174,8056262916476,Ray Ban,SI,215,0RB4940,1,NO,update
9175,8056262916469,Ray Ban,SI,215,0RB4940,1,NO,update
9176,8056262900772,Ray Ban,SI,215,0RB4940,0,NO,create
9177,8056262900765,Ray Ban,SI,215,0RB4940,1,NO,update
9178,8056262916162,Ray Ban,SI,215,0RB4940,1,NO,update
9179,8056262916155,Ray Ban,SI,215,0RB4940,1,NO,update
9180,8056262916193,Ray Ban,SI,215,0RB4940,0,NO,create
9181,8056262916186,Ray Ban,SI,215,0RB4940,0,NO,create
9182,8056262910863,Ray Ban,SI,215,0RB4940,0,NO,create
9183,8056262910856,Ray Ban,SI,215,0RB4940,0,NO,create
9184,8056262900758,Ray Ban,SI,215,0RB4940,0,NO,create
9185,8056262900741,Ray Ban,SI,215,0RB4940,1,NO,update
9186,8056262664865,Ray Ban,SI,215,0RB4940,1,NO,update
9187,8056262848777,Ray Ban,SI,215,0RB4940,1,NO,update
9188,8056262915912,Ray Ban,SI,215,0RB4940,1,NO,update
9189,8056262915905,Ray Ban,SI,215,0RB4940,1,NO,update
9190,8056262664872,Ray Ban,SI,215,0RB4940,1,NO,update
9191,8056262848784,Ray Ban,SI,215,0RB4940,1,NO,update
9192,8056262664889,Ray Ban,SI,215,0RB4940,1,NO,update
9193,8056262848791,Ray Ban,SI,215,0RB4940,1,NO,update
9194,8056262664896,Ray Ban,SI,215,0RB4940,1,NO,update
9195,8056262848807,Ray Ban,SI,215,0RB4940,1,NO,update
9196,8056262664902,Ray Ban,SI,215,0RB4940,1,NO,update
9197,8056262848814,Ray Ban,SI,215,0RB4940,0,NO,create
9198,8056262664919,Ray Ban,SI,215,0RB4940,1,NO,update
9199,8056262848821,Ray Ban,SI,215,0RB4940,1,NO,update
9200,8056262664926,Ray Ban,SI,215,0RB4940,1,NO,update
9201,8056262848838,Ray Ban,SI,215,0RB4940,1,NO,update
9202,8056262900697,Ray Ban,SI,215,0RB4940,0,NO,create
9203,8056262900680,Ray Ban,SI,215,0RB4940,0,NO,create
9204,8056262900710,Ray Ban,SI,215,0RB4940,0,NO,create
9205,8056262900703,Ray Ban,SI,215,0RB4940,0,NO,create
9206,8056262900734,Ray Ban,SI,215,0RB4940,0,NO,create
9207,8056262900727,Ray Ban,SI,215,0RB4940,0,NO,create
9208,8056262962060,Ray Ban,SI,215,0RB4944,1,NO,update
9209,8056262962077,Ray Ban,SI,215,0RB4944,1,NO,update
9210,8056262962084,Ray Ban,SI,215,0RB4944,1,NO,update
9211,8056262962091,Ray Ban,SI,215,0RB4944,1,NO,update
9212,8056262959237,Ray Ban,SI,215,0RB4954,0,NO,create
9213,8056262959244,Ray Ban,SI,215,0RB4954,0,NO,create
9214,8056262959213,Ray Ban,SI,215,0RB4954,0,NO,create
9215,8056262959220,Ray Ban,SI,215,0RB4954,0,NO,create
9216,8056262959190,Ray Ban,SI,215,0RB4954,0,NO,create
9217,8056262959206,Ray Ban,SI,215,0RB4954,0,NO,create
9218,8056262959176,Ray Ban,SI,215,0RB4954,0,NO,create
9219,8056262959183,Ray Ban,SI,215,0RB4954,0,NO,create
9220,8056262959152,Ray Ban,SI,215,0RB4954,0,NO,create
9221,8056262959169,Ray Ban,SI,215,0RB4954,0,NO,create
9222,8056597984843,Ray Ban,SI,215,0RB7680S,0,NO,create
9223,8056597984850,Ray Ban,SI,215,0RB7680S,0,NO,create
9224,8056597984874,Ray Ban,SI,215,0RB7680S,0,NO,create
9225,8056597984898,Ray Ban,SI,215,0RB7680S,0,NO,create
9226,8056597953429,Ray Ban,SI,215,0RB7680S,0,NO,create
9227,8056262033715,Ray Ban,SI,215,0RB7681S,0,NO,create
9228,8056262033722,Ray Ban,SI,215,0RB7681S,0,NO,create
9229,8056262033739,Ray Ban,SI,215,0RB7681S,1,NO,update
9230,8056262033753,Ray Ban,SI,215,0RB7681S,0,NO,create
9231,8056262281888,Ray Ban,SI,215,0RB7683S,0,NO,create
9232,8056262281895,Ray Ban,SI,215,0RB7683S,0,NO,create
9233,8056262281901,Ray Ban,SI,215,0RB7683S,0,NO,create
9234,8056262281918,Ray Ban,SI,215,0RB7683S,0,NO,create
9235,8056262281925,Ray Ban,SI,215,0RB7683S,0,NO,create
9236,8056266002212,Ray Ban,SI,215,0RB8069D,0,NO,create
9237,8056266002229,Ray Ban,SI,215,0RB8069D,0,NO,create
9238,8056266002236,Ray Ban,SI,215,0RB8069D,0,NO,create
9239,8056266002243,Ray Ban,SI,215,0RB8069D,0,NO,create
9240,8056262031704,Ray Ban,SI,215,0RB8089,0,NO,create
9241,8056262031711,Ray Ban,SI,215,0RB8089,0,NO,create
9242,8056262031728,Ray Ban,SI,215,0RB8089,0,NO,create
9243,8056262031735,Ray Ban,SI,215,0RB8089,0,NO,create
9244,8056262031742,Ray Ban,SI,215,0RB8089,0,NO,create
9245,8056262031759,Ray Ban,SI,215,0RB8089,0,NO,create
9246,8056262031766,Ray Ban,SI,215,0RB8089,0,NO,create
9247,8056597954891,Ray Ban,SI,215,0RB8094,0,NO,create
9248,8056597973335,Ray Ban,SI,215,0RB8096,0,NO,create
9249,8056262285688,Ray Ban,SI,215,0RB8097,0,NO,create
9250,8056262285701,Ray Ban,SI,215,0RB8097,0,NO,create
9251,8056262285718,Ray Ban,SI,215,0RB8097,0,NO,create
9252,8056262285725,Ray Ban,SI,215,0RB8097,0,NO,create
9253,8056597001847,Ray Ban,SI,215,0RB8125M,1,NO,update
9254,8056597001861,Ray Ban,SI,215,0RB8147M,0,NO,create
9255,8056597620758,Ray Ban,SI,215,0RB8148,0,NO,create
9256,8056597620741,Ray Ban,SI,215,0RB8148,0,NO,create
9257,8056597620772,Ray Ban,SI,215,0RB8148,0,NO,create
9258,8056597620796,Ray Ban,SI,215,0RB8148,0,NO,create
9259,8056597620789,Ray Ban,SI,215,0RB8148,0,NO,create
9260,8056597431149,Ray Ban,SI,215,0RB8157,0,NO,create
9261,8056597431163,Ray Ban,SI,215,0RB8157,0,NO,create
9262,8056597431217,Ray Ban,SI,215,0RB8157,0,NO,create
9263,8056597729888,Ray Ban,SI,215,0RB8165,0,NO,create
9264,8056597729895,Ray Ban,SI,215,0RB8165,0,NO,create
9265,8056597729901,Ray Ban,SI,215,0RB8165,0,NO,create
9266,8056597729918,Ray Ban,SI,215,0RB8165,0,NO,create
9267,8056597729925,Ray Ban,SI,215,0RB8165,0,NO,create
9268,8056597664318,Ray Ban,SI,215,0RB8225,1,NO,update
9269,8056597664349,Ray Ban,SI,215,0RB8225,0,NO,create
9270,8056597664530,Ray Ban,SI,215,0RB8237,0,NO,create
9271,8056597664547,Ray Ban,SI,215,0RB8237,0,NO,create
9272,8056597439060,Ray Ban,SI,215,0RB8247,0,NO,create
9273,8056597664622,Ray Ban,SI,215,0RB8258,0,NO,create
9274,8056597663441,Ray Ban,SI,215,0RB8258,0,NO,create
9275,8056597664417,Ray Ban,SI,215,0RB8265,0,NO,create
9276,8056597664431,Ray Ban,SI,215,0RB8265,0,NO,create
9277,8056597664448,Ray Ban,SI,215,0RB8265,0,NO,create
9278,8056597664455,Ray Ban,SI,215,0RB8265,0,NO,create
9279,8056597664479,Ray Ban,SI,215,0RB8265,0,NO,create
9280,8053672346299,Ray Ban,SI,215,0RB8313,1,NO,update
9281,8053672346305,Ray Ban,SI,215,0RB8313,1,NO,update
9282,8053672006667,Ray Ban,SI,215,0RB8313,1,NO,update
9283,8056262889169,Ray Ban,SI,215,0RB8329M,0,NO,create
9284,8056262889176,Ray Ban,SI,215,0RB8329M,0,NO,create
9285,8056262889183,Ray Ban,SI,215,0RB8329M,0,NO,create
9286,8056262889190,Ray Ban,SI,215,0RB8329M,0,NO,create
9287,8056262889206,Ray Ban,SI,215,0RB8329M,0,NO,create
9288,8056597853590,Ray Ban,SI,215,0RB8331M,0,NO,create
9289,8056597853606,Ray Ban,SI,215,0RB8331M,0,NO,create
9290,8056597853620,Ray Ban,SI,215,0RB8331M,0,NO,create
9291,8056262483909,Ray Ban,SI,215,0RB8336M,0,NO,create
9292,8056262483930,Ray Ban,SI,215,0RB8336M,0,NO,create
9293,8056262483947,Ray Ban,SI,215,0RB8336M,0,NO,create
9294,8056597929912,Ray Ban,SI,215,0RB8362M,0,NO,create
9295,8056597217514,Ray Ban,SI,215,0RB8395M,0,NO,create
9296,8056597217521,Ray Ban,SI,215,0RB8395M,1,NO,update
9297,8056262976548,Ray Ban,SI,215,0RB8550,0,NO,create
9298,8056262976555,Ray Ban,SI,215,0RB8550,0,NO,create
9299,8056262976562,Ray Ban,SI,215,0RB8550,0,NO,create
9300,8056262976579,Ray Ban,SI,215,0RB8550,0,NO,create
9301,8056262976586,Ray Ban,SI,215,0RB8550,0,NO,create
9302,8056262976593,Ray Ban,SI,215,0RB8551,0,NO,create
9303,8056262976609,Ray Ban,SI,215,0RB8551,0,NO,create
9304,8056262976616,Ray Ban,SI,215,0RB8551,0,NO,create
9305,8056262976623,Ray Ban,SI,215,0RB8551,0,NO,create
9306,8056262096604,Ray Ban,SI,215,0RBR0101S,0,NO,create
9307,8056262096628,Ray Ban,SI,215,0RBR0101S,1,NO,update
9308,8056262671429,Ray Ban,SI,215,0RBR0101S,0,NO,create
9309,8056262096642,Ray Ban,SI,215,0RBR0101S,1,NO,update
9310,8056597919029,Ray Ban,SI,215,0RBR0101S,1,NO,update
9311,8056597919036,Ray Ban,SI,215,0RBR0101S,1,NO,update
9312,8056262151297,Ray Ban,SI,215,0RBR0101S,1,NO,update
9313,8056262151303,Ray Ban,SI,215,0RBR0101S,1,NO,update
9314,8056597919050,Ray Ban,SI,215,0RBR0101S,0,NO,create
9315,8056597919067,Ray Ban,SI,215,0RBR0101S,0,NO,create
9316,8056262671443,Ray Ban,SI,215,0RBR0101S,1,NO,update
9317,8056262151310,Ray Ban,SI,215,0RBR0101S,1,NO,update
9318,8056262151327,Ray Ban,SI,215,0RBR0101S,1,NO,update
9319,8056597919111,Ray Ban,SI,215,0RBR0101S,1,NO,update
9320,8056597919128,Ray Ban,SI,215,0RBR0101S,1,NO,update
9321,8056262301432,Ray Ban,SI,215,0RBR0101S,0,NO,create
9322,8056597919135,Ray Ban,SI,215,0RBR0101S,0,NO,create
9323,8056597919142,Ray Ban,SI,215,0RBR0101S,0,NO,create
9324,8056597919159,Ray Ban,SI,215,0RBR0101S,1,NO,update
9325,8056597919166,Ray Ban,SI,215,0RBR0101S,0,NO,create
9326,8056262672884,Ray Ban,SI,215,0RBR0102S,0,NO,create
9327,8056262672891,Ray Ban,SI,215,0RBR0102S,0,NO,create
9328,8056262313176,Ray Ban,SI,215,0RBR0102S,0,NO,create
9329,8056262313183,Ray Ban,SI,215,0RBR0102S,0,NO,create
9330,8056262313190,Ray Ban,SI,215,0RBR0102S,0,NO,create
9331,8056262313206,Ray Ban,SI,215,0RBR0102S,0,NO,create
9332,8056597918572,Ray Ban,SI,215,0RBR0102S,1,NO,update
9333,8056262180785,Ray Ban,SI,215,0RBR0102S,0,NO,create
9334,8056597918589,Ray Ban,SI,215,0RBR0102S,0,NO,create
9335,8056262672907,Ray Ban,SI,215,0RBR0102S,0,NO,create
9336,8056262672914,Ray Ban,SI,215,0RBR0102S,0,NO,create
9337,8056597918602,Ray Ban,SI,215,0RBR0102S,0,NO,create
9338,8056597918619,Ray Ban,SI,215,0RBR0102S,0,NO,create
9339,8056597918626,Ray Ban,SI,215,0RBR0102S,0,NO,create
9340,8056262672921,Ray Ban,SI,215,0RBR0103S,0,NO,create
9341,8056262672938,Ray Ban,SI,215,0RBR0103S,0,NO,create
9342,8056262268339,Ray Ban,SI,215,0RBR0103S,0,NO,create
9343,8056262268346,Ray Ban,SI,215,0RBR0103S,0,NO,create
9344,8056262268377,Ray Ban,SI,215,0RBR0103S,1,NO,update
9345,8056262268414,Ray Ban,SI,215,0RBR0103S,1,NO,update
9346,8056262268421,Ray Ban,SI,215,0RBR0103S,0,NO,create
9347,8056262672945,Ray Ban,SI,215,0RBR0103S,1,NO,update
9348,8056262672952,Ray Ban,SI,215,0RBR0103S,0,NO,create
9349,8056262268476,Ray Ban,SI,215,0RBR0103S,0,NO,create
9350,8056262268483,Ray Ban,SI,215,0RBR0103S,0,NO,create
9351,8056262268490,Ray Ban,SI,215,0RBR0103S,1,NO,update
9352,8056262268506,Ray Ban,SI,215,0RBR0103S,0,NO,create
9353,8056262564714,Ray Ban,SI,215,0RBR0104S,0,NO,create
9354,8056262564721,Ray Ban,SI,215,0RBR0104S,0,NO,create
9355,8056262564745,Ray Ban,SI,215,0RBR0104S,0,NO,create
9356,8056262564752,Ray Ban,SI,215,0RBR0104S,0,NO,create
9357,8056262564639,Ray Ban,SI,215,0RBR0104S,0,NO,create
9358,8056262564646,Ray Ban,SI,215,0RBR0104S,0,NO,create
9359,8056262564608,Ray Ban,SI,215,0RBR0104S,0,NO,create
9360,8056262564615,Ray Ban,SI,215,0RBR0104S,0,NO,create
9361,8056262564769,Ray Ban,SI,215,0RBR0104S,0,NO,create
9362,8056262564776,Ray Ban,SI,215,0RBR0104S,0,NO,create
9363,8056262564677,Ray Ban,SI,215,0RBR0104S,0,NO,create
9364,8056262564684,Ray Ban,SI,215,0RBR0104S,0,NO,create
9365,8056597918947,Ray Ban,SI,215,0RBR0501S,1,NO,update
9366,8056597918954,Ray Ban,SI,215,0RBR0501S,1,NO,update
9367,8056597918985,Ray Ban,SI,215,0RBR0501S,0,NO,create
9368,8056262304846,Ray Ban,SI,215,0RBR0501S,0,NO,create
9369,8056262905968,Ray Ban,SI,215,0RBR0502SM,0,NO,create
9370,8056262095256,Ray Ban,SI,215,0RBR0502S,0,NO,create
9371,8056262095294,Ray Ban,SI,215,0RBR0502S,1,NO,update
9372,8056262095287,Ray Ban,SI,215,0RBR0502S,1,NO,update
9373,8056597918831,Ray Ban,SI,215,0RBR0502S,1,NO,update
9374,8056597918824,Ray Ban,SI,215,0RBR0502S,1,NO,update
9375,8056597918879,Ray Ban,SI,215,0RBR0502S,1,NO,update
9376,8056597918862,Ray Ban,SI,215,0RBR0502S,1,NO,update
9377,8056597918893,Ray Ban,SI,215,0RBR0502S,1,NO,update
9378,8056597918916,Ray Ban,SI,215,0RBR0502S,1,NO,update
9379,8056597918909,Ray Ban,SI,215,0RBR0502S,0,NO,create
9380,8056262432884,Ray Ban,SI,215,0RBR0502S,0,NO,create
9381,8056262432860,Ray Ban,SI,215,0RBR0502S,0,NO,create
9382,8056262150948,Ray Ban,SI,215,0RBR0502S,0,NO,create
9383,8056262150931,Ray Ban,SI,215,0RBR0502S,0,NO,create
9384,8056262304860,Ray Ban,SI,215,0RBR0502S,1,NO,update
9385,8056262304891,Ray Ban,SI,215,0RBR0502S,0,NO,create
9386,8056262304884,Ray Ban,SI,215,0RBR0502S,0,NO,create
9387,8056262501924,Ray Ban,SI,215,0RBR0502S,0,NO,create
9388,8056262501917,Ray Ban,SI,215,0RBR0502S,0,NO,create
9389,8056262268278,Ray Ban,SI,215,0RBR0504S,1,NO,update
9390,8056262268285,Ray Ban,SI,215,0RBR0504S,1,NO,update
9391,8056262268292,Ray Ban,SI,215,0RBR0504S,0,NO,create
9392,8056262268308,Ray Ban,SI,215,0RBR0504S,1,NO,update
9393,8056262671375,Ray Ban,SI,215,0RBR0504S,0,NO,create
9394,8056262671382,Ray Ban,SI,215,0RBR0504S,0,NO,create
9395,8056262268315,Ray Ban,SI,215,0RBR0504S,0,NO,create
9396,8056262268322,Ray Ban,SI,215,0RBR0504S,1,NO,update
9397,8056262268353,Ray Ban,SI,215,0RBR0504S,0,NO,create
9398,8056262268360,Ray Ban,SI,215,0RBR0504S,0,NO,create
9399,8056262671399,Ray Ban,SI,215,0RBR0504S,0,NO,create
9400,8056262671405,Ray Ban,SI,215,0RBR0504S,1,NO,update
9401,8056262564622,Ray Ban,SI,215,0RBR0505S,1,NO,update
9402,8056262564660,Ray Ban,SI,215,0RBR0505S,1,NO,update
9403,8056262715796,Ray Ban,SI,215,0RBR0505S,0,NO,create
9404,8056262566312,Ray Ban,SI,215,0RBR0505S,0,NO,create
9405,8056262564691,Ray Ban,SI,215,0RBR0505S,0,NO,create
9406,8056262564738,Ray Ban,SI,215,0RBR0505S,0,NO,create
9407,8056597943161,Swarovski,SI,163,0SK1002,0,NO,create
9408,8056597943178,Swarovski,SI,163,0SK1002,0,NO,create
9409,8056597943185,Swarovski,SI,163,0SK1002,0,NO,create
9410,8056597943215,Swarovski,SI,163,0SK1002,0,NO,create
9411,8056597943222,Swarovski,SI,163,0SK1002,0,NO,create
9412,8056597944656,Swarovski,SI,163,0SK1003,0,NO,create
9413,8056597944694,Swarovski,SI,163,0SK1003,0,NO,create
9414,8056597944717,Swarovski,SI,163,0SK1003,0,NO,create
9415,8056597944724,Swarovski,SI,163,0SK1003,0,NO,create
9416,8056597944731,Swarovski,SI,163,0SK1003,0,NO,create
9417,8056597944748,Swarovski,SI,163,0SK1003,0,NO,create
9418,8056597958707,Swarovski,SI,163,0SK1004,0,NO,create
9419,8056597958714,Swarovski,SI,163,0SK1004,0,NO,create
9420,8056597958721,Swarovski,SI,163,0SK1004,0,NO,create
9421,8056597958578,Swarovski,SI,163,0SK1005,0,NO,create
9422,8056597958646,Swarovski,SI,163,0SK1005,0,NO,create
9423,8056597958851,Swarovski,SI,163,0SK1006,0,NO,create
9424,8056597958929,Swarovski,SI,163,0SK1006,0,NO,create
9425,8056597958882,Swarovski,SI,163,0SK1006,0,NO,create
9426,8056597958899,Swarovski,SI,163,0SK1006,0,NO,create
9427,8056262085646,Swarovski,SI,163,0SK1006,0,NO,create
9428,8056597958967,Swarovski,SI,163,0SK1006,0,NO,create
9429,8056597958974,Swarovski,SI,163,0SK1006,0,NO,create
9430,8056597967655,Swarovski,SI,163,0SK1007,0,NO,create
9431,8056597967662,Swarovski,SI,163,0SK1007,0,NO,create
9432,8056597967679,Swarovski,SI,163,0SK1007,0,NO,create
9433,8056597967686,Swarovski,SI,163,0SK1007,0,NO,create
9434,8056597967693,Swarovski,SI,163,0SK1007,1,NO,update
9435,8056597967709,Swarovski,SI,163,0SK1007,1,NO,update
9436,8056262085790,Swarovski,SI,163,0SK1007,0,NO,create
9437,8056262661079,Swarovski,SI,163,0SK1007,0,NO,create
9438,8056262661086,Swarovski,SI,163,0SK1007,0,NO,create
9439,8056597967716,Swarovski,SI,163,0SK1007,0,NO,create
9440,8056597967723,Swarovski,SI,163,0SK1007,0,NO,create
9441,8056597982979,Swarovski,SI,163,0SK1009D,0,NO,create
9442,8056597982986,Swarovski,SI,163,0SK1009D,0,NO,create
9443,8056262078938,Swarovski,SI,163,0SK1010,1,NO,update
9444,8056262079249,Swarovski,SI,163,0SK1011,0,NO,create
9445,8056262079287,Swarovski,SI,163,0SK1011,0,NO,create
9446,8056262079294,Swarovski,SI,163,0SK1011,0,NO,create
9447,8056262079263,Swarovski,SI,163,0SK1011,0,NO,create
9448,8056262079270,Swarovski,SI,163,0SK1011,0,NO,create
9449,8056262079652,Swarovski,SI,163,0SK1012,1,NO,update
9450,8056262079669,Swarovski,SI,163,0SK1012,0,NO,create
9451,8056262074053,Swarovski,SI,163,0SK1013,1,NO,update
9452,8056262074077,Swarovski,SI,163,0SK1013,0,NO,create
9453,8056262074091,Swarovski,SI,163,0SK1013,0,NO,create
9454,8056262241370,Swarovski,SI,163,0SK1013,0,NO,create
9455,8056262241387,Swarovski,SI,163,0SK1013,0,NO,create
9456,8056262076323,Swarovski,SI,163,0SK1014,0,NO,create
9457,8056262076330,Swarovski,SI,163,0SK1014,0,NO,create
9458,8056262076361,Swarovski,SI,163,0SK1014,0,NO,create
9459,8056262076309,Swarovski,SI,163,0SK1014,0,NO,create
9460,8056262076316,Swarovski,SI,163,0SK1014,1,NO,update
9461,8056262076347,Swarovski,SI,163,0SK1014,1,NO,update
9462,8056262076354,Swarovski,SI,163,0SK1014,0,NO,create
9463,8056262077894,Swarovski,SI,163,0SK1015,1,NO,update
9464,8056262077917,Swarovski,SI,163,0SK1015,0,NO,create
9465,8056262084595,Swarovski,SI,163,0SK1016D,1,NO,update
9466,8056262084588,Swarovski,SI,163,0SK1016D,0,NO,create
9467,8056262235577,Swarovski,SI,163,0SK1017,0,NO,create
9468,8056262235546,Swarovski,SI,163,0SK1017,1,NO,update
9469,8056262235553,Swarovski,SI,163,0SK1017,0,NO,create
9470,8056262228944,Swarovski,SI,163,0SK1018,0,NO,create
9471,8056262228951,Swarovski,SI,163,0SK1018,0,NO,create
9472,8056262228968,Swarovski,SI,163,0SK1018,0,NO,create
9473,8056262228975,Swarovski,SI,163,0SK1018,0,NO,create
9474,8056262228982,Swarovski,SI,163,0SK1018,0,NO,create
9475,8056262228999,Swarovski,SI,163,0SK1018,0,NO,create
9476,8056262229002,Swarovski,SI,163,0SK1018,0,NO,create
9477,8056262475775,Swarovski,SI,163,0SK1018,0,NO,create
9478,8056262475782,Swarovski,SI,163,0SK1018,0,NO,create
9479,8056262228098,Swarovski,SI,163,0SK1019,0,NO,create
9480,8056262228135,Swarovski,SI,163,0SK1019,0,NO,create
9481,8056262228142,Swarovski,SI,163,0SK1019,0,NO,create
9482,8056262228173,Swarovski,SI,163,0SK1019,0,NO,create
9483,8056262228180,Swarovski,SI,163,0SK1019,0,NO,create
9484,8056262228197,Swarovski,SI,163,0SK1019,0,NO,create
9485,8056262228203,Swarovski,SI,163,0SK1019,0,NO,create
9486,8056262240830,Swarovski,SI,163,0SK1020D,0,NO,create
9487,8056262240854,Swarovski,SI,163,0SK1020D,0,NO,create
9488,8056262461884,Swarovski,SI,163,0SK1021,1,NO,update
9489,8056262461815,Swarovski,SI,163,0SK1021,1,NO,update
9490,8056262461853,Swarovski,SI,163,0SK1021,0,NO,create
9491,8056262461860,Swarovski,SI,163,0SK1021,0,NO,create
9492,8056262461877,Swarovski,SI,163,0SK1021,0,NO,create
9493,8056262466308,Swarovski,SI,163,0SK1022,0,NO,create
9494,8056262466315,Swarovski,SI,163,0SK1022,0,NO,create
9495,8056262466322,Swarovski,SI,163,0SK1022,0,NO,create
9496,8056262466339,Swarovski,SI,163,0SK1022,0,NO,create
9497,8056262466346,Swarovski,SI,163,0SK1022,0,NO,create
9498,8056262466353,Swarovski,SI,163,0SK1022,0,NO,create
9499,8056262466360,Swarovski,SI,163,0SK1022,0,NO,create
9500,8056262466377,Swarovski,SI,163,0SK1022,0,NO,create
9501,8056262466384,Swarovski,SI,163,0SK1022,0,NO,create
9502,8056262466391,Swarovski,SI,163,0SK1022,0,NO,create
9503,8056262453292,Swarovski,SI,163,0SK1023,0,NO,create
9504,8056262453308,Swarovski,SI,163,0SK1023,0,NO,create
9505,8056262453315,Swarovski,SI,163,0SK1023,0,NO,create
9506,8056262453322,Swarovski,SI,163,0SK1023,1,NO,update
9507,8056262453339,Swarovski,SI,163,0SK1023,1,NO,update
9508,8056262466483,Swarovski,SI,163,0SK1023,0,NO,create
9509,8056262466490,Swarovski,SI,163,0SK1023,0,NO,create
9510,8056262466179,Swarovski,SI,163,0SK1024,0,NO,create
9511,8056262466216,Swarovski,SI,163,0SK1024,0,NO,create
9512,8056262466193,Swarovski,SI,163,0SK1024,0,NO,create
9513,8056262466148,Swarovski,SI,163,0SK1024,0,NO,create
9514,8056262466155,Swarovski,SI,163,0SK1024,1,NO,update
9515,8056262466285,Swarovski,SI,163,0SK1025,0,NO,create
9516,8056262466292,Swarovski,SI,163,0SK1025,0,NO,create
9517,8056262466261,Swarovski,SI,163,0SK1025,0,NO,create
9518,8056262466278,Swarovski,SI,163,0SK1025,0,NO,create
9519,8056262466223,Swarovski,SI,163,0SK1025,0,NO,create
9520,8056262466230,Swarovski,SI,163,0SK1025,0,NO,create
9521,8056262466469,Swarovski,SI,163,0SK1026,1,NO,update
9522,8056262466452,Swarovski,SI,163,0SK1026,1,NO,update
9523,8056262466117,Swarovski,SI,163,0SK1027,0,NO,create
9524,8056262466131,Swarovski,SI,163,0SK1027,0,NO,create
9525,8056262466124,Swarovski,SI,163,0SK1027,0,NO,create
9526,8056262477038,Swarovski,SI,163,0SK1028TD,0,NO,create
9527,8056262477021,Swarovski,SI,163,0SK1028TD,0,NO,create
9528,8056262477007,Swarovski,SI,163,0SK1028TD,0,NO,create
9529,8056262477014,Swarovski,SI,163,0SK1028TD,0,NO,create
9530,8056262475232,Swarovski,SI,163,0SK1029D,1,NO,update
9531,8056262475201,Swarovski,SI,163,0SK1029D,0,NO,create
9532,8056262475225,Swarovski,SI,163,0SK1029D,0,NO,create
9533,8056262475218,Swarovski,SI,163,0SK1029D,0,NO,create
9534,8056262476994,Swarovski,SI,163,0SK1030,1,NO,update
9535,8056262476987,Swarovski,SI,163,0SK1030,0,NO,create
9536,8056262667330,Swarovski,SI,163,0SK1031,0,NO,create
9537,8056262553213,Swarovski,SI,163,0SK1031,0,NO,create
9538,8056262667347,Swarovski,SI,163,0SK1031,0,NO,create
9539,8056262553237,Swarovski,SI,163,0SK1031,0,NO,create
9540,8056262667354,Swarovski,SI,163,0SK1031,0,NO,create
9541,8056262553251,Swarovski,SI,163,0SK1031,0,NO,create
9542,8056262667361,Swarovski,SI,163,0SK1031,0,NO,create
9543,8056262553275,Swarovski,SI,163,0SK1031,0,NO,create
9544,8056262558928,Swarovski,SI,163,0SK1032,0,NO,create
9545,8056262558935,Swarovski,SI,163,0SK1032,0,NO,create
9546,8056262558942,Swarovski,SI,163,0SK1032,0,NO,create
9547,8056262558959,Swarovski,SI,163,0SK1032,0,NO,create
9548,8056262558904,Swarovski,SI,163,0SK1032,0,NO,create
9549,8056262558911,Swarovski,SI,163,0SK1032,0,NO,create
9550,8056262558881,Swarovski,SI,163,0SK1032,0,NO,create
9551,8056262558898,Swarovski,SI,163,0SK1032,0,NO,create
9552,8056262551882,Swarovski,SI,163,0SK1033,1,NO,update
9553,8056262551875,Swarovski,SI,163,0SK1033,1,NO,update
9554,8056262551905,Swarovski,SI,163,0SK1033,0,NO,create
9555,8056262551899,Swarovski,SI,163,0SK1033,0,NO,create
9556,8056262552131,Swarovski,SI,163,0SK1034,0,NO,create
9557,8056262552148,Swarovski,SI,163,0SK1034,0,NO,create
9558,8056262552155,Swarovski,SI,163,0SK1034,0,NO,create
9559,8056262552162,Swarovski,SI,163,0SK1034,0,NO,create
9560,8056262552179,Swarovski,SI,163,0SK1034,0,NO,create
9561,8056262552186,Swarovski,SI,163,0SK1034,0,NO,create
9562,8056262552193,Swarovski,SI,163,0SK1034,0,NO,create
9563,8056262552209,Swarovski,SI,163,0SK1034,0,NO,create
9564,8056262565247,Swarovski,SI,163,0SK1035D,0,NO,create
9565,8056262565261,Swarovski,SI,163,0SK1035D,0,NO,create
9566,8056262577028,Swarovski,SI,163,0SK1035D,0,NO,create
9567,8056262565285,Swarovski,SI,163,0SK1035D,0,NO,create
9568,8056262844137,Swarovski,SI,163,0SK1036,0,NO,create
9569,8056262844144,Swarovski,SI,163,0SK1036,0,NO,create
9570,8056262844151,Swarovski,SI,163,0SK1036,0,NO,create
9571,8056262844168,Swarovski,SI,163,0SK1036,0,NO,create
9572,8056262844175,Swarovski,SI,163,0SK1036,0,NO,create
9573,8056262844182,Swarovski,SI,163,0SK1036,0,NO,create
9574,8056262844199,Swarovski,SI,163,0SK1036,0,NO,create
9575,8056262844205,Swarovski,SI,163,0SK1036,0,NO,create
9576,8056262844236,Swarovski,SI,163,0SK1037,1,NO,update
9577,8056262844243,Swarovski,SI,163,0SK1037,0,NO,create
9578,8056262844335,Swarovski,SI,163,0SK1037,0,NO,create
9579,8056262844342,Swarovski,SI,163,0SK1037,1,NO,update
9580,8056262844274,Swarovski,SI,163,0SK1037,0,NO,create
9581,8056262844281,Swarovski,SI,163,0SK1037,0,NO,create
9582,8056262844298,Swarovski,SI,163,0SK1037,1,NO,update
9583,8056262844304,Swarovski,SI,163,0SK1037,1,NO,update
9584,8056262843468,Swarovski,SI,163,0SK1038,0,NO,create
9585,8056262843475,Swarovski,SI,163,0SK1038,0,NO,create
9586,8056262843482,Swarovski,SI,163,0SK1038,1,NO,update
9587,8056262843499,Swarovski,SI,163,0SK1038,1,NO,update
9588,8056262843529,Swarovski,SI,163,0SK1038,1,NO,update
9589,8056262843536,Swarovski,SI,163,0SK1038,1,NO,update
9590,8056262843505,Swarovski,SI,163,0SK1038,1,NO,update
9591,8056262843512,Swarovski,SI,163,0SK1038,1,NO,update
9592,8056262850718,Swarovski,SI,163,0SK1039D,0,NO,create
9593,8056262850725,Swarovski,SI,163,0SK1039D,1,NO,update
9594,8056262850732,Swarovski,SI,163,0SK1039D,1,NO,update
9595,8056262942635,Swarovski,SI,163,0SK1040,0,NO,create
9596,8056262942642,Swarovski,SI,163,0SK1040,0,NO,create
9597,8056262942659,Swarovski,SI,163,0SK1040,0,NO,create
9598,8056262942666,Swarovski,SI,163,0SK1040,0,NO,create
9599,8056262942673,Swarovski,SI,163,0SK1040,0,NO,create
9600,8056262942680,Swarovski,SI,163,0SK1040,0,NO,create
9601,8056262940426,Swarovski,SI,163,0SK1041,0,NO,create
9602,8056262940433,Swarovski,SI,163,0SK1041,0,NO,create
9603,8056262940440,Swarovski,SI,163,0SK1041,0,NO,create
9604,8056262940457,Swarovski,SI,163,0SK1041,0,NO,create
9605,8056262940464,Swarovski,SI,163,0SK1041,0,NO,create
9606,8056262940471,Swarovski,SI,163,0SK1041,0,NO,create
9607,8056262943069,Swarovski,SI,163,0SK1042D,0,NO,create
9608,8056262943083,Swarovski,SI,163,0SK1042D,0,NO,create
9609,8056262943076,Swarovski,SI,163,0SK1042D,0,NO,create
9610,8056262943816,Swarovski,SI,163,0SK1043,0,NO,create
9611,8056262943823,Swarovski,SI,163,0SK1043,0,NO,create
9612,8056262943854,Swarovski,SI,163,0SK1043,0,NO,create
9613,8056262943861,Swarovski,SI,163,0SK1043,0,NO,create
9614,8056262943830,Swarovski,SI,163,0SK1043,0,NO,create
9615,8056262943847,Swarovski,SI,163,0SK1043,0,NO,create
9616,8056262933572,Swarovski,SI,163,0SK1044,0,NO,create
9617,8056262933589,Swarovski,SI,163,0SK1044,0,NO,create
9618,8056262933596,Swarovski,SI,163,0SK1044,0,NO,create
9619,8056262933602,Swarovski,SI,163,0SK1044,0,NO,create
9620,8056262933619,Swarovski,SI,163,0SK1044,0,NO,create
9621,8056262933626,Swarovski,SI,163,0SK1044,0,NO,create
9622,8056597943031,Swarovski,SI,163,0SK2001,0,NO,create
9623,8056597943048,Swarovski,SI,163,0SK2001,0,NO,create
9624,8056597943093,Swarovski,SI,163,0SK2001,0,NO,create
9625,8056597943116,Swarovski,SI,163,0SK2001,0,NO,create
9626,8056597943123,Swarovski,SI,163,0SK2001,0,NO,create
9627,8056597943895,Swarovski,SI,163,0SK2002,0,NO,create
9628,8056597943901,Swarovski,SI,163,0SK2002,0,NO,create
9629,8056597943918,Swarovski,SI,163,0SK2002,0,NO,create
9630,8056597943925,Swarovski,SI,163,0SK2002,0,NO,create
9631,8056597943932,Swarovski,SI,163,0SK2002,0,NO,create
9632,8056597943949,Swarovski,SI,163,0SK2002,0,NO,create
9633,8056597943956,Swarovski,SI,163,0SK2002,0,NO,create
9634,8056597943963,Swarovski,SI,163,0SK2002,0,NO,create
9635,8056597943970,Swarovski,SI,163,0SK2002,0,NO,create
9636,8056597943987,Swarovski,SI,163,0SK2002,0,NO,create
9637,8056262856659,Swarovski,SI,163,0SK2002,0,NO,create
9638,8056262856666,Swarovski,SI,163,0SK2002,0,NO,create
9639,8056262856673,Swarovski,SI,163,0SK2002,0,NO,create
9640,8056262856680,Swarovski,SI,163,0SK2002,0,NO,create
9641,8056262085707,Swarovski,SI,163,0SK2002,0,NO,create
9642,8056262085714,Swarovski,SI,163,0SK2002,0,NO,create
9643,8056597959957,Swarovski,SI,163,0SK2003,0,NO,create
9644,8056597959964,Swarovski,SI,163,0SK2003,0,NO,create
9645,8056597959988,Swarovski,SI,163,0SK2003,0,NO,create
9646,8056597960021,Swarovski,SI,163,0SK2003,0,NO,create
9647,8056597960045,Swarovski,SI,163,0SK2003,0,NO,create
9648,8056597955959,Swarovski,SI,163,0SK2004,0,NO,create
9649,8056597955966,Swarovski,SI,163,0SK2004,0,NO,create
9650,8056597955973,Swarovski,SI,163,0SK2004,0,NO,create
9651,8056597955980,Swarovski,SI,163,0SK2004,0,NO,create
9652,8056597955997,Swarovski,SI,163,0SK2004,0,NO,create
9653,8056597956024,Swarovski,SI,163,0SK2004,0,NO,create
9654,8056597956031,Swarovski,SI,163,0SK2004,0,NO,create
9655,8056597955850,Swarovski,SI,163,0SK2005,0,NO,create
9656,8056597955867,Swarovski,SI,163,0SK2005,0,NO,create
9657,8056597955874,Swarovski,SI,163,0SK2005,0,NO,create
9658,8056597955881,Swarovski,SI,163,0SK2005,0,NO,create
9659,8056597955898,Swarovski,SI,163,0SK2005,0,NO,create
9660,8056597955904,Swarovski,SI,163,0SK2005,0,NO,create
9661,8056597955928,Swarovski,SI,163,0SK2005,0,NO,create
9662,8056597955942,Swarovski,SI,163,0SK2005,1,NO,update
9663,8056597956055,Swarovski,SI,163,0SK2006,0,NO,create
9664,8056597956062,Swarovski,SI,163,0SK2006,0,NO,create
9665,8056597956079,Swarovski,SI,163,0SK2006,0,NO,create
9666,8056597956086,Swarovski,SI,163,0SK2006,0,NO,create
9667,8056597959735,Swarovski,SI,163,0SK2007,1,NO,update
9668,8056597959742,Swarovski,SI,163,0SK2007,0,NO,create
9669,8056597959759,Swarovski,SI,163,0SK2007,0,NO,create
9670,8056597959766,Swarovski,SI,163,0SK2007,0,NO,create
9671,8056597959780,Swarovski,SI,163,0SK2007,0,NO,create
9672,8056597959797,Swarovski,SI,163,0SK2007,0,NO,create
9673,8056597959810,Swarovski,SI,163,0SK2007,1,NO,update
9674,8056597958998,Swarovski,SI,163,0SK2008,0,NO,create
9675,8056597959001,Swarovski,SI,163,0SK2008,0,NO,create
9676,8056597959018,Swarovski,SI,163,0SK2008,0,NO,create
9677,8056597959049,Swarovski,SI,163,0SK2008,0,NO,create
9678,8056597959056,Swarovski,SI,163,0SK2008,0,NO,create
9679,8056597959063,Swarovski,SI,163,0SK2008,0,NO,create
9680,8056597959070,Swarovski,SI,163,0SK2008,0,NO,create
9681,8056262242025,Swarovski,SI,163,0SK2008,0,NO,create
9682,8056597945097,Swarovski,SI,163,0SK2009,0,NO,create
9683,8056597945103,Swarovski,SI,163,0SK2009,0,NO,create
9684,8056597945110,Swarovski,SI,163,0SK2009,0,NO,create
9685,8056597945127,Swarovski,SI,163,0SK2009,0,NO,create
9686,8056262662144,Swarovski,SI,163,0SK2009,0,NO,create
9687,8056262662151,Swarovski,SI,163,0SK2009,0,NO,create
9688,8056597945134,Swarovski,SI,163,0SK2009,0,NO,create
9689,8056597945141,Swarovski,SI,163,0SK2009,0,NO,create
9690,8056597945165,Swarovski,SI,163,0SK2009,0,NO,create
9691,8056597945189,Swarovski,SI,163,0SK2009,0,NO,create
9692,8056262662168,Swarovski,SI,163,0SK2009,0,NO,create
9693,8056262662175,Swarovski,SI,163,0SK2009,0,NO,create
9694,8056597958318,Swarovski,SI,163,0SK2010,0,NO,create
9695,8056597958325,Swarovski,SI,163,0SK2010,1,NO,update
9696,8056597958332,Swarovski,SI,163,0SK2010,1,NO,update
9697,8056597958349,Swarovski,SI,163,0SK2010,0,NO,create
9698,8056597958363,Swarovski,SI,163,0SK2010,0,NO,create
9699,8056597958370,Swarovski,SI,163,0SK2010,0,NO,create
9700,8056597958394,Swarovski,SI,163,0SK2010,0,NO,create
9701,8056597958400,Swarovski,SI,163,0SK2010,0,NO,create
9702,8056262085189,Swarovski,SI,163,0SK2010,0,NO,create
9703,8056597959100,Swarovski,SI,163,0SK2011,0,NO,create
9704,8056597959117,Swarovski,SI,163,0SK2011,0,NO,create
9705,8056597959124,Swarovski,SI,163,0SK2011,0,NO,create
9706,8056597959131,Swarovski,SI,163,0SK2011,0,NO,create
9707,8056597959087,Swarovski,SI,163,0SK2011,0,NO,create
9708,8056597959094,Swarovski,SI,163,0SK2011,0,NO,create
9709,8056597959162,Swarovski,SI,163,0SK2011,0,NO,create
9710,8056597959179,Swarovski,SI,163,0SK2011,0,NO,create
9711,8056597959148,Swarovski,SI,163,0SK2011,0,NO,create
9712,8056597959155,Swarovski,SI,163,0SK2011,0,NO,create
9713,8056597959841,Swarovski,SI,163,0SK2012,0,NO,create
9714,8056597959858,Swarovski,SI,163,0SK2012,0,NO,create
9715,8056597959865,Swarovski,SI,163,0SK2012,0,NO,create
9716,8056597959889,Swarovski,SI,163,0SK2012,0,NO,create
9717,8056597959896,Swarovski,SI,163,0SK2012,0,NO,create
9718,8056597959926,Swarovski,SI,163,0SK2012,0,NO,create
9719,8056597959216,Swarovski,SI,163,0SK2013,0,NO,create
9720,8056597959223,Swarovski,SI,163,0SK2013,0,NO,create
9721,8056597959230,Swarovski,SI,163,0SK2013,0,NO,create
9722,8056597959292,Swarovski,SI,163,0SK2013,0,NO,create
9723,8056597959278,Swarovski,SI,163,0SK2013,0,NO,create
9724,8056597960281,Swarovski,SI,163,0SK2014,0,NO,create
9725,8056597960298,Swarovski,SI,163,0SK2014,0,NO,create
9726,8056597960311,Swarovski,SI,163,0SK2014,0,NO,create
9727,8056597960342,Swarovski,SI,163,0SK2014,0,NO,create
9728,8056597960359,Swarovski,SI,163,0SK2014,0,NO,create
9729,8056597960373,Swarovski,SI,163,0SK2014,0,NO,create
9730,8056597967730,Swarovski,SI,163,0SK2015,0,NO,create
9731,8056597967747,Swarovski,SI,163,0SK2015,1,NO,update
9732,8056597967778,Swarovski,SI,163,0SK2015,0,NO,create
9733,8056597967792,Swarovski,SI,163,0SK2015,1,NO,update
9734,8056597967815,Swarovski,SI,163,0SK2015,0,NO,create
9735,8056597967822,Swarovski,SI,163,0SK2015,0,NO,create
9736,8056597967839,Swarovski,SI,163,0SK2015,1,NO,update
9737,8056262856765,Swarovski,SI,163,0SK2015,0,NO,create
9738,8056262856772,Swarovski,SI,163,0SK2015,0,NO,create
9739,8056262074602,Swarovski,SI,163,0SK2017,0,NO,create
9740,8056262074640,Swarovski,SI,163,0SK2017,0,NO,create
9741,8056262074671,Swarovski,SI,163,0SK2017,0,NO,create
9742,8056262074688,Swarovski,SI,163,0SK2017,0,NO,create
9743,8056262074701,Swarovski,SI,163,0SK2017,0,NO,create
9744,8056262073438,Swarovski,SI,163,0SK2018,0,NO,create
9745,8056262073445,Swarovski,SI,163,0SK2018,0,NO,create
9746,8056262073476,Swarovski,SI,163,0SK2018,0,NO,create
9747,8056262073506,Swarovski,SI,163,0SK2018,0,NO,create
9748,8056262078013,Swarovski,SI,163,0SK2019,0,NO,create
9749,8056262078051,Swarovski,SI,163,0SK2019,0,NO,create
9750,8056262078129,Swarovski,SI,163,0SK2019,0,NO,create
9751,8056262156759,Swarovski,SI,163,0SK2020,0,NO,create
9752,8056262156766,Swarovski,SI,163,0SK2020,0,NO,create
9753,8056262078068,Swarovski,SI,163,0SK2020,0,NO,create
9754,8056262078075,Swarovski,SI,163,0SK2020,0,NO,create
9755,8056262240861,Swarovski,SI,163,0SK2020,0,NO,create
9756,8056262240878,Swarovski,SI,163,0SK2020,0,NO,create
9757,8056262240885,Swarovski,SI,163,0SK2020,0,NO,create
9758,8056262240892,Swarovski,SI,163,0SK2020,0,NO,create
9759,8056262078143,Swarovski,SI,163,0SK2020,0,NO,create
9760,8056262078150,Swarovski,SI,163,0SK2020,0,NO,create
9761,8056262078181,Swarovski,SI,163,0SK2020,0,NO,create
9762,8056262078198,Swarovski,SI,163,0SK2020,0,NO,create
9763,8056262077665,Swarovski,SI,163,0SK2021,0,NO,create
9764,8056262077672,Swarovski,SI,163,0SK2021,0,NO,create
9765,8056262077689,Swarovski,SI,163,0SK2021,0,NO,create
9766,8056262077696,Swarovski,SI,163,0SK2021,0,NO,create
9767,8056262077702,Swarovski,SI,163,0SK2021,0,NO,create
9768,8056262077733,Swarovski,SI,163,0SK2021,0,NO,create
9769,8056262241196,Swarovski,SI,163,0SK2021,0,NO,create
9770,8056262241202,Swarovski,SI,163,0SK2021,0,NO,create
9771,8056262241226,Swarovski,SI,163,0SK2021,0,NO,create
9772,8056262072486,Swarovski,SI,163,0SK2022,0,NO,create
9773,8056262072509,Swarovski,SI,163,0SK2022,0,NO,create
9774,8056262072530,Swarovski,SI,163,0SK2022,0,NO,create
9775,8056262072899,Swarovski,SI,163,0SK2023,0,NO,create
9776,8056262072912,Swarovski,SI,163,0SK2023,0,NO,create
9777,8056262072936,Swarovski,SI,163,0SK2023,0,NO,create
9778,8056262073148,Swarovski,SI,163,0SK2024,0,NO,create
9779,8056262073162,Swarovski,SI,163,0SK2024,0,NO,create
9780,8056262073186,Swarovski,SI,163,0SK2024,0,NO,create
9781,8056262073216,Swarovski,SI,163,0SK2024,0,NO,create
9782,8056262072981,Swarovski,SI,163,0SK2025,0,NO,create
9783,8056262072998,Swarovski,SI,163,0SK2025,0,NO,create
9784,8056262073025,Swarovski,SI,163,0SK2025,0,NO,create
9785,8056262073049,Swarovski,SI,163,0SK2025,0,NO,create
9786,8056262078341,Swarovski,SI,163,0SK2026D,0,NO,create
9787,8056262078365,Swarovski,SI,163,0SK2026D,0,NO,create
9788,8056262083826,Swarovski,SI,163,0SK2027D,0,NO,create
9789,8056262226452,Swarovski,SI,163,0SK2028,0,NO,create
9790,8056262226469,Swarovski,SI,163,0SK2028,0,NO,create
9791,8056262226513,Swarovski,SI,163,0SK2028,0,NO,create
9792,8056262226490,Swarovski,SI,163,0SK2028,0,NO,create
9793,8056262226506,Swarovski,SI,163,0SK2028,0,NO,create
9794,8056262226476,Swarovski,SI,163,0SK2028,0,NO,create
9795,8056262226483,Swarovski,SI,163,0SK2028,0,NO,create
9796,8056262222621,Swarovski,SI,163,0SK2029,0,NO,create
9797,8056262222638,Swarovski,SI,163,0SK2029,1,NO,update
9798,8056262222645,Swarovski,SI,163,0SK2029,0,NO,create
9799,8056262222652,Swarovski,SI,163,0SK2029,0,NO,create
9800,8056262222669,Swarovski,SI,163,0SK2029,0,NO,create
9801,8056262222676,Swarovski,SI,163,0SK2029,0,NO,create
9802,8056262222683,Swarovski,SI,163,0SK2029,0,NO,create
9803,8056262222690,Swarovski,SI,163,0SK2029,1,NO,update
9804,8056262230398,Swarovski,SI,163,0SK2030,0,NO,create
9805,8056262230404,Swarovski,SI,163,0SK2030,0,NO,create
9806,8056262230411,Swarovski,SI,163,0SK2030,0,NO,create
9807,8056262230428,Swarovski,SI,163,0SK2030,0,NO,create
9808,8056262230435,Swarovski,SI,163,0SK2030,0,NO,create
9809,8056262230442,Swarovski,SI,163,0SK2030,0,NO,create
9810,8056262230459,Swarovski,SI,163,0SK2030,0,NO,create
9811,8056262230466,Swarovski,SI,163,0SK2030,0,NO,create
9812,8056262230473,Swarovski,SI,163,0SK2030,0,NO,create
9813,8056262230497,Swarovski,SI,163,0SK2031,0,NO,create
9814,8056262230503,Swarovski,SI,163,0SK2031,0,NO,create
9815,8056262230510,Swarovski,SI,163,0SK2031,0,NO,create
9816,8056262230527,Swarovski,SI,163,0SK2031,0,NO,create
9817,8056262230534,Swarovski,SI,163,0SK2031,0,NO,create
9818,8056262230541,Swarovski,SI,163,0SK2031,0,NO,create
9819,8056262230558,Swarovski,SI,163,0SK2031,0,NO,create
9820,8056262230565,Swarovski,SI,163,0SK2031,0,NO,create
9821,8056262230572,Swarovski,SI,163,0SK2031,0,NO,create
9822,8056262230589,Swarovski,SI,163,0SK2031,0,NO,create
9823,8056262230596,Swarovski,SI,163,0SK2032,0,NO,create
9824,8056262230602,Swarovski,SI,163,0SK2032,0,NO,create
9825,8056262230619,Swarovski,SI,163,0SK2032,1,NO,update
9826,8056262230626,Swarovski,SI,163,0SK2032,1,NO,update
9827,8056262230633,Swarovski,SI,163,0SK2032,1,NO,update
9828,8056262230640,Swarovski,SI,163,0SK2032,1,NO,update
9829,8056262230664,Swarovski,SI,163,0SK2032,0,NO,create
9830,8056262230671,Swarovski,SI,163,0SK2032,0,NO,create
9831,8056262230688,Swarovski,SI,163,0SK2032,0,NO,create
9832,8056262222072,Swarovski,SI,163,0SK2033,0,NO,create
9833,8056262222089,Swarovski,SI,163,0SK2033,0,NO,create
9834,8056262222096,Swarovski,SI,163,0SK2033,0,NO,create
9835,8056262222126,Swarovski,SI,163,0SK2033,0,NO,create
9836,8056262222133,Swarovski,SI,163,0SK2033,0,NO,create
9837,8056262222119,Swarovski,SI,163,0SK2033,0,NO,create
9838,8056262475614,Swarovski,SI,163,0SK2033,0,NO,create
9839,8056262475621,Swarovski,SI,163,0SK2033,0,NO,create
9840,8056262475638,Swarovski,SI,163,0SK2033,0,NO,create
9841,8056262475645,Swarovski,SI,163,0SK2033,0,NO,create
9842,8056262222140,Swarovski,SI,163,0SK2033,0,NO,create
9843,8056262222157,Swarovski,SI,163,0SK2033,0,NO,create
9844,8056262222751,Swarovski,SI,163,0SK2034,0,NO,create
9845,8056262222768,Swarovski,SI,163,0SK2034,0,NO,create
9846,8056262222799,Swarovski,SI,163,0SK2034,0,NO,create
9847,8056262222805,Swarovski,SI,163,0SK2034,0,NO,create
9848,8056262222812,Swarovski,SI,163,0SK2034,0,NO,create
9849,8056262222829,Swarovski,SI,163,0SK2034,0,NO,create
9850,8056262222775,Swarovski,SI,163,0SK2034,0,NO,create
9851,8056262222782,Swarovski,SI,163,0SK2034,0,NO,create
9852,8056262222836,Swarovski,SI,163,0SK2034,0,NO,create
9853,8056262222843,Swarovski,SI,163,0SK2034,0,NO,create
9854,8056262223482,Swarovski,SI,163,0SK2035,0,NO,create
9855,8056262223499,Swarovski,SI,163,0SK2035,0,NO,create
9856,8056262223505,Swarovski,SI,163,0SK2035,0,NO,create
9857,8056262223529,Swarovski,SI,163,0SK2035,0,NO,create
9858,8056262223536,Swarovski,SI,163,0SK2035,0,NO,create
9859,8056262223567,Swarovski,SI,163,0SK2035,0,NO,create
9860,8056262223574,Swarovski,SI,163,0SK2035,0,NO,create
9861,8056262223543,Swarovski,SI,163,0SK2035,0,NO,create
9862,8056262223581,Swarovski,SI,163,0SK2036,0,NO,create
9863,8056262223598,Swarovski,SI,163,0SK2036,0,NO,create
9864,8056262223604,Swarovski,SI,163,0SK2036,0,NO,create
9865,8056262223611,Swarovski,SI,163,0SK2036,0,NO,create
9866,8056262223642,Swarovski,SI,163,0SK2036,0,NO,create
9867,8056262223659,Swarovski,SI,163,0SK2036,0,NO,create
9868,8056262223628,Swarovski,SI,163,0SK2036,0,NO,create
9869,8056262223635,Swarovski,SI,163,0SK2036,0,NO,create
9870,8056262223666,Swarovski,SI,163,0SK2036,0,NO,create
9871,8056262223673,Swarovski,SI,163,0SK2036,0,NO,create
9872,8056262226964,Swarovski,SI,163,0SK2037,0,NO,create
9873,8056262226971,Swarovski,SI,163,0SK2037,0,NO,create
9874,8056262226988,Swarovski,SI,163,0SK2037,0,NO,create
9875,8056262226995,Swarovski,SI,163,0SK2037,0,NO,create
9876,8056262227015,Swarovski,SI,163,0SK2037,0,NO,create
9877,8056262227022,Swarovski,SI,163,0SK2037,0,NO,create
9878,8056262227039,Swarovski,SI,163,0SK2037,0,NO,create
9879,8056262227046,Swarovski,SI,163,0SK2037,0,NO,create
9880,8056262227053,Swarovski,SI,163,0SK2037,0,NO,create
9881,8056262227060,Swarovski,SI,163,0SK2037,0,NO,create
9882,8056262226216,Swarovski,SI,163,0SK2038,0,NO,create
9883,8056262226223,Swarovski,SI,163,0SK2038,0,NO,create
9884,8056262226230,Swarovski,SI,163,0SK2038,0,NO,create
9885,8056262226247,Swarovski,SI,163,0SK2038,0,NO,create
9886,8056262226254,Swarovski,SI,163,0SK2038,0,NO,create
9887,8056262226261,Swarovski,SI,163,0SK2038,0,NO,create
9888,8056262226292,Swarovski,SI,163,0SK2038,0,NO,create
9889,8056262226308,Swarovski,SI,163,0SK2038,0,NO,create
9890,8056262475805,Swarovski,SI,163,0SK2038,0,NO,create
9891,8056262475812,Swarovski,SI,163,0SK2038,0,NO,create
9892,8056262226346,Swarovski,SI,163,0SK2038,0,NO,create
9893,8056262226353,Swarovski,SI,163,0SK2038,0,NO,create
9894,8056262475751,Swarovski,SI,163,0SK2038,0,NO,create
9895,8056262475768,Swarovski,SI,163,0SK2038,0,NO,create
9896,8056262226841,Swarovski,SI,163,0SK2039,0,NO,create
9897,8056262226858,Swarovski,SI,163,0SK2039,0,NO,create
9898,8056262226865,Swarovski,SI,163,0SK2039,0,NO,create
9899,8056262226872,Swarovski,SI,163,0SK2039,0,NO,create
9900,8056262226896,Swarovski,SI,163,0SK2039,0,NO,create
9901,8056262226902,Swarovski,SI,163,0SK2039,0,NO,create
9902,8056262226919,Swarovski,SI,163,0SK2039,0,NO,create
9903,8056262226926,Swarovski,SI,163,0SK2039,0,NO,create
9904,8056262226933,Swarovski,SI,163,0SK2039,0,NO,create
9905,8056262243978,Swarovski,SI,163,0SK2040D,0,NO,create
9906,8056262243985,Swarovski,SI,163,0SK2040D,0,NO,create
9907,8056262244005,Swarovski,SI,163,0SK2040D,0,NO,create
9908,8056262243992,Swarovski,SI,163,0SK2040D,0,NO,create
9909,8056262241233,Swarovski,SI,163,0SK2041D,0,NO,create
9910,8056262241240,Swarovski,SI,163,0SK2041D,0,NO,create
9911,8056262247358,Swarovski,SI,163,0SK2041D,0,NO,create
9912,8056262462768,Swarovski,SI,163,0SK2042U,0,NO,create
9913,8056262462775,Swarovski,SI,163,0SK2042U,0,NO,create
9914,8056262462782,Swarovski,SI,163,0SK2042U,0,NO,create
9915,8056262462799,Swarovski,SI,163,0SK2042U,0,NO,create
9916,8056262462829,Swarovski,SI,163,0SK2042U,0,NO,create
9917,8056262462836,Swarovski,SI,163,0SK2042U,0,NO,create
9918,8056262462843,Swarovski,SI,163,0SK2042U,0,NO,create
9919,8056262462850,Swarovski,SI,163,0SK2042U,0,NO,create
9920,8056262462805,Swarovski,SI,163,0SK2042U,0,NO,create
9921,8056262462812,Swarovski,SI,163,0SK2042U,0,NO,create
9922,8056262457696,Swarovski,SI,163,0SK2043,0,NO,create
9923,8056262457726,Swarovski,SI,163,0SK2043,0,NO,create
9924,8056262457733,Swarovski,SI,163,0SK2043,0,NO,create
9925,8056262457740,Swarovski,SI,163,0SK2043,0,NO,create
9926,8056262457757,Swarovski,SI,163,0SK2043,0,NO,create
9927,8056262457702,Swarovski,SI,163,0SK2043,0,NO,create
9928,8056262457719,Swarovski,SI,163,0SK2043,0,NO,create
9929,8056262457764,Swarovski,SI,163,0SK2043,0,NO,create
9930,8056262457771,Swarovski,SI,163,0SK2043,0,NO,create
9931,8056262940570,Swarovski,SI,163,0SK2043,0,NO,create
9932,8056262940587,Swarovski,SI,163,0SK2043,0,NO,create
9933,8056262453346,Swarovski,SI,163,0SK2044,0,NO,create
9934,8056262453353,Swarovski,SI,163,0SK2044,0,NO,create
9935,8056262453377,Swarovski,SI,163,0SK2044,0,NO,create
9936,8056262453384,Swarovski,SI,163,0SK2044,0,NO,create
9937,8056262453391,Swarovski,SI,163,0SK2044,0,NO,create
9938,8056262634141,Swarovski,SI,163,0SK2044,0,NO,create
9939,8056262634158,Swarovski,SI,163,0SK2044,0,NO,create
9940,8056262453407,Swarovski,SI,163,0SK2044,0,NO,create
9941,8056262453414,Swarovski,SI,163,0SK2044,0,NO,create
9942,8056262453421,Swarovski,SI,163,0SK2044,0,NO,create
9943,8056262453438,Swarovski,SI,163,0SK2044,0,NO,create
9944,8056262451519,Swarovski,SI,163,0SK2045,0,NO,create
9945,8056262451526,Swarovski,SI,163,0SK2045,0,NO,create
9946,8056262451533,Swarovski,SI,163,0SK2045,0,NO,create
9947,8056262451540,Swarovski,SI,163,0SK2045,0,NO,create
9948,8056262451557,Swarovski,SI,163,0SK2045,0,NO,create
9949,8056262451564,Swarovski,SI,163,0SK2045,0,NO,create
9950,8056262451571,Swarovski,SI,163,0SK2045,0,NO,create
9951,8056262451588,Swarovski,SI,163,0SK2045,0,NO,create
9952,8056262451595,Swarovski,SI,163,0SK2045,0,NO,create
9953,8056262451601,Swarovski,SI,163,0SK2045,0,NO,create
9954,8056262452288,Swarovski,SI,163,0SK2046,0,NO,create
9955,8056262452301,Swarovski,SI,163,0SK2046,0,NO,create
9956,8056262452332,Swarovski,SI,163,0SK2046,0,NO,create
9957,8056262452349,Swarovski,SI,163,0SK2046,0,NO,create
9958,8056262452363,Swarovski,SI,163,0SK2046,0,NO,create
9959,8056262452387,Swarovski,SI,163,0SK2046,0,NO,create
9960,8056262452400,Swarovski,SI,163,0SK2046,0,NO,create
9961,8056262452424,Swarovski,SI,163,0SK2046,0,NO,create
9962,8056262452455,Swarovski,SI,163,0SK2046,0,NO,create
9963,8056262452462,Swarovski,SI,163,0SK2046,0,NO,create
9964,8056262463697,Swarovski,SI,163,0SK2047,1,NO,update
9965,8056262463703,Swarovski,SI,163,0SK2047,1,NO,update
9966,8056262463772,Swarovski,SI,163,0SK2047,0,NO,create
9967,8056262463734,Swarovski,SI,163,0SK2047,0,NO,create
9968,8056262463741,Swarovski,SI,163,0SK2047,0,NO,create
9969,8056262463758,Swarovski,SI,163,0SK2047,1,NO,update
9970,8056262466506,Swarovski,SI,163,0SK2048,0,NO,create
9971,8056262466513,Swarovski,SI,163,0SK2048,0,NO,create
9972,8056262466582,Swarovski,SI,163,0SK2048,0,NO,create
9973,8056262466599,Swarovski,SI,163,0SK2048,0,NO,create
9974,8056262466544,Swarovski,SI,163,0SK2048,0,NO,create
9975,8056262466551,Swarovski,SI,163,0SK2048,0,NO,create
9976,8056262466568,Swarovski,SI,163,0SK2048,0,NO,create
9977,8056262466575,Swarovski,SI,163,0SK2048,0,NO,create
9978,8056262475072,Swarovski,SI,163,0SK2049D,0,NO,create
9979,8056262475096,Swarovski,SI,163,0SK2049D,0,NO,create
9980,8056262475102,Swarovski,SI,163,0SK2049D,0,NO,create
9981,8056262475089,Swarovski,SI,163,0SK2049D,0,NO,create
9982,8056262551219,Swarovski,SI,163,0SK2050U,0,NO,create
9983,8056262551226,Swarovski,SI,163,0SK2050U,0,NO,create
9984,8056262551257,Swarovski,SI,163,0SK2050U,0,NO,create
9985,8056262551264,Swarovski,SI,163,0SK2050U,0,NO,create
9986,8056262551233,Swarovski,SI,163,0SK2050U,0,NO,create
9987,8056262551240,Swarovski,SI,163,0SK2050U,0,NO,create
9988,8056262551295,Swarovski,SI,163,0SK2050U,0,NO,create
9989,8056262551301,Swarovski,SI,163,0SK2050U,0,NO,create
9990,8056262564806,Swarovski,SI,163,0SK2050U,0,NO,create
9991,8056262564813,Swarovski,SI,163,0SK2050U,0,NO,create
9992,8056262553893,Swarovski,SI,163,0SK2051,0,NO,create
9993,8056262553909,Swarovski,SI,163,0SK2051,0,NO,create
9994,8056262553916,Swarovski,SI,163,0SK2051,0,NO,create
9995,8056262553923,Swarovski,SI,163,0SK2051,0,NO,create
9996,8056262553978,Swarovski,SI,163,0SK2051,0,NO,create
9997,8056262553985,Swarovski,SI,163,0SK2051,0,NO,create
9998,8056262553930,Swarovski,SI,163,0SK2051,0,NO,create
9999,8056262553947,Swarovski,SI,163,0SK2051,0,NO,create
10000,8056262553954,Swarovski,SI,163,0SK2051,0,NO,create
10001,8056262553961,Swarovski,SI,163,0SK2051,0,NO,create
10002,8056262552919,Swarovski,SI,163,0SK2052,0,NO,create
10003,8056262552926,Swarovski,SI,163,0SK2052,0,NO,create
10004,8056262552971,Swarovski,SI,163,0SK2052,0,NO,create
10005,8056262552988,Swarovski,SI,163,0SK2052,0,NO,create
10006,8056262552995,Swarovski,SI,163,0SK2052,0,NO,create
10007,8056262553008,Swarovski,SI,163,0SK2052,0,NO,create
10008,8056262553039,Swarovski,SI,163,0SK2052,0,NO,create
10009,8056262553046,Swarovski,SI,163,0SK2052,0,NO,create
10010,8056262553015,Swarovski,SI,163,0SK2052,0,NO,create
10011,8056262553022,Swarovski,SI,163,0SK2052,0,NO,create
10012,8056262551912,Swarovski,SI,163,0SK2053,0,NO,create
10013,8056262551929,Swarovski,SI,163,0SK2053,0,NO,create
10014,8056262551936,Swarovski,SI,163,0SK2053,0,NO,create
10015,8056262551943,Swarovski,SI,163,0SK2053,0,NO,create
10016,8056262551950,Swarovski,SI,163,0SK2053,0,NO,create
10017,8056262551967,Swarovski,SI,163,0SK2053,0,NO,create
10018,8056262551998,Swarovski,SI,163,0SK2053,0,NO,create
10019,8056262552001,Swarovski,SI,163,0SK2053,0,NO,create
10020,8056262551974,Swarovski,SI,163,0SK2053,0,NO,create
10021,8056262551981,Swarovski,SI,163,0SK2053,0,NO,create
10022,8056262552384,Swarovski,SI,163,0SK2054,0,NO,create
10023,8056262552391,Swarovski,SI,163,0SK2054,0,NO,create
10024,8056262552407,Swarovski,SI,163,0SK2054,0,NO,create
10025,8056262552414,Swarovski,SI,163,0SK2054,0,NO,create
10026,8056262552445,Swarovski,SI,163,0SK2054,0,NO,create
10027,8056262552452,Swarovski,SI,163,0SK2054,0,NO,create
10028,8056262552469,Swarovski,SI,163,0SK2054,0,NO,create
10029,8056262552476,Swarovski,SI,163,0SK2054,0,NO,create
10030,8056262552421,Swarovski,SI,163,0SK2054,0,NO,create
10031,8056262552438,Swarovski,SI,163,0SK2054,0,NO,create
10032,8056262552520,Swarovski,SI,163,0SK2055,0,NO,create
10033,8056262552537,Swarovski,SI,163,0SK2055,0,NO,create
10034,8056262552544,Swarovski,SI,163,0SK2055,0,NO,create
10035,8056262552551,Swarovski,SI,163,0SK2055,0,NO,create
10036,8056262552605,Swarovski,SI,163,0SK2055,0,NO,create
10037,8056262552612,Swarovski,SI,163,0SK2055,0,NO,create
10038,8056262552582,Swarovski,SI,163,0SK2055,0,NO,create
10039,8056262552599,Swarovski,SI,163,0SK2055,0,NO,create
10040,8056262552568,Swarovski,SI,163,0SK2055,0,NO,create
10041,8056262552575,Swarovski,SI,163,0SK2055,0,NO,create
10042,8056262555194,Swarovski,SI,163,0SK2056U,0,NO,create
10043,8056262555200,Swarovski,SI,163,0SK2056U,0,NO,create
10044,8056262555231,Swarovski,SI,163,0SK2056U,0,NO,create
10045,8056262555217,Swarovski,SI,163,0SK2056U,0,NO,create
10046,8056262555224,Swarovski,SI,163,0SK2056U,0,NO,create
10047,8056262555439,Swarovski,SI,163,0SK2057,0,NO,create
10048,8056262555446,Swarovski,SI,163,0SK2057,0,NO,create
10049,8056262555477,Swarovski,SI,163,0SK2057,0,NO,create
10050,8056262555453,Swarovski,SI,163,0SK2057,0,NO,create
10051,8056262555460,Swarovski,SI,163,0SK2057,0,NO,create
10052,8056262564882,Swarovski,SI,163,0SK2058D,0,NO,create
10053,8056262564899,Swarovski,SI,163,0SK2058D,0,NO,create
10054,8056262564912,Swarovski,SI,163,0SK2058D,0,NO,create
10055,8056262564905,Swarovski,SI,163,0SK2058D,0,NO,create
10056,8056262843765,Swarovski,SI,163,0SK2059,0,NO,create
10057,8056262843772,Swarovski,SI,163,0SK2059,0,NO,create
10058,8056262843802,Swarovski,SI,163,0SK2059,0,NO,create
10059,8056262843819,Swarovski,SI,163,0SK2059,0,NO,create
10060,8056262843789,Swarovski,SI,163,0SK2059,0,NO,create
10061,8056262843796,Swarovski,SI,163,0SK2059,0,NO,create
10062,8056262843826,Swarovski,SI,163,0SK2059,0,NO,create
10063,8056262843833,Swarovski,SI,163,0SK2059,0,NO,create
10064,8056262844656,Swarovski,SI,163,0SK2060,0,NO,create
10065,8056262844663,Swarovski,SI,163,0SK2060,0,NO,create
10066,8056262844670,Swarovski,SI,163,0SK2060,0,NO,create
10067,8056262844687,Swarovski,SI,163,0SK2060,0,NO,create
10068,8056262844694,Swarovski,SI,163,0SK2060,0,NO,create
10069,8056262844700,Swarovski,SI,163,0SK2060,0,NO,create
10070,8056262844731,Swarovski,SI,163,0SK2060,0,NO,create
10071,8056262844748,Swarovski,SI,163,0SK2060,0,NO,create
10072,8056262844717,Swarovski,SI,163,0SK2060,0,NO,create
10073,8056262844724,Swarovski,SI,163,0SK2060,0,NO,create
10074,8056262838495,Swarovski,SI,163,0SK2061,0,NO,create
10075,8056262838501,Swarovski,SI,163,0SK2061,0,NO,create
10076,8056262838556,Swarovski,SI,163,0SK2061,0,NO,create
10077,8056262838563,Swarovski,SI,163,0SK2061,0,NO,create
10078,8056262838570,Swarovski,SI,163,0SK2061,0,NO,create
10079,8056262838587,Swarovski,SI,163,0SK2061,0,NO,create
10080,8056262838532,Swarovski,SI,163,0SK2061,0,NO,create
10081,8056262838549,Swarovski,SI,163,0SK2061,0,NO,create
10082,8056262838518,Swarovski,SI,163,0SK2061,0,NO,create
10083,8056262838525,Swarovski,SI,163,0SK2061,0,NO,create
10084,8056262838310,Swarovski,SI,163,0SK2062U,0,NO,create
10085,8056262838327,Swarovski,SI,163,0SK2062U,0,NO,create
10086,8056262838334,Swarovski,SI,163,0SK2062U,0,NO,create
10087,8056262838341,Swarovski,SI,163,0SK2062U,0,NO,create
10088,8056262838358,Swarovski,SI,163,0SK2062U,0,NO,create
10089,8056262838365,Swarovski,SI,163,0SK2062U,0,NO,create
10090,8056262838396,Swarovski,SI,163,0SK2062U,0,NO,create
10091,8056262838402,Swarovski,SI,163,0SK2062U,0,NO,create
10092,8056262838372,Swarovski,SI,163,0SK2062U,0,NO,create
10093,8056262838389,Swarovski,SI,163,0SK2062U,0,NO,create
10094,8056262838594,Swarovski,SI,163,0SK2063,0,NO,create
10095,8056262838600,Swarovski,SI,163,0SK2063,0,NO,create
10096,8056262838617,Swarovski,SI,163,0SK2063,0,NO,create
10097,8056262838624,Swarovski,SI,163,0SK2063,0,NO,create
10098,8056262838679,Swarovski,SI,163,0SK2063,0,NO,create
10099,8056262838686,Swarovski,SI,163,0SK2063,0,NO,create
10100,8056262838655,Swarovski,SI,163,0SK2063,0,NO,create
10101,8056262838662,Swarovski,SI,163,0SK2063,0,NO,create
10102,8056262838631,Swarovski,SI,163,0SK2063,0,NO,create
10103,8056262838648,Swarovski,SI,163,0SK2063,0,NO,create
10104,8056262850756,Swarovski,SI,163,0SK2064,0,NO,create
10105,8056262850824,Swarovski,SI,163,0SK2064,0,NO,create
10106,8056262850787,Swarovski,SI,163,0SK2064,0,NO,create
10107,8056262850855,Swarovski,SI,163,0SK2064,0,NO,create
10108,8056262850749,Swarovski,SI,163,0SK2064,0,NO,create
10109,8056262850817,Swarovski,SI,163,0SK2064,0,NO,create
10110,8056262850770,Swarovski,SI,163,0SK2064,0,NO,create
10111,8056262850848,Swarovski,SI,163,0SK2064,0,NO,create
10112,8056262944028,Swarovski,SI,163,0SK2064,0,NO,create
10113,8056262944035,Swarovski,SI,163,0SK2064,0,NO,create
10114,8056262839041,Swarovski,SI,163,0SK2065,0,NO,create
10115,8056262839058,Swarovski,SI,163,0SK2065,0,NO,create
10116,8056262839027,Swarovski,SI,163,0SK2065,0,NO,create
10117,8056262839034,Swarovski,SI,163,0SK2065,0,NO,create
10118,8056262839102,Swarovski,SI,163,0SK2065,0,NO,create
10119,8056262839119,Swarovski,SI,163,0SK2065,0,NO,create
10120,8056262839089,Swarovski,SI,163,0SK2065,0,NO,create
10121,8056262839096,Swarovski,SI,163,0SK2065,0,NO,create
10122,8056262839065,Swarovski,SI,163,0SK2065,0,NO,create
10123,8056262839072,Swarovski,SI,163,0SK2065,0,NO,create
10124,8056262843178,Swarovski,SI,163,0SK2066U,0,NO,create
10125,8056262843185,Swarovski,SI,163,0SK2066U,0,NO,create
10126,8056262843192,Swarovski,SI,163,0SK2066U,0,NO,create
10127,8056262843208,Swarovski,SI,163,0SK2066U,0,NO,create
10128,8056262843215,Swarovski,SI,163,0SK2066U,1,NO,update
10129,8056262843222,Swarovski,SI,163,0SK2066U,1,NO,update
10130,8056262843246,Swarovski,SI,163,0SK2066U,0,NO,create
10131,8056262843239,Swarovski,SI,163,0SK2066U,0,NO,create
10132,8056262843260,Swarovski,SI,163,0SK2066U,0,NO,create
10133,8056262843277,Swarovski,SI,163,0SK2066U,0,NO,create
10134,8056262846025,Swarovski,SI,163,0SK2067D,0,NO,create
10135,8056262846032,Swarovski,SI,163,0SK2067D,0,NO,create
10136,8056262846049,Swarovski,SI,163,0SK2067D,0,NO,create
10137,8056262943700,Swarovski,SI,163,0SK2068U,0,NO,create
10138,8056262943717,Swarovski,SI,163,0SK2068U,0,NO,create
10139,8056262943779,Swarovski,SI,163,0SK2068U,0,NO,create
10140,8056262943786,Swarovski,SI,163,0SK2068U,0,NO,create
10141,8056262943724,Swarovski,SI,163,0SK2068U,0,NO,create
10142,8056262943731,Swarovski,SI,163,0SK2068U,0,NO,create
10143,8056262943748,Swarovski,SI,163,0SK2068U,0,NO,create
10144,8056262943755,Swarovski,SI,163,0SK2068U,0,NO,create
10145,8056262943557,Swarovski,SI,163,0SK2069,0,NO,create
10146,8056262943564,Swarovski,SI,163,0SK2069,0,NO,create
10147,8056262943595,Swarovski,SI,163,0SK2069,0,NO,create
10148,8056262943601,Swarovski,SI,163,0SK2069,0,NO,create
10149,8056262943571,Swarovski,SI,163,0SK2069,0,NO,create
10150,8056262943588,Swarovski,SI,163,0SK2069,0,NO,create
10151,8056262943632,Swarovski,SI,163,0SK2069,0,NO,create
10152,8056262943649,Swarovski,SI,163,0SK2069,0,NO,create
10153,8056262943618,Swarovski,SI,163,0SK2069,0,NO,create
10154,8056262943625,Swarovski,SI,163,0SK2069,0,NO,create
10155,8056262943168,Swarovski,SI,163,0SK2070,0,NO,create
10156,8056262943175,Swarovski,SI,163,0SK2070,0,NO,create
10157,8056262943182,Swarovski,SI,163,0SK2070,0,NO,create
10158,8056262943199,Swarovski,SI,163,0SK2070,0,NO,create
10159,8056262944899,Swarovski,SI,163,0SK2070,0,NO,create
10160,8056262944905,Swarovski,SI,163,0SK2070,0,NO,create
10161,8056262943243,Swarovski,SI,163,0SK2070,0,NO,create
10162,8056262943250,Swarovski,SI,163,0SK2070,0,NO,create
10163,8056262943229,Swarovski,SI,163,0SK2070,0,NO,create
10164,8056262943236,Swarovski,SI,163,0SK2070,0,NO,create
10165,8056262940174,Swarovski,SI,163,0SK2071U,0,NO,create
10166,8056262940181,Swarovski,SI,163,0SK2071U,0,NO,create
10167,8056262940228,Swarovski,SI,163,0SK2071U,0,NO,create
10168,8056262940235,Swarovski,SI,163,0SK2071U,0,NO,create
10169,8056262940259,Swarovski,SI,163,0SK2071U,0,NO,create
10170,8056262940266,Swarovski,SI,163,0SK2071U,0,NO,create
10171,8056262940273,Swarovski,SI,163,0SK2071U,0,NO,create
10172,8056262940280,Swarovski,SI,163,0SK2071U,0,NO,create
10173,8056262940204,Swarovski,SI,163,0SK2071U,0,NO,create
10174,8056262940211,Swarovski,SI,163,0SK2071U,0,NO,create
10175,8056262939048,Swarovski,SI,163,0SK2072U,0,NO,create
10176,8056262939055,Swarovski,SI,163,0SK2072U,0,NO,create
10177,8056262939024,Swarovski,SI,163,0SK2072U,0,NO,create
10178,8056262939031,Swarovski,SI,163,0SK2072U,0,NO,create
10179,8056262939062,Swarovski,SI,163,0SK2072U,0,NO,create
10180,8056262939079,Swarovski,SI,163,0SK2072U,0,NO,create
10181,8056262939086,Swarovski,SI,163,0SK2072U,0,NO,create
10182,8056262939093,Swarovski,SI,163,0SK2072U,0,NO,create
10183,8056262939451,Swarovski,SI,163,0SK2073,0,NO,create
10184,8056262939468,Swarovski,SI,163,0SK2073,0,NO,create
10185,8056262939475,Swarovski,SI,163,0SK2073,0,NO,create
10186,8056262939482,Swarovski,SI,163,0SK2073,0,NO,create
10187,8056262939536,Swarovski,SI,163,0SK2073,0,NO,create
10188,8056262939543,Swarovski,SI,163,0SK2073,0,NO,create
10189,8056262939499,Swarovski,SI,163,0SK2073,0,NO,create
10190,8056262939505,Swarovski,SI,163,0SK2073,0,NO,create
10191,8056262939512,Swarovski,SI,163,0SK2073,0,NO,create
10192,8056262939529,Swarovski,SI,163,0SK2073,0,NO,create
10193,8056262934258,Swarovski,SI,163,0SK2074,0,NO,create
10194,8056262934265,Swarovski,SI,163,0SK2074,0,NO,create
10195,8056262934272,Swarovski,SI,163,0SK2074,0,NO,create
10196,8056262934289,Swarovski,SI,163,0SK2074,0,NO,create
10197,8056262934319,Swarovski,SI,163,0SK2074,0,NO,create
10198,8056262934326,Swarovski,SI,163,0SK2074,0,NO,create
10199,8056262934333,Swarovski,SI,163,0SK2074,0,NO,create
10200,8056262934340,Swarovski,SI,163,0SK2074,0,NO,create
10201,8056262934296,Swarovski,SI,163,0SK2074,0,NO,create
10202,8056262934302,Swarovski,SI,163,0SK2074,0,NO,create
10203,8056262933947,Swarovski,SI,163,0SK2075,0,NO,create
10204,8056262933954,Swarovski,SI,163,0SK2075,0,NO,create
10205,8056262933961,Swarovski,SI,163,0SK2075,0,NO,create
10206,8056262933978,Swarovski,SI,163,0SK2075,0,NO,create
10207,8056262933985,Swarovski,SI,163,0SK2075,0,NO,create
10208,8056262933992,Swarovski,SI,163,0SK2075,0,NO,create
10209,8056262934005,Swarovski,SI,163,0SK2075,0,NO,create
10210,8056262934012,Swarovski,SI,163,0SK2075,0,NO,create
10211,8056262934029,Swarovski,SI,163,0SK2075,0,NO,create
10212,8056262934036,Swarovski,SI,163,0SK2075,0,NO,create
10213,8056262933800,Swarovski,SI,163,0SK2076U,0,NO,create
10214,8056262933817,Swarovski,SI,163,0SK2076U,0,NO,create
10215,8056262933824,Swarovski,SI,163,0SK2076U,0,NO,create
10216,8056262933831,Swarovski,SI,163,0SK2076U,0,NO,create
10217,8056262933862,Swarovski,SI,163,0SK2076U,0,NO,create
10218,8056262933879,Swarovski,SI,163,0SK2076U,0,NO,create
10219,8056262933848,Swarovski,SI,163,0SK2076U,0,NO,create
10220,8056262933855,Swarovski,SI,163,0SK2076U,0,NO,create
10221,8056262940655,Swarovski,SI,163,0SK2077D,0,NO,create
10222,8056262940662,Swarovski,SI,163,0SK2077D,0,NO,create
10223,8056262942925,Swarovski,SI,163,0SK2077D,0,NO,create
10224,8056262939352,Swarovski,SI,163,0SK2078,0,NO,create
10225,8056262939369,Swarovski,SI,163,0SK2078,0,NO,create
10226,8056262939376,Swarovski,SI,163,0SK2078,0,NO,create
10227,8056262939383,Swarovski,SI,163,0SK2078,0,NO,create
10228,8056262939413,Swarovski,SI,163,0SK2078,0,NO,create
10229,8056262939420,Swarovski,SI,163,0SK2078,0,NO,create
10230,8056262939390,Swarovski,SI,163,0SK2078,0,NO,create
10231,8056262939406,Swarovski,SI,163,0SK2078,0,NO,create
10232,8056262939437,Swarovski,SI,163,0SK2078,0,NO,create
10233,8056262939444,Swarovski,SI,163,0SK2078,0,NO,create
10234,8056597944199,Swarovski,SI,163,0SK6001,1,NO,update
10235,8056262085776,Swarovski,SI,163,0SK6001,0,NO,create
10236,8056597982245,Swarovski,SI,163,0SK6001,0,NO,create
10237,8056597944205,Swarovski,SI,163,0SK6001,0,NO,create
10238,8056597961738,Swarovski,SI,163,0SK6001,0,NO,create
10239,8056597961752,Swarovski,SI,163,0SK6001,0,NO,create
10240,8056262475744,Swarovski,SI,163,0SK6001,0,NO,create
10241,8056597961769,Swarovski,SI,163,0SK6001,0,NO,create
10242,8056597937184,Swarovski,SI,163,0SK6002,0,NO,create
10243,8056597937191,Swarovski,SI,163,0SK6002,1,NO,update
10244,8056597937207,Swarovski,SI,163,0SK6002,0,NO,create
10245,8056597937214,Swarovski,SI,163,0SK6002,0,NO,create
10246,8056597937221,Swarovski,SI,163,0SK6002,0,NO,create
10247,8056597937238,Swarovski,SI,163,0SK6002,0,NO,create
10248,8056262085752,Swarovski,SI,163,0SK6002,0,NO,create
10249,8056262085769,Swarovski,SI,163,0SK6002,1,NO,update
10250,8056262085745,Swarovski,SI,163,0SK6002,0,NO,create
10251,8056597959605,Swarovski,SI,163,0SK6003,0,NO,create
10252,8056597959612,Swarovski,SI,163,0SK6003,0,NO,create
10253,8056597959629,Swarovski,SI,163,0SK6003,0,NO,create
10254,8056597959551,Swarovski,SI,163,0SK6004,0,NO,create
10255,8056597982610,Swarovski,SI,163,0SK6004,0,NO,create
10256,8056597964630,Swarovski,SI,163,0SK6004,0,NO,create
10257,8056597959568,Swarovski,SI,163,0SK6004,0,NO,create
10258,8056597959575,Swarovski,SI,163,0SK6004,0,NO,create
10259,8056597959582,Swarovski,SI,163,0SK6004,0,NO,create
10260,8056597959599,Swarovski,SI,163,0SK6004,0,NO,create
10261,8056597960052,Swarovski,SI,163,0SK6005,0,NO,create
10262,8056597960069,Swarovski,SI,163,0SK6005,0,NO,create
10263,8056597960076,Swarovski,SI,163,0SK6005,0,NO,create
10264,8056597960083,Swarovski,SI,163,0SK6005,0,NO,create
10265,8056597960090,Swarovski,SI,163,0SK6005,0,NO,create
10266,8056262675168,Swarovski,SI,163,0SK6005,0,NO,create
10267,8056597951395,Swarovski,SI,163,0SK6006,1,NO,update
10268,8056597966672,Swarovski,SI,163,0SK6006,0,NO,create
10269,8056597966689,Swarovski,SI,163,0SK6006,0,NO,create
10270,8056597958790,Swarovski,SI,163,0SK6007,0,NO,create
10271,8056597958783,Swarovski,SI,163,0SK6007,0,NO,create
10272,8056597963732,Swarovski,SI,163,0SK6008,0,NO,create
10273,8056597963749,Swarovski,SI,163,0SK6008,0,NO,create
10274,8056597963763,Swarovski,SI,163,0SK6008,0,NO,create
10275,8056597963756,Swarovski,SI,163,0SK6008,0,NO,create
10276,8056597967143,Swarovski,SI,163,0SK6009,0,NO,create
10277,8056597960380,Swarovski,SI,163,0SK6010,0,NO,create
10278,8056597960397,Swarovski,SI,163,0SK6010,0,NO,create
10279,8056262087145,Swarovski,SI,163,0SK6010,0,NO,create
10280,8056597966696,Swarovski,SI,163,0SK6010,0,NO,create
10281,8056597960403,Swarovski,SI,163,0SK6010,0,NO,create
10282,8056597960427,Swarovski,SI,163,0SK6011,0,NO,create
10283,8056262082195,Swarovski,SI,163,0SK6011,1,NO,update
10284,8056597960434,Swarovski,SI,163,0SK6011,0,NO,create
10285,8056262082188,Swarovski,SI,163,0SK6011,0,NO,create
10286,8056597960441,Swarovski,SI,163,0SK6011,1,NO,update
10287,8056597960458,Swarovski,SI,163,0SK6011,0,NO,create
10288,8056597957984,Swarovski,SI,163,0SK6012,0,NO,create
10289,8056597957991,Swarovski,SI,163,0SK6012,0,NO,create
10290,8056597958004,Swarovski,SI,163,0SK6012,0,NO,create
10291,8056597958196,Swarovski,SI,163,0SK6013,0,NO,create
10292,8056597958202,Swarovski,SI,163,0SK6013,0,NO,create
10293,8056597958226,Swarovski,SI,163,0SK6013,0,NO,create
10294,8056597979757,Swarovski,SI,163,0SK6014,0,NO,create
10295,8056597979795,Swarovski,SI,163,0SK6014,0,NO,create
10296,8056597982825,Swarovski,SI,163,0SK6015D,0,NO,create
10297,8056597982832,Swarovski,SI,163,0SK6015D,0,NO,create
10298,8056262063545,Swarovski,SI,163,0SK6016,0,NO,create
10299,8056262063569,Swarovski,SI,163,0SK6016,0,NO,create
10300,8056262063576,Swarovski,SI,163,0SK6016,0,NO,create
10301,8056262063583,Swarovski,SI,163,0SK6016,0,NO,create
10302,8056262241684,Swarovski,SI,163,0SK6016,0,NO,create
10303,8056262241691,Swarovski,SI,163,0SK6016,0,NO,create
10304,8056262063590,Swarovski,SI,163,0SK6016,0,NO,create
10305,8056262063453,Swarovski,SI,163,0SK6017,1,NO,update
10306,8056262063460,Swarovski,SI,163,0SK6017,1,NO,update
10307,8056262063477,Swarovski,SI,163,0SK6017,1,NO,update
10308,8056262063491,Swarovski,SI,163,0SK6017,0,NO,create
10309,8056262475799,Swarovski,SI,163,0SK6017,0,NO,create
10310,8056262662403,Swarovski,SI,163,0SK6017,0,NO,create
10311,8056262662410,Swarovski,SI,163,0SK6017,0,NO,create
10312,8056262075203,Swarovski,SI,163,0SK6018,0,NO,create
10313,8056262249970,Swarovski,SI,163,0SK6018,0,NO,create
10314,8056262075210,Swarovski,SI,163,0SK6018,0,NO,create
10315,8056262075234,Swarovski,SI,163,0SK6018,0,NO,create
10316,8056262250006,Swarovski,SI,163,0SK6018,0,NO,create
10317,8056262076811,Swarovski,SI,163,0SK6019,0,NO,create
10318,8056262076828,Swarovski,SI,163,0SK6019,0,NO,create
10319,8056262076859,Swarovski,SI,163,0SK6019,0,NO,create
10320,8056262085837,Swarovski,SI,163,0SK6021,0,NO,create
10321,8056262079096,Swarovski,SI,163,0SK6021,0,NO,create
10322,8056262079102,Swarovski,SI,163,0SK6021,0,NO,create
10323,8056262079119,Swarovski,SI,163,0SK6021,0,NO,create
10324,8056262079133,Swarovski,SI,163,0SK6021,0,NO,create
10325,8056262081822,Swarovski,SI,163,0SK6022,0,NO,create
10326,8056262081846,Swarovski,SI,163,0SK6022,0,NO,create
10327,8056262081853,Swarovski,SI,163,0SK6022,0,NO,create
10328,8056262084618,Swarovski,SI,163,0SK6023D,0,NO,create
10329,8056262084649,Swarovski,SI,163,0SK6023D,0,NO,create
10330,8056262096550,Swarovski,SI,163,0SK6024,1,NO,update
10331,8056262096567,Swarovski,SI,163,0SK6024,0,NO,create
10332,8056262096574,Swarovski,SI,163,0SK6024,0,NO,create
10333,8056262224755,Swarovski,SI,163,0SK6025,0,NO,create
10334,8056262224762,Swarovski,SI,163,0SK6025,0,NO,create
10335,8056262224786,Swarovski,SI,163,0SK6025,0,NO,create
10336,8056262224793,Swarovski,SI,163,0SK6025,0,NO,create
10337,8056262224779,Swarovski,SI,163,0SK6025,0,NO,create
10338,8056262228401,Swarovski,SI,163,0SK6026,1,NO,update
10339,8056262228418,Swarovski,SI,163,0SK6026,1,NO,update
10340,8056262228425,Swarovski,SI,163,0SK6026,1,NO,update
10341,8056262228449,Swarovski,SI,163,0SK6026,0,NO,create
10342,8056262228456,Swarovski,SI,163,0SK6026,0,NO,create
10343,8056262221716,Swarovski,SI,163,0SK6027,1,NO,update
10344,8056262245156,Swarovski,SI,163,0SK6027,1,NO,update
10345,8056262221723,Swarovski,SI,163,0SK6027,0,NO,create
10346,8056262220474,Swarovski,SI,163,0SK6028,0,NO,create
10347,8056262237359,Swarovski,SI,163,0SK6028,0,NO,create
10348,8056262220498,Swarovski,SI,163,0SK6028,0,NO,create
10349,8056262220504,Swarovski,SI,163,0SK6028,0,NO,create
10350,8056262220511,Swarovski,SI,163,0SK6028,0,NO,create
10351,8056262222478,Swarovski,SI,163,0SK6029,0,NO,create
10352,8056262231708,Swarovski,SI,163,0SK6029,1,NO,update
10353,8056262222485,Swarovski,SI,163,0SK6029,0,NO,create
10354,8056262231715,Swarovski,SI,163,0SK6029,1,NO,update
10355,8056262222508,Swarovski,SI,163,0SK6029,0,NO,create
10356,8056262231739,Swarovski,SI,163,0SK6029,0,NO,create
10357,8056262222492,Swarovski,SI,163,0SK6029,0,NO,create
10358,8056262231722,Swarovski,SI,163,0SK6029,0,NO,create
10359,8056262222515,Swarovski,SI,163,0SK6030,1,NO,update
10360,8056262222539,Swarovski,SI,163,0SK6030,0,NO,create
10361,8056262222522,Swarovski,SI,163,0SK6030,1,NO,update
10362,8056262222546,Swarovski,SI,163,0SK6030,0,NO,create
10363,8056262222553,Swarovski,SI,163,0SK6030,0,NO,create
10364,8056262222560,Swarovski,SI,163,0SK6031,1,NO,update
10365,8056262222614,Swarovski,SI,163,0SK6031,0,NO,create
10366,8056262222591,Swarovski,SI,163,0SK6031,0,NO,create
10367,8056262222584,Swarovski,SI,163,0SK6031,0,NO,create
10368,8056262475720,Swarovski,SI,163,0SK6031,0,NO,create
10369,8056262222607,Swarovski,SI,163,0SK6031,1,NO,update
10370,8056262240151,Swarovski,SI,163,0SK6032,1,NO,update
10371,8056262240168,Swarovski,SI,163,0SK6032,1,NO,update
10372,8056262240175,Swarovski,SI,163,0SK6032,0,NO,create
10373,8056262240182,Swarovski,SI,163,0SK6032,1,NO,update
10374,8056262240199,Swarovski,SI,163,0SK6032,0,NO,create
10375,8056262475669,Swarovski,SI,163,0SK6032,0,NO,create
10376,8056262224649,Swarovski,SI,163,0SK6033,1,NO,update
10377,8056262224656,Swarovski,SI,163,0SK6033,1,NO,update
10378,8056262224670,Swarovski,SI,163,0SK6033,0,NO,create
10379,8056262224663,Swarovski,SI,163,0SK6033,1,NO,update
10380,8056262247921,Swarovski,SI,163,0SK6033,0,NO,create
10381,8056262240595,Swarovski,SI,163,0SK6034D,0,NO,create
10382,8056262240601,Swarovski,SI,163,0SK6034D,0,NO,create
10383,8056262240618,Swarovski,SI,163,0SK6034D,0,NO,create
10384,8056262240632,Swarovski,SI,163,0SK6034D,0,NO,create
10385,8056262241639,Swarovski,SI,163,0SK6035D,0,NO,create
10386,8056262241646,Swarovski,SI,163,0SK6035D,0,NO,create
10387,8056262278857,Swarovski,SI,163,0SK6035D,0,NO,create
10388,8056262241653,Swarovski,SI,163,0SK6035D,0,NO,create
10389,8056262454985,Swarovski,SI,163,0SK6036U,0,NO,create
10390,8056262454978,Swarovski,SI,163,0SK6036U,0,NO,create
10391,8056262454954,Swarovski,SI,163,0SK6036U,0,NO,create
10392,8056262454961,Swarovski,SI,163,0SK6036U,0,NO,create
10393,8056262454992,Swarovski,SI,163,0SK6036U,0,NO,create
10394,8056262466650,Swarovski,SI,163,0SK6036U,0,NO,create
10395,8056262454886,Swarovski,SI,163,0SK6037,0,NO,create
10396,8056262454893,Swarovski,SI,163,0SK6037,0,NO,create
10397,8056262454923,Swarovski,SI,163,0SK6037,0,NO,create
10398,8056262466476,Swarovski,SI,163,0SK6037,0,NO,create
10399,8056262450918,Swarovski,SI,163,0SK6038,1,NO,update
10400,8056262450925,Swarovski,SI,163,0SK6038,1,NO,update
10401,8056262450932,Swarovski,SI,163,0SK6038,0,NO,create
10402,8056262450949,Swarovski,SI,163,0SK6038,0,NO,create
10403,8056262452721,Swarovski,SI,163,0SK6039,0,NO,create
10404,8056262452745,Swarovski,SI,163,0SK6039,0,NO,create
10405,8056262452769,Swarovski,SI,163,0SK6039,0,NO,create
10406,8056262452783,Swarovski,SI,163,0SK6039,0,NO,create
10407,8056262452806,Swarovski,SI,163,0SK6039,0,NO,create
10408,8056262454220,Swarovski,SI,163,0SK6040,1,NO,update
10409,8056262454237,Swarovski,SI,163,0SK6040,1,NO,update
10410,8056262454244,Swarovski,SI,163,0SK6040,0,NO,create
10411,8056262454251,Swarovski,SI,163,0SK6040,0,NO,create
10412,8056262454268,Swarovski,SI,163,0SK6040,0,NO,create
10413,8056262662434,Swarovski,SI,163,0SK6040,0,NO,create
10414,8056262662427,Swarovski,SI,163,0SK6040,0,NO,create
10415,8056262454398,Swarovski,SI,163,0SK6041,0,NO,create
10416,8056262454428,Swarovski,SI,163,0SK6041,1,NO,update
10417,8056262480168,Swarovski,SI,163,0SK6041,1,NO,update
10418,8056262454404,Swarovski,SI,163,0SK6041,0,NO,create
10419,8056262454411,Swarovski,SI,163,0SK6041,0,NO,create
10420,8056262480151,Swarovski,SI,163,0SK6041,0,NO,create
10421,8056262454435,Swarovski,SI,163,0SK6041,0,NO,create
10422,8056262465394,Swarovski,SI,163,0SK6042,1,NO,update
10423,8056262465417,Swarovski,SI,163,0SK6042,0,NO,create
10424,8056262475829,Swarovski,SI,163,0SK6042,1,NO,update
10425,8056262475836,Swarovski,SI,163,0SK6042,0,NO,create
10426,8056262465431,Swarovski,SI,163,0SK6042,0,NO,create
10427,8056262466421,Swarovski,SI,163,0SK6043,0,NO,create
10428,8056262466438,Swarovski,SI,163,0SK6043,0,NO,create
10429,8056262466445,Swarovski,SI,163,0SK6043,0,NO,create
10430,8056262550854,Swarovski,SI,163,0SK6044U,0,NO,create
10431,8056262623046,Swarovski,SI,163,0SK6044U,0,NO,create
10432,8056262859384,Swarovski,SI,163,0SK6044U,0,NO,create
10433,8056262550892,Swarovski,SI,163,0SK6044U,0,NO,create
10434,8056262550878,Swarovski,SI,163,0SK6044U,0,NO,create
10435,8056262564790,Swarovski,SI,163,0SK6044U,0,NO,create
10436,8056262564783,Swarovski,SI,163,0SK6044U,0,NO,create
10437,8056262550724,Swarovski,SI,163,0SK6045U,0,NO,create
10438,8056262550731,Swarovski,SI,163,0SK6045U,0,NO,create
10439,8056262550755,Swarovski,SI,163,0SK6045U,0,NO,create
10440,8056262550748,Swarovski,SI,163,0SK6045U,0,NO,create
10441,8056262716366,Swarovski,SI,163,0SK6046,0,NO,create
10442,8056262716373,Swarovski,SI,163,0SK6046,0,NO,create
10443,8056262716380,Swarovski,SI,163,0SK6046,0,NO,create
10444,8056262552629,Swarovski,SI,163,0SK6047,0,NO,create
10445,8056262552636,Swarovski,SI,163,0SK6047,0,NO,create
10446,8056262552643,Swarovski,SI,163,0SK6047,0,NO,create
10447,8056262883877,Swarovski,SI,163,0SK6047,0,NO,create
10448,8056262552667,Swarovski,SI,163,0SK6047,0,NO,create
10449,8056262552650,Swarovski,SI,163,0SK6047,0,NO,create
10450,8056262584439,Swarovski,SI,163,0SK6047,0,NO,create
10451,8056262551066,Swarovski,SI,163,0SK6048,0,NO,create
10452,8056262551073,Swarovski,SI,163,0SK6048,0,NO,create
10453,8056262551059,Swarovski,SI,163,0SK6048,0,NO,create
10454,8056262623039,Swarovski,SI,163,0SK6048,0,NO,create
10455,8056262551080,Swarovski,SI,163,0SK6048,0,NO,create
10456,8056262551097,Swarovski,SI,163,0SK6048,0,NO,create
10457,8056262551813,Swarovski,SI,163,0SK6049,0,NO,create
10458,8056262664315,Swarovski,SI,163,0SK6049,0,NO,create
10459,8056262551820,Swarovski,SI,163,0SK6049,0,NO,create
10460,8056262551844,Swarovski,SI,163,0SK6049,0,NO,create
10461,8056262551837,Swarovski,SI,163,0SK6049,0,NO,create
10462,8056262551851,Swarovski,SI,163,0SK6049,0,NO,create
10463,8056262554821,Swarovski,SI,163,0SK6050,0,NO,create
10464,8056262554838,Swarovski,SI,163,0SK6050,0,NO,create
10465,8056262554791,Swarovski,SI,163,0SK6050,0,NO,create
10466,8056262554807,Swarovski,SI,163,0SK6050,0,NO,create
10467,8056262554814,Swarovski,SI,163,0SK6050,0,NO,create
10468,8056262555101,Swarovski,SI,163,0SK6051U,0,NO,create
10469,8056262555125,Swarovski,SI,163,0SK6051U,0,NO,create
10470,8056262555118,Swarovski,SI,163,0SK6051U,0,NO,create
10471,8056262859629,Swarovski,SI,163,0SK6051U,0,NO,create
10472,8056262555132,Swarovski,SI,163,0SK6051U,0,NO,create
10473,8056262673270,Swarovski,SI,163,0SK6052,1,NO,update
10474,8056262673287,Swarovski,SI,163,0SK6052,0,NO,create
10475,8056262673294,Swarovski,SI,163,0SK6052,0,NO,create
10476,8056262564943,Swarovski,SI,163,0SK6053D,0,NO,create
10477,8056262564974,Swarovski,SI,163,0SK6053D,0,NO,create
10478,8056262564950,Swarovski,SI,163,0SK6053D,0,NO,create
10479,8056262564967,Swarovski,SI,163,0SK6053D,0,NO,create
10480,8056262566008,Swarovski,SI,163,0SK6054D,0,NO,create
10481,8056262566015,Swarovski,SI,163,0SK6054D,0,NO,create
10482,8056262566039,Swarovski,SI,163,0SK6054D,0,NO,create
10483,8056262566022,Swarovski,SI,163,0SK6054D,0,NO,create
10484,8056262831960,Swarovski,SI,163,0SK6056U,0,NO,create
10485,8056262831953,Swarovski,SI,163,0SK6056U,0,NO,create
10486,8056262853344,Swarovski,SI,163,0SK6056U,0,NO,create
10487,8056262831977,Swarovski,SI,163,0SK6056U,0,NO,create
10488,8056262831984,Swarovski,SI,163,0SK6056U,0,NO,create
10489,8056262944059,Swarovski,SI,163,0SK6056U,0,NO,create
10490,8056262843840,Swarovski,SI,163,0SK6057,0,NO,create
10491,8056262843864,Swarovski,SI,163,0SK6057,0,NO,create
10492,8056262843857,Swarovski,SI,163,0SK6057,0,NO,create
10493,8056262843871,Swarovski,SI,163,0SK6057,0,NO,create
10494,8056262836620,Swarovski,SI,163,0SK6058U,0,NO,create
10495,8056262836637,Swarovski,SI,163,0SK6058U,0,NO,create
10496,8056262836651,Swarovski,SI,163,0SK6058U,0,NO,create
10497,8056262836644,Swarovski,SI,163,0SK6058U,0,NO,create
10498,8056262836668,Swarovski,SI,163,0SK6058U,0,NO,create
10499,8056262843550,Swarovski,SI,163,0SK6059,0,NO,create
10500,8056262843543,Swarovski,SI,163,0SK6059,0,NO,create
10501,8056262843598,Swarovski,SI,163,0SK6059,0,NO,create
10502,8056262843567,Swarovski,SI,163,0SK6059,0,NO,create
10503,8056262843574,Swarovski,SI,163,0SK6059,0,NO,create
10504,8056262944042,Swarovski,SI,163,0SK6059,0,NO,create
10505,8056262843581,Swarovski,SI,163,0SK6059,0,NO,create
10506,8056262837801,Swarovski,SI,163,0SK6060,0,NO,create
10507,8056262837818,Swarovski,SI,163,0SK6060,0,NO,create
10508,8056262837795,Swarovski,SI,163,0SK6060,0,NO,create
10509,8056262842874,Swarovski,SI,163,0SK6061U,0,NO,create
10510,8056262842881,Swarovski,SI,163,0SK6061U,0,NO,create
10511,8056262842867,Swarovski,SI,163,0SK6061U,0,NO,create
10512,8056262842850,Swarovski,SI,163,0SK6061U,0,NO,create
10513,8056262842843,Swarovski,SI,163,0SK6061U,0,NO,create
10514,8056262842898,Swarovski,SI,163,0SK6061U,0,NO,create
10515,8056262880999,Swarovski,SI,163,0SK6061U,0,NO,create
10516,8056262843123,Swarovski,SI,163,0SK6062U,0,NO,create
10517,8056262843147,Swarovski,SI,163,0SK6062U,0,NO,create
10518,8056262843031,Swarovski,SI,163,0SK6062U,0,NO,create
10519,8056262843062,Swarovski,SI,163,0SK6062U,0,NO,create
10520,8056262843079,Swarovski,SI,163,0SK6062U,0,NO,create
10521,8056262843109,Swarovski,SI,163,0SK6062U,0,NO,create
10522,8056262838259,Swarovski,SI,163,0SK6063,0,NO,create
10523,8056262838266,Swarovski,SI,163,0SK6063,0,NO,create
10524,8056262838303,Swarovski,SI,163,0SK6063,0,NO,create
10525,8056262838297,Swarovski,SI,163,0SK6063,0,NO,create
10526,8056262838273,Swarovski,SI,163,0SK6063,0,NO,create
10527,8056262838280,Swarovski,SI,163,0SK6063,0,NO,create
10528,8056262853238,Swarovski,SI,163,0SK6064D,0,NO,create
10529,8056262853245,Swarovski,SI,163,0SK6064D,0,NO,create
10530,8056262853221,Swarovski,SI,163,0SK6064D,0,NO,create
10531,8056262942949,Swarovski,SI,163,0SK6065U,0,NO,create
10532,8056262942932,Swarovski,SI,163,0SK6065U,0,NO,create
10533,8056262942956,Swarovski,SI,163,0SK6065U,0,NO,create
10534,8056262942963,Swarovski,SI,163,0SK6066U,0,NO,create
10535,8056262942970,Swarovski,SI,163,0SK6066U,0,NO,create
10536,8056262942987,Swarovski,SI,163,0SK6066U,0,NO,create
10537,8056262942994,Swarovski,SI,163,0SK6066U,0,NO,create
10538,8056262943366,Swarovski,SI,163,0SK6067,0,NO,create
10539,8056262943373,Swarovski,SI,163,0SK6067,0,NO,create
10540,8056262943502,Swarovski,SI,163,0SK6067,0,NO,create
10541,8056262943540,Swarovski,SI,163,0SK6067,0,NO,create
10542,8056262938850,Swarovski,SI,163,0SK6068U,0,NO,create
10543,8056262938843,Swarovski,SI,163,0SK6068U,0,NO,create
10544,8056262938867,Swarovski,SI,163,0SK6068U,0,NO,create
10545,8056262939109,Swarovski,SI,163,0SK6069U,0,NO,create
10546,8056262939147,Swarovski,SI,163,0SK6069U,0,NO,create
10547,8056262939130,Swarovski,SI,163,0SK6069U,0,NO,create
10548,8056262939116,Swarovski,SI,163,0SK6069U,0,NO,create
10549,8056262939123,Swarovski,SI,163,0SK6069U,0,NO,create
10550,8056262939161,Swarovski,SI,163,0SK6070,0,NO,create
10551,8056262939154,Swarovski,SI,163,0SK6070,0,NO,create
10552,8056262939192,Swarovski,SI,163,0SK6070,0,NO,create
10553,8056262939178,Swarovski,SI,163,0SK6070,0,NO,create
10554,8056262939185,Swarovski,SI,163,0SK6070,0,NO,create
10555,8056262933749,Swarovski,SI,163,0SK6071U,0,NO,create
10556,8056262933756,Swarovski,SI,163,0SK6071U,0,NO,create
10557,8056262933763,Swarovski,SI,163,0SK6071U,0,NO,create
10558,8056262933770,Swarovski,SI,163,0SK6073,0,NO,create
10559,8056262933787,Swarovski,SI,163,0SK6073,0,NO,create
10560,8056262944219,Swarovski,SI,163,0SK6073,0,NO,create
10561,8056262933794,Swarovski,SI,163,0SK6073,0,NO,create
10562,8056262971529,Swarovski,SI,163,0SK6074U,0,NO,create
10563,8056262971550,Swarovski,SI,163,0SK6074U,0,NO,create
10564,8056262944325,Swarovski,SI,163,0SK6075D,0,NO,create
10565,8056262944332,Swarovski,SI,163,0SK6075D,0,NO,create
10566,8056262944349,Swarovski,SI,163,0SK6075D,0,NO,create
10567,8056262933350,Swarovski,SI,163,0SK6076U,0,NO,create
10568,8056262933367,Swarovski,SI,163,0SK6076U,0,NO,create
10569,8056262933374,Swarovski,SI,163,0SK6076U,0,NO,create
10570,8056597970044,Swarovski,SI,163,0SK7001,0,NO,create
10571,8056597958554,Swarovski,SI,163,0SK7001,1,NO,update
10572,8056597958561,Swarovski,SI,163,0SK7001,0,NO,create
10573,8056597979092,Swarovski,SI,163,0SK7001,0,NO,create
10574,8056597960502,Swarovski,SI,163,0SK7002,0,NO,create
10575,8056597960786,Swarovski,SI,163,0SK7003,0,NO,create
10576,8056597960762,Swarovski,SI,163,0SK7003,0,NO,create
10577,8056597960793,Swarovski,SI,163,0SK7003,0,NO,create
10578,8056262241936,Swarovski,SI,163,0SK7003,0,NO,create
10579,8056597955638,Swarovski,SI,163,0SK7004,0,NO,create
10580,8056597955645,Swarovski,SI,163,0SK7004,0,NO,create
10581,8056597955652,Swarovski,SI,163,0SK7004,0,NO,create
10582,8056597955669,Swarovski,SI,163,0SK7004,0,NO,create
10583,8056597982627,Swarovski,SI,163,0SK7005,0,NO,create
10584,8056597947749,Swarovski,SI,163,0SK7005,0,NO,create
10585,8056597947756,Swarovski,SI,163,0SK7005,1,NO,update
10586,8056597947763,Swarovski,SI,163,0SK7005,0,NO,create
10587,8056597947770,Swarovski,SI,163,0SK7005,0,NO,create
10588,8056597947787,Swarovski,SI,163,0SK7005,0,NO,create
10589,8056597947794,Swarovski,SI,163,0SK7005,0,NO,create
10590,8056597951463,Swarovski,SI,163,0SK7006,0,NO,create
10591,8056597951470,Swarovski,SI,163,0SK7006,0,NO,create
10592,8056597951494,Swarovski,SI,163,0SK7006,0,NO,create
10593,8056597955768,Swarovski,SI,163,0SK7007,0,NO,create
10594,8056597955782,Swarovski,SI,163,0SK7007,0,NO,create
10595,8056597955799,Swarovski,SI,163,0SK7007,0,NO,create
10596,8056597956116,Swarovski,SI,163,0SK7008,0,NO,create
10597,8056597956123,Swarovski,SI,163,0SK7008,0,NO,create
10598,8056597956130,Swarovski,SI,163,0SK7008,0,NO,create
10599,8056597960557,Swarovski,SI,163,0SK7009,1,NO,update
10600,8056262241981,Swarovski,SI,163,0SK7009,0,NO,create
10601,8056597964463,Swarovski,SI,163,0SK7009,1,NO,update
10602,8056597965972,Swarovski,SI,163,0SK7010,0,NO,create
10603,8056597958912,Swarovski,SI,163,0SK7011,0,NO,create
10604,8056597966634,Swarovski,SI,163,0SK7011,1,NO,update
10605,8056597958943,Swarovski,SI,163,0SK7011,0,NO,create
10606,8056597960564,Swarovski,SI,163,0SK7011,0,NO,create
10607,8056597982320,Swarovski,SI,163,0SK7012D,0,NO,create
10608,8056597982351,Swarovski,SI,163,0SK7012D,0,NO,create
10609,8056262085554,Swarovski,SI,163,0SK7014,0,NO,create
10610,8056262085561,Swarovski,SI,163,0SK7014,0,NO,create
10611,8056262085578,Swarovski,SI,163,0SK7014,0,NO,create
10612,8056262097090,Swarovski,SI,163,0SK7015,0,NO,create
10613,8056262097106,Swarovski,SI,163,0SK7015,0,NO,create
10614,8056262085240,Swarovski,SI,163,0SK7015,0,NO,create
10615,8056262097113,Swarovski,SI,163,0SK7015,0,NO,create
10616,8056262097120,Swarovski,SI,163,0SK7015,0,NO,create
10617,8056262241851,Swarovski,SI,163,0SK7015,0,NO,create
10618,8056262241868,Swarovski,SI,163,0SK7015,0,NO,create
10619,8056262057025,Swarovski,SI,163,0SK7016,1,NO,update
10620,8056262057001,Swarovski,SI,163,0SK7016,1,NO,update
10621,8056262057018,Swarovski,SI,163,0SK7016,0,NO,create
10622,8056262057452,Swarovski,SI,163,0SK7017,1,NO,update
10623,8056262057445,Swarovski,SI,163,0SK7017,1,NO,update
10624,8056262057469,Swarovski,SI,163,0SK7017,0,NO,create
10625,8056262081204,Swarovski,SI,163,0SK7018,0,NO,create
10626,8056262081211,Swarovski,SI,163,0SK7018,0,NO,create
10627,8056262081235,Swarovski,SI,163,0SK7019,1,NO,update
10628,8056262081266,Swarovski,SI,163,0SK7019,1,NO,update
10629,8056262080184,Swarovski,SI,163,0SK7020,1,NO,update
10630,8056262080191,Swarovski,SI,163,0SK7020,1,NO,update
10631,8056262080207,Swarovski,SI,163,0SK7020,0,NO,create
10632,8056262084663,Swarovski,SI,163,0SK7021D,1,NO,update
10633,8056262084670,Swarovski,SI,163,0SK7021D,0,NO,create
10634,8056262083604,Swarovski,SI,163,0SK7022,1,NO,update
10635,8056262083628,Swarovski,SI,163,0SK7022,1,NO,update
10636,8056262085677,Swarovski,SI,163,0SK7023,1,NO,update
10637,8056262085691,Swarovski,SI,163,0SK7023,1,NO,update
10638,8056262234020,Swarovski,SI,163,0SK7024,0,NO,create
10639,8056262234037,Swarovski,SI,163,0SK7024,0,NO,create
10640,8056262228388,Swarovski,SI,163,0SK7025,0,NO,create
10641,8056262228395,Swarovski,SI,163,0SK7025,0,NO,create
10642,8056262229422,Swarovski,SI,163,0SK7026,1,NO,update
10643,8056262229439,Swarovski,SI,163,0SK7026,0,NO,create
10644,8056262229446,Swarovski,SI,163,0SK7026,0,NO,create
10645,8056262220306,Swarovski,SI,163,0SK7027,0,NO,create
10646,8056262220313,Swarovski,SI,163,0SK7027,0,NO,create
10647,8056262220290,Swarovski,SI,163,0SK7027,0,NO,create
10648,8056262220320,Swarovski,SI,163,0SK7027,0,NO,create
10649,8056262241608,Swarovski,SI,163,0SK7028,0,NO,create
10650,8056262241592,Swarovski,SI,163,0SK7028,0,NO,create
10651,8056262241615,Swarovski,SI,163,0SK7028,0,NO,create
10652,8056262241622,Swarovski,SI,163,0SK7028,0,NO,create
10653,8056262224847,Swarovski,SI,163,0SK7029,0,NO,create
10654,8056262293775,Swarovski,SI,163,0SK7029,0,NO,create
10655,8056262224823,Swarovski,SI,163,0SK7029,0,NO,create
10656,8056262293751,Swarovski,SI,163,0SK7029,0,NO,create
10657,8056262224854,Swarovski,SI,163,0SK7029,0,NO,create
10658,8056262293782,Swarovski,SI,163,0SK7029,0,NO,create
10659,8056262224861,Swarovski,SI,163,0SK7029,0,NO,create
10660,8056262293799,Swarovski,SI,163,0SK7029,0,NO,create
10661,8056262224830,Swarovski,SI,163,0SK7029,0,NO,create
10662,8056262293768,Swarovski,SI,163,0SK7029,0,NO,create
10663,8056262475683,Swarovski,SI,163,0SK7029,0,NO,create
10664,8056262475676,Swarovski,SI,163,0SK7029,0,NO,create
10665,8056262454664,Swarovski,SI,163,0SK7030,0,NO,create
10666,8056262454640,Swarovski,SI,163,0SK7030,0,NO,create
10667,8056262454657,Swarovski,SI,163,0SK7030,1,NO,update
10668,8056262454671,Swarovski,SI,163,0SK7030,1,NO,update
10669,8056262461655,Swarovski,SI,163,0SK7031,0,NO,create
10670,8056262461631,Swarovski,SI,163,0SK7031,0,NO,create
10671,8056262461624,Swarovski,SI,163,0SK7031,1,NO,update
10672,8056262461648,Swarovski,SI,163,0SK7031,1,NO,update
10673,8056262461785,Swarovski,SI,163,0SK7032,0,NO,create
10674,8056262461761,Swarovski,SI,163,0SK7032,0,NO,create
10675,8056262461792,Swarovski,SI,163,0SK7032,0,NO,create
10676,8056262461778,Swarovski,SI,163,0SK7032,0,NO,create
10677,8056262454350,Swarovski,SI,163,0SK7033,1,NO,update
10678,8056262454374,Swarovski,SI,163,0SK7033,0,NO,create
10679,8056262454367,Swarovski,SI,163,0SK7033,1,NO,update
10680,8056262454381,Swarovski,SI,163,0SK7033,0,NO,create
10681,8056262859575,Swarovski,SI,163,0SK7033,1,NO,update
10682,8056262859568,Swarovski,SI,163,0SK7033,0,NO,create
10683,8056262465363,Swarovski,SI,163,0SK7034,0,NO,create
10684,8056262465370,Swarovski,SI,163,0SK7034,1,NO,update
10685,8056262465387,Swarovski,SI,163,0SK7034,0,NO,create
10686,8056262465400,Swarovski,SI,163,0SK7034,1,NO,update
10687,8056262476192,Swarovski,SI,163,0SK7035D,1,NO,update
10688,8056262476222,Swarovski,SI,163,0SK7035D,1,NO,update
10689,8056262476239,Swarovski,SI,163,0SK7035D,1,NO,update
10690,8056262476246,Swarovski,SI,163,0SK7035D,0,NO,create
10691,8056262476970,Swarovski,SI,163,0SK7036D,0,NO,create
10692,8056262476963,Swarovski,SI,163,0SK7036D,1,NO,update
10693,8056262476956,Swarovski,SI,163,0SK7036D,1,NO,update
10694,8056262552698,Swarovski,SI,163,0SK7037,0,NO,create
10695,8056262552674,Swarovski,SI,163,0SK7037,0,NO,create
10696,8056262552681,Swarovski,SI,163,0SK7037,0,NO,create
10697,8056262552711,Swarovski,SI,163,0SK7037,0,NO,create
10698,8056262552704,Swarovski,SI,163,0SK7037,0,NO,create
10699,8056262552896,Swarovski,SI,163,0SK7038,0,NO,create
10700,8056262552865,Swarovski,SI,163,0SK7038,0,NO,create
10701,8056262552872,Swarovski,SI,163,0SK7038,0,NO,create
10702,8056262552889,Swarovski,SI,163,0SK7038,0,NO,create
10703,8056262552094,Swarovski,SI,163,0SK7039,0,NO,create
10704,8056262552100,Swarovski,SI,163,0SK7039,0,NO,create
10705,8056262552117,Swarovski,SI,163,0SK7039,0,NO,create
10706,8056262552124,Swarovski,SI,163,0SK7039,0,NO,create
10707,8056262582749,Swarovski,SI,163,0SK7040,0,NO,create
10708,8056262582732,Swarovski,SI,163,0SK7040,0,NO,create
10709,8056262582763,Swarovski,SI,163,0SK7040,0,NO,create
10710,8056262582756,Swarovski,SI,163,0SK7040,0,NO,create
10711,8056262843949,Swarovski,SI,163,0SK7042,0,NO,create
10712,8056262843963,Swarovski,SI,163,0SK7042,0,NO,create
10713,8056262843970,Swarovski,SI,163,0SK7042,0,NO,create
10714,8056262843987,Swarovski,SI,163,0SK7042,0,NO,create
10715,8056262843994,Swarovski,SI,163,0SK7042,0,NO,create
10716,8056262843956,Swarovski,SI,163,0SK7042,0,NO,create
10717,8056262853405,Swarovski,SI,163,0SK7042,0,NO,create
10718,8056262844083,Swarovski,SI,163,0SK7043,0,NO,create
10719,8056262844076,Swarovski,SI,163,0SK7043,0,NO,create
10720,8056262844113,Swarovski,SI,163,0SK7043,1,NO,update
10721,8056262844106,Swarovski,SI,163,0SK7043,1,NO,update
10722,8056262844090,Swarovski,SI,163,0SK7043,1,NO,update
10723,8056262837085,Swarovski,SI,163,0SK7044,0,NO,create
10724,8056262837108,Swarovski,SI,163,0SK7044,1,NO,update
10725,8056262837122,Swarovski,SI,163,0SK7044,0,NO,create
10726,8056262837115,Swarovski,SI,163,0SK7044,0,NO,create
10727,8056262837092,Swarovski,SI,163,0SK7044,0,NO,create
10728,8056262853313,Swarovski,SI,163,0SK7045D,1,NO,update
10729,8056262853320,Swarovski,SI,163,0SK7045D,0,NO,create
10730,8056262853337,Swarovski,SI,163,0SK7045D,1,NO,update
10731,8056262940105,Swarovski,SI,163,0SK7046,0,NO,create
10732,8056262940099,Swarovski,SI,163,0SK7046,0,NO,create
10733,8056262940495,Swarovski,SI,163,0SK7047,0,NO,create
10734,8056262940488,Swarovski,SI,163,0SK7047,0,NO,create
10735,8056262940501,Swarovski,SI,163,0SK7047,0,NO,create
10736,8056262933718,Swarovski,SI,163,0SK7049,0,NO,create
10737,8056262933725,Swarovski,SI,163,0SK7049,0,NO,create
10738,8056262933732,Swarovski,SI,163,0SK7049,0,NO,create
10739,8056262943908,Swarovski,SI,163,0SK7050D,0,NO,create
10740,8056262943878,Swarovski,SI,163,0SK7050D,0,NO,create
10741,8056262943892,Swarovski,SI,163,0SK7050D,0,NO,create
10742,8053672752762,Tiffany & Co.,SI,366,0TF1127,0,NO,create
10743,8053672849707,Tiffany & Co.,SI,366,0TF1130,0,NO,create
10744,8056597159098,Tiffany & Co.,SI,366,0TF1136,0,NO,create
10745,8056597753548,Tiffany & Co.,SI,366,0TF1149TD,0,NO,create
10746,8056597807258,Tiffany & Co.,SI,366,0TF1150,0,NO,create
10747,8056597807265,Tiffany & Co.,SI,366,0TF1150,0,NO,create
10748,8056597846721,Tiffany & Co.,SI,366,0TF1151,0,NO,create
10749,8056597848558,Tiffany & Co.,SI,366,0TF1152B,0,NO,create
10750,8056597850209,Tiffany & Co.,SI,366,0TF1153D,0,NO,create
10751,8056597850216,Tiffany & Co.,SI,366,0TF1153D,0,NO,create
10752,8056597915229,Tiffany & Co.,SI,366,0TF1157B,0,NO,create
10753,8056597919838,Tiffany & Co.,SI,366,0TF1158TD,0,NO,create
10754,8056597919845,Tiffany & Co.,SI,366,0TF1158TD,0,NO,create
10755,8056262002254,Tiffany & Co.,SI,366,0TF1159B,0,NO,create
10756,8056262002292,Tiffany & Co.,SI,366,0TF1159B,0,NO,create
10757,8056262002377,Tiffany & Co.,SI,366,0TF1160B,0,NO,create
10758,8056262002452,Tiffany & Co.,SI,366,0TF1160B,0,NO,create
10759,8056262002438,Tiffany & Co.,SI,366,0TF1160B,0,NO,create
10760,8056262002476,Tiffany & Co.,SI,366,0TF1160B,0,NO,create
10761,8056262002506,Tiffany & Co.,SI,366,0TF1160B,0,NO,create
10762,8056262544242,Tiffany & Co.,SI,366,0TF1162TD,0,NO,create
10763,8056262181980,Tiffany & Co.,SI,366,0TF1162TD,0,NO,create
10764,8056262182000,Tiffany & Co.,SI,366,0TF1162TD,0,NO,create
10765,8056262182185,Tiffany & Co.,SI,366,0TF1163B,0,NO,create
10766,8056262182208,Tiffany & Co.,SI,366,0TF1163B,0,NO,create
10767,8056262182215,Tiffany & Co.,SI,366,0TF1163B,0,NO,create
10768,8056262182222,Tiffany & Co.,SI,366,0TF1163B,0,NO,create
10769,8056262182253,Tiffany & Co.,SI,366,0TF1163B,0,NO,create
10770,8056262182260,Tiffany & Co.,SI,366,0TF1163B,0,NO,create
10771,8056262182482,Tiffany & Co.,SI,366,0TF1164B,0,NO,create
10772,8056262182536,Tiffany & Co.,SI,366,0TF1164B,0,NO,create
10773,8056262182512,Tiffany & Co.,SI,366,0TF1164B,0,NO,create
10774,8056262182703,Tiffany & Co.,SI,366,0TF1165BD,0,NO,create
10775,8056262182727,Tiffany & Co.,SI,366,0TF1165BD,0,NO,create
10776,8056262182734,Tiffany & Co.,SI,366,0TF1165BD,0,NO,create
10777,8056262361498,Tiffany & Co.,SI,366,0TF1166,0,NO,create
10778,8056262361443,Tiffany & Co.,SI,366,0TF1166,0,NO,create
10779,8056262361450,Tiffany & Co.,SI,366,0TF1166,0,NO,create
10780,8056262361467,Tiffany & Co.,SI,366,0TF1166,0,NO,create
10781,8056262361474,Tiffany & Co.,SI,366,0TF1166,0,NO,create
10782,8056262374535,Tiffany & Co.,SI,366,0TF1167D,0,NO,create
10783,8056262374559,Tiffany & Co.,SI,366,0TF1167D,0,NO,create
10784,8056262539705,Tiffany & Co.,SI,366,0TF1168,0,NO,create
10785,8056262539699,Tiffany & Co.,SI,366,0TF1168,0,NO,create
10786,8056262539712,Tiffany & Co.,SI,366,0TF1168,0,NO,create
10787,8056262539743,Tiffany & Co.,SI,366,0TF1169,1,NO,update
10788,8056262539750,Tiffany & Co.,SI,366,0TF1169,0,NO,create
10789,8056262539781,Tiffany & Co.,SI,366,0TF1169,0,NO,create
10790,8056262539798,Tiffany & Co.,SI,366,0TF1169,0,NO,create
10791,8056262539729,Tiffany & Co.,SI,366,0TF1169,1,NO,update
10792,8056262539736,Tiffany & Co.,SI,366,0TF1169,0,NO,create
10793,8056262539767,Tiffany & Co.,SI,366,0TF1169,0,NO,create
10794,8056262539774,Tiffany & Co.,SI,366,0TF1169,0,NO,create
10795,8056262539835,Tiffany & Co.,SI,366,0TF1170D,0,NO,create
10796,8056262539804,Tiffany & Co.,SI,366,0TF1170D,1,NO,update
10797,8056262539828,Tiffany & Co.,SI,366,0TF1170D,1,NO,update
10798,8056262539811,Tiffany & Co.,SI,366,0TF1170D,0,NO,create
10799,8056262540350,Tiffany & Co.,SI,366,0TF1171D,1,NO,update
10800,8056262540367,Tiffany & Co.,SI,366,0TF1171D,0,NO,create
10801,8056262540336,Tiffany & Co.,SI,366,0TF1171D,0,NO,create
10802,8056262540343,Tiffany & Co.,SI,366,0TF1171D,0,NO,create
10803,8056262540374,Tiffany & Co.,SI,366,0TF1172B,0,NO,create
10804,8056262540381,Tiffany & Co.,SI,366,0TF1172B,0,NO,create
10805,8056262540398,Tiffany & Co.,SI,366,0TF1172B,0,NO,create
10806,8056262540404,Tiffany & Co.,SI,366,0TF1172B,1,NO,update
10807,8056262540411,Tiffany & Co.,SI,366,0TF1172B,0,NO,create
10808,8056262540428,Tiffany & Co.,SI,366,0TF1172B,0,NO,create
10809,8056262540435,Tiffany & Co.,SI,366,0TF1172B,0,NO,create
10810,8056262540442,Tiffany & Co.,SI,366,0TF1172B,0,NO,create
10811,8056262540466,Tiffany & Co.,SI,366,0TF1173K,0,NO,create
10812,8056262540473,Tiffany & Co.,SI,366,0TF1173K,0,NO,create
10813,8056262540459,Tiffany & Co.,SI,366,0TF1173K,0,NO,create
10814,8056262815717,Tiffany & Co.,SI,366,0TF1174,0,NO,create
10815,8056262815724,Tiffany & Co.,SI,366,0TF1174,0,NO,create
10816,8056262815779,Tiffany & Co.,SI,366,0TF1174,0,NO,create
10817,8056262815786,Tiffany & Co.,SI,366,0TF1174,0,NO,create
10818,8056262815755,Tiffany & Co.,SI,366,0TF1174,0,NO,create
10819,8056262815762,Tiffany & Co.,SI,366,0TF1174,0,NO,create
10820,8056262815731,Tiffany & Co.,SI,366,0TF1174,0,NO,create
10821,8056262815748,Tiffany & Co.,SI,366,0TF1174,0,NO,create
10822,8056262819975,Tiffany & Co.,SI,366,0TF1175,0,NO,create
10823,8056262819968,Tiffany & Co.,SI,366,0TF1175,1,NO,update
10824,8056262819982,Tiffany & Co.,SI,366,0TF1175,0,NO,create
10825,8056262815830,Tiffany & Co.,SI,366,0TF1176D,1,NO,update
10826,8056262815847,Tiffany & Co.,SI,366,0TF1176D,0,NO,create
10827,8056262815854,Tiffany & Co.,SI,366,0TF1176D,0,NO,create
10828,8056262815861,Tiffany & Co.,SI,366,0TF1176D,0,NO,create
10829,8056262815977,Tiffany & Co.,SI,366,0TF1177KB,0,NO,create
10830,8056262815991,Tiffany & Co.,SI,366,0TF1177KB,0,NO,create
10831,8056262815984,Tiffany & Co.,SI,366,0TF1177KB,0,NO,create
10832,8056262936436,Tiffany & Co.,SI,366,0TF1178,0,NO,create
10833,8056262936412,Tiffany & Co.,SI,366,0TF1178,0,NO,create
10834,8056262936429,Tiffany & Co.,SI,366,0TF1178,0,NO,create
10835,8056262937174,Tiffany & Co.,SI,366,0TF1179,0,NO,create
10836,8056262937181,Tiffany & Co.,SI,366,0TF1179,0,NO,create
10837,8056262937136,Tiffany & Co.,SI,366,0TF1179,0,NO,create
10838,8056262937143,Tiffany & Co.,SI,366,0TF1179,0,NO,create
10839,8056262937150,Tiffany & Co.,SI,366,0TF1179,0,NO,create
10840,8056262937167,Tiffany & Co.,SI,366,0TF1179,0,NO,create
10841,8056262937259,Tiffany & Co.,SI,366,0TF1180,0,NO,create
10842,8056262937266,Tiffany & Co.,SI,366,0TF1180,0,NO,create
10843,8056262937235,Tiffany & Co.,SI,366,0TF1180,0,NO,create
10844,8056262937242,Tiffany & Co.,SI,366,0TF1180,0,NO,create
10845,8056262937273,Tiffany & Co.,SI,366,0TF1180,0,NO,create
10846,8056262937280,Tiffany & Co.,SI,366,0TF1180,0,NO,create
10847,8053672250800,Tiffany & Co.,SI,366,0TF2097,0,NO,create
10848,8056262367322,Tiffany & Co.,SI,366,0TF2097,0,NO,create
10849,8053672362077,Tiffany & Co.,SI,366,0TF2109HB,0,NO,create
10850,8053672362060,Tiffany & Co.,SI,366,0TF2109HB,0,NO,create
10851,8053672362091,Tiffany & Co.,SI,366,0TF2109HB,0,NO,create
10852,8053672362084,Tiffany & Co.,SI,366,0TF2109HB,0,NO,create
10853,8053672362107,Tiffany & Co.,SI,366,0TF2109HB,0,NO,create
10854,8056262367438,Tiffany & Co.,SI,366,0TF2109HB,0,NO,create
10855,8056262367445,Tiffany & Co.,SI,366,0TF2109HB,0,NO,create
10856,8053672849776,Tiffany & Co.,SI,366,0TF2160B,0,NO,create
10857,8056597039277,Tiffany & Co.,SI,366,0TF2160B,0,NO,create
10858,8056597087612,Tiffany & Co.,SI,366,0TF2168,0,NO,create
10859,8053672944730,Tiffany & Co.,SI,366,0TF2175,0,NO,create
10860,8053672944754,Tiffany & Co.,SI,366,0TF2175,0,NO,create
10861,8056597334259,Tiffany & Co.,SI,366,0TF2205,0,NO,create
10862,8056597382434,Tiffany & Co.,SI,366,0TF2207,0,NO,create
10863,8056597383240,Tiffany & Co.,SI,366,0TF2209,0,NO,create
10864,8056597452953,Tiffany & Co.,SI,366,0TF2211,0,NO,create
10865,8056597580502,Tiffany & Co.,SI,366,0TF2217,0,NO,create
10866,8056262009871,Tiffany & Co.,SI,366,0TF2217,0,NO,create
10867,8056597580540,Tiffany & Co.,SI,366,0TF2217,0,NO,create
10868,8056597642293,Tiffany & Co.,SI,366,0TF2218D,0,NO,create
10869,8056597642385,Tiffany & Co.,SI,366,0TF2218D,0,NO,create
10870,8056597642415,Tiffany & Co.,SI,366,0TF2218D,0,NO,create
10871,8056597602853,Tiffany & Co.,SI,366,0TF2219B,0,NO,create
10872,8056597600545,Tiffany & Co.,SI,366,0TF2221,0,NO,create
10873,8056597918800,Tiffany & Co.,SI,366,0TF2223B,0,NO,create
10874,8056262826003,Tiffany & Co.,SI,366,0TF2223B,0,NO,create
10875,8056262826010,Tiffany & Co.,SI,366,0TF2223B,0,NO,create
10876,8056597667135,Tiffany & Co.,SI,366,0TF2223B,0,NO,create
10877,8056597751049,Tiffany & Co.,SI,366,0TF2225D,0,NO,create
10878,8056597750875,Tiffany & Co.,SI,366,0TF2227,0,NO,create
10879,8056597751070,Tiffany & Co.,SI,366,0TF2229,0,NO,create
10880,8056597751094,Tiffany & Co.,SI,366,0TF2229,0,NO,create
10881,8056262367483,Tiffany & Co.,SI,366,0TF2229,0,NO,create
10882,8056262367490,Tiffany & Co.,SI,366,0TF2229,0,NO,create
10883,8056597751117,Tiffany & Co.,SI,366,0TF2229,0,NO,create
10884,8056262009857,Tiffany & Co.,SI,366,0TF2229,0,NO,create
10885,8056597846493,Tiffany & Co.,SI,366,0TF2231,0,NO,create
10886,8056597848398,Tiffany & Co.,SI,366,0TF2231,0,NO,create
10887,8056597848497,Tiffany & Co.,SI,366,0TF2232U,0,NO,create
10888,8056597848404,Tiffany & Co.,SI,366,0TF2232U,0,NO,create
10889,8056597874939,Tiffany & Co.,SI,366,0TF2233B,0,NO,create
10890,8056597851107,Tiffany & Co.,SI,366,0TF2234B,0,NO,create
10891,8056597851121,Tiffany & Co.,SI,366,0TF2234B,0,NO,create
10892,8056597851145,Tiffany & Co.,SI,366,0TF2234B,0,NO,create
10893,8056262010785,Tiffany & Co.,SI,366,0TF2234B,0,NO,create
10894,8056262010822,Tiffany & Co.,SI,366,0TF2234B,0,NO,create
10895,8056597849869,Tiffany & Co.,SI,366,0TF2235,0,NO,create
10896,8056597849913,Tiffany & Co.,SI,366,0TF2235,0,NO,create
10897,8056597850667,Tiffany & Co.,SI,366,0TF2236D,0,NO,create
10898,8056262544259,Tiffany & Co.,SI,366,0TF2236D,0,NO,create
10899,8056597851213,Tiffany & Co.,SI,366,0TF2237D,0,NO,create
10900,8056597851220,Tiffany & Co.,SI,366,0TF2237D,0,NO,create
10901,8056262192474,Tiffany & Co.,SI,366,0TF2237D,0,NO,create
10902,8056597915274,Tiffany & Co.,SI,366,0TF2239U,0,NO,create
10903,8056597915328,Tiffany & Co.,SI,366,0TF2239U,0,NO,create
10904,8056597915656,Tiffany & Co.,SI,366,0TF2242,0,NO,create
10905,8056597919043,Tiffany & Co.,SI,366,0TF2243D,0,NO,create
10906,8056597919074,Tiffany & Co.,SI,366,0TF2243D,0,NO,create
10907,8056597915700,Tiffany & Co.,SI,366,0TF2244,0,NO,create
10908,8056597915717,Tiffany & Co.,SI,366,0TF2244,0,NO,create
10909,8056597915724,Tiffany & Co.,SI,366,0TF2244,0,NO,create
10910,8056597915748,Tiffany & Co.,SI,366,0TF2244,0,NO,create
10911,8056597915830,Tiffany & Co.,SI,366,0TF2245,0,NO,create
10912,8056597915861,Tiffany & Co.,SI,366,0TF2245,0,NO,create
10913,8056262002124,Tiffany & Co.,SI,366,0TF2246,0,NO,create
10914,8056262002131,Tiffany & Co.,SI,366,0TF2246,0,NO,create
10915,8056262002186,Tiffany & Co.,SI,366,0TF2246,0,NO,create
10916,8056262412237,Tiffany & Co.,SI,366,0TF2246,0,NO,create
10917,8056262412244,Tiffany & Co.,SI,366,0TF2246,0,NO,create
10918,8056262002667,Tiffany & Co.,SI,366,0TF2247,0,NO,create
10919,8056262002704,Tiffany & Co.,SI,366,0TF2247,0,NO,create
10920,8056262003299,Tiffany & Co.,SI,366,0TF2248K,0,NO,create
10921,8056262003305,Tiffany & Co.,SI,366,0TF2248K,0,NO,create
10922,8056262003312,Tiffany & Co.,SI,366,0TF2248K,0,NO,create
10923,8056262003329,Tiffany & Co.,SI,366,0TF2248K,0,NO,create
10924,8056262003336,Tiffany & Co.,SI,366,0TF2248K,0,NO,create
10925,8056262003343,Tiffany & Co.,SI,366,0TF2248K,0,NO,create
10926,8056262003350,Tiffany & Co.,SI,366,0TF2248K,0,NO,create
10927,8056262003367,Tiffany & Co.,SI,366,0TF2248K,0,NO,create
10928,8056262002797,Tiffany & Co.,SI,366,0TF2249,0,NO,create
10929,8056262002834,Tiffany & Co.,SI,366,0TF2249,0,NO,create
10930,8056262002858,Tiffany & Co.,SI,366,0TF2249,0,NO,create
10931,8056262006122,Tiffany & Co.,SI,366,0TF2250,0,NO,create
10932,8056262006146,Tiffany & Co.,SI,366,0TF2250,0,NO,create
10933,8056262006160,Tiffany & Co.,SI,366,0TF2250,0,NO,create
10934,8056262006184,Tiffany & Co.,SI,366,0TF2250,0,NO,create
10935,8056262003183,Tiffany & Co.,SI,366,0TF2251,0,NO,create
10936,8056262372173,Tiffany & Co.,SI,366,0TF2251,0,NO,create
10937,8056262372180,Tiffany & Co.,SI,366,0TF2251,0,NO,create
10938,8056262003213,Tiffany & Co.,SI,366,0TF2251,0,NO,create
10939,8056262003220,Tiffany & Co.,SI,366,0TF2251,0,NO,create
10940,8056262010600,Tiffany & Co.,SI,366,0TF2252D,0,NO,create
10941,8056262010617,Tiffany & Co.,SI,366,0TF2252D,0,NO,create
10942,8056262544266,Tiffany & Co.,SI,366,0TF2252D,0,NO,create
10943,8056262010709,Tiffany & Co.,SI,366,0TF2253D,0,NO,create
10944,8056262182970,Tiffany & Co.,SI,366,0TF2254BU,0,NO,create
10945,8056262182987,Tiffany & Co.,SI,366,0TF2254BU,0,NO,create
10946,8056262182994,Tiffany & Co.,SI,366,0TF2254BU,0,NO,create
10947,8056262183007,Tiffany & Co.,SI,366,0TF2254BU,0,NO,create
10948,8056262182956,Tiffany & Co.,SI,366,0TF2254BU,0,NO,create
10949,8056262182963,Tiffany & Co.,SI,366,0TF2254BU,0,NO,create
10950,8056262183021,Tiffany & Co.,SI,366,0TF2254BU,0,NO,create
10951,8056262183038,Tiffany & Co.,SI,366,0TF2254BU,0,NO,create
10952,8056262184332,Tiffany & Co.,SI,366,0TF2255U,0,NO,create
10953,8056262184363,Tiffany & Co.,SI,366,0TF2255U,0,NO,create
10954,8056262184318,Tiffany & Co.,SI,366,0TF2255U,0,NO,create
10955,8056262184325,Tiffany & Co.,SI,366,0TF2255U,0,NO,create
10956,8056262184370,Tiffany & Co.,SI,366,0TF2255U,0,NO,create
10957,8056262184387,Tiffany & Co.,SI,366,0TF2255U,0,NO,create
10958,8056262188514,Tiffany & Co.,SI,366,0TF2256U,0,NO,create
10959,8056262188521,Tiffany & Co.,SI,366,0TF2256U,0,NO,create
10960,8056262188538,Tiffany & Co.,SI,366,0TF2256U,0,NO,create
10961,8056262188545,Tiffany & Co.,SI,366,0TF2256U,0,NO,create
10962,8056262188552,Tiffany & Co.,SI,366,0TF2256U,0,NO,create
10963,8056262188569,Tiffany & Co.,SI,366,0TF2256U,0,NO,create
10964,8056262188576,Tiffany & Co.,SI,366,0TF2256U,0,NO,create
10965,8056262188583,Tiffany & Co.,SI,366,0TF2256U,0,NO,create
10966,8056262188965,Tiffany & Co.,SI,366,0TF2257BU,0,NO,create
10967,8056262188989,Tiffany & Co.,SI,366,0TF2257BU,0,NO,create
10968,8056262188996,Tiffany & Co.,SI,366,0TF2257BU,0,NO,create
10969,8056262192405,Tiffany & Co.,SI,366,0TF2257BU,0,NO,create
10970,8056262192412,Tiffany & Co.,SI,366,0TF2257BU,0,NO,create
10971,8056262188590,Tiffany & Co.,SI,366,0TF2258BU,0,NO,create
10972,8056262188606,Tiffany & Co.,SI,366,0TF2258BU,0,NO,create
10973,8056262188613,Tiffany & Co.,SI,366,0TF2258BU,0,NO,create
10974,8056262188620,Tiffany & Co.,SI,366,0TF2258BU,0,NO,create
10975,8056262188637,Tiffany & Co.,SI,366,0TF2258BU,0,NO,create
10976,8056262188644,Tiffany & Co.,SI,366,0TF2258BU,0,NO,create
10977,8056262188651,Tiffany & Co.,SI,366,0TF2258BU,0,NO,create
10978,8056262188811,Tiffany & Co.,SI,366,0TF2259,0,NO,create
10979,8056262188828,Tiffany & Co.,SI,366,0TF2259,0,NO,create
10980,8056262188835,Tiffany & Co.,SI,366,0TF2259,0,NO,create
10981,8056262188842,Tiffany & Co.,SI,366,0TF2259,0,NO,create
10982,8056262188859,Tiffany & Co.,SI,366,0TF2259,0,NO,create
10983,8056262188866,Tiffany & Co.,SI,366,0TF2259,0,NO,create
10984,8056262188873,Tiffany & Co.,SI,366,0TF2259,0,NO,create
10985,8056262188880,Tiffany & Co.,SI,366,0TF2259,0,NO,create
10986,8056262183052,Tiffany & Co.,SI,366,0TF2260,0,NO,create
10987,8056262183069,Tiffany & Co.,SI,366,0TF2260,0,NO,create
10988,8056262183113,Tiffany & Co.,SI,366,0TF2260,0,NO,create
10989,8056262183076,Tiffany & Co.,SI,366,0TF2260,0,NO,create
10990,8056262183083,Tiffany & Co.,SI,366,0TF2260,0,NO,create
10991,8056262183090,Tiffany & Co.,SI,366,0TF2260,0,NO,create
10992,8056262183106,Tiffany & Co.,SI,366,0TF2260,0,NO,create
10993,8056262825983,Tiffany & Co.,SI,366,0TF2260,0,NO,create
10994,8056262825990,Tiffany & Co.,SI,366,0TF2260,0,NO,create
10995,8056262184424,Tiffany & Co.,SI,366,0TF2261,0,NO,create
10996,8056262184448,Tiffany & Co.,SI,366,0TF2261,0,NO,create
10997,8056262184479,Tiffany & Co.,SI,366,0TF2261,0,NO,create
10998,8056262184486,Tiffany & Co.,SI,366,0TF2261,0,NO,create
10999,8056262184455,Tiffany & Co.,SI,366,0TF2261,0,NO,create
11000,8056262184462,Tiffany & Co.,SI,366,0TF2261,0,NO,create
11001,8056262184608,Tiffany & Co.,SI,366,0TF2262,0,NO,create
11002,8056262184615,Tiffany & Co.,SI,366,0TF2262,0,NO,create
11003,8056262184622,Tiffany & Co.,SI,366,0TF2262,0,NO,create
11004,8056262184653,Tiffany & Co.,SI,366,0TF2262,0,NO,create
11005,8056262184660,Tiffany & Co.,SI,366,0TF2262,0,NO,create
11006,8056262184639,Tiffany & Co.,SI,366,0TF2262,0,NO,create
11007,8056262184646,Tiffany & Co.,SI,366,0TF2262,0,NO,create
11008,8056262544594,Tiffany & Co.,SI,366,0TF2262,0,NO,create
11009,8056262544600,Tiffany & Co.,SI,366,0TF2262,0,NO,create
11010,8056262184790,Tiffany & Co.,SI,366,0TF2263D,0,NO,create
11011,8056262184783,Tiffany & Co.,SI,366,0TF2263D,0,NO,create
11012,8056262184806,Tiffany & Co.,SI,366,0TF2263D,0,NO,create
11013,8056262184905,Tiffany & Co.,SI,366,0TF2264D,0,NO,create
11014,8056262184936,Tiffany & Co.,SI,366,0TF2264D,0,NO,create
11015,8056262184929,Tiffany & Co.,SI,366,0TF2264D,0,NO,create
11016,8056262184912,Tiffany & Co.,SI,366,0TF2264D,0,NO,create
11017,8056262361535,Tiffany & Co.,SI,366,0TF2266,0,NO,create
11018,8056262361559,Tiffany & Co.,SI,366,0TF2266,0,NO,create
11019,8056262361573,Tiffany & Co.,SI,366,0TF2266,0,NO,create
11020,8056262521298,Tiffany & Co.,SI,366,0TF2266,0,NO,create
11021,8056262521304,Tiffany & Co.,SI,366,0TF2266,0,NO,create
11022,8056262945452,Tiffany & Co.,SI,366,0TF2266,0,NO,create
11023,8056262945469,Tiffany & Co.,SI,366,0TF2266,0,NO,create
11024,8056262361580,Tiffany & Co.,SI,366,0TF2266,0,NO,create
11025,8056262361597,Tiffany & Co.,SI,366,0TF2266,0,NO,create
11026,8056262363966,Tiffany & Co.,SI,366,0TF2267,0,NO,create
11027,8056262363997,Tiffany & Co.,SI,366,0TF2267,0,NO,create
11028,8056262363980,Tiffany & Co.,SI,366,0TF2267,0,NO,create
11029,8056262364017,Tiffany & Co.,SI,366,0TF2267,0,NO,create
11030,8056262364000,Tiffany & Co.,SI,366,0TF2267,0,NO,create
11031,8056262364031,Tiffany & Co.,SI,366,0TF2267,0,NO,create
11032,8056262364024,Tiffany & Co.,SI,366,0TF2267,0,NO,create
11033,8056262364109,Tiffany & Co.,SI,366,0TF2268U,0,NO,create
11034,8056262364123,Tiffany & Co.,SI,366,0TF2268U,0,NO,create
11035,8056262364147,Tiffany & Co.,SI,366,0TF2268U,0,NO,create
11036,8056262364154,Tiffany & Co.,SI,366,0TF2268U,0,NO,create
11037,8056262364161,Tiffany & Co.,SI,366,0TF2268U,0,NO,create
11038,8056262364192,Tiffany & Co.,SI,366,0TF2269U,0,NO,create
11039,8056262364208,Tiffany & Co.,SI,366,0TF2269U,0,NO,create
11040,8056262364246,Tiffany & Co.,SI,366,0TF2269U,0,NO,create
11041,8056262364215,Tiffany & Co.,SI,366,0TF2269U,0,NO,create
11042,8056262364222,Tiffany & Co.,SI,366,0TF2269U,0,NO,create
11043,8056262364253,Tiffany & Co.,SI,366,0TF2269U,0,NO,create
11044,8056262364260,Tiffany & Co.,SI,366,0TF2269U,0,NO,create
11045,8056262364390,Tiffany & Co.,SI,366,0TF2270B,0,NO,create
11046,8056262364406,Tiffany & Co.,SI,366,0TF2270B,0,NO,create
11047,8056262364413,Tiffany & Co.,SI,366,0TF2270B,0,NO,create
11048,8056262364420,Tiffany & Co.,SI,366,0TF2270B,0,NO,create
11049,8056262827093,Tiffany & Co.,SI,366,0TF2270B,0,NO,create
11050,8056262827109,Tiffany & Co.,SI,366,0TF2270B,0,NO,create
11051,8056262364437,Tiffany & Co.,SI,366,0TF2270B,0,NO,create
11052,8056262364444,Tiffany & Co.,SI,366,0TF2270B,0,NO,create
11053,8056262364857,Tiffany & Co.,SI,366,0TF2271,1,NO,update
11054,8056262364864,Tiffany & Co.,SI,366,0TF2271,0,NO,create
11055,8056262364871,Tiffany & Co.,SI,366,0TF2271,1,NO,update
11056,8056262364895,Tiffany & Co.,SI,366,0TF2271,0,NO,create
11057,8056262364987,Tiffany & Co.,SI,366,0TF2272U,0,NO,create
11058,8056262364994,Tiffany & Co.,SI,366,0TF2272U,0,NO,create
11059,8056262365014,Tiffany & Co.,SI,366,0TF2272U,0,NO,create
11060,8056262365021,Tiffany & Co.,SI,366,0TF2272U,0,NO,create
11061,8056262365045,Tiffany & Co.,SI,366,0TF2272U,0,NO,create
11062,8056262365052,Tiffany & Co.,SI,366,0TF2272U,0,NO,create
11063,8056262375150,Tiffany & Co.,SI,366,0TF2273D,0,NO,create
11064,8056262375167,Tiffany & Co.,SI,366,0TF2273D,0,NO,create
11065,8056262375174,Tiffany & Co.,SI,366,0TF2273D,0,NO,create
11066,8056262375181,Tiffany & Co.,SI,366,0TF2273D,0,NO,create
11067,8056262375198,Tiffany & Co.,SI,366,0TF2274D,0,NO,create
11068,8056262375204,Tiffany & Co.,SI,366,0TF2274D,0,NO,create
11069,8056262411179,Tiffany & Co.,SI,366,0TF2275D,0,NO,create
11070,8056262411186,Tiffany & Co.,SI,366,0TF2275D,0,NO,create
11071,8056262411193,Tiffany & Co.,SI,366,0TF2275D,0,NO,create
11072,8056262539842,Tiffany & Co.,SI,366,0TF2276,0,NO,create
11073,8056262539859,Tiffany & Co.,SI,366,0TF2276,0,NO,create
11074,8056262539903,Tiffany & Co.,SI,366,0TF2276,0,NO,create
11075,8056262539910,Tiffany & Co.,SI,366,0TF2276,0,NO,create
11076,8056262539866,Tiffany & Co.,SI,366,0TF2276,0,NO,create
11077,8056262539873,Tiffany & Co.,SI,366,0TF2276,0,NO,create
11078,8056262539880,Tiffany & Co.,SI,366,0TF2276,0,NO,create
11079,8056262539897,Tiffany & Co.,SI,366,0TF2276,0,NO,create
11080,8056262539927,Tiffany & Co.,SI,366,0TF2277,0,NO,create
11081,8056262539934,Tiffany & Co.,SI,366,0TF2277,0,NO,create
11082,8056262539941,Tiffany & Co.,SI,366,0TF2277,0,NO,create
11083,8056262539958,Tiffany & Co.,SI,366,0TF2277,0,NO,create
11084,8056262539989,Tiffany & Co.,SI,366,0TF2277,0,NO,create
11085,8056262539996,Tiffany & Co.,SI,366,0TF2277,0,NO,create
11086,8056262539965,Tiffany & Co.,SI,366,0TF2277,0,NO,create
11087,8056262539972,Tiffany & Co.,SI,366,0TF2277,0,NO,create
11088,8056262540046,Tiffany & Co.,SI,366,0TF2278,0,NO,create
11089,8056262540053,Tiffany & Co.,SI,366,0TF2278,0,NO,create
11090,8056262540008,Tiffany & Co.,SI,366,0TF2278,0,NO,create
11091,8056262540015,Tiffany & Co.,SI,366,0TF2278,0,NO,create
11092,8056262540060,Tiffany & Co.,SI,366,0TF2278,0,NO,create
11093,8056262540077,Tiffany & Co.,SI,366,0TF2278,0,NO,create
11094,8056262540022,Tiffany & Co.,SI,366,0TF2278,0,NO,create
11095,8056262540039,Tiffany & Co.,SI,366,0TF2278,0,NO,create
11096,8056262540107,Tiffany & Co.,SI,366,0TF2279D,0,NO,create
11097,8056262540084,Tiffany & Co.,SI,366,0TF2279D,0,NO,create
11098,8056262540091,Tiffany & Co.,SI,366,0TF2279D,0,NO,create
11099,8056262540114,Tiffany & Co.,SI,366,0TF2279D,0,NO,create
11100,8056262540831,Tiffany & Co.,SI,366,0TF2280D,0,NO,create
11101,8056262540848,Tiffany & Co.,SI,366,0TF2280D,0,NO,create
11102,8056262540855,Tiffany & Co.,SI,366,0TF2280D,0,NO,create
11103,8056262540862,Tiffany & Co.,SI,366,0TF2280D,0,NO,create
11104,8056262540893,Tiffany & Co.,SI,366,0TF2281,0,NO,create
11105,8056262540909,Tiffany & Co.,SI,366,0TF2281,0,NO,create
11106,8056262540916,Tiffany & Co.,SI,366,0TF2281,0,NO,create
11107,8056262540923,Tiffany & Co.,SI,366,0TF2281,0,NO,create
11108,8056262540879,Tiffany & Co.,SI,366,0TF2281,0,NO,create
11109,8056262540886,Tiffany & Co.,SI,366,0TF2281,0,NO,create
11110,8056262540954,Tiffany & Co.,SI,366,0TF2281,1,NO,update
11111,8056262540961,Tiffany & Co.,SI,366,0TF2281,1,NO,update
11112,8056262540930,Tiffany & Co.,SI,366,0TF2281,1,NO,update
11113,8056262540947,Tiffany & Co.,SI,366,0TF2281,1,NO,update
11114,8056262540978,Tiffany & Co.,SI,366,0TF2282,0,NO,create
11115,8056262540985,Tiffany & Co.,SI,366,0TF2282,0,NO,create
11116,8056262540992,Tiffany & Co.,SI,366,0TF2282,0,NO,create
11117,8056262541005,Tiffany & Co.,SI,366,0TF2282,0,NO,create
11118,8056262541012,Tiffany & Co.,SI,366,0TF2282,0,NO,create
11119,8056262541029,Tiffany & Co.,SI,366,0TF2282,0,NO,create
11120,8056262541036,Tiffany & Co.,SI,366,0TF2282,0,NO,create
11121,8056262541043,Tiffany & Co.,SI,366,0TF2282,0,NO,create
11122,8056262541050,Tiffany & Co.,SI,366,0TF2283,1,NO,update
11123,8056262541067,Tiffany & Co.,SI,366,0TF2283,1,NO,update
11124,8056262541098,Tiffany & Co.,SI,366,0TF2283,1,NO,update
11125,8056262541104,Tiffany & Co.,SI,366,0TF2283,1,NO,update
11126,8056262541074,Tiffany & Co.,SI,366,0TF2283,1,NO,update
11127,8056262541081,Tiffany & Co.,SI,366,0TF2283,1,NO,update
11128,8056262541135,Tiffany & Co.,SI,366,0TF2283,0,NO,create
11129,8056262541142,Tiffany & Co.,SI,366,0TF2283,0,NO,create
11130,8056262541128,Tiffany & Co.,SI,366,0TF2283,0,NO,create
11131,8056262541371,Tiffany & Co.,SI,366,0TF2284B,1,NO,update
11132,8056262541388,Tiffany & Co.,SI,366,0TF2284B,1,NO,update
11133,8056262541418,Tiffany & Co.,SI,366,0TF2284B,0,NO,create
11134,8056262541425,Tiffany & Co.,SI,366,0TF2284B,0,NO,create
11135,8056262541395,Tiffany & Co.,SI,366,0TF2284B,0,NO,create
11136,8056262541401,Tiffany & Co.,SI,366,0TF2284B,0,NO,create
11137,8056262541432,Tiffany & Co.,SI,366,0TF2284B,0,NO,create
11138,8056262541449,Tiffany & Co.,SI,366,0TF2284B,0,NO,create
11139,8056262820643,Tiffany & Co.,SI,366,0TF2285U,0,NO,create
11140,8056262815878,Tiffany & Co.,SI,366,0TF2285U,0,NO,create
11141,8056262820650,Tiffany & Co.,SI,366,0TF2285U,0,NO,create
11142,8056262815892,Tiffany & Co.,SI,366,0TF2285U,0,NO,create
11143,8056262820667,Tiffany & Co.,SI,366,0TF2285U,0,NO,create
11144,8056262815915,Tiffany & Co.,SI,366,0TF2285U,0,NO,create
11145,8056262820674,Tiffany & Co.,SI,366,0TF2285U,0,NO,create
11146,8056262815939,Tiffany & Co.,SI,366,0TF2285U,0,NO,create
11147,8056262816004,Tiffany & Co.,SI,366,0TF2286D,0,NO,create
11148,8056262816011,Tiffany & Co.,SI,366,0TF2286D,0,NO,create
11149,8056262816028,Tiffany & Co.,SI,366,0TF2286D,0,NO,create
11150,8056262816035,Tiffany & Co.,SI,366,0TF2286D,0,NO,create
11151,8056262816042,Tiffany & Co.,SI,366,0TF2287U,0,NO,create
11152,8056262816059,Tiffany & Co.,SI,366,0TF2287U,0,NO,create
11153,8056262816066,Tiffany & Co.,SI,366,0TF2287U,0,NO,create
11154,8056262816073,Tiffany & Co.,SI,366,0TF2287U,0,NO,create
11155,8056262816103,Tiffany & Co.,SI,366,0TF2287U,0,NO,create
11156,8056262816110,Tiffany & Co.,SI,366,0TF2287U,0,NO,create
11157,8056262816080,Tiffany & Co.,SI,366,0TF2287U,0,NO,create
11158,8056262816097,Tiffany & Co.,SI,366,0TF2287U,0,NO,create
11159,8056262816219,Tiffany & Co.,SI,366,0TF2288B,0,NO,create
11160,8056262816226,Tiffany & Co.,SI,366,0TF2288B,0,NO,create
11161,8056262816257,Tiffany & Co.,SI,366,0TF2288B,0,NO,create
11162,8056262816264,Tiffany & Co.,SI,366,0TF2288B,0,NO,create
11163,8056262816233,Tiffany & Co.,SI,366,0TF2288B,0,NO,create
11164,8056262816240,Tiffany & Co.,SI,366,0TF2288B,0,NO,create
11165,8056262816271,Tiffany & Co.,SI,366,0TF2288B,0,NO,create
11166,8056262816288,Tiffany & Co.,SI,366,0TF2288B,0,NO,create
11167,8056262816295,Tiffany & Co.,SI,366,0TF2289,0,NO,create
11168,8056262816301,Tiffany & Co.,SI,366,0TF2289,0,NO,create
11169,8056262816318,Tiffany & Co.,SI,366,0TF2289,0,NO,create
11170,8056262816325,Tiffany & Co.,SI,366,0TF2289,0,NO,create
11171,8056262816332,Tiffany & Co.,SI,366,0TF2289,0,NO,create
11172,8056262816349,Tiffany & Co.,SI,366,0TF2289,0,NO,create
11173,8056262816356,Tiffany & Co.,SI,366,0TF2289,0,NO,create
11174,8056262816363,Tiffany & Co.,SI,366,0TF2289,0,NO,create
11175,8056262816448,Tiffany & Co.,SI,366,0TF2290BU,0,NO,create
11176,8056262816455,Tiffany & Co.,SI,366,0TF2290BU,0,NO,create
11177,8056262816462,Tiffany & Co.,SI,366,0TF2290BU,0,NO,create
11178,8056262816479,Tiffany & Co.,SI,366,0TF2290BU,0,NO,create
11179,8056262816486,Tiffany & Co.,SI,366,0TF2290BU,0,NO,create
11180,8056262816493,Tiffany & Co.,SI,366,0TF2290BU,0,NO,create
11181,8056262816509,Tiffany & Co.,SI,366,0TF2290BU,0,NO,create
11182,8056262816516,Tiffany & Co.,SI,366,0TF2290BU,0,NO,create
11183,8056262816523,Tiffany & Co.,SI,366,0TF2290BU,0,NO,create
11184,8056262816530,Tiffany & Co.,SI,366,0TF2290BU,0,NO,create
11185,8056262816646,Tiffany & Co.,SI,366,0TF2291D,0,NO,create
11186,8056262816653,Tiffany & Co.,SI,366,0TF2291D,0,NO,create
11187,8056262816660,Tiffany & Co.,SI,366,0TF2291D,0,NO,create
11188,8056262816677,Tiffany & Co.,SI,366,0TF2291D,0,NO,create
11189,8056262816684,Tiffany & Co.,SI,366,0TF2292,0,NO,create
11190,8056262816691,Tiffany & Co.,SI,366,0TF2292,0,NO,create
11191,8056262816707,Tiffany & Co.,SI,366,0TF2292,0,NO,create
11192,8056262816714,Tiffany & Co.,SI,366,0TF2292,0,NO,create
11193,8056262816721,Tiffany & Co.,SI,366,0TF2292,0,NO,create
11194,8056262816738,Tiffany & Co.,SI,366,0TF2292,0,NO,create
11195,8056262816769,Tiffany & Co.,SI,366,0TF2293U,1,NO,update
11196,8056262816776,Tiffany & Co.,SI,366,0TF2293U,0,NO,create
11197,8056262816783,Tiffany & Co.,SI,366,0TF2293U,0,NO,create
11198,8056262816790,Tiffany & Co.,SI,366,0TF2293U,0,NO,create
11199,8056262816820,Tiffany & Co.,SI,366,0TF2293U,0,NO,create
11200,8056262816837,Tiffany & Co.,SI,366,0TF2293U,0,NO,create
11201,8056262816806,Tiffany & Co.,SI,366,0TF2293U,0,NO,create
11202,8056262816813,Tiffany & Co.,SI,366,0TF2293U,0,NO,create
11203,8056262839973,Tiffany & Co.,SI,366,0TF2294U,0,NO,create
11204,8056262839935,Tiffany & Co.,SI,366,0TF2294U,0,NO,create
11205,8056262840009,Tiffany & Co.,SI,366,0TF2294U,0,NO,create
11206,8056262839966,Tiffany & Co.,SI,366,0TF2294U,0,NO,create
11207,8056262839980,Tiffany & Co.,SI,366,0TF2294U,0,NO,create
11208,8056262839942,Tiffany & Co.,SI,366,0TF2294U,0,NO,create
11209,8056262839997,Tiffany & Co.,SI,366,0TF2294U,0,NO,create
11210,8056262839959,Tiffany & Co.,SI,366,0TF2294U,0,NO,create
11211,8056262937198,Tiffany & Co.,SI,366,0TF2295U,0,NO,create
11212,8056262937211,Tiffany & Co.,SI,366,0TF2295U,0,NO,create
11213,8056262937228,Tiffany & Co.,SI,366,0TF2295U,0,NO,create
11214,8056262937204,Tiffany & Co.,SI,366,0TF2295U,0,NO,create
11215,8056262937334,Tiffany & Co.,SI,366,0TF2296U,0,NO,create
11216,8056262937341,Tiffany & Co.,SI,366,0TF2296U,0,NO,create
11217,8056262937372,Tiffany & Co.,SI,366,0TF2296U,0,NO,create
11218,8056262937389,Tiffany & Co.,SI,366,0TF2296U,0,NO,create
11219,8056262937358,Tiffany & Co.,SI,366,0TF2296U,0,NO,create
11220,8056262937365,Tiffany & Co.,SI,366,0TF2296U,0,NO,create
11221,8056262937396,Tiffany & Co.,SI,366,0TF2296U,0,NO,create
11222,8056262937402,Tiffany & Co.,SI,366,0TF2296U,0,NO,create
11223,8056262937501,Tiffany & Co.,SI,366,0TF2297,0,NO,create
11224,8056262937518,Tiffany & Co.,SI,366,0TF2297,0,NO,create
11225,8056262937525,Tiffany & Co.,SI,366,0TF2297,0,NO,create
11226,8056262937532,Tiffany & Co.,SI,366,0TF2297,0,NO,create
11227,8056262937563,Tiffany & Co.,SI,366,0TF2297,0,NO,create
11228,8056262937570,Tiffany & Co.,SI,366,0TF2297,0,NO,create
11229,8056262937549,Tiffany & Co.,SI,366,0TF2297,0,NO,create
11230,8056262937556,Tiffany & Co.,SI,366,0TF2297,0,NO,create
11231,8056262937587,Tiffany & Co.,SI,366,0TF2298B,0,NO,create
11232,8056262937594,Tiffany & Co.,SI,366,0TF2298B,0,NO,create
11233,8056262937600,Tiffany & Co.,SI,366,0TF2298B,0,NO,create
11234,8056262937617,Tiffany & Co.,SI,366,0TF2298B,0,NO,create
11235,8056262937624,Tiffany & Co.,SI,366,0TF2298B,0,NO,create
11236,8056262937631,Tiffany & Co.,SI,366,0TF2298B,0,NO,create
11237,8056262937655,Tiffany & Co.,SI,366,0TF2298B,0,NO,create
11238,8056262937662,Tiffany & Co.,SI,366,0TF2298B,0,NO,create
11239,8056262937785,Tiffany & Co.,SI,366,0TF2299U,0,NO,create
11240,8056262937792,Tiffany & Co.,SI,366,0TF2299U,0,NO,create
11241,8056262937808,Tiffany & Co.,SI,366,0TF2299U,0,NO,create
11242,8056262937815,Tiffany & Co.,SI,366,0TF2299U,0,NO,create
11243,8056262937822,Tiffany & Co.,SI,366,0TF2299U,0,NO,create
11244,8056262937839,Tiffany & Co.,SI,366,0TF2299U,0,NO,create
11245,8056262937846,Tiffany & Co.,SI,366,0TF2299U,0,NO,create
11246,8056262937853,Tiffany & Co.,SI,366,0TF2299U,0,NO,create
11247,8056262945988,Tiffany & Co.,SI,366,0TF2301U,0,NO,create
11248,8056262945995,Tiffany & Co.,SI,366,0TF2301U,0,NO,create
11249,8056262945971,Tiffany & Co.,SI,366,0TF2301U,0,NO,create
11250,8056262937938,Tiffany & Co.,SI,366,0TF2302B,0,NO,create
11251,8056262937945,Tiffany & Co.,SI,366,0TF2302B,0,NO,create
11252,8056262937952,Tiffany & Co.,SI,366,0TF2302B,0,NO,create
11253,8056262937969,Tiffany & Co.,SI,366,0TF2302B,0,NO,create
11254,8056262937990,Tiffany & Co.,SI,366,0TF2302B,0,NO,create
11255,8056262938003,Tiffany & Co.,SI,366,0TF2302B,0,NO,create
11256,8056262937976,Tiffany & Co.,SI,366,0TF2302B,0,NO,create
11257,8056262937983,Tiffany & Co.,SI,366,0TF2302B,0,NO,create
11258,8056262938010,Tiffany & Co.,SI,366,0TF2303U,0,NO,create
11259,8056262938027,Tiffany & Co.,SI,366,0TF2303U,0,NO,create
11260,8056262938072,Tiffany & Co.,SI,366,0TF2303U,0,NO,create
11261,8056262938089,Tiffany & Co.,SI,366,0TF2303U,0,NO,create
11262,8056262938034,Tiffany & Co.,SI,366,0TF2303U,0,NO,create
11263,8056262938041,Tiffany & Co.,SI,366,0TF2303U,0,NO,create
11264,8056262938058,Tiffany & Co.,SI,366,0TF2303U,0,NO,create
11265,8056262938065,Tiffany & Co.,SI,366,0TF2303U,0,NO,create
11266,8056262938539,Tiffany & Co.,SI,366,0TF2304D,0,NO,create
11267,8056262938546,Tiffany & Co.,SI,366,0TF2304D,0,NO,create
11268,8056262938553,Tiffany & Co.,SI,366,0TF2304D,0,NO,create
11269,8056262938577,Tiffany & Co.,SI,366,0TF2305D,0,NO,create
11270,8056262938560,Tiffany & Co.,SI,366,0TF2305D,0,NO,create
11271,8056262938584,Tiffany & Co.,SI,366,0TF2305D,0,NO,create
11272,8056262938706,Tiffany & Co.,SI,366,0TF2306D,0,NO,create
11273,8056262938690,Tiffany & Co.,SI,366,0TF2306D,0,NO,create
11274,8056262938683,Tiffany & Co.,SI,366,0TF2306D,0,NO,create
11275,8056262938874,Tiffany & Co.,SI,366,0TF2307D,0,NO,create
11276,8056262938911,Tiffany & Co.,SI,366,0TF2307D,0,NO,create
11277,8056262938935,Tiffany & Co.,SI,366,0TF2307D,0,NO,create
11278,8056597382687,Tiffany & Co.,SI,366,0TF3077,0,NO,create
11279,8056597382700,Tiffany & Co.,SI,366,0TF3077,0,NO,create
11280,8056597580601,Tiffany & Co.,SI,366,0TF3082,0,NO,create
11281,8056597580656,Tiffany & Co.,SI,366,0TF3082,0,NO,create
11282,8056597580700,Tiffany & Co.,SI,366,0TF3082,0,NO,create
11283,8056262192313,Tiffany & Co.,SI,366,0TF3088,1,NO,update
11284,8056597752114,Tiffany & Co.,SI,366,0TF3088,1,NO,update
11285,8056262226667,Tiffany & Co.,SI,366,0TF3088,1,NO,update
11286,8056597807289,Tiffany & Co.,SI,366,0TF3091,0,NO,create
11287,8056597851428,Tiffany & Co.,SI,366,0TF3093D,0,NO,create
11288,8056597916073,Tiffany & Co.,SI,366,0TF3095,0,NO,create
11289,8056597916110,Tiffany & Co.,SI,366,0TF3095,0,NO,create
11290,8056597916127,Tiffany & Co.,SI,366,0TF3095,0,NO,create
11291,8056597916301,Tiffany & Co.,SI,366,0TF3096,1,NO,update
11292,8056597918695,Tiffany & Co.,SI,366,0TF3097TD,0,NO,create
11293,8056262003237,Tiffany & Co.,SI,366,0TF3101B,0,NO,create
11294,8056262003244,Tiffany & Co.,SI,366,0TF3101B,1,NO,update
11295,8056262003275,Tiffany & Co.,SI,366,0TF3101B,0,NO,create
11296,8056262003671,Tiffany & Co.,SI,366,0TF3102B,0,NO,create
11297,8056262003695,Tiffany & Co.,SI,366,0TF3102B,0,NO,create
11298,8056262003718,Tiffany & Co.,SI,366,0TF3102B,0,NO,create
11299,8056262004302,Tiffany & Co.,SI,366,0TF3103K,1,NO,update
11300,8056262004319,Tiffany & Co.,SI,366,0TF3103K,1,NO,update
11301,8056262004326,Tiffany & Co.,SI,366,0TF3103K,0,NO,create
11302,8056262004333,Tiffany & Co.,SI,366,0TF3103K,0,NO,create
11303,8056262192320,Tiffany & Co.,SI,366,0TF3104D,1,NO,update
11304,8056262010716,Tiffany & Co.,SI,366,0TF3104D,1,NO,update
11305,8056262010723,Tiffany & Co.,SI,366,0TF3104D,1,NO,update
11306,8056262010730,Tiffany & Co.,SI,366,0TF3104D,1,NO,update
11307,8056262010747,Tiffany & Co.,SI,366,0TF3104D,1,NO,update
11308,8056262827116,Tiffany & Co.,SI,366,0TF3104D,1,NO,update
11309,8056262011058,Tiffany & Co.,SI,366,0TF3105D,0,NO,create
11310,8056262011065,Tiffany & Co.,SI,366,0TF3105D,0,NO,create
11311,8056262189344,Tiffany & Co.,SI,366,0TF3107KB,0,NO,create
11312,8056262189351,Tiffany & Co.,SI,366,0TF3107KB,0,NO,create
11313,8056262189337,Tiffany & Co.,SI,366,0TF3107KB,0,NO,create
11314,8056262189368,Tiffany & Co.,SI,366,0TF3107KB,0,NO,create
11315,8056262189115,Tiffany & Co.,SI,366,0TF3108B,0,NO,create
11316,8056262228432,Tiffany & Co.,SI,366,0TF3108B,1,NO,update
11317,8056262294901,Tiffany & Co.,SI,366,0TF3108B,1,NO,update
11318,8056262189139,Tiffany & Co.,SI,366,0TF3108B,0,NO,create
11319,8056262189122,Tiffany & Co.,SI,366,0TF3108B,0,NO,create
11320,8056262229538,Tiffany & Co.,SI,366,0TF3110KB,1,NO,update
11321,8056262229545,Tiffany & Co.,SI,366,0TF3110KB,1,NO,update
11322,8056262365236,Tiffany & Co.,SI,366,0TF3111,0,NO,create
11323,8056262365243,Tiffany & Co.,SI,366,0TF3111,0,NO,create
11324,8056262365250,Tiffany & Co.,SI,366,0TF3111,1,NO,update
11325,8056262365267,Tiffany & Co.,SI,366,0TF3111,0,NO,create
11326,8056262365441,Tiffany & Co.,SI,366,0TF3112K,0,NO,create
11327,8056262365458,Tiffany & Co.,SI,366,0TF3112K,0,NO,create
11328,8056262365465,Tiffany & Co.,SI,366,0TF3112K,0,NO,create
11329,8056262365649,Tiffany & Co.,SI,366,0TF3113KB,0,NO,create
11330,8056262365656,Tiffany & Co.,SI,366,0TF3113KB,0,NO,create
11331,8056262365663,Tiffany & Co.,SI,366,0TF3113KB,0,NO,create
11332,8056262558706,Tiffany & Co.,SI,366,0TF3114,0,NO,create
11333,8056262541524,Tiffany & Co.,SI,366,0TF3114,0,NO,create
11334,8056262541531,Tiffany & Co.,SI,366,0TF3114,1,NO,update
11335,8056262541548,Tiffany & Co.,SI,366,0TF3114,1,NO,update
11336,8056262541555,Tiffany & Co.,SI,366,0TF3114,0,NO,create
11337,8056262541630,Tiffany & Co.,SI,366,0TF3115,0,NO,create
11338,8056262541654,Tiffany & Co.,SI,366,0TF3115,0,NO,create
11339,8056262541616,Tiffany & Co.,SI,366,0TF3115,1,NO,update
11340,8056262541623,Tiffany & Co.,SI,366,0TF3115,1,NO,update
11341,8056262541647,Tiffany & Co.,SI,366,0TF3115,0,NO,create
11342,8056262542132,Tiffany & Co.,SI,366,0TF3116,0,NO,create
11343,8056262542163,Tiffany & Co.,SI,366,0TF3116,1,NO,update
11344,8056262542194,Tiffany & Co.,SI,366,0TF3116,1,NO,update
11345,8056262559406,Tiffany & Co.,SI,366,0TF3116,0,NO,create
11346,8056262559413,Tiffany & Co.,SI,366,0TF3116,0,NO,create
11347,8056262558577,Tiffany & Co.,SI,366,0TF3117,1,NO,update
11348,8056262547649,Tiffany & Co.,SI,366,0TF3117,1,NO,update
11349,8056262547656,Tiffany & Co.,SI,366,0TF3117,0,NO,create
11350,8056262832837,Tiffany & Co.,SI,366,0TF3119D,1,NO,update
11351,8056262832844,Tiffany & Co.,SI,366,0TF3119D,1,NO,update
11352,8056262832851,Tiffany & Co.,SI,366,0TF3119D,1,NO,update
11353,8056262832868,Tiffany & Co.,SI,366,0TF3119D,1,NO,update
11354,8056262832875,Tiffany & Co.,SI,366,0TF3119D,1,NO,update
11355,8056262832905,Tiffany & Co.,SI,366,0TF3120,0,NO,create
11356,8056262832882,Tiffany & Co.,SI,366,0TF3120,1,NO,update
11357,8056262832899,Tiffany & Co.,SI,366,0TF3120,1,NO,update
11358,8056262832912,Tiffany & Co.,SI,366,0TF3120,1,NO,update
11359,8056262832929,Tiffany & Co.,SI,366,0TF3120,0,NO,create
11360,8056262819531,Tiffany & Co.,SI,366,0TF3121KB,0,NO,create
11361,8056262819555,Tiffany & Co.,SI,366,0TF3121KB,0,NO,create
11362,8056262819548,Tiffany & Co.,SI,366,0TF3121KB,0,NO,create
11363,8056262938126,Tiffany & Co.,SI,366,0TF3122,0,NO,create
11364,8056262938119,Tiffany & Co.,SI,366,0TF3122,0,NO,create
11365,8056262938102,Tiffany & Co.,SI,366,0TF3122,0,NO,create
11366,8056262938096,Tiffany & Co.,SI,366,0TF3122,0,NO,create
11367,8056262939567,Tiffany & Co.,SI,366,0TF3123,0,NO,create
11368,8056262956953,Tiffany & Co.,SI,366,0TF3123,0,NO,create
11369,8056262939574,Tiffany & Co.,SI,366,0TF3123,0,NO,create
11370,8056262939550,Tiffany & Co.,SI,366,0TF3123,0,NO,create
11371,8056262939673,Tiffany & Co.,SI,366,0TF3124,0,NO,create
11372,8056262939703,Tiffany & Co.,SI,366,0TF3124,0,NO,create
11373,8056262939697,Tiffany & Co.,SI,366,0TF3124,0,NO,create
11374,8056262939666,Tiffany & Co.,SI,366,0TF3124,0,NO,create
11375,8056262939772,Tiffany & Co.,SI,366,0TF3125,0,NO,create
11376,8056262939796,Tiffany & Co.,SI,366,0TF3125,0,NO,create
11377,8056262939802,Tiffany & Co.,SI,366,0TF3125,0,NO,create
11378,8056262939765,Tiffany & Co.,SI,366,0TF3125,0,NO,create
11379,805289526940,Tiffany & Co.,SI,366,0TF4047B,0,NO,create
11380,8053672173918,Tiffany & Co.,SI,366,0TF4089B,0,NO,create
11381,8053672363241,Tiffany & Co.,SI,366,0TF4105HB,0,NO,create
11382,8053672363258,Tiffany & Co.,SI,366,0TF4105HB,0,NO,create
11383,8053672589566,Tiffany & Co.,SI,366,0TF4121B,0,NO,create
11384,8053672884531,Tiffany & Co.,SI,366,0TF4148,0,NO,create
11385,8056597758031,Tiffany & Co.,SI,366,0TF4148,0,NO,create
11386,8056597208703,Tiffany & Co.,SI,366,0TF4170,0,NO,create
11387,8056597382489,Tiffany & Co.,SI,366,0TF4178,0,NO,create
11388,8056597412476,Tiffany & Co.,SI,366,0TF4178,0,NO,create
11389,8056597642279,Tiffany & Co.,SI,366,0TF4188D,0,NO,create
11390,8056597642392,Tiffany & Co.,SI,366,0TF4188D,0,NO,create
11391,8056597602235,Tiffany & Co.,SI,366,0TF4189B,0,NO,create
11392,8056597602273,Tiffany & Co.,SI,366,0TF4189B,0,NO,create
11393,8056597603430,Tiffany & Co.,SI,366,0TF4190,0,NO,create
11394,8056597667203,Tiffany & Co.,SI,366,0TF4193B,0,NO,create
11395,8056597667227,Tiffany & Co.,SI,366,0TF4193B,0,NO,create
11396,8056597752275,Tiffany & Co.,SI,366,0TF4196,0,NO,create
11397,8056597752336,Tiffany & Co.,SI,366,0TF4197,0,NO,create
11398,8056262009840,Tiffany & Co.,SI,366,0TF4197,0,NO,create
11399,8056597752350,Tiffany & Co.,SI,366,0TF4197,0,NO,create
11400,8056262192375,Tiffany & Co.,SI,366,0TF4197,0,NO,create
11401,8056597752718,Tiffany & Co.,SI,366,0TF4199,1,NO,update
11402,8056597752725,Tiffany & Co.,SI,366,0TF4199,0,NO,create
11403,8056262372197,Tiffany & Co.,SI,366,0TF4199,1,NO,update
11404,8056597752374,Tiffany & Co.,SI,366,0TF4201,0,NO,create
11405,8056597849715,Tiffany & Co.,SI,366,0TF4203,0,NO,create
11406,8056597850803,Tiffany & Co.,SI,366,0TF4205U,0,NO,create
11407,8056597850810,Tiffany & Co.,SI,366,0TF4205U,0,NO,create
11408,8056597850834,Tiffany & Co.,SI,366,0TF4205U,0,NO,create
11409,8056597850971,Tiffany & Co.,SI,366,0TF4206U,0,NO,create
11410,8056597870672,Tiffany & Co.,SI,366,0TF4206U,0,NO,create
11411,8056597851015,Tiffany & Co.,SI,366,0TF4206U,0,NO,create
11412,8056597852449,Tiffany & Co.,SI,366,0TF4208U,0,NO,create
11413,8056597851459,Tiffany & Co.,SI,366,0TF4209D,0,NO,create
11414,8056597851473,Tiffany & Co.,SI,366,0TF4209D,0,NO,create
11415,8056597853248,Tiffany & Co.,SI,366,0TF4210D,0,NO,create
11416,8056597852241,Tiffany & Co.,SI,366,0TF4210D,0,NO,create
11417,8056597916592,Tiffany & Co.,SI,366,0TF4212U,0,NO,create
11418,8056597916134,Tiffany & Co.,SI,366,0TF4213,0,NO,create
11419,8056597916141,Tiffany & Co.,SI,366,0TF4213,0,NO,create
11420,8056597916158,Tiffany & Co.,SI,366,0TF4213,0,NO,create
11421,8056597916653,Tiffany & Co.,SI,366,0TF4214U,0,NO,create
11422,8056597916783,Tiffany & Co.,SI,366,0TF4215,0,NO,create
11423,8056597916790,Tiffany & Co.,SI,366,0TF4215,0,NO,create
11424,8056597916806,Tiffany & Co.,SI,366,0TF4215,0,NO,create
11425,8056597916820,Tiffany & Co.,SI,366,0TF4215,0,NO,create
11426,8056597916837,Tiffany & Co.,SI,366,0TF4216,0,NO,create
11427,8056597916844,Tiffany & Co.,SI,366,0TF4216,0,NO,create
11428,8056597916899,Tiffany & Co.,SI,366,0TF4216,0,NO,create
11429,8056597916905,Tiffany & Co.,SI,366,0TF4216,0,NO,create
11430,8056262544624,Tiffany & Co.,SI,366,0TF4216,0,NO,create
11431,8056597940702,Tiffany & Co.,SI,366,0TF4217,0,NO,create
11432,8056597917032,Tiffany & Co.,SI,366,0TF4217,0,NO,create
11433,8056597917063,Tiffany & Co.,SI,366,0TF4217,0,NO,create
11434,8056262003725,Tiffany & Co.,SI,366,0TF4218,0,NO,create
11435,8056262003732,Tiffany & Co.,SI,366,0TF4218,0,NO,create
11436,8056262003749,Tiffany & Co.,SI,366,0TF4218,0,NO,create
11437,8056262003770,Tiffany & Co.,SI,366,0TF4219,0,NO,create
11438,8056262003824,Tiffany & Co.,SI,366,0TF4220,0,NO,create
11439,8056262003831,Tiffany & Co.,SI,366,0TF4220,0,NO,create
11440,8056262003848,Tiffany & Co.,SI,366,0TF4220,0,NO,create
11441,8056262004357,Tiffany & Co.,SI,366,0TF4221,0,NO,create
11442,8056262004364,Tiffany & Co.,SI,366,0TF4221,1,NO,update
11443,8056262004371,Tiffany & Co.,SI,366,0TF4221,0,NO,create
11444,8056262004418,Tiffany & Co.,SI,366,0TF4222U,0,NO,create
11445,8056262011263,Tiffany & Co.,SI,366,0TF4223D,0,NO,create
11446,8056262011287,Tiffany & Co.,SI,366,0TF4223D,0,NO,create
11447,8056262011454,Tiffany & Co.,SI,366,0TF4224D,0,NO,create
11448,8056262011461,Tiffany & Co.,SI,366,0TF4224D,0,NO,create
11449,8056262189450,Tiffany & Co.,SI,366,0TF4225U,1,NO,update
11450,8056262189467,Tiffany & Co.,SI,366,0TF4225U,1,NO,update
11451,8056262189764,Tiffany & Co.,SI,366,0TF4225U,0,NO,create
11452,8056262189481,Tiffany & Co.,SI,366,0TF4225U,0,NO,create
11453,8056262189474,Tiffany & Co.,SI,366,0TF4225U,0,NO,create
11454,8056262189597,Tiffany & Co.,SI,366,0TF4226U,0,NO,create
11455,8056262189542,Tiffany & Co.,SI,366,0TF4226U,1,NO,update
11456,8056262189559,Tiffany & Co.,SI,366,0TF4226U,1,NO,update
11457,8056262189573,Tiffany & Co.,SI,366,0TF4226U,0,NO,create
11458,8056262189580,Tiffany & Co.,SI,366,0TF4226U,0,NO,create
11459,8056262189566,Tiffany & Co.,SI,366,0TF4226U,0,NO,create
11460,8056262189719,Tiffany & Co.,SI,366,0TF4227BU,0,NO,create
11461,8056262189733,Tiffany & Co.,SI,366,0TF4227BU,0,NO,create
11462,8056262189726,Tiffany & Co.,SI,366,0TF4227BU,0,NO,create
11463,8056262189740,Tiffany & Co.,SI,366,0TF4227BU,0,NO,create
11464,8056262189757,Tiffany & Co.,SI,366,0TF4227BU,0,NO,create
11465,8056262185193,Tiffany & Co.,SI,366,0TF4228,0,NO,create
11466,8056262185230,Tiffany & Co.,SI,366,0TF4228,0,NO,create
11467,8056262185223,Tiffany & Co.,SI,366,0TF4228,0,NO,create
11468,8056262185209,Tiffany & Co.,SI,366,0TF4228,0,NO,create
11469,8056262185216,Tiffany & Co.,SI,366,0TF4228,0,NO,create
11470,8056262185407,Tiffany & Co.,SI,366,0TF4229,1,NO,update
11471,8056262185414,Tiffany & Co.,SI,366,0TF4229,1,NO,update
11472,8056262185445,Tiffany & Co.,SI,366,0TF4229,0,NO,create
11473,8056262185421,Tiffany & Co.,SI,366,0TF4229,0,NO,create
11474,8056262185896,Tiffany & Co.,SI,366,0TF4230,0,NO,create
11475,8056262185865,Tiffany & Co.,SI,366,0TF4230,1,NO,update
11476,8056262226575,Tiffany & Co.,SI,366,0TF4230,0,NO,create
11477,8056262185933,Tiffany & Co.,SI,366,0TF4230,1,NO,update
11478,8056262365373,Tiffany & Co.,SI,366,0TF4231U,1,NO,update
11479,8056262365380,Tiffany & Co.,SI,366,0TF4231U,1,NO,update
11480,8056262521335,Tiffany & Co.,SI,366,0TF4231U,1,NO,update
11481,8056262945582,Tiffany & Co.,SI,366,0TF4231U,0,NO,create
11482,8056262365403,Tiffany & Co.,SI,366,0TF4231U,0,NO,create
11483,8056262365274,Tiffany & Co.,SI,366,0TF4232,1,NO,update
11484,8056262365281,Tiffany & Co.,SI,366,0TF4232,1,NO,update
11485,8056262365298,Tiffany & Co.,SI,366,0TF4232,0,NO,create
11486,8056262521281,Tiffany & Co.,SI,366,0TF4232,0,NO,create
11487,8056262365304,Tiffany & Co.,SI,366,0TF4232,0,NO,create
11488,8056262365311,Tiffany & Co.,SI,366,0TF4232,0,NO,create
11489,8056262365687,Tiffany & Co.,SI,366,0TF4233U,0,NO,create
11490,8056262365694,Tiffany & Co.,SI,366,0TF4233U,0,NO,create
11491,8056262365717,Tiffany & Co.,SI,366,0TF4233U,0,NO,create
11492,8056262365700,Tiffany & Co.,SI,366,0TF4233U,0,NO,create
11493,8056262365724,Tiffany & Co.,SI,366,0TF4233U,0,NO,create
11494,8056262365816,Tiffany & Co.,SI,366,0TF4234U,0,NO,create
11495,8056262365809,Tiffany & Co.,SI,366,0TF4234U,0,NO,create
11496,8056262365854,Tiffany & Co.,SI,366,0TF4234U,0,NO,create
11497,8056262365823,Tiffany & Co.,SI,366,0TF4234U,0,NO,create
11498,8056262365847,Tiffany & Co.,SI,366,0TF4234U,0,NO,create
11499,8056262366011,Tiffany & Co.,SI,366,0TF4235,1,NO,update
11500,8056262366028,Tiffany & Co.,SI,366,0TF4235,0,NO,create
11501,8056262366059,Tiffany & Co.,SI,366,0TF4235,0,NO,create
11502,8056262366042,Tiffany & Co.,SI,366,0TF4235,1,NO,update
11503,8056262366417,Tiffany & Co.,SI,366,0TF4236U,0,NO,create
11504,8056262366400,Tiffany & Co.,SI,366,0TF4236U,1,NO,update
11505,8056262366431,Tiffany & Co.,SI,366,0TF4236U,0,NO,create
11506,8056262366424,Tiffany & Co.,SI,366,0TF4236U,0,NO,create
11507,8056262366448,Tiffany & Co.,SI,366,0TF4237B,1,NO,update
11508,8056262366486,Tiffany & Co.,SI,366,0TF4237B,1,NO,update
11509,8056262366455,Tiffany & Co.,SI,366,0TF4237B,1,NO,update
11510,8056262366479,Tiffany & Co.,SI,366,0TF4237B,0,NO,create
11511,8056262366547,Tiffany & Co.,SI,366,0TF4238U,1,NO,update
11512,8056262366561,Tiffany & Co.,SI,366,0TF4238U,1,NO,update
11513,8056262366578,Tiffany & Co.,SI,366,0TF4238U,1,NO,update
11514,8056262366554,Tiffany & Co.,SI,366,0TF4238U,0,NO,create
11515,8056262366585,Tiffany & Co.,SI,366,0TF4238U,0,NO,create
11516,8056262910115,Tiffany & Co.,SI,366,0TF4238U,0,NO,create
11517,8056262910122,Tiffany & Co.,SI,366,0TF4238U,0,NO,create
11518,8056262367193,Tiffany & Co.,SI,366,0TF4239U,1,NO,update
11519,8056262367216,Tiffany & Co.,SI,366,0TF4239U,0,NO,create
11520,8056262367223,Tiffany & Co.,SI,366,0TF4239U,1,NO,update
11521,8056262367209,Tiffany & Co.,SI,366,0TF4239U,0,NO,create
11522,8056262367247,Tiffany & Co.,SI,366,0TF4240U,1,NO,update
11523,8056262367254,Tiffany & Co.,SI,366,0TF4240U,1,NO,update
11524,8056262367261,Tiffany & Co.,SI,366,0TF4240U,0,NO,create
11525,8056262367278,Tiffany & Co.,SI,366,0TF4240U,0,NO,create
11526,8056262367285,Tiffany & Co.,SI,366,0TF4240U,0,NO,create
11527,8056262411209,Tiffany & Co.,SI,366,0TF4241D,1,NO,update
11528,8056262411216,Tiffany & Co.,SI,366,0TF4241D,1,NO,update
11529,8056262411223,Tiffany & Co.,SI,366,0TF4241D,0,NO,create
11530,8056262411230,Tiffany & Co.,SI,366,0TF4241D,0,NO,create
11531,8056262411285,Tiffany & Co.,SI,366,0TF4242D,1,NO,update
11532,8056262411292,Tiffany & Co.,SI,366,0TF4242D,1,NO,update
11533,8056262521526,Tiffany & Co.,SI,366,0TF4242D,1,NO,update
11534,8056262411308,Tiffany & Co.,SI,366,0TF4242D,1,NO,update
11535,8056262827123,Tiffany & Co.,SI,366,0TF4242D,1,NO,update
11536,8056262411926,Tiffany & Co.,SI,366,0TF4243D,0,NO,create
11537,8056262411902,Tiffany & Co.,SI,366,0TF4243D,0,NO,create
11538,8056262411933,Tiffany & Co.,SI,366,0TF4243D,0,NO,create
11539,8056262411995,Tiffany & Co.,SI,366,0TF4244D,1,NO,update
11540,8056262412015,Tiffany & Co.,SI,366,0TF4244D,0,NO,create
11541,8056262412022,Tiffany & Co.,SI,366,0TF4244D,0,NO,create
11542,8056262543450,Tiffany & Co.,SI,366,0TF4249,1,NO,update
11543,8056262543474,Tiffany & Co.,SI,366,0TF4249,0,NO,create
11544,8056262559246,Tiffany & Co.,SI,366,0TF4249,0,NO,create
11545,8056262543467,Tiffany & Co.,SI,366,0TF4249,0,NO,create
11546,8056262559239,Tiffany & Co.,SI,366,0TF4249,1,NO,update
11547,8056262543818,Tiffany & Co.,SI,366,0TF4250,1,NO,update
11548,8056262543825,Tiffany & Co.,SI,366,0TF4250,0,NO,create
11549,8056262558720,Tiffany & Co.,SI,366,0TF4250,0,NO,create
11550,8056262543832,Tiffany & Co.,SI,366,0TF4250,0,NO,create
11551,8056262558713,Tiffany & Co.,SI,366,0TF4250,0,NO,create
11552,8056262543849,Tiffany & Co.,SI,366,0TF4251,0,NO,create
11553,8056262543863,Tiffany & Co.,SI,366,0TF4251,0,NO,create
11554,8056262543856,Tiffany & Co.,SI,366,0TF4251,0,NO,create
11555,8056262543870,Tiffany & Co.,SI,366,0TF4251,0,NO,create
11556,8056262543887,Tiffany & Co.,SI,366,0TF4251,0,NO,create
11557,8056262543894,Tiffany & Co.,SI,366,0TF4252B,1,NO,update
11558,8056262543900,Tiffany & Co.,SI,366,0TF4252B,1,NO,update
11559,8056262559420,Tiffany & Co.,SI,366,0TF4252B,0,NO,create
11560,8056262559437,Tiffany & Co.,SI,366,0TF4252B,0,NO,create
11561,8056262543917,Tiffany & Co.,SI,366,0TF4253,1,NO,update
11562,8056262543924,Tiffany & Co.,SI,366,0TF4253,0,NO,create
11563,8056262543948,Tiffany & Co.,SI,366,0TF4253,0,NO,create
11564,8056262559222,Tiffany & Co.,SI,366,0TF4253,1,NO,update
11565,8056262543931,Tiffany & Co.,SI,366,0TF4253,0,NO,create
11566,8056262819647,Tiffany & Co.,SI,366,0TF4254U,1,NO,update
11567,8056262819654,Tiffany & Co.,SI,366,0TF4254U,0,NO,create
11568,8056262819715,Tiffany & Co.,SI,366,0TF4254U,1,NO,update
11569,8056262819746,Tiffany & Co.,SI,366,0TF4254U,0,NO,create
11570,8056262819685,Tiffany & Co.,SI,366,0TF4254U,1,NO,update
11571,8056262820056,Tiffany & Co.,SI,366,0TF4255U,0,NO,create
11572,8056262820063,Tiffany & Co.,SI,366,0TF4255U,0,NO,create
11573,8056262820087,Tiffany & Co.,SI,366,0TF4255U,0,NO,create
11574,8056262820070,Tiffany & Co.,SI,366,0TF4255U,0,NO,create
11575,8056262820094,Tiffany & Co.,SI,366,0TF4256D,1,NO,update
11576,8056262820100,Tiffany & Co.,SI,366,0TF4256D,0,NO,create
11577,8056262820124,Tiffany & Co.,SI,366,0TF4256D,0,NO,create
11578,8056262820131,Tiffany & Co.,SI,366,0TF4256D,0,NO,create
11579,8056262820117,Tiffany & Co.,SI,366,0TF4256D,0,NO,create
11580,8056262820414,Tiffany & Co.,SI,366,0TF4257U,1,NO,update
11581,8056262820421,Tiffany & Co.,SI,366,0TF4257U,0,NO,create
11582,8056262820438,Tiffany & Co.,SI,366,0TF4257U,0,NO,create
11583,8056262820445,Tiffany & Co.,SI,366,0TF4257U,0,NO,create
11584,8056262820452,Tiffany & Co.,SI,366,0TF4257U,0,NO,create
11585,8056262820469,Tiffany & Co.,SI,366,0TF4258BU,0,NO,create
11586,8056262820476,Tiffany & Co.,SI,366,0TF4258BU,0,NO,create
11587,8056262820506,Tiffany & Co.,SI,366,0TF4258BU,0,NO,create
11588,8056262820483,Tiffany & Co.,SI,366,0TF4258BU,0,NO,create
11589,8056262820490,Tiffany & Co.,SI,366,0TF4258BU,0,NO,create
11590,8056262820681,Tiffany & Co.,SI,366,0TF4259,1,NO,update
11591,8056262820698,Tiffany & Co.,SI,366,0TF4259,0,NO,create
11592,8056262820704,Tiffany & Co.,SI,366,0TF4259,0,NO,create
11593,8056262820728,Tiffany & Co.,SI,366,0TF4259,0,NO,create
11594,8056262820711,Tiffany & Co.,SI,366,0TF4259,1,NO,update
11595,8056262820742,Tiffany & Co.,SI,366,0TF4260U,0,NO,create
11596,8056262820759,Tiffany & Co.,SI,366,0TF4260U,0,NO,create
11597,8056262820773,Tiffany & Co.,SI,366,0TF4260U,0,NO,create
11598,8056262820766,Tiffany & Co.,SI,366,0TF4260U,0,NO,create
11599,8056262820780,Tiffany & Co.,SI,366,0TF4261,1,NO,update
11600,8056262820797,Tiffany & Co.,SI,366,0TF4261,1,NO,update
11601,8056262820803,Tiffany & Co.,SI,366,0TF4261,1,NO,update
11602,8056262822005,Tiffany & Co.,SI,366,0TF4262K,1,NO,update
11603,8056262822012,Tiffany & Co.,SI,366,0TF4262K,1,NO,update
11604,8056262822029,Tiffany & Co.,SI,366,0TF4262K,1,NO,update
11605,8056262822982,Tiffany & Co.,SI,366,0TF4263D,0,NO,create
11606,8056262823002,Tiffany & Co.,SI,366,0TF4263D,0,NO,create
11607,8056262832943,Tiffany & Co.,SI,366,0TF4263D,0,NO,create
11608,8056262824122,Tiffany & Co.,SI,366,0TF4263D,0,NO,create
11609,8056262832936,Tiffany & Co.,SI,366,0TF4263D,0,NO,create
11610,8056262832950,Tiffany & Co.,SI,366,0TF4264U,1,NO,update
11611,8056262824139,Tiffany & Co.,SI,366,0TF4264U,1,NO,update
11612,8056262832967,Tiffany & Co.,SI,366,0TF4264U,0,NO,create
11613,8056262824146,Tiffany & Co.,SI,366,0TF4264U,0,NO,create
11614,8056262823590,Tiffany & Co.,SI,366,0TF4265U,1,NO,update
11615,8056262823620,Tiffany & Co.,SI,366,0TF4265U,1,NO,update
11616,8056262823606,Tiffany & Co.,SI,366,0TF4265U,0,NO,create
11617,8056262823613,Tiffany & Co.,SI,366,0TF4265U,0,NO,create
11618,8056262823637,Tiffany & Co.,SI,366,0TF4265U,0,NO,create
11619,8056262997611,Tiffany & Co.,SI,366,0TF4266U,0,NO,create
11620,8056262943113,Tiffany & Co.,SI,366,0TF4266U,0,NO,create
11621,8056262943120,Tiffany & Co.,SI,366,0TF4266U,0,NO,create
11622,8056262943915,Tiffany & Co.,SI,366,0TF4267,0,NO,create
11623,8056262943922,Tiffany & Co.,SI,366,0TF4267,0,NO,create
11624,8056262943939,Tiffany & Co.,SI,366,0TF4267,0,NO,create
11625,8056262943946,Tiffany & Co.,SI,366,0TF4267,0,NO,create
11626,8056262943953,Tiffany & Co.,SI,366,0TF4267,0,NO,create
11627,8056262943991,Tiffany & Co.,SI,366,0TF4268U,0,NO,create
11628,8056262944004,Tiffany & Co.,SI,366,0TF4268U,0,NO,create
11629,8056262944011,Tiffany & Co.,SI,366,0TF4268U,0,NO,create
11630,8056262944158,Tiffany & Co.,SI,366,0TF4269U,0,NO,create
11631,8056262944165,Tiffany & Co.,SI,366,0TF4269U,0,NO,create
11632,8056262944172,Tiffany & Co.,SI,366,0TF4269U,0,NO,create
11633,8056262944400,Tiffany & Co.,SI,366,0TF4270U,0,NO,create
11634,8056262944448,Tiffany & Co.,SI,366,0TF4270U,0,NO,create
11635,8056262944417,Tiffany & Co.,SI,366,0TF4270U,0,NO,create
11636,8056262944424,Tiffany & Co.,SI,366,0TF4270U,0,NO,create
11637,8056262944431,Tiffany & Co.,SI,366,0TF4270U,0,NO,create
11638,8056262944066,Tiffany & Co.,SI,366,0TF4271,0,NO,create
11639,8056262944073,Tiffany & Co.,SI,366,0TF4271,0,NO,create
11640,8056262944080,Tiffany & Co.,SI,366,0TF4271,0,NO,create
11641,8056262944097,Tiffany & Co.,SI,366,0TF4271,0,NO,create
11642,725125474016,Versace,SI,266,0VE1066,1,NO,update
11643,725125715010,Versace,SI,266,0VE1184,0,NO,create
11644,725125715027,Versace,SI,266,0VE1184,0,NO,create
11645,8053672139136,Versace,SI,266,0VE1218,0,NO,create
11646,8053672464887,Versace,SI,266,0VE1232,0,NO,create
11647,8053672613001,Versace,SI,266,0VE1233Q,0,NO,create
11648,8053672468779,Versace,SI,266,0VE1233Q,1,NO,update
11649,8053672754483,Versace,SI,266,0VE1247,0,NO,create
11650,8056597122511,Versace,SI,266,0VE1264,0,NO,create
11651,8056597122535,Versace,SI,266,0VE1264,0,NO,create
11652,8056597117654,Versace,SI,266,0VE1265,0,NO,create
11653,8056597224734,Versace,SI,266,0VE1269,1,NO,update
11654,8056597352789,Versace,SI,266,0VE1271,0,NO,create
11655,8056597352765,Versace,SI,266,0VE1271,1,NO,update
11656,8056597382380,Versace,SI,266,0VE1273D,1,NO,update
11657,8056597382373,Versace,SI,266,0VE1273D,0,NO,create
11658,8056262043691,Versace,SI,266,0VE1274,0,NO,create
11659,8056597384490,Versace,SI,266,0VE1274,1,NO,update
11660,8056597896658,Versace,SI,266,0VE1274,1,NO,update
11661,8056597896665,Versace,SI,266,0VE1274,0,NO,create
11662,8056597384551,Versace,SI,266,0VE1275,0,NO,create
11663,8056597384520,Versace,SI,266,0VE1275,1,NO,update
11664,8056597640534,Versace,SI,266,0VE1279,1,NO,update
11665,8056597640565,Versace,SI,266,0VE1279,0,NO,create
11666,8056597649940,Versace,SI,266,0VE1282D,0,NO,create
11667,8056597649933,Versace,SI,266,0VE1282D,0,NO,create
11668,8056597683234,Versace,SI,266,0VE1283,1,NO,update
11669,8056597683333,Versace,SI,266,0VE1283,0,NO,create
11670,8056597726429,Versace,SI,266,0VE1285,1,NO,update
11671,8056597943468,Versace,SI,266,0VE1285,0,NO,create
11672,8056597726450,Versace,SI,266,0VE1285,0,NO,create
11673,8056597943451,Versace,SI,266,0VE1285,0,NO,create
11674,8056597730587,Versace,SI,266,0VE1286D,0,NO,create
11675,8056597800495,Versace,SI,266,0VE1287,1,NO,update
11676,8056597800501,Versace,SI,266,0VE1287,1,NO,update
11677,8056597800518,Versace,SI,266,0VE1287,1,NO,update
11678,8056262886656,Versace,SI,266,0VE1287,0,NO,create
11679,8056262886663,Versace,SI,266,0VE1287,0,NO,create
11680,8056597800525,Versace,SI,266,0VE1287,1,NO,update
11681,8056597800532,Versace,SI,266,0VE1287,1,NO,update
11682,8056597853064,Versace,SI,266,0VE1291D,0,NO,create
11683,8056597853071,Versace,SI,266,0VE1291D,0,NO,create
11684,8056597933599,Versace,SI,266,0VE1294D,0,NO,create
11685,8056597933612,Versace,SI,266,0VE1294D,0,NO,create
11686,8056597933629,Versace,SI,266,0VE1294D,0,NO,create
11687,8056262018644,Versace,SI,266,0VE1295,0,NO,create
11688,8056262018774,Versace,SI,266,0VE1296,1,NO,update
11689,8056262050200,Versace,SI,266,0VE1299D,0,NO,create
11690,8056262050187,Versace,SI,266,0VE1299D,0,NO,create
11691,8056262050217,Versace,SI,266,0VE1299D,0,NO,create
11692,8056262220955,Versace,SI,266,0VE1301,0,NO,create
11693,8056262220931,Versace,SI,266,0VE1301,0,NO,create
11694,8056262220948,Versace,SI,266,0VE1301,0,NO,create
11695,8056262220979,Versace,SI,266,0VE1301,1,NO,update
11696,8056262220986,Versace,SI,266,0VE1301,0,NO,create
11697,8056262220139,Versace,SI,266,0VE1302,0,NO,create
11698,8056262220085,Versace,SI,266,0VE1302,1,NO,update
11699,8056262464243,Versace,SI,266,0VE1304,1,NO,update
11700,8056262476062,Versace,SI,266,0VE1304,1,NO,update
11701,8056262476048,Versace,SI,266,0VE1304,1,NO,update
11702,8056262464267,Versace,SI,266,0VE1304,1,NO,update
11703,8056262464274,Versace,SI,266,0VE1304,0,NO,create
11704,8056262427729,Versace,SI,266,0VE1305,1,NO,update
11705,8056262427736,Versace,SI,266,0VE1305,1,NO,update
11706,8056262867068,Versace,SI,266,0VE1305,0,NO,create
11707,8056262427750,Versace,SI,266,0VE1305,1,NO,update
11708,8056262476079,Versace,SI,266,0VE1306,0,NO,create
11709,8056262476093,Versace,SI,266,0VE1306,1,NO,update
11710,8056262422458,Versace,SI,266,0VE1306,0,NO,create
11711,8056262422434,Versace,SI,266,0VE1306,0,NO,create
11712,8056262476086,Versace,SI,266,0VE1306,1,NO,update
11713,8056262422021,Versace,SI,266,0VE1307,1,NO,update
11714,8056262422038,Versace,SI,266,0VE1307,1,NO,update
11715,8056262422045,Versace,SI,266,0VE1307,0,NO,create
11716,8056262422052,Versace,SI,266,0VE1307,0,NO,create
11717,8056262422007,Versace,SI,266,0VE1307,1,NO,update
11718,8056262422014,Versace,SI,266,0VE1307,1,NO,update
11719,8056262422069,Versace,SI,266,0VE1307,1,NO,update
11720,8056262422076,Versace,SI,266,0VE1307,1,NO,update
11721,8056262551141,Versace,SI,266,0VE1308,1,NO,update
11722,8056262551158,Versace,SI,266,0VE1308,1,NO,update
11723,8056262551127,Versace,SI,266,0VE1308,0,NO,create
11724,8056262551134,Versace,SI,266,0VE1308,0,NO,create
11725,8056262551103,Versace,SI,266,0VE1308,1,NO,update
11726,8056262551110,Versace,SI,266,0VE1308,1,NO,update
11727,8056262551165,Versace,SI,266,0VE1308,0,NO,create
11728,8056262551172,Versace,SI,266,0VE1308,0,NO,create
11729,8056262550304,Versace,SI,266,0VE1309,0,NO,create
11730,8056262550311,Versace,SI,266,0VE1309,0,NO,create
11731,8056262550328,Versace,SI,266,0VE1309,0,NO,create
11732,8056262550335,Versace,SI,266,0VE1309,0,NO,create
11733,8056262550342,Versace,SI,266,0VE1309,0,NO,create
11734,8056262550359,Versace,SI,266,0VE1309,0,NO,create
11735,8056262551202,Versace,SI,266,0VE1310,1,NO,update
11736,8056262551196,Versace,SI,266,0VE1310,1,NO,update
11737,8056262551189,Versace,SI,266,0VE1310,1,NO,update
11738,8056262566046,Versace,SI,266,0VE1310,0,NO,create
11739,8056262550939,Versace,SI,266,0VE1311,0,NO,create
11740,8056262550946,Versace,SI,266,0VE1311,0,NO,create
11741,8056262550915,Versace,SI,266,0VE1311,0,NO,create
11742,8056262550922,Versace,SI,266,0VE1311,0,NO,create
11743,8056262550953,Versace,SI,266,0VE1311,0,NO,create
11744,8056262550960,Versace,SI,266,0VE1311,0,NO,create
11745,8056262550816,Versace,SI,266,0VE1312,0,NO,create
11746,8056262550823,Versace,SI,266,0VE1312,0,NO,create
11747,8056262550793,Versace,SI,266,0VE1312,0,NO,create
11748,8056262550809,Versace,SI,266,0VE1312,0,NO,create
11749,8056262550830,Versace,SI,266,0VE1312,0,NO,create
11750,8056262550847,Versace,SI,266,0VE1312,0,NO,create
11751,8056262581391,Versace,SI,266,0VE1313D,0,NO,create
11752,8056262581384,Versace,SI,266,0VE1313D,0,NO,create
11753,8056262581407,Versace,SI,266,0VE1313D,0,NO,create
11754,8056262581414,Versace,SI,266,0VE1313D,0,NO,create
11755,8056262581438,Versace,SI,266,0VE1314D,0,NO,create
11756,8056262581445,Versace,SI,266,0VE1314D,0,NO,create
11757,8056262581421,Versace,SI,266,0VE1314D,1,NO,update
11758,8056262813096,Versace,SI,266,0VE1315,0,NO,create
11759,8056262813102,Versace,SI,266,0VE1315,0,NO,create
11760,8056262813119,Versace,SI,266,0VE1315,0,NO,create
11761,8056262813126,Versace,SI,266,0VE1315,0,NO,create
11762,8056262813133,Versace,SI,266,0VE1315,0,NO,create
11763,8056262813140,Versace,SI,266,0VE1315,0,NO,create
11764,8056262813157,Versace,SI,266,0VE1315,1,NO,update
11765,8056262813164,Versace,SI,266,0VE1315,1,NO,update
11766,8056262759783,Versace,SI,266,0VE1316,0,NO,create
11767,8056262759790,Versace,SI,266,0VE1316,0,NO,create
11768,8056262759806,Versace,SI,266,0VE1316,0,NO,create
11769,8056262759813,Versace,SI,266,0VE1316,0,NO,create
11770,8056262759837,Versace,SI,266,0VE1316,0,NO,create
11771,8056262759844,Versace,SI,266,0VE1316,0,NO,create
11772,8056262814338,Versace,SI,266,0VE1317,0,NO,create
11773,8056262814345,Versace,SI,266,0VE1317,0,NO,create
11774,8056262814352,Versace,SI,266,0VE1317,0,NO,create
11775,8056262814369,Versace,SI,266,0VE1317,1,NO,update
11776,8056262814406,Versace,SI,266,0VE1317,0,NO,create
11777,8056262814413,Versace,SI,266,0VE1317,0,NO,create
11778,8056262760536,Versace,SI,266,0VE1318,1,NO,update
11779,8056262760543,Versace,SI,266,0VE1318,0,NO,create
11780,8056262760529,Versace,SI,266,0VE1318,1,NO,update
11781,8056262909485,Versace,SI,266,0VE1319,0,NO,create
11782,8056262909478,Versace,SI,266,0VE1319,0,NO,create
11783,8056262909461,Versace,SI,266,0VE1319,0,NO,create
11784,8056262909454,Versace,SI,266,0VE1319,0,NO,create
11785,8056262910047,Versace,SI,266,0VE1320,0,NO,create
11786,8056262910030,Versace,SI,266,0VE1320,0,NO,create
11787,8056262947494,Versace,SI,266,0VE1320,0,NO,create
11788,8056262947487,Versace,SI,266,0VE1320,0,NO,create
11789,8056262960523,Versace,SI,266,0VE1321,0,NO,create
11790,8056262960547,Versace,SI,266,0VE1321,0,NO,create
11791,8056262960530,Versace,SI,266,0VE1321,0,NO,create
11792,8056262968161,Versace,SI,266,0VE1322,0,NO,create
11793,8056262968178,Versace,SI,266,0VE1322,0,NO,create
11794,8056262968185,Versace,SI,266,0VE1322,0,NO,create
11795,8056262968055,Versace,SI,266,0VE1323,0,NO,create
11796,8056262968048,Versace,SI,266,0VE1323,0,NO,create
11797,8056262968031,Versace,SI,266,0VE1323,0,NO,create
11798,8056262968024,Versace,SI,266,0VE1323,0,NO,create
11799,8056262968079,Versace,SI,266,0VE1323,0,NO,create
11800,8056262968062,Versace,SI,266,0VE1323,0,NO,create
11801,8056262975039,Versace,SI,266,0VE1324D,0,NO,create
11802,8056262975015,Versace,SI,266,0VE1324D,0,NO,create
11803,8056262975022,Versace,SI,266,0VE1324D,0,NO,create
11804,8056262974988,Versace,SI,266,0VE1325D,0,NO,create
11805,8056262974995,Versace,SI,266,0VE1325D,0,NO,create
11806,8056262975008,Versace,SI,266,0VE1325D,0,NO,create
11807,8056262967973,Versace,SI,266,0VE1326,0,NO,create
11808,8056262967966,Versace,SI,266,0VE1326,0,NO,create
11809,8056262967997,Versace,SI,266,0VE1326,0,NO,create
11810,8056262967980,Versace,SI,266,0VE1326,0,NO,create
11811,8056262968017,Versace,SI,266,0VE1326,0,NO,create
11812,8056262968000,Versace,SI,266,0VE1326,0,NO,create
11813,725125505833,Versace,SI,266,0VE2054,1,NO,update
11814,725125505857,Versace,SI,266,0VE2054,1,NO,update
11815,8053672820959,Versace,SI,266,0VE2140,1,NO,update
11816,725125823265,Versace,SI,266,0VE2140,1,NO,update
11817,8053672505382,Versace,SI,266,0VE2163,1,NO,update
11818,8053672469417,Versace,SI,266,0VE2166,0,NO,create
11819,8053672587470,Versace,SI,266,0VE2168,0,NO,create
11820,8053672776140,Versace,SI,266,0VE2168,0,NO,create
11821,8053672800944,Versace,SI,266,0VE2184,0,NO,create
11822,8053672916065,Versace,SI,266,0VE2198,1,NO,update
11823,8053672916072,Versace,SI,266,0VE2198,1,NO,update
11824,8053672923087,Versace,SI,266,0VE2199,1,NO,update
11825,8053672923070,Versace,SI,266,0VE2199,1,NO,update
11826,8056597882798,Versace,SI,266,0VE2199,0,NO,create
11827,8056597051729,Versace,SI,266,0VE2212,1,NO,update
11828,8056597220194,Versace,SI,266,0VE2225,1,NO,update
11829,8056597220200,Versace,SI,266,0VE2225,1,NO,update
11830,8056597236782,Versace,SI,266,0VE2226,1,NO,update
11831,8056597353250,Versace,SI,266,0VE2227,0,NO,create
11832,8056597384704,Versace,SI,266,0VE2231,1,NO,update
11833,8056597384728,Versace,SI,266,0VE2231,1,NO,update
11834,8056597460965,Versace,SI,266,0VE2232,1,NO,update
11835,8056597540711,Versace,SI,266,0VE2235,1,NO,update
11836,8056597525145,Versace,SI,266,0VE2236,1,NO,update
11837,8056597555463,Versace,SI,266,0VE2236,1,NO,update
11838,8056597527866,Versace,SI,266,0VE2237,0,NO,create
11839,8056597523486,Versace,SI,266,0VE2238,1,NO,update
11840,8056597523493,Versace,SI,266,0VE2238,1,NO,update
11841,8056597533195,Versace,SI,266,0VE2239,1,NO,update
11842,8056597533225,Versace,SI,266,0VE2239,0,NO,create
11843,8056262296516,Versace,SI,266,0VE2245,0,NO,create
11844,8056262867051,Versace,SI,266,0VE2245,1,NO,update
11845,8056262296523,Versace,SI,266,0VE2245,1,NO,update
11846,8056597643030,Versace,SI,266,0VE2245,1,NO,update
11847,8056597643054,Versace,SI,266,0VE2245,1,NO,update
11848,8056597650380,Versace,SI,266,0VE2246D,0,NO,create
11849,8056597650397,Versace,SI,266,0VE2247D,0,NO,create
11850,8056597682534,Versace,SI,266,0VE2248,1,NO,update
11851,8056597729826,Versace,SI,266,0VE2251,0,NO,create
11852,8056597729840,Versace,SI,266,0VE2251,1,NO,update
11853,8056597729963,Versace,SI,266,0VE2252,0,NO,create
11854,8056597729970,Versace,SI,266,0VE2252,1,NO,update
11855,8056597729987,Versace,SI,266,0VE2252,1,NO,update
11856,8056262296462,Versace,SI,266,0VE2257,0,NO,create
11857,8056597838528,Versace,SI,266,0VE2257,1,NO,update
11858,8056262859841,Versace,SI,266,0VE2257,1,NO,update
11859,8056262859834,Versace,SI,266,0VE2257,1,NO,update
11860,8056597838511,Versace,SI,266,0VE2257,1,NO,update
11861,8056597922067,Versace,SI,266,0VE2260,1,NO,update
11862,8056597922074,Versace,SI,266,0VE2260,1,NO,update
11863,8056597920742,Versace,SI,266,0VE2261,1,NO,update
11864,8056597920766,Versace,SI,266,0VE2261,1,NO,update
11865,8056597942485,Versace,SI,266,0VE2262,1,NO,update
11866,8056597921589,Versace,SI,266,0VE2263,0,NO,create
11867,8056597921602,Versace,SI,266,0VE2263,1,NO,update
11868,8056597921619,Versace,SI,266,0VE2263,1,NO,update
11869,8056262661345,Versace,SI,266,0VE2264,1,NO,update
11870,8056597922357,Versace,SI,266,0VE2264,1,NO,update
11871,8056262450901,Versace,SI,266,0VE2264,1,NO,update
11872,8056262661338,Versace,SI,266,0VE2264,0,NO,create
11873,8056597922364,Versace,SI,266,0VE2264,1,NO,update
11874,8056597922371,Versace,SI,266,0VE2264,1,NO,update
11875,8056262014172,Versace,SI,266,0VE2266,1,NO,update
11876,8056262014134,Versace,SI,266,0VE2266,1,NO,update
11877,8056262014158,Versace,SI,266,0VE2266,1,NO,update
11878,8056262017395,Versace,SI,266,0VE2267,1,NO,update
11879,8056262017388,Versace,SI,266,0VE2267,0,NO,create
11880,8056262032077,Versace,SI,266,0VE2269,0,NO,create
11881,8056262032039,Versace,SI,266,0VE2269,1,NO,update
11882,8056262062661,Versace,SI,266,0VE2270D,0,NO,create
11883,8056262062685,Versace,SI,266,0VE2270D,1,NO,update
11884,8056262062623,Versace,SI,266,0VE2270D,1,NO,update
11885,8056262062647,Versace,SI,266,0VE2270D,1,NO,update
11886,8056262221839,Versace,SI,266,0VE2272,0,NO,create
11887,8056262221853,Versace,SI,266,0VE2272,0,NO,create
11888,8056262221846,Versace,SI,266,0VE2272,1,NO,update
11889,8056262241745,Versace,SI,266,0VE2272,0,NO,create
11890,8056262221860,Versace,SI,266,0VE2272,1,NO,update
11891,8056262197615,Versace,SI,266,0VE2273,1,NO,update
11892,8056262197622,Versace,SI,266,0VE2273,0,NO,create
11893,8056262197639,Versace,SI,266,0VE2273,1,NO,update
11894,8056262249895,Versace,SI,266,0VE2274,1,NO,update
11895,8056262661314,Versace,SI,266,0VE2274,1,NO,update
11896,8056262661307,Versace,SI,266,0VE2274,0,NO,create
11897,8056262249901,Versace,SI,266,0VE2274,1,NO,update
11898,8056262249918,Versace,SI,266,0VE2274,1,NO,update
11899,8056262249925,Versace,SI,266,0VE2274,1,NO,update
11900,8056262199633,Versace,SI,266,0VE2275,1,NO,update
11901,8056262247853,Versace,SI,266,0VE2275,1,NO,update
11902,8056262247860,Versace,SI,266,0VE2275,1,NO,update
11903,8056262296387,Versace,SI,266,0VE2276,0,NO,create
11904,8056262238738,Versace,SI,266,0VE2276,0,NO,create
11905,8056262275702,Versace,SI,266,0VE2278D,0,NO,create
11906,8056262275726,Versace,SI,266,0VE2278D,0,NO,create
11907,8056262275696,Versace,SI,266,0VE2278D,1,NO,update
11908,8056262415528,Versace,SI,266,0VE2279,0,NO,create
11909,8056262314869,Versace,SI,266,0VE2279,1,NO,update
11910,8056262314852,Versace,SI,266,0VE2279,1,NO,update
11911,8056262314845,Versace,SI,266,0VE2279,1,NO,update
11912,8056262314876,Versace,SI,266,0VE2279,1,NO,update
11913,8056262421857,Versace,SI,266,0VE2280,0,NO,create
11914,8056262421833,Versace,SI,266,0VE2280,1,NO,update
11915,8056262421840,Versace,SI,266,0VE2280,0,NO,create
11916,8056262427682,Versace,SI,266,0VE2281,0,NO,create
11917,8056262427699,Versace,SI,266,0VE2281,0,NO,create
11918,8056262427705,Versace,SI,266,0VE2281,1,NO,update
11919,8056262427781,Versace,SI,266,0VE2282,1,NO,update
11920,8056262427798,Versace,SI,266,0VE2282,1,NO,update
11921,8056262427804,Versace,SI,266,0VE2282,1,NO,update
11922,8056262427811,Versace,SI,266,0VE2282,1,NO,update
11923,8056262427835,Versace,SI,266,0VE2282,0,NO,create
11924,8056262422120,Versace,SI,266,0VE2283,1,NO,update
11925,8056262422144,Versace,SI,266,0VE2283,1,NO,update
11926,8056262422113,Versace,SI,266,0VE2283,1,NO,update
11927,8056262422168,Versace,SI,266,0VE2283,1,NO,update
11928,8056262422311,Versace,SI,266,0VE2284,1,NO,update
11929,8056262422298,Versace,SI,266,0VE2284,1,NO,update
11930,8056262422328,Versace,SI,266,0VE2284,1,NO,update
11931,8056262422335,Versace,SI,266,0VE2284,0,NO,create
11932,8056262519202,Versace,SI,266,0VE2285,0,NO,create
11933,8056262519233,Versace,SI,266,0VE2285,0,NO,create
11934,8056262519219,Versace,SI,266,0VE2285,0,NO,create
11935,8056262519226,Versace,SI,266,0VE2285,0,NO,create
11936,8056262666289,Versace,SI,266,0VE2287,0,NO,create
11937,8056262577516,Versace,SI,266,0VE2287,1,NO,update
11938,8056262577530,Versace,SI,266,0VE2287,0,NO,create
11939,8056262577509,Versace,SI,266,0VE2287,1,NO,update
11940,8056262577547,Versace,SI,266,0VE2287,1,NO,update
11941,8056262550441,Versace,SI,266,0VE2288,1,NO,update
11942,8056262550434,Versace,SI,266,0VE2288,0,NO,create
11943,8056262550410,Versace,SI,266,0VE2288,1,NO,update
11944,8056262550427,Versace,SI,266,0VE2288,0,NO,create
11945,8056262551325,Versace,SI,266,0VE2289,0,NO,create
11946,8056262551349,Versace,SI,266,0VE2289,0,NO,create
11947,8056262551318,Versace,SI,266,0VE2289,1,NO,update
11948,8056262551332,Versace,SI,266,0VE2289,1,NO,update
11949,8056262551561,Versace,SI,266,0VE2290,0,NO,create
11950,8056262551578,Versace,SI,266,0VE2290,0,NO,create
11951,8056262551554,Versace,SI,266,0VE2290,1,NO,update
11952,8056262571422,Versace,SI,266,0VE2290,0,NO,create
11953,8056262551585,Versace,SI,266,0VE2290,0,NO,create
11954,8056262548219,Versace,SI,266,0VE2291,0,NO,create
11955,8056262548226,Versace,SI,266,0VE2291,0,NO,create
11956,8056262548233,Versace,SI,266,0VE2291,1,NO,update
11957,8056262548202,Versace,SI,266,0VE2291,0,NO,create
11958,8056262675526,Versace,SI,266,0VE2292B,0,NO,create
11959,8056262675519,Versace,SI,266,0VE2292B,0,NO,create
11960,8056262715819,Versace,SI,266,0VE2292B,0,NO,create
11961,8056262813836,Versace,SI,266,0VE2293,0,NO,create
11962,8056262813850,Versace,SI,266,0VE2293,0,NO,create
11963,8056262813829,Versace,SI,266,0VE2293,0,NO,create
11964,8056262813812,Versace,SI,266,0VE2293,1,NO,update
11965,8056262813843,Versace,SI,266,0VE2293,1,NO,update
11966,8056262814093,Versace,SI,266,0VE2294,1,NO,update
11967,8056262814079,Versace,SI,266,0VE2294,1,NO,update
11968,8056262820148,Versace,SI,266,0VE2294,0,NO,create
11969,8056262814062,Versace,SI,266,0VE2294,1,NO,update
11970,8056262814086,Versace,SI,266,0VE2294,1,NO,update
11971,8056262814109,Versace,SI,266,0VE2294,0,NO,create
11972,8056262814048,Versace,SI,266,0VE2295,0,NO,create
11973,8056262814017,Versace,SI,266,0VE2295,1,NO,update
11974,8056262814024,Versace,SI,266,0VE2295,1,NO,update
11975,8056262814000,Versace,SI,266,0VE2295,1,NO,update
11976,8056262814031,Versace,SI,266,0VE2295,0,NO,create
11977,8056262814055,Versace,SI,266,0VE2295,0,NO,create
11978,8056262814123,Versace,SI,266,0VE2296,0,NO,create
11979,8056262814116,Versace,SI,266,0VE2296,1,NO,update
11980,8056262814147,Versace,SI,266,0VE2296,1,NO,update
11981,8056262814154,Versace,SI,266,0VE2296,1,NO,update
11982,8056262814130,Versace,SI,266,0VE2296,1,NO,update
11983,8056262813980,Versace,SI,266,0VE2297,0,NO,create
11984,8056262813966,Versace,SI,266,0VE2297,1,NO,update
11985,8056262813973,Versace,SI,266,0VE2297,1,NO,update
11986,8056262813959,Versace,SI,266,0VE2297,1,NO,update
11987,8056262813997,Versace,SI,266,0VE2297,0,NO,create
11988,8056262823781,Versace,SI,266,0VE2298,1,NO,update
11989,8056262823774,Versace,SI,266,0VE2298,1,NO,update
11990,8056262823767,Versace,SI,266,0VE2298,1,NO,update
11991,8056262884164,Versace,SI,266,0VE2299,0,NO,create
11992,8056262884171,Versace,SI,266,0VE2299,0,NO,create
11993,8056262884188,Versace,SI,266,0VE2299,1,NO,update
11994,8056262884195,Versace,SI,266,0VE2299,1,NO,update
11995,8056262909515,Versace,SI,266,0VE2301,0,NO,create
11996,8056262909539,Versace,SI,266,0VE2301,0,NO,create
11997,8056262909522,Versace,SI,266,0VE2301,0,NO,create
11998,8056262909850,Versace,SI,266,0VE2302,0,NO,create
11999,8056262909843,Versace,SI,266,0VE2302,0,NO,create
12000,8056262909683,Versace,SI,266,0VE2303,0,NO,create
12001,8056262909676,Versace,SI,266,0VE2303,0,NO,create
12002,8056262909669,Versace,SI,266,0VE2303,0,NO,create
12003,8056262967133,Versace,SI,266,0VE2304,0,NO,create
12004,8056262967164,Versace,SI,266,0VE2304,0,NO,create
12005,8056262967140,Versace,SI,266,0VE2304,0,NO,create
12006,8056262967157,Versace,SI,266,0VE2304,0,NO,create
12007,8056262967171,Versace,SI,266,0VE2304,0,NO,create
12008,8056262969786,Versace,SI,266,0VE2305K,0,NO,create
12009,8056262967836,Versace,SI,266,0VE2306,0,NO,create
12010,8056262967799,Versace,SI,266,0VE2306,0,NO,create
12011,8056262967812,Versace,SI,266,0VE2306,0,NO,create
12012,8056262967805,Versace,SI,266,0VE2306,0,NO,create
12013,8056262967652,Versace,SI,266,0VE2307,0,NO,create
12014,8056262967676,Versace,SI,266,0VE2307,0,NO,create
12015,8056262967669,Versace,SI,266,0VE2307,0,NO,create
12016,8056262967690,Versace,SI,266,0VE2307,0,NO,create
12017,8056262967683,Versace,SI,266,0VE2307,0,NO,create
12018,8056262974797,Versace,SI,266,0VE2308D,0,NO,create
12019,8056262974827,Versace,SI,266,0VE2308D,0,NO,create
12020,8056262974803,Versace,SI,266,0VE2308D,0,NO,create
12021,8056262974810,Versace,SI,266,0VE2308D,0,NO,create
12022,8053672109276,Versace,SI,266,0VE3186,0,NO,create
12023,8056597080521,Versace,SI,266,0VE3186,1,NO,update
12024,8053672109238,Versace,SI,266,0VE3186,0,NO,create
12025,8056262600047,Versace,SI,266,0VE3274B,0,NO,create
12026,8056597049306,Versace,SI,266,0VE3274B,0,NO,create
12027,8056262600016,Versace,SI,266,0VE3274B,0,NO,create
12028,8056597412858,Versace,SI,266,0VE3274B,0,NO,create
12029,8056262047804,Versace,SI,266,0VE3274B,0,NO,create
12030,8056597214605,Versace,SI,266,0VE3286,0,NO,create
12031,8056597214544,Versace,SI,266,0VE3286,1,NO,update
12032,8056597344432,Versace,SI,266,0VE3293,0,NO,create
12033,8056597340809,Versace,SI,266,0VE3294,0,NO,create
12034,8056597340786,Versace,SI,266,0VE3294,1,NO,update
12035,8056597657068,Versace,SI,266,0VE3298B,1,NO,update
12036,8056597385268,Versace,SI,266,0VE3298B,0,NO,create
12037,8056597407878,Versace,SI,266,0VE3302D,0,NO,create
12038,8056597555692,Versace,SI,266,0VE3302D,0,NO,create
12039,8056597535779,Versace,SI,266,0VE3303,0,NO,create
12040,8056597896764,Versace,SI,266,0VE3303,0,NO,create
12041,8056597535793,Versace,SI,266,0VE3303,1,NO,update
12042,8056597535892,Versace,SI,266,0VE3304,0,NO,create
12043,8056597535908,Versace,SI,266,0VE3304,1,NO,update
12044,8056597533355,Versace,SI,266,0VE3309,1,NO,update
12045,8056597533379,Versace,SI,266,0VE3309,1,NO,update
12046,8056597619684,Versace,SI,266,0VE3312,1,NO,update
12047,8056597645256,Versace,SI,266,0VE3315,1,NO,update
12048,8056597645584,Versace,SI,266,0VE3316,0,NO,create
12049,8056262275207,Versace,SI,266,0VE3320U,0,NO,create
12050,8056597683272,Versace,SI,266,0VE3320U,1,NO,update
12051,8056597725156,Versace,SI,266,0VE3326U,1,NO,update
12052,8056597727471,Versace,SI,266,0VE3328,0,NO,create
12053,8056262451229,Versace,SI,266,0VE3328,0,NO,create
12054,8056262664773,Versace,SI,266,0VE3328,0,NO,create
12055,8056262973264,Versace,SI,266,0VE3328,0,NO,create
12056,8056262973257,Versace,SI,266,0VE3328,0,NO,create
12057,8056597727518,Versace,SI,266,0VE3328,1,NO,update
12058,8056597943482,Versace,SI,266,0VE3328,1,NO,update
12059,8056597948982,Versace,SI,266,0VE3329B,0,NO,create
12060,8056597730846,Versace,SI,266,0VE3329B,0,NO,create
12061,8056597730792,Versace,SI,266,0VE3329B,1,NO,update
12062,8056597730976,Versace,SI,266,0VE3330,0,NO,create
12063,8056597730709,Versace,SI,266,0VE3332D,0,NO,create
12064,8056597730686,Versace,SI,266,0VE3332D,0,NO,create
12065,8056597730730,Versace,SI,266,0VE3333D,0,NO,create
12066,8056597829472,Versace,SI,266,0VE3334,0,NO,create
12067,8056597829519,Versace,SI,266,0VE3334,1,NO,update
12068,8056597829526,Versace,SI,266,0VE3334,1,NO,update
12069,8056597829977,Versace,SI,266,0VE3335,0,NO,create
12070,8056597830911,Versace,SI,266,0VE3337,1,NO,update
12071,8056597831468,Versace,SI,266,0VE3338,0,NO,create
12072,8056597831635,Versace,SI,266,0VE3340U,0,NO,create
12073,8056262431276,Versace,SI,266,0VE3340U,0,NO,create
12074,8056597831574,Versace,SI,266,0VE3340U,0,NO,create
12075,8056262431245,Versace,SI,266,0VE3340U,0,NO,create
12076,8056597892872,Versace,SI,266,0VE3341U,0,NO,create
12077,8056597892933,Versace,SI,266,0VE3341U,1,NO,update
12078,8056262275221,Versace,SI,266,0VE3342,0,NO,create
12079,8056597920544,Versace,SI,266,0VE3342,1,NO,update
12080,8056597920575,Versace,SI,266,0VE3342,0,NO,create
12081,8056597920605,Versace,SI,266,0VE3343,1,NO,update
12082,8056597920612,Versace,SI,266,0VE3343,1,NO,update
12083,8056597920636,Versace,SI,266,0VE3343,1,NO,update
12084,8056597920650,Versace,SI,266,0VE3343,1,NO,update
12085,8056597921848,Versace,SI,266,0VE3344,1,NO,update
12086,8056597921855,Versace,SI,266,0VE3344,1,NO,update
12087,8056597921862,Versace,SI,266,0VE3344,1,NO,update
12088,8056597921886,Versace,SI,266,0VE3344,1,NO,update
12089,8056597921893,Versace,SI,266,0VE3344,1,NO,update
12090,8056597921909,Versace,SI,266,0VE3344,1,NO,update
12091,8056597920858,Versace,SI,266,0VE3345,0,NO,create
12092,8056597920872,Versace,SI,266,0VE3345,0,NO,create
12093,8056597920889,Versace,SI,266,0VE3345,0,NO,create
12094,8056597920896,Versace,SI,266,0VE3345,0,NO,create
12095,8056262663813,Versace,SI,266,0VE3347,0,NO,create
12096,8056597921343,Versace,SI,266,0VE3347,1,NO,update
12097,8056597921350,Versace,SI,266,0VE3347,1,NO,update
12098,8056262451199,Versace,SI,266,0VE3347,0,NO,create
12099,8056597921381,Versace,SI,266,0VE3347,1,NO,update
12100,8056597921398,Versace,SI,266,0VE3347,1,NO,update
12101,8056597921817,Versace,SI,266,0VE3348,0,NO,create
12102,8056597920926,Versace,SI,266,0VE3349U,0,NO,create
12103,8056597920933,Versace,SI,266,0VE3349U,1,NO,update
12104,8056597921985,Versace,SI,266,0VE3350,1,NO,update
12105,8056597922012,Versace,SI,266,0VE3350,1,NO,update
12106,8056597922029,Versace,SI,266,0VE3350,1,NO,update
12107,8056597933735,Versace,SI,266,0VE3351D,0,NO,create
12108,8056262011584,Versace,SI,266,0VE3352U,1,NO,update
12109,8056262011607,Versace,SI,266,0VE3352U,1,NO,update
12110,8056262011621,Versace,SI,266,0VE3352U,0,NO,create
12111,8056262014424,Versace,SI,266,0VE3353,0,NO,create
12112,8056262014387,Versace,SI,266,0VE3353,1,NO,update
12113,8056262011805,Versace,SI,266,0VE3354,1,NO,update
12114,8056262011812,Versace,SI,266,0VE3354,1,NO,update
12115,8056262600184,Versace,SI,266,0VE3354,0,NO,create
12116,8056262011836,Versace,SI,266,0VE3354,0,NO,create
12117,8056262011799,Versace,SI,266,0VE3354,1,NO,update
12118,8056262011843,Versace,SI,266,0VE3354,1,NO,update
12119,8056262011850,Versace,SI,266,0VE3354,1,NO,update
12120,8056262600207,Versace,SI,266,0VE3354,0,NO,create
12121,8056262011645,Versace,SI,266,0VE3355U,0,NO,create
12122,8056262011652,Versace,SI,266,0VE3355U,0,NO,create
12123,8056262011638,Versace,SI,266,0VE3355U,0,NO,create
12124,8056262012703,Versace,SI,266,0VE3356,0,NO,create
12125,8056262011010,Versace,SI,266,0VE3357,0,NO,create
12126,8056262011034,Versace,SI,266,0VE3357,0,NO,create
12127,8056262018859,Versace,SI,266,0VE3358B,1,NO,update
12128,8056262018910,Versace,SI,266,0VE3358B,1,NO,update
12129,8056262032534,Versace,SI,266,0VE3359,1,NO,update
12130,8056262083000,Versace,SI,266,0VE3360D,0,NO,create
12131,8056262083017,Versace,SI,266,0VE3360D,0,NO,create
12132,8056262143025,Versace,SI,266,0VE3361U,0,NO,create
12133,8056262143032,Versace,SI,266,0VE3361U,0,NO,create
12134,8056262143056,Versace,SI,266,0VE3361U,0,NO,create
12135,8056262143070,Versace,SI,266,0VE3361U,0,NO,create
12136,8056262143018,Versace,SI,266,0VE3361U,0,NO,create
12137,8056262142325,Versace,SI,266,0VE3362U,1,NO,update
12138,8056262142349,Versace,SI,266,0VE3362U,1,NO,update
12139,8056262142356,Versace,SI,266,0VE3362U,1,NO,update
12140,8056262250334,Versace,SI,266,0VE3363U,0,NO,create
12141,8056262250358,Versace,SI,266,0VE3363U,0,NO,create
12142,8056262250365,Versace,SI,266,0VE3363U,0,NO,create
12143,8056262250372,Versace,SI,266,0VE3363U,1,NO,update
12144,8056262250396,Versace,SI,266,0VE3363U,0,NO,create
12145,8056262199244,Versace,SI,266,0VE3364U,0,NO,create
12146,8056262271049,Versace,SI,266,0VE3364U,0,NO,create
12147,8056262199169,Versace,SI,266,0VE3365U,0,NO,create
12148,8056262199176,Versace,SI,266,0VE3365U,0,NO,create
12149,8056262199183,Versace,SI,266,0VE3365U,1,NO,update
12150,8056262199190,Versace,SI,266,0VE3365U,0,NO,create
12151,8056262199206,Versace,SI,266,0VE3365U,0,NO,create
12152,8056262199220,Versace,SI,266,0VE3365U,0,NO,create
12153,8056262224212,Versace,SI,266,0VE3366,0,NO,create
12154,8056262224243,Versace,SI,266,0VE3366,0,NO,create
12155,8056262224168,Versace,SI,266,0VE3366,0,NO,create
12156,8056262224182,Versace,SI,266,0VE3366,0,NO,create
12157,8056262222973,Versace,SI,266,0VE3367U,0,NO,create
12158,8056262222980,Versace,SI,266,0VE3367U,0,NO,create
12159,8056262222997,Versace,SI,266,0VE3367U,0,NO,create
12160,8056262223000,Versace,SI,266,0VE3367U,0,NO,create
12161,8056262223017,Versace,SI,266,0VE3367U,0,NO,create
12162,8056262223024,Versace,SI,266,0VE3367U,0,NO,create
12163,8056262223048,Versace,SI,266,0VE3367U,0,NO,create
12164,8056262222959,Versace,SI,266,0VE3367U,0,NO,create
12165,8056262222966,Versace,SI,266,0VE3367U,1,NO,update
12166,8056262222010,Versace,SI,266,0VE3368U,0,NO,create
12167,8056262222027,Versace,SI,266,0VE3368U,1,NO,update
12168,8056262221976,Versace,SI,266,0VE3368U,0,NO,create
12169,8056262221891,Versace,SI,266,0VE3368U,1,NO,update
12170,8056262221907,Versace,SI,266,0VE3368U,1,NO,update
12171,8056262221341,Versace,SI,266,0VE3369,0,NO,create
12172,8056262221358,Versace,SI,266,0VE3369,0,NO,create
12173,8056262221389,Versace,SI,266,0VE3369,0,NO,create
12174,8056262221396,Versace,SI,266,0VE3369,0,NO,create
12175,8056262221334,Versace,SI,266,0VE3369,0,NO,create
12176,8056262249680,Versace,SI,266,0VE3370D,0,NO,create
12177,8056262249697,Versace,SI,266,0VE3370D,0,NO,create
12178,8056262249703,Versace,SI,266,0VE3370D,0,NO,create
12179,8056262249710,Versace,SI,266,0VE3370D,0,NO,create
12180,8056262257180,Versace,SI,266,0VE3371D,1,NO,update
12181,8056262257197,Versace,SI,266,0VE3371D,0,NO,create
12182,8056262257203,Versace,SI,266,0VE3371D,0,NO,create
12183,8056262257210,Versace,SI,266,0VE3371D,1,NO,update
12184,8056262421956,Versace,SI,266,0VE3372U,1,NO,update
12185,8056262421987,Versace,SI,266,0VE3372U,0,NO,create
12186,8056262421994,Versace,SI,266,0VE3372U,0,NO,create
12187,8056262421963,Versace,SI,266,0VE3372U,0,NO,create
12188,8056262421970,Versace,SI,266,0VE3372U,0,NO,create
12189,8056262421925,Versace,SI,266,0VE3372U,0,NO,create
12190,8056262421932,Versace,SI,266,0VE3372U,1,NO,update
12191,8056262421598,Versace,SI,266,0VE3373U,0,NO,create
12192,8056262421604,Versace,SI,266,0VE3373U,0,NO,create
12193,8056262421611,Versace,SI,266,0VE3373U,0,NO,create
12194,8056262421628,Versace,SI,266,0VE3373U,1,NO,update
12195,8056262971383,Versace,SI,266,0VE3373U,0,NO,create
12196,8056262421659,Versace,SI,266,0VE3373U,0,NO,create
12197,8056262421666,Versace,SI,266,0VE3373U,0,NO,create
12198,8056262421635,Versace,SI,266,0VE3373U,0,NO,create
12199,8056262421642,Versace,SI,266,0VE3373U,0,NO,create
12200,8056262859537,Versace,SI,266,0VE3373U,0,NO,create
12201,8056262859544,Versace,SI,266,0VE3373U,0,NO,create
12202,8056262421574,Versace,SI,266,0VE3373U,0,NO,create
12203,8056262421581,Versace,SI,266,0VE3373U,1,NO,update
12204,8056262971369,Versace,SI,266,0VE3373U,0,NO,create
12205,8056262420997,Versace,SI,266,0VE3374U,1,NO,update
12206,8056262421000,Versace,SI,266,0VE3374U,1,NO,update
12207,8056262421024,Versace,SI,266,0VE3374U,1,NO,update
12208,8056262421031,Versace,SI,266,0VE3374U,0,NO,create
12209,8056262421048,Versace,SI,266,0VE3374U,0,NO,create
12210,8056262866184,Versace,SI,266,0VE3374U,0,NO,create
12211,8056262866191,Versace,SI,266,0VE3374U,0,NO,create
12212,8056262421055,Versace,SI,266,0VE3374U,1,NO,update
12213,8056262421062,Versace,SI,266,0VE3374U,1,NO,update
12214,8056262420744,Versace,SI,266,0VE3375,0,NO,create
12215,8056262420768,Versace,SI,266,0VE3375,1,NO,update
12216,8056262420775,Versace,SI,266,0VE3375,0,NO,create
12217,8056262420782,Versace,SI,266,0VE3375,1,NO,update
12218,8056262971581,Versace,SI,266,0VE3375,0,NO,create
12219,8056262971598,Versace,SI,266,0VE3375,0,NO,create
12220,8056262865972,Versace,SI,266,0VE3375,0,NO,create
12221,8056262865989,Versace,SI,266,0VE3375,0,NO,create
12222,8056262420799,Versace,SI,266,0VE3375,0,NO,create
12223,8056262420805,Versace,SI,266,0VE3375,0,NO,create
12224,8056262865996,Versace,SI,266,0VE3375,0,NO,create
12225,8056262866009,Versace,SI,266,0VE3375,0,NO,create
12226,8056262865958,Versace,SI,266,0VE3375,0,NO,create
12227,8056262865965,Versace,SI,266,0VE3375,0,NO,create
12228,8056262420812,Versace,SI,266,0VE3375,0,NO,create
12229,8056262420829,Versace,SI,266,0VE3375,1,NO,update
12230,8056262427606,Versace,SI,266,0VE3376U,0,NO,create
12231,8056262427613,Versace,SI,266,0VE3376U,0,NO,create
12232,8056262427620,Versace,SI,266,0VE3376U,0,NO,create
12233,8056262427637,Versace,SI,266,0VE3376U,1,NO,update
12234,8056262427644,Versace,SI,266,0VE3376U,0,NO,create
12235,8056262427651,Versace,SI,266,0VE3376U,0,NO,create
12236,8056262427668,Versace,SI,266,0VE3376U,0,NO,create
12237,8056262427675,Versace,SI,266,0VE3376U,0,NO,create
12238,8056262422748,Versace,SI,266,0VE3377U,0,NO,create
12239,8056262422779,Versace,SI,266,0VE3377U,0,NO,create
12240,8056262422786,Versace,SI,266,0VE3377U,0,NO,create
12241,8056262422717,Versace,SI,266,0VE3377U,0,NO,create
12242,8056262422724,Versace,SI,266,0VE3377U,0,NO,create
12243,8056262448175,Versace,SI,266,0VE3378D,0,NO,create
12244,8056262448182,Versace,SI,266,0VE3378D,0,NO,create
12245,8056262448199,Versace,SI,266,0VE3378D,0,NO,create
12246,8056262448168,Versace,SI,266,0VE3378D,1,NO,update
12247,8056262448014,Versace,SI,266,0VE3379D,0,NO,create
12248,8056262448021,Versace,SI,266,0VE3379D,0,NO,create
12249,8056262448038,Versace,SI,266,0VE3379D,0,NO,create
12250,8056262448007,Versace,SI,266,0VE3379D,0,NO,create
12251,8056262548486,Versace,SI,266,0VE3380,0,NO,create
12252,8056262548493,Versace,SI,266,0VE3380,0,NO,create
12253,8056262548509,Versace,SI,266,0VE3380,0,NO,create
12254,8056262548516,Versace,SI,266,0VE3380,0,NO,create
12255,8056262548523,Versace,SI,266,0VE3380,0,NO,create
12256,8056262548530,Versace,SI,266,0VE3380,1,NO,update
12257,8056262548462,Versace,SI,266,0VE3380,0,NO,create
12258,8056262548479,Versace,SI,266,0VE3380,0,NO,create
12259,8056262559123,Versace,SI,266,0VE3381U,0,NO,create
12260,8056262559161,Versace,SI,266,0VE3381U,0,NO,create
12261,8056262559130,Versace,SI,266,0VE3381U,0,NO,create
12262,8056262559178,Versace,SI,266,0VE3381U,0,NO,create
12263,8056262976746,Versace,SI,266,0VE3381U,0,NO,create
12264,8056262559147,Versace,SI,266,0VE3381U,0,NO,create
12265,8056262559185,Versace,SI,266,0VE3381U,0,NO,create
12266,8056262559116,Versace,SI,266,0VE3381U,0,NO,create
12267,8056262559154,Versace,SI,266,0VE3381U,1,NO,update
12268,8056262548561,Versace,SI,266,0VE3382,0,NO,create
12269,8056262548578,Versace,SI,266,0VE3382,0,NO,create
12270,8056262548585,Versace,SI,266,0VE3382,0,NO,create
12271,8056262548592,Versace,SI,266,0VE3382,0,NO,create
12272,8056262548608,Versace,SI,266,0VE3382,0,NO,create
12273,8056262548615,Versace,SI,266,0VE3382,0,NO,create
12274,8056262975930,Versace,SI,266,0VE3382,0,NO,create
12275,8056262975947,Versace,SI,266,0VE3382,0,NO,create
12276,8056262548547,Versace,SI,266,0VE3382,0,NO,create
12277,8056262548554,Versace,SI,266,0VE3382,0,NO,create
12278,8056262551615,Versace,SI,266,0VE3383,0,NO,create
12279,8056262551622,Versace,SI,266,0VE3383,0,NO,create
12280,8056262551639,Versace,SI,266,0VE3383,0,NO,create
12281,8056262551646,Versace,SI,266,0VE3383,0,NO,create
12282,8056262551653,Versace,SI,266,0VE3383,0,NO,create
12283,8056262551660,Versace,SI,266,0VE3383,0,NO,create
12284,8056262551592,Versace,SI,266,0VE3383,0,NO,create
12285,8056262551608,Versace,SI,266,0VE3383,1,NO,update
12286,8056262548646,Versace,SI,266,0VE3384,0,NO,create
12287,8056262548653,Versace,SI,266,0VE3384,0,NO,create
12288,8056262975954,Versace,SI,266,0VE3384,0,NO,create
12289,8056262975961,Versace,SI,266,0VE3384,0,NO,create
12290,8056262548660,Versace,SI,266,0VE3384,0,NO,create
12291,8056262548677,Versace,SI,266,0VE3384,0,NO,create
12292,8056262548684,Versace,SI,266,0VE3384,0,NO,create
12293,8056262548691,Versace,SI,266,0VE3384,0,NO,create
12294,8056262548622,Versace,SI,266,0VE3384,0,NO,create
12295,8056262548639,Versace,SI,266,0VE3384,0,NO,create
12296,8056262550564,Versace,SI,266,0VE3385U,0,NO,create
12297,8056262550571,Versace,SI,266,0VE3385U,0,NO,create
12298,8056262550588,Versace,SI,266,0VE3385U,0,NO,create
12299,8056262550595,Versace,SI,266,0VE3385U,0,NO,create
12300,8056262550601,Versace,SI,266,0VE3385U,0,NO,create
12301,8056262550618,Versace,SI,266,0VE3385U,1,NO,update
12302,8056262550540,Versace,SI,266,0VE3385U,0,NO,create
12303,8056262550557,Versace,SI,266,0VE3385U,0,NO,create
12304,8056262581469,Versace,SI,266,0VE3386D,0,NO,create
12305,8056262581476,Versace,SI,266,0VE3386D,0,NO,create
12306,8056262581483,Versace,SI,266,0VE3386D,0,NO,create
12307,8056262581452,Versace,SI,266,0VE3386D,0,NO,create
12308,8056262813010,Versace,SI,266,0VE3387U,1,NO,update
12309,8056262813027,Versace,SI,266,0VE3387U,1,NO,update
12310,8056262813034,Versace,SI,266,0VE3387U,0,NO,create
12311,8056262813041,Versace,SI,266,0VE3387U,0,NO,create
12312,8056262813058,Versace,SI,266,0VE3387U,0,NO,create
12313,8056262813065,Versace,SI,266,0VE3387U,0,NO,create
12314,8056262813072,Versace,SI,266,0VE3387U,0,NO,create
12315,8056262813089,Versace,SI,266,0VE3387U,1,NO,update
12316,8056262760062,Versace,SI,266,0VE3388U,1,NO,update
12317,8056262760079,Versace,SI,266,0VE3388U,1,NO,update
12318,8056262760024,Versace,SI,266,0VE3388U,0,NO,create
12319,8056262760031,Versace,SI,266,0VE3388U,0,NO,create
12320,8056262760048,Versace,SI,266,0VE3388U,0,NO,create
12321,8056262760055,Versace,SI,266,0VE3388U,0,NO,create
12322,8056262760000,Versace,SI,266,0VE3388U,0,NO,create
12323,8056262760017,Versace,SI,266,0VE3388U,1,NO,update
12324,8056262812303,Versace,SI,266,0VE3389U,0,NO,create
12325,8056262812310,Versace,SI,266,0VE3389U,0,NO,create
12326,8056262812280,Versace,SI,266,0VE3389U,0,NO,create
12327,8056262812297,Versace,SI,266,0VE3389U,1,NO,update
12328,8056262812266,Versace,SI,266,0VE3389U,0,NO,create
12329,8056262812273,Versace,SI,266,0VE3389U,0,NO,create
12330,8056262812242,Versace,SI,266,0VE3389U,0,NO,create
12331,8056262812259,Versace,SI,266,0VE3389U,1,NO,update
12332,8056262760833,Versace,SI,266,0VE3390U,0,NO,create
12333,8056262760840,Versace,SI,266,0VE3390U,0,NO,create
12334,8056262760857,Versace,SI,266,0VE3390U,1,NO,update
12335,8056262760864,Versace,SI,266,0VE3390U,1,NO,update
12336,8056262760871,Versace,SI,266,0VE3390U,1,NO,update
12337,8056262760888,Versace,SI,266,0VE3390U,1,NO,update
12338,8056262760895,Versace,SI,266,0VE3390U,1,NO,update
12339,8056262760901,Versace,SI,266,0VE3390U,1,NO,update
12340,8056262760574,Versace,SI,266,0VE3391U,1,NO,update
12341,8056262760581,Versace,SI,266,0VE3391U,1,NO,update
12342,8056262760611,Versace,SI,266,0VE3391U,1,NO,update
12343,8056262760628,Versace,SI,266,0VE3391U,1,NO,update
12344,8056262760598,Versace,SI,266,0VE3391U,0,NO,create
12345,8056262760604,Versace,SI,266,0VE3391U,0,NO,create
12346,8056262760635,Versace,SI,266,0VE3391U,0,NO,create
12347,8056262760642,Versace,SI,266,0VE3391U,0,NO,create
12348,8056262760550,Versace,SI,266,0VE3391U,1,NO,update
12349,8056262760567,Versace,SI,266,0VE3391U,1,NO,update
12350,8056262760284,Versace,SI,266,0VE3392,0,NO,create
12351,8056262760291,Versace,SI,266,0VE3392,0,NO,create
12352,8056262760239,Versace,SI,266,0VE3392,0,NO,create
12353,8056262760246,Versace,SI,266,0VE3392,0,NO,create
12354,8056262760260,Versace,SI,266,0VE3392,0,NO,create
12355,8056262760277,Versace,SI,266,0VE3392,0,NO,create
12356,8056262760215,Versace,SI,266,0VE3392,0,NO,create
12357,8056262760222,Versace,SI,266,0VE3392,0,NO,create
12358,8056262976074,Versace,SI,266,0VE3393D,0,NO,create
12359,8056262857151,Versace,SI,266,0VE3393D,0,NO,create
12360,8056262857137,Versace,SI,266,0VE3393D,1,NO,update
12361,8056262857182,Versace,SI,266,0VE3393D,0,NO,create
12362,8056262976098,Versace,SI,266,0VE3393D,0,NO,create
12363,8056262857113,Versace,SI,266,0VE3393D,1,NO,update
12364,8056262856727,Versace,SI,266,0VE3394D,0,NO,create
12365,8056262856710,Versace,SI,266,0VE3394D,0,NO,create
12366,8056262856703,Versace,SI,266,0VE3394D,0,NO,create
12367,8056262856697,Versace,SI,266,0VE3394D,0,NO,create
12368,8056262963029,Versace,SI,266,0VE3395U,0,NO,create
12369,8056262963012,Versace,SI,266,0VE3395U,0,NO,create
12370,8056262963067,Versace,SI,266,0VE3395U,0,NO,create
12371,8056262963050,Versace,SI,266,0VE3395U,0,NO,create
12372,8056262963043,Versace,SI,266,0VE3395U,0,NO,create
12373,8056262963036,Versace,SI,266,0VE3395U,0,NO,create
12374,8056262963081,Versace,SI,266,0VE3395U,0,NO,create
12375,8056262963074,Versace,SI,266,0VE3395U,0,NO,create
12376,8056262962923,Versace,SI,266,0VE3396U,0,NO,create
12377,8056262962916,Versace,SI,266,0VE3396U,0,NO,create
12378,8056262962909,Versace,SI,266,0VE3396U,0,NO,create
12379,8056262962893,Versace,SI,266,0VE3396U,0,NO,create
12380,8056262962886,Versace,SI,266,0VE3396U,0,NO,create
12381,8056262962879,Versace,SI,266,0VE3396U,0,NO,create
12382,8056262962862,Versace,SI,266,0VE3396U,0,NO,create
12383,8056262962855,Versace,SI,266,0VE3396U,0,NO,create
12384,8056262958056,Versace,SI,266,0VE3397U,0,NO,create
12385,8056262958049,Versace,SI,266,0VE3397U,0,NO,create
12386,8056262958018,Versace,SI,266,0VE3397U,0,NO,create
12387,8056262958001,Versace,SI,266,0VE3397U,0,NO,create
12388,8056262958032,Versace,SI,266,0VE3397U,0,NO,create
12389,8056262958025,Versace,SI,266,0VE3397U,0,NO,create
12390,8056262957998,Versace,SI,266,0VE3397U,0,NO,create
12391,8056262957981,Versace,SI,266,0VE3397U,0,NO,create
12392,8056262958209,Versace,SI,266,0VE3398,0,NO,create
12393,8056262958193,Versace,SI,266,0VE3398,0,NO,create
12394,8056262958261,Versace,SI,266,0VE3398,0,NO,create
12395,8056262958254,Versace,SI,266,0VE3398,0,NO,create
12396,8056262958247,Versace,SI,266,0VE3398,0,NO,create
12397,8056262958230,Versace,SI,266,0VE3398,0,NO,create
12398,8056262958223,Versace,SI,266,0VE3398,0,NO,create
12399,8056262958216,Versace,SI,266,0VE3398,0,NO,create
12400,8056262958186,Versace,SI,266,0VE3398,0,NO,create
12401,8056262958179,Versace,SI,266,0VE3398,0,NO,create
12402,8056262957967,Versace,SI,266,0VE3399U,0,NO,create
12403,8056262957974,Versace,SI,266,0VE3399U,0,NO,create
12404,8056262957943,Versace,SI,266,0VE3399U,0,NO,create
12405,8056262957950,Versace,SI,266,0VE3399U,0,NO,create
12406,8056262957929,Versace,SI,266,0VE3399U,0,NO,create
12407,8056262957936,Versace,SI,266,0VE3399U,0,NO,create
12408,8056262957905,Versace,SI,266,0VE3399U,0,NO,create
12409,8056262957912,Versace,SI,266,0VE3399U,0,NO,create
12410,8056262957882,Versace,SI,266,0VE3399U,0,NO,create
12411,8056262957899,Versace,SI,266,0VE3399U,0,NO,create
12412,8056262958407,Versace,SI,266,0VE3401U,0,NO,create
12413,8056262958391,Versace,SI,266,0VE3401U,0,NO,create
12414,8056262958445,Versace,SI,266,0VE3401U,0,NO,create
12415,8056262958438,Versace,SI,266,0VE3401U,0,NO,create
12416,8056262958421,Versace,SI,266,0VE3401U,0,NO,create
12417,8056262958414,Versace,SI,266,0VE3401U,0,NO,create
12418,8056262958384,Versace,SI,266,0VE3401U,0,NO,create
12419,8056262958377,Versace,SI,266,0VE3401U,0,NO,create
12420,8056262960486,Versace,SI,266,0VE3402U,0,NO,create
12421,8056262960479,Versace,SI,266,0VE3402U,0,NO,create
12422,8056262960462,Versace,SI,266,0VE3402U,0,NO,create
12423,8056262960455,Versace,SI,266,0VE3402U,0,NO,create
12424,8056262960424,Versace,SI,266,0VE3402U,0,NO,create
12425,8056262960417,Versace,SI,266,0VE3402U,0,NO,create
12426,8056262960448,Versace,SI,266,0VE3402U,0,NO,create
12427,8056262960431,Versace,SI,266,0VE3402U,0,NO,create
12428,8056262960400,Versace,SI,266,0VE3402U,0,NO,create
12429,8056262960394,Versace,SI,266,0VE3402U,0,NO,create
12430,8056262960622,Versace,SI,266,0VE3403U,0,NO,create
12431,8056262960615,Versace,SI,266,0VE3403U,0,NO,create
12432,8056262960646,Versace,SI,266,0VE3403U,0,NO,create
12433,8056262960639,Versace,SI,266,0VE3403U,0,NO,create
12434,8056262960660,Versace,SI,266,0VE3403U,0,NO,create
12435,8056262960653,Versace,SI,266,0VE3403U,0,NO,create
12436,8056262960608,Versace,SI,266,0VE3403U,0,NO,create
12437,8056262960592,Versace,SI,266,0VE3403U,0,NO,create
12438,8056262975152,Versace,SI,266,0VE3404D,0,NO,create
12439,8056262975176,Versace,SI,266,0VE3404D,0,NO,create
12440,8056262975169,Versace,SI,266,0VE3404D,0,NO,create
12441,8056262975145,Versace,SI,266,0VE3404D,0,NO,create
12442,8053672400106,Versace,SI,266,0VE4296,1,NO,update
12443,8056597905824,Versace,SI,266,0VE4307,1,NO,update
12444,8053672469950,Versace,SI,266,0VE4307,1,NO,update
12445,8056262267202,Versace,SI,266,0VE4361,1,NO,update
12446,8056597207812,Versace,SI,266,0VE4361,1,NO,update
12447,8053672947410,Versace,SI,266,0VE4361,1,NO,update
12448,8053672947403,Versace,SI,266,0VE4361,1,NO,update
12449,8056597094511,Versace,SI,266,0VE4361,1,NO,update
12450,8056597158800,Versace,SI,266,0VE4361,1,NO,update
12451,8056597657778,Versace,SI,266,0VE4361,1,NO,update
12452,8056262296479,Versace,SI,266,0VE4361,1,NO,update
12453,8056597922944,Versace,SI,266,0VE4361,1,NO,update
12454,8053672947397,Versace,SI,266,0VE4361,1,NO,update
12455,8056597119603,Versace,SI,266,0VE4376B,1,NO,update
12456,8056597214711,Versace,SI,266,0VE4387,1,NO,update
12457,8056597214698,Versace,SI,266,0VE4387,1,NO,update
12458,8056597224772,Versace,SI,266,0VE4391,1,NO,update
12459,8056597898386,Versace,SI,266,0VE4391,1,NO,update
12460,8056597224796,Versace,SI,266,0VE4391,1,NO,update
12461,8056597344821,Versace,SI,266,0VE4396,1,NO,update
12462,8056597344814,Versace,SI,266,0VE4396,1,NO,update
12463,8056597376334,Versace,SI,266,0VE4402,1,NO,update
12464,8056262048795,Versace,SI,266,0VE4402,1,NO,update
12465,8056597376310,Versace,SI,266,0VE4402,1,NO,update
12466,8056597353328,Versace,SI,266,0VE4403,1,NO,update
12467,8056597353304,Versace,SI,266,0VE4403,1,NO,update
12468,8056597384889,Versace,SI,266,0VE4405,1,NO,update
12469,8056597384896,Versace,SI,266,0VE4405,0,NO,create
12470,8056597384872,Versace,SI,266,0VE4405,1,NO,update
12471,8056597384902,Versace,SI,266,0VE4406,1,NO,update
12472,8056597408240,Versace,SI,266,0VE4407D,0,NO,create
12473,8056597524308,Versace,SI,266,0VE4409,1,NO,update
12474,8056597524292,Versace,SI,266,0VE4409,1,NO,update
12475,8056597690317,Versace,SI,266,0VE4425U,1,NO,update
12476,8056597973960,Versace,SI,266,0VE4425U,1,NO,update
12477,8056597922920,Versace,SI,266,0VE4425U,1,NO,update
12478,8056597711586,Versace,SI,266,0VE4431,0,NO,create
12479,8056597712057,Versace,SI,266,0VE4436U,1,NO,update
12480,8056597709040,Versace,SI,266,0VE4436U,1,NO,update
12481,8056597708302,Versace,SI,266,0VE4437U,1,NO,update
12482,8056597708319,Versace,SI,266,0VE4437U,0,NO,create
12483,8056597708296,Versace,SI,266,0VE4437U,1,NO,update
12484,8056597730761,Versace,SI,266,0VE4438B,0,NO,create
12485,8056597785327,Versace,SI,266,0VE4439,1,NO,update
12486,8056597848961,Versace,SI,266,0VE4446,1,NO,update
12487,8056597849005,Versace,SI,266,0VE4446,1,NO,update
12488,8056597838467,Versace,SI,266,0VE4447,1,NO,update
12489,8056597853118,Versace,SI,266,0VE4449D,0,NO,create
12490,8056597853125,Versace,SI,266,0VE4449D,0,NO,create
12491,8056597853132,Versace,SI,266,0VE4449D,0,NO,create
12492,8056597898232,Versace,SI,266,0VE4450,1,NO,update
12493,8056597898249,Versace,SI,266,0VE4450,1,NO,update
12494,8056597898256,Versace,SI,266,0VE4450,1,NO,update
12495,8056597898263,Versace,SI,266,0VE4450,1,NO,update
12496,8056597898225,Versace,SI,266,0VE4450,1,NO,update
12497,8056597894791,Versace,SI,266,0VE4452,1,NO,update
12498,8056262451250,Versace,SI,266,0VE4452,0,NO,create
12499,8056597894807,Versace,SI,266,0VE4452,1,NO,update
12500,8056262048870,Versace,SI,266,0VE4454,1,NO,update
12501,8056597921916,Versace,SI,266,0VE4454,0,NO,create
12502,8056597935555,Versace,SI,266,0VE4454,0,NO,create
12503,8056597920476,Versace,SI,266,0VE4455U,1,NO,update
12504,8056597922302,Versace,SI,266,0VE4458,1,NO,update
12505,8056597922319,Versace,SI,266,0VE4458,0,NO,create
12506,8056597922234,Versace,SI,266,0VE4459,1,NO,update
12507,8056597922241,Versace,SI,266,0VE4459,1,NO,update
12508,8056262418468,Versace,SI,266,0VE4459,1,NO,update
12509,8056597922265,Versace,SI,266,0VE4459,1,NO,update
12510,8056597933858,Versace,SI,266,0VE4460D,0,NO,create
12511,8056262001981,Versace,SI,266,0VE4460D,0,NO,create
12512,8056597933872,Versace,SI,266,0VE4460D,0,NO,create
12513,8056597949613,Versace,SI,266,0VE4461,1,NO,update
12514,8056597949620,Versace,SI,266,0VE4461,1,NO,update
12515,8056262660539,Versace,SI,266,0VE4461,0,NO,create
12516,8056597964159,Versace,SI,266,0VE4461,1,NO,update
12517,8056597980883,Versace,SI,266,0VE4462,0,NO,create
12518,8056597980913,Versace,SI,266,0VE4462,1,NO,update
12519,8056262017142,Versace,SI,266,0VE4464,0,NO,create
12520,8056262017180,Versace,SI,266,0VE4464,1,NO,update
12521,8056262017159,Versace,SI,266,0VE4464,0,NO,create
12522,8056262017197,Versace,SI,266,0VE4464,0,NO,create
12523,8056262017166,Versace,SI,266,0VE4464,0,NO,create
12524,8056262017203,Versace,SI,266,0VE4464,1,NO,update
12525,8056262017135,Versace,SI,266,0VE4464,0,NO,create
12526,8056262013977,Versace,SI,266,0VE4465,1,NO,update
12527,8056262013991,Versace,SI,266,0VE4465,0,NO,create
12528,8056262013984,Versace,SI,266,0VE4465,1,NO,update
12529,8056262013960,Versace,SI,266,0VE4465,1,NO,update
12530,8056262014042,Versace,SI,266,0VE4466U,0,NO,create
12531,8056262038475,Versace,SI,266,0VE4466U,0,NO,create
12532,8056262014035,Versace,SI,266,0VE4466U,1,NO,update
12533,8056262014073,Versace,SI,266,0VE4467U,1,NO,update
12534,8056262014080,Versace,SI,266,0VE4467U,0,NO,create
12535,8056262014066,Versace,SI,266,0VE4467U,1,NO,update
12536,8056262010891,Versace,SI,266,0VE4468U,1,NO,update
12537,8056262010907,Versace,SI,266,0VE4468U,1,NO,update
12538,8056262010914,Versace,SI,266,0VE4468U,0,NO,create
12539,8056262042786,Versace,SI,266,0VE4468U,0,NO,create
12540,8056262010921,Versace,SI,266,0VE4468U,1,NO,update
12541,8056262039892,Versace,SI,266,0VE4469,0,NO,create
12542,8056262018002,Versace,SI,266,0VE4469,0,NO,create
12543,8056262017982,Versace,SI,266,0VE4469,1,NO,update
12544,8056262019016,Versace,SI,266,0VE4470B,0,NO,create
12545,8056262019023,Versace,SI,266,0VE4470B,0,NO,create
12546,8056262019030,Versace,SI,266,0VE4470B,1,NO,update
12547,8056262019061,Versace,SI,266,0VE4471B,1,NO,update
12548,8056262054635,Versace,SI,266,0VE4472D,0,NO,create
12549,8056262054659,Versace,SI,266,0VE4472D,0,NO,create
12550,8056262185537,Versace,SI,266,0VE4473U,0,NO,create
12551,8056262143247,Versace,SI,266,0VE4473U,1,NO,update
12552,8056262142639,Versace,SI,266,0VE4474U,0,NO,create
12553,8056262142646,Versace,SI,266,0VE4474U,1,NO,update
12554,8056262142653,Versace,SI,266,0VE4474U,1,NO,update
12555,8056262165287,Versace,SI,266,0VE4474U,1,NO,update
12556,8056262142622,Versace,SI,266,0VE4474U,1,NO,update
12557,8056262147634,Versace,SI,266,0VE4475,1,NO,update
12558,8056262147641,Versace,SI,266,0VE4475,0,NO,create
12559,8056262147665,Versace,SI,266,0VE4475,1,NO,update
12560,8056262147658,Versace,SI,266,0VE4475,1,NO,update
12561,8056262147627,Versace,SI,266,0VE4475,1,NO,update
12562,8056262223086,Versace,SI,266,0VE4476U,1,NO,update
12563,8056262223079,Versace,SI,266,0VE4476U,1,NO,update
12564,8056262223055,Versace,SI,266,0VE4476U,1,NO,update
12565,8056262223062,Versace,SI,266,0VE4476U,1,NO,update
12566,8056262275337,Versace,SI,266,0VE4477U,0,NO,create
12567,8056262223260,Versace,SI,266,0VE4477U,1,NO,update
12568,8056262223253,Versace,SI,266,0VE4477U,0,NO,create
12569,8056262221464,Versace,SI,266,0VE4478U,1,NO,update
12570,8056262221488,Versace,SI,266,0VE4478U,1,NO,update
12571,8056262221495,Versace,SI,266,0VE4478U,0,NO,create
12572,8056262221457,Versace,SI,266,0VE4478U,1,NO,update
12573,8056262221754,Versace,SI,266,0VE4479U,1,NO,update
12574,8056262221747,Versace,SI,266,0VE4479U,1,NO,update
12575,8056262221761,Versace,SI,266,0VE4479U,1,NO,update
12576,8056262221778,Versace,SI,266,0VE4479U,0,NO,create
12577,8056262856437,Versace,SI,266,0VE4479U,1,NO,update
12578,8056262221730,Versace,SI,266,0VE4479U,1,NO,update
12579,8056262247082,Versace,SI,266,0VE4480U,0,NO,create
12580,8056262296417,Versace,SI,266,0VE4480U,1,NO,update
12581,8056262222461,Versace,SI,266,0VE4480U,1,NO,update
12582,8056262222454,Versace,SI,266,0VE4480U,0,NO,create
12583,8056262224298,Versace,SI,266,0VE4480U,0,NO,create
12584,8056262533611,Versace,SI,266,0VE4480U,0,NO,create
12585,8056262533628,Versace,SI,266,0VE4480U,0,NO,create
12586,8056262856529,Versace,SI,266,0VE4480U,1,NO,update
12587,8056262222447,Versace,SI,266,0VE4480U,1,NO,update
12588,8056262257326,Versace,SI,266,0VE4481,0,NO,create
12589,8056262223314,Versace,SI,266,0VE4481,1,NO,update
12590,8056262223338,Versace,SI,266,0VE4481,1,NO,update
12591,8056262275160,Versace,SI,266,0VE4481,0,NO,create
12592,8056262223321,Versace,SI,266,0VE4481,1,NO,update
12593,8056262275177,Versace,SI,266,0VE4482,1,NO,update
12594,8056262224274,Versace,SI,266,0VE4482,0,NO,create
12595,8056262275184,Versace,SI,266,0VE4482,0,NO,create
12596,8056262224281,Versace,SI,266,0VE4482,0,NO,create
12597,8056262224267,Versace,SI,266,0VE4482,1,NO,update
12598,8056262244081,Versace,SI,266,0VE4483D,0,NO,create
12599,8056262244098,Versace,SI,266,0VE4483D,0,NO,create
12600,8056262301364,Versace,SI,266,0VE4483D,0,NO,create
12601,8056262244111,Versace,SI,266,0VE4483D,0,NO,create
12602,8056262421796,Versace,SI,266,0VE4485,0,NO,create
12603,8056262421789,Versace,SI,266,0VE4485,0,NO,create
12604,8056262472347,Versace,SI,266,0VE4485,0,NO,create
12605,8056262421772,Versace,SI,266,0VE4485,1,NO,update
12606,8056262415146,Versace,SI,266,0VE4486,0,NO,create
12607,8056262415115,Versace,SI,266,0VE4486,1,NO,update
12608,8056262415122,Versace,SI,266,0VE4486,1,NO,update
12609,8056262415139,Versace,SI,266,0VE4486,1,NO,update
12610,8056262976050,Versace,SI,266,0VE4486,0,NO,create
12611,8056262415108,Versace,SI,266,0VE4486,1,NO,update
12612,8056262419847,Versace,SI,266,0VE4487,0,NO,create
12613,8056262419878,Versace,SI,266,0VE4487,1,NO,update
12614,8056262419908,Versace,SI,266,0VE4487,1,NO,update
12615,8056262419939,Versace,SI,266,0VE4487,1,NO,update
12616,8056262419953,Versace,SI,266,0VE4487,0,NO,create
12617,8056262419960,Versace,SI,266,0VE4487,1,NO,update
12618,8056262420911,Versace,SI,266,0VE4488U,1,NO,update
12619,8056262420928,Versace,SI,266,0VE4488U,1,NO,update
12620,8056262420935,Versace,SI,266,0VE4488U,0,NO,create
12621,8056262420942,Versace,SI,266,0VE4488U,1,NO,update
12622,8056262510506,Versace,SI,266,0VE4489U,0,NO,create
12623,8056262510520,Versace,SI,266,0VE4489U,0,NO,create
12624,8056262510513,Versace,SI,266,0VE4489U,1,NO,update
12625,8056262451212,Versace,SI,266,0VE4489U,1,NO,update
12626,8056262422359,Versace,SI,266,0VE4490U,1,NO,update
12627,8056262422366,Versace,SI,266,0VE4490U,0,NO,create
12628,8056262422373,Versace,SI,266,0VE4490U,1,NO,update
12629,8056262422342,Versace,SI,266,0VE4490U,1,NO,update
12630,8056262422557,Versace,SI,266,0VE4491U,1,NO,update
12631,8056262422564,Versace,SI,266,0VE4491U,1,NO,update
12632,8056262422588,Versace,SI,266,0VE4491U,1,NO,update
12633,8056262422571,Versace,SI,266,0VE4491U,1,NO,update
12634,8056262422540,Versace,SI,266,0VE4491U,1,NO,update
12635,8056262421734,Versace,SI,266,0VE4492U,1,NO,update
12636,8056262856413,Versace,SI,266,0VE4492U,0,NO,create
12637,8056262421765,Versace,SI,266,0VE4492U,1,NO,update
12638,8056262856420,Versace,SI,266,0VE4492U,0,NO,create
12639,8056262421741,Versace,SI,266,0VE4492U,1,NO,update
12640,8056262421758,Versace,SI,266,0VE4492U,0,NO,create
12641,8056262421727,Versace,SI,266,0VE4492U,1,NO,update
12642,8056262448304,Versace,SI,266,0VE4493D,0,NO,create
12643,8056262448311,Versace,SI,266,0VE4493D,0,NO,create
12644,8056262448328,Versace,SI,266,0VE4493D,0,NO,create
12645,8056262448281,Versace,SI,266,0VE4493D,0,NO,create
12646,8056262448472,Versace,SI,266,0VE4494D,0,NO,create
12647,8056262448496,Versace,SI,266,0VE4494D,0,NO,create
12648,8056262448489,Versace,SI,266,0VE4494D,0,NO,create
12649,8056262448465,Versace,SI,266,0VE4494D,0,NO,create
12650,8056262448441,Versace,SI,266,0VE4495D,0,NO,create
12651,8056262448458,Versace,SI,266,0VE4495D,0,NO,create
12652,8056262448434,Versace,SI,266,0VE4495D,0,NO,create
12653,8056262448427,Versace,SI,266,0VE4495D,0,NO,create
12654,8056262510605,Versace,SI,266,0VE4496U,0,NO,create
12655,8056262510599,Versace,SI,266,0VE4496U,0,NO,create
12656,8056262510582,Versace,SI,266,0VE4496U,1,NO,update
12657,8056262510575,Versace,SI,266,0VE4496U,1,NO,update
12658,8056262569016,Versace,SI,266,0VE4497U,1,NO,update
12659,8056262569009,Versace,SI,266,0VE4497U,1,NO,update
12660,8056262569023,Versace,SI,266,0VE4497U,0,NO,create
12661,8056262551868,Versace,SI,266,0VE4497U,0,NO,create
12662,8056262551806,Versace,SI,266,0VE4498,1,NO,update
12663,8056262570517,Versace,SI,266,0VE4498,1,NO,update
12664,8056262598627,Versace,SI,266,0VE4498,0,NO,create
12665,8056262551790,Versace,SI,266,0VE4498,0,NO,create
12666,8056262598658,Versace,SI,266,0VE4498,0,NO,create
12667,8056262550502,Versace,SI,266,0VE4499U,1,NO,update
12668,8056262550519,Versace,SI,266,0VE4499U,0,NO,create
12669,8056262550526,Versace,SI,266,0VE4499U,0,NO,create
12670,8056262550533,Versace,SI,266,0VE4499U,0,NO,create
12671,8056262550496,Versace,SI,266,0VE4499U,0,NO,create
12672,8056262675311,Versace,SI,266,0VE4501,0,NO,create
12673,8056262551042,Versace,SI,266,0VE4501,0,NO,create
12674,8056262569191,Versace,SI,266,0VE4501,0,NO,create
12675,8056262573020,Versace,SI,266,0VE4501,1,NO,update
12676,8056262551028,Versace,SI,266,0VE4501,1,NO,update
12677,8056262596951,Versace,SI,266,0VE4502U,1,NO,update
12678,8056262596920,Versace,SI,266,0VE4502U,0,NO,create
12679,8056262596913,Versace,SI,266,0VE4502U,0,NO,create
12680,8056262596937,Versace,SI,266,0VE4502U,0,NO,create
12681,8056262596944,Versace,SI,266,0VE4502U,0,NO,create
12682,8056262596906,Versace,SI,266,0VE4502U,0,NO,create
12683,8056262554449,Versace,SI,266,0VE4503U,0,NO,create
12684,8056262554456,Versace,SI,266,0VE4503U,0,NO,create
12685,8056262554463,Versace,SI,266,0VE4503U,1,NO,update
12686,8056262554432,Versace,SI,266,0VE4503U,0,NO,create
12687,8056262581650,Versace,SI,266,0VE4504D,1,NO,update
12688,8056262581636,Versace,SI,266,0VE4504D,0,NO,create
12689,8056262581643,Versace,SI,266,0VE4504D,0,NO,create
12690,8056262581629,Versace,SI,266,0VE4504D,1,NO,update
12691,8056262812976,Versace,SI,266,0VE4505U,1,NO,update
12692,8056262820322,Versace,SI,266,0VE4505U,0,NO,create
12693,8056262812983,Versace,SI,266,0VE4505U,1,NO,update
12694,8056262812990,Versace,SI,266,0VE4505U,0,NO,create
12695,8056262813003,Versace,SI,266,0VE4505U,1,NO,update
12696,8056262812853,Versace,SI,266,0VE4506U,1,NO,update
12697,8056262816547,Versace,SI,266,0VE4506U,0,NO,create
12698,8056262816554,Versace,SI,266,0VE4506U,0,NO,create
12699,8056262812860,Versace,SI,266,0VE4506U,1,NO,update
12700,8056262812877,Versace,SI,266,0VE4506U,1,NO,update
12701,8056262759578,Versace,SI,266,0VE4507U,1,NO,update
12702,8056262759608,Versace,SI,266,0VE4507U,0,NO,create
12703,8056262759592,Versace,SI,266,0VE4507U,0,NO,create
12704,8056262759561,Versace,SI,266,0VE4507U,1,NO,update
12705,8056262820230,Versace,SI,266,0VE4508U,0,NO,create
12706,8056262760673,Versace,SI,266,0VE4508U,0,NO,create
12707,8056262760680,Versace,SI,266,0VE4508U,0,NO,create
12708,8056262760666,Versace,SI,266,0VE4508U,1,NO,update
12709,8056262760659,Versace,SI,266,0VE4508U,1,NO,update
12710,8056262813348,Versace,SI,266,0VE4509U,0,NO,create
12711,8056262813355,Versace,SI,266,0VE4509U,1,NO,update
12712,8056262813362,Versace,SI,266,0VE4509U,0,NO,create
12713,8056262813379,Versace,SI,266,0VE4509U,0,NO,create
12714,8056262813386,Versace,SI,266,0VE4509U,1,NO,update
12715,8056262760093,Versace,SI,266,0VE4510U,0,NO,create
12716,8056262760109,Versace,SI,266,0VE4510U,1,NO,update
12717,8056262760086,Versace,SI,266,0VE4510U,1,NO,update
12718,8056262760116,Versace,SI,266,0VE4510U,0,NO,create
12719,8056262825501,Versace,SI,266,0VE4511,0,NO,create
12720,8056262760161,Versace,SI,266,0VE4511,1,NO,update
12721,8056262760178,Versace,SI,266,0VE4511,1,NO,update
12722,8056262760154,Versace,SI,266,0VE4511,1,NO,update
12723,8056262859315,Versace,SI,266,0VE4512D,0,NO,create
12724,8056262859322,Versace,SI,266,0VE4512D,1,NO,update
12725,8056262859308,Versace,SI,266,0VE4512D,1,NO,update
12726,8056262859292,Versace,SI,266,0VE4512D,1,NO,update
12727,8056262858820,Versace,SI,266,0VE4513D,0,NO,create
12728,8056262858868,Versace,SI,266,0VE4513D,0,NO,create
12729,8056262858844,Versace,SI,266,0VE4513D,1,NO,update
12730,8056262858813,Versace,SI,266,0VE4513D,0,NO,create
12731,8056262976647,Versace,SI,266,0VE4514D,0,NO,create
12732,8056262859353,Versace,SI,266,0VE4514D,1,NO,update
12733,8056262976630,Versace,SI,266,0VE4514D,0,NO,create
12734,8056262859360,Versace,SI,266,0VE4514D,0,NO,create
12735,8056262859377,Versace,SI,266,0VE4514D,1,NO,update
12736,8056262859346,Versace,SI,266,0VE4514D,1,NO,update
12737,8056262910092,Versace,SI,266,0VE4515,0,NO,create
12738,8056262910085,Versace,SI,266,0VE4515,0,NO,create
12739,8056262915844,Versace,SI,266,0VE4516,0,NO,create
12740,8056262915851,Versace,SI,266,0VE4516,0,NO,create
12741,8056262915837,Versace,SI,266,0VE4516,0,NO,create
12742,8056262962510,Versace,SI,266,0VE4517U,0,NO,create
12743,8056262962527,Versace,SI,266,0VE4517U,0,NO,create
12744,8056262962541,Versace,SI,266,0VE4517U,0,NO,create
12745,8056262962534,Versace,SI,266,0VE4517U,0,NO,create
12746,8056262962503,Versace,SI,266,0VE4517U,0,NO,create
12747,8056262963838,Versace,SI,266,0VE4518U,0,NO,create
12748,8056262963807,Versace,SI,266,0VE4518U,0,NO,create
12749,8056262963760,Versace,SI,266,0VE4518U,0,NO,create
12750,8056262963333,Versace,SI,266,0VE4520U,0,NO,create
12751,8056262963326,Versace,SI,266,0VE4520U,0,NO,create
12752,8056262963319,Versace,SI,266,0VE4520U,0,NO,create
12753,8056262963302,Versace,SI,266,0VE4520U,0,NO,create
12754,8056262963395,Versace,SI,266,0VE4521U,0,NO,create
12755,8056262963371,Versace,SI,266,0VE4521U,0,NO,create
12756,8056262963388,Versace,SI,266,0VE4521U,0,NO,create
12757,8056262963364,Versace,SI,266,0VE4521U,0,NO,create
12758,8056262958353,Versace,SI,266,0VE4522U,0,NO,create
12759,8056262972373,Versace,SI,266,0VE4522U,0,NO,create
12760,8056262958360,Versace,SI,266,0VE4522U,0,NO,create
12761,8056262958346,Versace,SI,266,0VE4522U,0,NO,create
12762,8056262958322,Versace,SI,266,0VE4523,0,NO,create
12763,8056262958339,Versace,SI,266,0VE4523,0,NO,create
12764,8056262958315,Versace,SI,266,0VE4523,0,NO,create
12765,8056262962329,Versace,SI,266,0VE4523,0,NO,create
12766,8056262958308,Versace,SI,266,0VE4523,0,NO,create
12767,8056262964910,Versace,SI,266,0VE4524U,0,NO,create
12768,8056262964903,Versace,SI,266,0VE4524U,0,NO,create
12769,8056262964927,Versace,SI,266,0VE4524U,0,NO,create
12770,8056262964897,Versace,SI,266,0VE4524U,0,NO,create
12771,8056262965641,Versace,SI,266,0VE4525U,0,NO,create
12772,8056262965634,Versace,SI,266,0VE4525U,0,NO,create
12773,8056262965627,Versace,SI,266,0VE4525U,0,NO,create
12774,8056262965658,Versace,SI,266,0VE4525U,0,NO,create
12775,8056262964750,Versace,SI,266,0VE4526U,0,NO,create
12776,8056262964743,Versace,SI,266,0VE4526U,0,NO,create
12777,8056262972434,Versace,SI,266,0VE4526U,0,NO,create
12778,8056262964736,Versace,SI,266,0VE4526U,0,NO,create
12779,8056262962282,Versace,SI,266,0VE4527U,0,NO,create
12780,8056262962312,Versace,SI,266,0VE4527U,0,NO,create
12781,8056262962299,Versace,SI,266,0VE4527U,0,NO,create
12782,8056262962305,Versace,SI,266,0VE4527U,0,NO,create
12783,8056262962275,Versace,SI,266,0VE4527U,0,NO,create
